scenario,config,source_file,_source_row,coord,distance_m,pl_db,num_brick_wall,num_wood_wall,num_glass_wall,num_drywall,num_column,elevator,missing_wall_columns
Comms,C1,PL_Comms_C1.csv,0,E-1,28.0,122.0,6.0,2.0,0.0,0.0,0.0,,elevator
Comms,C1,PL_Comms_C1.csv,1,G-1,28.0713377,106.0,3.0,1.0,1.0,0.0,0.0,,elevator
Comms,C1,PL_Comms_C1.csv,2,I-1,28.28427125,100.0,2.0,0.0,1.0,0.0,0.0,,elevator
Comms,C1,PL_Comms_C1.csv,3,J-1,28.44292531,103.0,3.0,0.0,1.0,0.0,0.0,,elevator
Comms,C1,PL_Comms_C1.csv,4,K-1,28.63564213,109.0,3.0,0.0,0.0,0.0,0.0,,elevator
Comms,C1,PL_Comms_C1.csv,5,A-2,27.29468813,122.0,6.0,2.0,0.0,0.0,0.0,,elevator
Comms,C1,PL_Comms_C1.csv,6,E-2,27.0,122.0,6.0,2.0,0.0,0.0,0.0,,elevator
Comms,C1,PL_Comms_C1.csv,7,G-2,27.07397274,100.0,3.0,0.0,1.0,0.0,0.0,,elevator
Comms,C1,PL_Comms_C1.csv,8,H-2,27.16615541,101.0,2.0,0.0,1.0,0.0,0.0,,elevator
Comms,C1,PL_Comms_C1.csv,9,I-2,27.29468813,99.0,2.0,0.0,1.0,0.0,0.0,,elevator
Comms,C1,PL_Comms_C1.csv,10,J-2,27.45906044,103.0,4.0,0.0,1.0,0.0,0.0,,elevator
Comms,C1,PL_Comms_C1.csv,11,K-2,27.65863337,105.0,4.0,0.0,1.0,0.0,0.0,,elevator
Comms,C1,PL_Comms_C1.csv,12,E-3,26.0,108.0,6.0,2.0,0.0,0.0,0.0,,elevator
Comms,C1,PL_Comms_C1.csv,13,F-3,26.01922366,95.0,5.0,0.0,0.0,0.0,0.0,,elevator
Comms,C1,PL_Comms_C1.csv,14,G-3,26.07680962,100.0,3.0,0.0,1.0,0.0,0.0,,elevator
Comms,C1,PL_Comms_C1.csv,15,H-3,26.17250466,99.0,2.0,1.0,1.0,0.0,0.0,,elevator
Comms,C1,PL_Comms_C1.csv,16,I-3,26.30589288,96.0,2.0,0.0,1.0,0.0,0.0,,elevator
Comms,C1,PL_Comms_C1.csv,17,J-3,26.47640459,99.0,4.0,0.0,0.0,0.0,0.0,,elevator
Comms,C1,PL_Comms_C1.csv,18,K-3,26.68332813,106.0,4.0,0.0,1.0,0.0,0.0,,elevator
Comms,C1,PL_Comms_C1.csv,19,A-4,25.3179778,118.0,6.0,2.0,0.0,0.0,0.0,,elevator
Comms,C1,PL_Comms_C1.csv,20,E-4,25.0,109.0,6.0,2.0,0.0,0.0,0.0,,elevator
Comms,C1,PL_Comms_C1.csv,21,F-4,25.01999201,97.0,4.0,2.0,0.0,0.0,0.0,,elevator
Comms,C1,PL_Comms_C1.csv,22,G-4,25.07987241,93.0,3.0,1.0,1.0,0.0,0.0,,elevator
Comms,C1,PL_Comms_C1.csv,23,H-4,25.17935662,100.0,1.0,1.0,1.0,0.0,0.0,,elevator
Comms,C1,PL_Comms_C1.csv,24,I-4,25.3179778,115.0,2.0,0.0,1.0,0.0,0.0,,elevator
Comms,C1,PL_Comms_C1.csv,25,J-4,25.49509757,116.0,4.0,0.0,0.0,0.0,0.0,,elevator
Comms,C1,PL_Comms_C1.csv,26,K-4,25.70992026,103.0,5.0,1.0,0.0,0.0,0.0,,elevator
Comms,C1,PL_Comms_C1.csv,27,A-5,24.33105012,115.0,6.0,2.0,0.0,0.0,0.0,,elevator
Comms,C1,PL_Comms_C1.csv,28,B-5,24.18677324,115.0,6.0,2.0,0.0,0.0,0.0,,elevator
Comms,C1,PL_Comms_C1.csv,29,C-5,24.08318916,111.0,6.0,2.0,0.0,0.0,0.0,,elevator
Comms,C1,PL_Comms_C1.csv,30,D-5,24.0208243,116.0,6.0,2.0,0.0,0.0,0.0,,elevator
Comms,C1,PL_Comms_C1.csv,31,E-5,24.0,109.0,6.0,2.0,0.0,0.0,0.0,,elevator
Comms,C1,PL_Comms_C1.csv,32,F-5,24.0208243,93.0,5.0,2.0,0.0,0.0,0.0,,elevator
Comms,C1,PL_Comms_C1.csv,33,G-5,24.08318916,91.0,3.0,1.0,0.0,0.0,0.0,,elevator
Comms,C1,PL_Comms_C1.csv,34,H-5,24.18677324,86.0,3.0,1.0,0.0,0.0,0.0,,elevator
Comms,C1,PL_Comms_C1.csv,35,I-5,24.33105012,108.0,3.0,0.0,0.0,0.0,0.0,,elevator
Comms,C1,PL_Comms_C1.csv,36,J-5,24.51530134,101.0,4.0,0.0,0.0,0.0,0.0,,elevator
Comms,C1,PL_Comms_C1.csv,37,D-6,23.02172887,105.0,6.0,2.0,0.0,0.0,0.0,,elevator
Comms,C1,PL_Comms_C1.csv,38,E-6,23.0,110.0,6.0,2.0,0.0,0.0,0.0,,elevator
Comms,C1,PL_Comms_C1.csv,39,F-6,23.02172887,94.0,4.0,2.0,0.0,0.0,0.0,,elevator
Comms,C1,PL_Comms_C1.csv,40,G-6,23.08679276,90.0,3.0,1.0,0.0,0.0,0.0,,elevator
Comms,C1,PL_Comms_C1.csv,41,H-6,23.19482701,99.0,2.0,1.0,0.0,0.0,0.0,,elevator
Comms,C1,PL_Comms_C1.csv,42,I-6,23.34523506,109.0,2.0,0.0,0.0,0.0,0.0,,elevator
Comms,C1,PL_Comms_C1.csv,43,J-6,23.53720459,107.0,4.0,0.0,0.0,0.0,0.0,,elevator
Comms,C1,PL_Comms_C1.csv,44,A-7,22.36067977,117.0,5.0,2.0,0.0,0.0,0.0,,elevator
Comms,C1,PL_Comms_C1.csv,45,B-7,22.20360331,112.0,5.0,2.0,0.0,0.0,0.0,,elevator
Comms,C1,PL_Comms_C1.csv,46,C-7,22.09072203,111.0,5.0,2.0,0.0,0.0,0.0,,elevator
Comms,C1,PL_Comms_C1.csv,47,D-7,22.02271555,112.0,5.0,2.0,0.0,0.0,0.0,,elevator
Comms,C1,PL_Comms_C1.csv,48,E-7,22.0,112.0,5.0,2.0,0.0,0.0,0.0,,elevator
Comms,C1,PL_Comms_C1.csv,49,F-7,22.02271555,97.0,4.0,2.0,0.0,0.0,0.0,,elevator
Comms,C1,PL_Comms_C1.csv,50,G-7,22.09072203,88.0,3.0,2.0,0.0,0.0,0.0,,elevator
Comms,C1,PL_Comms_C1.csv,51,H-7,22.20360331,87.0,2.0,1.0,0.0,0.0,0.0,,elevator
Comms,C1,PL_Comms_C1.csv,52,I-7,22.36067977,94.0,4.0,0.0,0.0,0.0,0.0,,elevator
Comms,C1,PL_Comms_C1.csv,53,A-8,21.37755833,118.0,5.0,2.0,0.0,0.0,0.0,,elevator
Comms,C1,PL_Comms_C1.csv,54,B-8,21.21320344,112.0,5.0,2.0,0.0,0.0,0.0,,elevator
Comms,C1,PL_Comms_C1.csv,55,C-8,21.09502311,114.0,5.0,2.0,0.0,0.0,0.0,,elevator
Comms,C1,PL_Comms_C1.csv,56,D-8,21.02379604,112.0,5.0,2.0,0.0,0.0,0.0,,elevator
Comms,C1,PL_Comms_C1.csv,57,E-8,21.0,109.0,5.0,2.0,0.0,0.0,0.0,,elevator
Comms,C1,PL_Comms_C1.csv,58,F-8,21.02379604,85.0,4.0,2.0,0.0,0.0,0.0,,elevator
Comms,C1,PL_Comms_C1.csv,59,G-8,21.09502311,89.0,3.0,0.0,0.0,0.0,0.0,,elevator
Comms,C1,PL_Comms_C1.csv,60,H-8,21.21320344,87.0,2.0,1.0,0.0,0.0,0.0,,elevator
Comms,C1,PL_Comms_C1.csv,61,I-8,21.37755833,98.0,4.0,0.0,0.0,0.0,0.0,,elevator
Comms,C1,PL_Comms_C1.csv,62,J-8,21.58703314,107.0,4.0,0.0,0.0,0.0,0.0,,elevator
Comms,C1,PL_Comms_C1.csv,63,F-9,20.02498439,96.0,4.0,2.0,0.0,0.0,0.0,,elevator
Comms,C1,PL_Comms_C1.csv,64,G-9,20.09975124,89.0,3.0,0.0,0.0,0.0,0.0,,elevator
Comms,C1,PL_Comms_C1.csv,65,H-9,20.22374842,93.0,2.0,0.0,0.0,0.0,0.0,,elevator
Comms,C1,PL_Comms_C1.csv,66,A-10,19.41648784,110.0,4.0,2.0,0.0,0.0,0.0,,elevator
Comms,C1,PL_Comms_C1.csv,67,B-10,19.23538406,104.0,4.0,2.0,0.0,0.0,0.0,,elevator
Comms,C1,PL_Comms_C1.csv,68,C-10,19.10497317,103.0,4.0,2.0,0.0,0.0,0.0,,elevator
Comms,C1,PL_Comms_C1.csv,69,D-10,19.02629759,106.0,4.0,2.0,0.0,0.0,0.0,,elevator
Comms,C1,PL_Comms_C1.csv,70,E-10,19.0,103.0,4.0,2.0,0.0,0.0,0.0,,elevator
Comms,C1,PL_Comms_C1.csv,71,F-10,19.02629759,90.0,4.0,2.0,0.0,0.0,0.0,,elevator
Comms,C1,PL_Comms_C1.csv,72,G-10,19.10497317,88.0,3.0,0.0,0.0,0.0,0.0,,elevator
Comms,C1,PL_Comms_C1.csv,73,H-10,19.23538406,83.0,2.0,1.0,0.0,0.0,0.0,,elevator
Comms,C1,PL_Comms_C1.csv,74,I-10,19.41648784,118.0,4.0,0.0,0.0,0.0,0.0,,elevator
Comms,C1,PL_Comms_C1.csv,75,J-10,19.6468827,102.0,3.0,0.0,0.0,0.0,0.0,,elevator
Comms,C1,PL_Comms_C1.csv,76,K-10,19.92485885,104.0,3.0,1.0,0.0,0.0,0.0,,elevator
Comms,C1,PL_Comms_C1.csv,77,L-10,20.24845673,96.0,3.0,0.0,0.0,0.0,0.0,,elevator
Comms,C1,PL_Comms_C1.csv,78,M-10,20.61552813,101.0,3.0,0.0,0.0,0.0,0.0,,elevator
Comms,C1,PL_Comms_C1.csv,79,N-10,21.02379604,107.0,3.0,0.0,0.0,0.0,0.0,,elevator
Comms,C1,PL_Comms_C1.csv,80,O-10,21.47091055,107.0,3.0,2.0,0.0,0.0,0.0,,elevator
Comms,C1,PL_Comms_C1.csv,81,P-10,21.9544984,112.0,3.0,2.0,0.0,0.0,0.0,,elevator
Comms,C1,PL_Comms_C1.csv,82,A-11,18.43908891,105.0,4.0,2.0,0.0,0.0,0.0,,elevator
Comms,C1,PL_Comms_C1.csv,83,B-11,18.24828759,108.0,4.0,2.0,0.0,0.0,0.0,,elevator
Comms,C1,PL_Comms_C1.csv,84,C-11,18.11077028,104.0,4.0,2.0,0.0,0.0,0.0,,elevator
Comms,C1,PL_Comms_C1.csv,85,D-11,18.02775638,106.0,4.0,2.0,0.0,0.0,0.0,,elevator
Comms,C1,PL_Comms_C1.csv,86,E-11,18.0,99.0,4.0,2.0,0.0,0.0,0.0,,elevator
Comms,C1,PL_Comms_C1.csv,87,F-11,18.02775638,85.0,4.0,2.0,0.0,0.0,0.0,,elevator
Comms,C1,PL_Comms_C1.csv,88,G-11,18.11077028,84.0,2.0,1.0,0.0,0.0,0.0,,elevator
Comms,C1,PL_Comms_C1.csv,89,H-11,18.24828759,84.0,2.0,0.0,0.0,0.0,0.0,,elevator
Comms,C1,PL_Comms_C1.csv,90,I-11,18.43908891,104.0,3.0,0.0,0.0,0.0,0.0,,elevator
Comms,C1,PL_Comms_C1.csv,91,J-11,18.68154169,102.0,3.0,0.0,0.0,0.0,0.0,,elevator
Comms,C1,PL_Comms_C1.csv,92,K-11,18.97366596,101.0,3.0,0.0,0.0,0.0,0.0,,elevator
Comms,C1,PL_Comms_C1.csv,93,L-11,19.31320792,97.0,3.0,0.0,0.0,0.0,0.0,,elevator
Comms,C1,PL_Comms_C1.csv,94,M-11,19.6977156,103.0,3.0,0.0,0.0,0.0,0.0,,elevator
Comms,C1,PL_Comms_C1.csv,95,N-11,20.1246118,109.0,3.0,0.0,0.0,0.0,0.0,,elevator
Comms,C1,PL_Comms_C1.csv,96,O-11,20.59126028,114.0,3.0,2.0,0.0,0.0,0.0,,elevator
Comms,C1,PL_Comms_C1.csv,97,P-11,21.09502311,116.0,3.0,2.0,0.0,0.0,0.0,,elevator
Comms,C1,PL_Comms_C1.csv,98,A-12,17.4642492,116.0,4.0,2.0,0.0,0.0,0.0,,elevator
Comms,C1,PL_Comms_C1.csv,99,B-12,17.2626765,114.0,4.0,2.0,0.0,0.0,0.0,,elevator
Comms,C1,PL_Comms_C1.csv,100,C-12,17.11724277,109.0,4.0,2.0,0.0,0.0,0.0,,elevator
Comms,C1,PL_Comms_C1.csv,101,D-12,17.02938637,102.0,4.0,2.0,0.0,0.0,0.0,,elevator
Comms,C1,PL_Comms_C1.csv,102,E-12,17.0,102.0,4.0,2.0,0.0,0.0,0.0,,elevator
Comms,C1,PL_Comms_C1.csv,103,F-12,17.02938637,98.0,4.0,2.0,0.0,0.0,0.0,,elevator
Comms,C1,PL_Comms_C1.csv,104,G-12,17.11724277,94.0,2.0,1.0,0.0,0.0,0.0,,elevator
Comms,C1,PL_Comms_C1.csv,105,H-12,17.2626765,88.0,2.0,0.0,0.0,0.0,0.0,,elevator
Comms,C1,PL_Comms_C1.csv,106,I-12,17.4642492,103.0,3.0,0.0,0.0,0.0,0.0,,elevator
Comms,C1,PL_Comms_C1.csv,107,J-12,17.72004515,108.0,3.0,0.0,1.0,0.0,0.0,,elevator
Comms,C1,PL_Comms_C1.csv,108,K-12,18.02775638,102.0,3.0,0.0,0.0,0.0,0.0,,elevator
Comms,C1,PL_Comms_C1.csv,109,M-12,18.78829423,113.0,3.0,0.0,0.0,0.0,0.0,,elevator
Comms,C1,PL_Comms_C1.csv,110,N-12,19.23538406,102.0,3.0,2.0,0.0,0.0,0.0,,elevator
Comms,C1,PL_Comms_C1.csv,111,O-12,19.72308292,111.0,3.0,2.0,0.0,0.0,0.0,,elevator
Comms,C1,PL_Comms_C1.csv,112,P-12,20.24845673,104.0,3.0,2.0,0.0,0.0,0.0,,elevator
Comms,C1,PL_Comms_C1.csv,113,A-13,16.4924225,92.0,3.0,1.0,0.0,0.0,0.0,,elevator
Comms,C1,PL_Comms_C1.csv,114,B-13,16.2788206,94.0,3.0,1.0,0.0,0.0,0.0,,elevator
Comms,C1,PL_Comms_C1.csv,115,C-13,16.1245155,94.0,3.0,1.0,0.0,0.0,0.0,,elevator
Comms,C1,PL_Comms_C1.csv,116,D-13,16.03121954,97.0,3.0,1.0,0.0,0.0,0.0,,elevator
Comms,C1,PL_Comms_C1.csv,117,E-13,16.0,95.0,3.0,1.0,0.0,0.0,0.0,,elevator
Comms,C1,PL_Comms_C1.csv,118,F-13,16.03121954,87.0,3.0,1.0,0.0,0.0,0.0,,elevator
Comms,C1,PL_Comms_C1.csv,119,G-13,16.1245155,91.0,2.0,1.0,0.0,0.0,0.0,,elevator
Comms,C1,PL_Comms_C1.csv,120,H-13,16.2788206,85.0,2.0,0.0,0.0,0.0,0.0,,elevator
Comms,C1,PL_Comms_C1.csv,121,I-13,16.4924225,106.0,2.0,0.0,0.0,0.0,0.0,,elevator
Comms,C1,PL_Comms_C1.csv,122,J-13,16.76305461,99.0,3.0,1.0,0.0,0.0,0.0,,elevator
Comms,C1,PL_Comms_C1.csv,123,L-13,17.4642492,100.0,3.0,0.0,0.0,0.0,0.0,,elevator
Comms,C1,PL_Comms_C1.csv,124,M-13,17.88854382,115.0,3.0,2.0,0.0,0.0,0.0,,elevator
Comms,C1,PL_Comms_C1.csv,125,N-13,18.35755975,109.0,3.0,2.0,0.0,0.0,0.0,,elevator
Comms,C1,PL_Comms_C1.csv,126,P-13,19.41648784,113.0,3.0,2.0,0.0,0.0,0.0,,elevator
Comms,C1,PL_Comms_C1.csv,127,A-14,15.5241747,93.0,3.0,1.0,0.0,0.0,0.0,,elevator
Comms,C1,PL_Comms_C1.csv,128,B-14,15.29705854,98.0,3.0,1.0,0.0,0.0,0.0,,elevator
Comms,C1,PL_Comms_C1.csv,129,C-14,15.13274595,95.0,3.0,1.0,0.0,0.0,0.0,,elevator
Comms,C1,PL_Comms_C1.csv,130,D-14,15.03329638,99.0,3.0,1.0,0.0,0.0,0.0,,elevator
Comms,C1,PL_Comms_C1.csv,131,E-14,15.0,93.0,3.0,1.0,0.0,0.0,0.0,,elevator
Comms,C1,PL_Comms_C1.csv,132,F-14,15.03329638,86.0,3.0,1.0,0.0,0.0,0.0,,elevator
Comms,C1,PL_Comms_C1.csv,133,G-14,15.13274595,85.0,1.0,1.0,0.0,0.0,0.0,,elevator
Comms,C1,PL_Comms_C1.csv,134,H-14,15.29705854,97.0,2.0,0.0,0.0,0.0,0.0,,elevator
Comms,C1,PL_Comms_C1.csv,135,I-14,15.5241747,97.0,3.0,1.0,0.0,0.0,0.0,,elevator
Comms,C1,PL_Comms_C1.csv,136,J-14,15.8113883,97.0,3.0,0.0,0.0,0.0,0.0,,elevator
Comms,C1,PL_Comms_C1.csv,137,L-14,16.55294536,99.0,3.0,0.0,0.0,0.0,0.0,,elevator
Comms,C1,PL_Comms_C1.csv,138,A-15,14.56021978,90.0,3.0,1.0,0.0,0.0,0.0,,elevator
Comms,C1,PL_Comms_C1.csv,139,B-15,14.31782106,99.0,3.0,1.0,0.0,0.0,0.0,,elevator
Comms,C1,PL_Comms_C1.csv,140,C-15,14.14213562,96.0,3.0,1.0,0.0,0.0,0.0,,elevator
Comms,C1,PL_Comms_C1.csv,141,D-15,14.03566885,95.0,3.0,1.0,0.0,0.0,0.0,,elevator
Comms,C1,PL_Comms_C1.csv,142,E-15,14.0,98.0,3.0,1.0,0.0,0.0,0.0,,elevator
Comms,C1,PL_Comms_C1.csv,143,F-15,14.03566885,84.0,3.0,0.0,0.0,0.0,0.0,,elevator
Comms,C1,PL_Comms_C1.csv,144,G-15,14.14213562,87.0,2.0,0.0,0.0,0.0,0.0,,elevator
Comms,C1,PL_Comms_C1.csv,145,H-15,14.31782106,86.0,2.0,0.0,0.0,0.0,0.0,,elevator
Comms,C1,PL_Comms_C1.csv,146,I-15,14.56021978,110.0,3.0,0.0,0.0,0.0,0.0,,elevator
Comms,C1,PL_Comms_C1.csv,147,J-15,14.86606875,109.0,3.0,0.0,0.0,0.0,0.0,,elevator
Comms,C1,PL_Comms_C1.csv,148,L-15,15.65247584,94.0,3.0,0.0,0.0,0.0,0.0,,elevator
Comms,C1,PL_Comms_C1.csv,149,A-16,13.60147051,93.0,3.0,1.0,0.0,0.0,0.0,,elevator
Comms,C1,PL_Comms_C1.csv,150,B-16,13.34166406,91.0,3.0,1.0,0.0,0.0,0.0,,elevator
Comms,C1,PL_Comms_C1.csv,151,C-16,13.15294644,91.0,3.0,1.0,0.0,0.0,0.0,,elevator
Comms,C1,PL_Comms_C1.csv,152,D-16,13.03840481,93.0,3.0,1.0,0.0,0.0,0.0,,elevator
Comms,C1,PL_Comms_C1.csv,153,E-16,13.0,88.0,3.0,1.0,0.0,0.0,0.0,,elevator
Comms,C1,PL_Comms_C1.csv,154,F-16,13.03840481,84.0,3.0,0.0,0.0,0.0,0.0,,elevator
Comms,C1,PL_Comms_C1.csv,155,G-16,13.15294644,89.0,2.0,0.0,0.0,0.0,0.0,,elevator
Comms,C1,PL_Comms_C1.csv,156,H-16,13.34166406,86.0,2.0,0.0,0.0,0.0,0.0,,elevator
Comms,C1,PL_Comms_C1.csv,157,I-16,13.60147051,88.0,3.0,0.0,0.0,0.0,0.0,,elevator
Comms,C1,PL_Comms_C1.csv,158,J-16,13.92838828,92.0,3.0,0.0,0.0,0.0,0.0,,elevator
Comms,C1,PL_Comms_C1.csv,159,A-17,12.64911064,92.0,3.0,1.0,0.0,0.0,0.0,,elevator
Comms,C1,PL_Comms_C1.csv,160,B-17,12.36931688,91.0,3.0,1.0,0.0,0.0,0.0,,elevator
Comms,C1,PL_Comms_C1.csv,161,C-17,12.16552506,95.0,3.0,1.0,0.0,0.0,0.0,,elevator
Comms,C1,PL_Comms_C1.csv,162,D-17,12.04159458,92.0,3.0,1.0,0.0,0.0,0.0,,elevator
Comms,C1,PL_Comms_C1.csv,163,E-17,12.0,93.0,3.0,1.0,0.0,0.0,0.0,,elevator
Comms,C1,PL_Comms_C1.csv,164,F-17,12.04159458,87.0,3.0,0.0,0.0,0.0,0.0,,elevator
Comms,C1,PL_Comms_C1.csv,165,G-17,12.16552506,92.0,2.0,0.0,0.0,0.0,0.0,,elevator
Comms,C1,PL_Comms_C1.csv,166,H-17,12.36931688,85.0,2.0,0.0,0.0,0.0,0.0,,elevator
Comms,C1,PL_Comms_C1.csv,167,I-17,12.64911064,104.0,2.0,0.0,0.0,0.0,0.0,,elevator
Comms,C1,PL_Comms_C1.csv,168,J-17,13.0,92.0,2.0,0.0,0.0,0.0,0.0,,elevator
Comms,C1,PL_Comms_C1.csv,169,K-17,13.41640786,88.0,2.0,0.0,0.0,0.0,0.0,,elevator
Comms,C1,PL_Comms_C1.csv,170,M-17,14.4222051,85.0,1.0,1.0,0.0,0.0,0.0,,elevator
Comms,C1,PL_Comms_C1.csv,171,N-17,15.0,97.0,1.0,1.0,0.0,0.0,0.0,,elevator
Comms,C1,PL_Comms_C1.csv,172,O-17,15.62049935,86.0,1.0,1.0,0.0,0.0,0.0,,elevator
Comms,C1,PL_Comms_C1.csv,173,P-17,16.2788206,82.0,2.0,0.0,0.0,0.0,0.0,,elevator
Comms,C1,PL_Comms_C1.csv,174,A-18,11.70469991,90.0,3.0,1.0,0.0,0.0,0.0,,elevator
Comms,C1,PL_Comms_C1.csv,175,B-18,11.40175425,94.0,3.0,1.0,0.0,0.0,0.0,,elevator
Comms,C1,PL_Comms_C1.csv,176,C-18,11.18033989,89.0,3.0,1.0,0.0,0.0,0.0,,elevator
Comms,C1,PL_Comms_C1.csv,177,D-18,11.04536102,93.0,3.0,1.0,0.0,0.0,0.0,,elevator
Comms,C1,PL_Comms_C1.csv,178,E-18,11.0,96.0,3.0,1.0,0.0,0.0,0.0,,elevator
Comms,C1,PL_Comms_C1.csv,179,F-18,11.04536102,90.0,3.0,0.0,0.0,0.0,0.0,,elevator
Comms,C1,PL_Comms_C1.csv,180,G-18,11.18033989,78.0,2.0,0.0,0.0,0.0,0.0,,elevator
Comms,C1,PL_Comms_C1.csv,181,H-18,11.40175425,86.0,2.0,0.0,0.0,0.0,0.0,,elevator
Comms,C1,PL_Comms_C1.csv,182,I-18,11.70469991,93.0,2.0,0.0,0.0,0.0,0.0,,elevator
Comms,C1,PL_Comms_C1.csv,183,J-18,12.08304597,91.0,2.0,0.0,0.0,0.0,0.0,,elevator
Comms,C1,PL_Comms_C1.csv,184,K-18,12.52996409,99.0,2.0,0.0,0.0,0.0,0.0,,elevator
Comms,C1,PL_Comms_C1.csv,185,L-18,13.03840481,88.0,1.0,1.0,0.0,0.0,0.0,,elevator
Comms,C1,PL_Comms_C1.csv,186,M-18,13.60147051,85.0,1.0,1.0,0.0,0.0,0.0,,elevator
Comms,C1,PL_Comms_C1.csv,187,N-18,14.2126704,90.0,1.0,1.0,0.0,0.0,0.0,,elevator
Comms,C1,PL_Comms_C1.csv,188,O-18,14.86606875,94.0,1.0,1.0,0.0,0.0,0.0,,elevator
Comms,C1,PL_Comms_C1.csv,189,C-19,10.19803903,85.0,2.0,0.0,0.0,0.0,0.0,,elevator
Comms,C1,PL_Comms_C1.csv,190,D-19,10.04987562,88.0,2.0,0.0,0.0,0.0,0.0,,elevator
Comms,C1,PL_Comms_C1.csv,191,E-19,10.0,82.0,2.0,0.0,0.0,0.0,0.0,,elevator
Comms,C1,PL_Comms_C1.csv,192,F-19,10.04987562,80.0,2.0,0.0,0.0,0.0,0.0,,elevator
Comms,C1,PL_Comms_C1.csv,193,G-19,10.19803903,89.0,2.0,0.0,0.0,0.0,0.0,,elevator
Comms,C1,PL_Comms_C1.csv,194,H-19,10.44030651,78.0,1.0,0.0,0.0,0.0,0.0,,elevator
Comms,C1,PL_Comms_C1.csv,195,I-19,10.77032961,99.0,2.0,0.0,0.0,0.0,0.0,,elevator
Comms,C1,PL_Comms_C1.csv,196,J-19,11.18033989,90.0,2.0,0.0,0.0,0.0,0.0,,elevator
Comms,C1,PL_Comms_C1.csv,197,K-19,11.66190379,88.0,2.0,0.0,0.0,0.0,0.0,,elevator
Comms,C1,PL_Comms_C1.csv,198,L-19,12.20655562,84.0,1.0,1.0,0.0,0.0,0.0,,elevator
Comms,C1,PL_Comms_C1.csv,199,M-19,12.80624847,97.0,1.0,1.0,0.0,0.0,0.0,,elevator
Comms,C1,PL_Comms_C1.csv,200,N-19,13.45362405,92.0,1.0,0.0,0.0,0.0,0.0,,elevator
Comms,C1,PL_Comms_C1.csv,201,O-19,14.14213562,88.0,2.0,0.0,0.0,0.0,0.0,,elevator
Comms,C1,PL_Comms_C1.csv,202,A-20,9.848857802,87.0,2.0,0.0,0.0,0.0,0.0,,elevator
Comms,C1,PL_Comms_C1.csv,203,B-20,9.486832981,93.0,2.0,0.0,0.0,0.0,0.0,,elevator
Comms,C1,PL_Comms_C1.csv,204,C-20,9.219544457,88.0,2.0,0.0,0.0,0.0,0.0,,elevator
Comms,C1,PL_Comms_C1.csv,205,D-20,9.055385138,89.0,2.0,0.0,0.0,0.0,0.0,,elevator
Comms,C1,PL_Comms_C1.csv,206,E-20,9.0,98.0,2.0,0.0,0.0,0.0,0.0,,elevator
Comms,C1,PL_Comms_C1.csv,207,F-20,9.055385138,85.0,1.0,1.0,0.0,0.0,0.0,,elevator
Comms,C1,PL_Comms_C1.csv,208,G-20,9.219544457,82.0,2.0,0.0,0.0,0.0,0.0,,elevator
Comms,C1,PL_Comms_C1.csv,209,H-20,9.486832981,83.0,1.0,0.0,0.0,0.0,0.0,,elevator
Comms,C1,PL_Comms_C1.csv,210,I-20,9.848857802,92.0,2.0,0.0,0.0,0.0,0.0,,elevator
Comms,C1,PL_Comms_C1.csv,211,J-20,10.29563014,96.0,2.0,0.0,0.0,0.0,0.0,,elevator
Comms,C1,PL_Comms_C1.csv,212,K-20,10.81665383,88.0,1.0,1.0,0.0,0.0,0.0,,elevator
Comms,C1,PL_Comms_C1.csv,213,L-20,11.40175425,84.0,1.0,1.0,0.0,0.0,0.0,,elevator
Comms,C1,PL_Comms_C1.csv,214,M-20,12.04159458,87.0,1.0,1.0,0.0,0.0,0.0,,elevator
Comms,C1,PL_Comms_C1.csv,215,N-20,12.72792206,97.0,2.0,0.0,0.0,0.0,0.0,,elevator
Comms,C1,PL_Comms_C1.csv,216,O-20,13.45362405,94.0,2.0,0.0,0.0,0.0,0.0,,elevator
Comms,C1,PL_Comms_C1.csv,217,A-21,8.94427191,83.0,2.0,0.0,0.0,0.0,0.0,,elevator
Comms,C1,PL_Comms_C1.csv,218,B-21,8.544003745,84.0,2.0,0.0,0.0,0.0,0.0,,elevator
Comms,C1,PL_Comms_C1.csv,219,C-21,8.246211251,83.0,2.0,0.0,0.0,0.0,0.0,,elevator
Comms,C1,PL_Comms_C1.csv,220,D-21,8.062257748,98.0,2.0,0.0,0.0,0.0,0.0,,elevator
Comms,C1,PL_Comms_C1.csv,221,E-21,8.0,89.0,2.0,0.0,0.0,0.0,0.0,,elevator
Comms,C1,PL_Comms_C1.csv,222,F-21,8.062257748,74.0,2.0,0.0,0.0,0.0,0.0,,elevator
Comms,C1,PL_Comms_C1.csv,223,G-21,8.246211251,77.0,2.0,0.0,0.0,0.0,0.0,,elevator
Comms,C1,PL_Comms_C1.csv,224,H-21,8.544003745,80.0,1.0,0.0,0.0,0.0,0.0,,elevator
Comms,C1,PL_Comms_C1.csv,225,I-21,8.94427191,87.0,2.0,0.0,0.0,0.0,0.0,,elevator
Comms,C1,PL_Comms_C1.csv,226,J-21,9.433981132,81.0,1.0,1.0,0.0,0.0,0.0,,elevator
Comms,C1,PL_Comms_C1.csv,227,K-21,10.0,76.0,1.0,1.0,0.0,0.0,0.0,,elevator
Comms,C1,PL_Comms_C1.csv,228,L-21,10.63014581,95.0,1.0,1.0,0.0,0.0,0.0,,elevator
Comms,C1,PL_Comms_C1.csv,229,M-21,11.3137085,83.0,2.0,0.0,0.0,0.0,0.0,,elevator
Comms,C1,PL_Comms_C1.csv,230,N-21,12.04159458,98.0,2.0,0.0,0.0,0.0,0.0,,elevator
Comms,C1,PL_Comms_C1.csv,231,O-21,12.80624847,94.0,2.0,0.0,0.0,0.0,0.0,,elevator
Comms,C1,PL_Comms_C1.csv,232,B-22,7.615773106,92.0,2.0,0.0,0.0,0.0,0.0,,elevator
Comms,C1,PL_Comms_C1.csv,233,C-22,7.280109889,87.0,2.0,0.0,0.0,0.0,0.0,,elevator
Comms,C1,PL_Comms_C1.csv,234,D-22,7.071067812,83.0,2.0,0.0,0.0,0.0,0.0,,elevator
Comms,C1,PL_Comms_C1.csv,235,E-22,7.0,87.0,2.0,0.0,0.0,0.0,0.0,,elevator
Comms,C1,PL_Comms_C1.csv,236,F-22,7.071067812,77.0,2.0,0.0,0.0,0.0,0.0,,elevator
Comms,C1,PL_Comms_C1.csv,237,G-22,7.280109889,79.0,2.0,0.0,0.0,0.0,0.0,,elevator
Comms,C1,PL_Comms_C1.csv,238,H-22,7.615773106,75.0,1.0,0.0,0.0,0.0,0.0,,elevator
Comms,C1,PL_Comms_C1.csv,239,I-22,8.062257748,88.0,2.0,0.0,0.0,0.0,0.0,,elevator
Comms,C1,PL_Comms_C1.csv,240,J-22,8.602325267,78.0,1.0,1.0,0.0,0.0,0.0,,elevator
Comms,C1,PL_Comms_C1.csv,241,K-22,9.219544457,91.0,1.0,1.0,0.0,0.0,0.0,,elevator
Comms,C1,PL_Comms_C1.csv,242,L-22,9.899494937,79.0,2.0,0.0,0.0,0.0,0.0,,elevator
Comms,C1,PL_Comms_C1.csv,243,M-22,10.63014581,98.0,2.0,0.0,0.0,0.0,0.0,,elevator
Comms,C1,PL_Comms_C1.csv,244,N-22,11.40175425,87.0,2.0,0.0,0.0,0.0,0.0,,elevator
Comms,C1,PL_Comms_C1.csv,245,O-22,12.20655562,90.0,3.0,0.0,0.0,0.0,0.0,,elevator
Comms,C1,PL_Comms_C1.csv,246,A-23,7.211102551,73.0,1.0,0.0,0.0,0.0,0.0,,elevator
Comms,C1,PL_Comms_C1.csv,247,B-23,6.708203932,68.0,1.0,0.0,0.0,0.0,0.0,,elevator
Comms,C1,PL_Comms_C1.csv,248,C-23,6.32455532,80.0,1.0,0.0,0.0,0.0,0.0,,elevator
Comms,C1,PL_Comms_C1.csv,249,D-23,6.08276253,74.0,1.0,0.0,0.0,0.0,0.0,,elevator
Comms,C1,PL_Comms_C1.csv,250,E-23,6.0,77.0,1.0,0.0,0.0,0.0,0.0,,elevator
Comms,C1,PL_Comms_C1.csv,251,F-23,6.08276253,79.0,2.0,0.0,0.0,0.0,0.0,,elevator
Comms,C1,PL_Comms_C1.csv,252,G-23,6.32455532,68.0,1.0,0.0,0.0,0.0,0.0,,elevator
Comms,C1,PL_Comms_C1.csv,253,H-23,6.708203932,78.0,1.0,0.0,0.0,0.0,0.0,,elevator
Comms,C1,PL_Comms_C1.csv,254,I-23,7.211102551,82.0,1.0,1.0,0.0,0.0,0.0,,elevator
Comms,C1,PL_Comms_C1.csv,255,J-23,7.810249676,94.0,1.0,1.0,0.0,0.0,0.0,,elevator
Comms,C1,PL_Comms_C1.csv,256,K-23,8.485281374,90.0,2.0,0.0,0.0,0.0,0.0,,elevator
Comms,C1,PL_Comms_C1.csv,257,L-23,9.219544457,85.0,2.0,0.0,0.0,0.0,0.0,,elevator
Comms,C1,PL_Comms_C1.csv,258,M-23,10.0,98.0,2.0,0.0,0.0,0.0,0.0,,elevator
Comms,C1,PL_Comms_C1.csv,259,N-23,10.81665383,89.0,3.0,0.0,0.0,0.0,0.0,,elevator
Comms,C1,PL_Comms_C1.csv,260,O-23,11.66190379,96.0,3.0,0.0,0.0,0.0,0.0,,elevator
Comms,C1,PL_Comms_C1.csv,261,P-23,12.52996409,91.0,3.0,0.0,0.0,0.0,0.0,,elevator
Comms,C1,PL_Comms_C1.csv,262,A-24,6.403124237,87.0,1.0,0.0,0.0,0.0,0.0,,elevator
Comms,C1,PL_Comms_C1.csv,263,B-24,5.830951895,80.0,1.0,0.0,0.0,0.0,0.0,,elevator
Comms,C1,PL_Comms_C1.csv,264,C-24,5.385164807,72.0,1.0,0.0,0.0,0.0,0.0,,elevator
Comms,C1,PL_Comms_C1.csv,265,D-24,5.099019514,84.0,1.0,0.0,0.0,0.0,0.0,,elevator
Comms,C1,PL_Comms_C1.csv,266,E-24,5.0,67.0,1.0,0.0,0.0,0.0,0.0,,elevator
Comms,C1,PL_Comms_C1.csv,267,F-24,5.099019514,78.0,2.0,0.0,0.0,0.0,0.0,,elevator
Comms,C1,PL_Comms_C1.csv,268,G-24,5.385164807,76.0,1.0,0.0,0.0,0.0,0.0,,elevator
Comms,C1,PL_Comms_C1.csv,269,H-24,5.830951895,71.0,1.0,0.0,0.0,0.0,0.0,,elevator
Comms,C1,PL_Comms_C1.csv,270,I-24,6.403124237,80.0,1.0,1.0,0.0,0.0,0.0,,elevator
Comms,C1,PL_Comms_C1.csv,271,J-24,7.071067812,77.0,2.0,0.0,0.0,0.0,0.0,,elevator
Comms,C1,PL_Comms_C1.csv,272,K-24,7.810249676,88.0,2.0,0.0,0.0,0.0,0.0,,elevator
Comms,C1,PL_Comms_C1.csv,273,L-24,8.602325267,90.0,2.0,0.0,0.0,0.0,0.0,,elevator
Comms,C1,PL_Comms_C1.csv,274,M-24,9.433981132,98.0,3.0,0.0,0.0,0.0,0.0,,elevator
Comms,C1,PL_Comms_C1.csv,275,N-24,10.29563014,90.0,3.0,0.0,0.0,0.0,0.0,,elevator
Comms,C1,PL_Comms_C1.csv,276,O-24,11.18033989,90.0,3.0,0.0,0.0,0.0,0.0,,elevator
Comms,C1,PL_Comms_C1.csv,277,P-24,12.08304597,96.0,3.0,0.0,0.0,0.0,0.0,,elevator
Comms,C1,PL_Comms_C1.csv,278,A-25,5.656854249,76.0,1.0,0.0,0.0,0.0,0.0,,elevator
Comms,C1,PL_Comms_C1.csv,279,B-25,5.0,76.0,1.0,0.0,0.0,0.0,0.0,,elevator
Comms,C1,PL_Comms_C1.csv,280,C-25,4.472135955,70.0,1.0,0.0,0.0,0.0,0.0,,elevator
Comms,C1,PL_Comms_C1.csv,281,D-25,4.123105626,75.0,1.0,0.0,0.0,0.0,0.0,,elevator
Comms,C1,PL_Comms_C1.csv,282,E-25,4.0,75.0,1.0,0.0,0.0,0.0,0.0,,elevator
Comms,C1,PL_Comms_C1.csv,283,F-25,4.123105626,76.0,2.0,0.0,0.0,0.0,0.0,,elevator
Comms,C1,PL_Comms_C1.csv,284,G-25,4.472135955,81.0,1.0,0.0,0.0,0.0,0.0,,elevator
Comms,C1,PL_Comms_C1.csv,285,H-25,5.0,80.0,1.0,0.0,0.0,0.0,0.0,,elevator
Comms,C1,PL_Comms_C1.csv,286,J-25,6.403124237,80.0,2.0,0.0,0.0,0.0,0.0,,elevator
Comms,C1,PL_Comms_C1.csv,287,K-25,7.211102551,97.0,3.0,0.0,0.0,0.0,0.0,,elevator
Comms,C1,PL_Comms_C1.csv,288,L-25,8.062257748,83.0,3.0,0.0,0.0,0.0,0.0,,elevator
Comms,C1,PL_Comms_C1.csv,289,M-25,8.94427191,87.0,3.0,0.0,0.0,0.0,0.0,,elevator
Comms,C1,PL_Comms_C1.csv,290,N-25,9.848857802,84.0,2.0,0.0,0.0,0.0,0.0,,elevator
Comms,C1,PL_Comms_C1.csv,291,O-25,10.77032961,85.0,2.0,0.0,0.0,0.0,0.0,,elevator
Comms,C1,PL_Comms_C1.csv,292,P-25,11.70469991,91.0,2.0,0.0,0.0,0.0,0.0,,elevator
Comms,C1,PL_Comms_C1.csv,293,F-26,3.16227766,74.0,1.0,0.0,0.0,0.0,0.0,,elevator
Comms,C1,PL_Comms_C1.csv,294,G-26,3.605551275,68.0,1.0,0.0,0.0,0.0,0.0,,elevator
Comms,C1,PL_Comms_C1.csv,295,H-26,4.242640687,68.0,1.0,0.0,0.0,0.0,0.0,,elevator
Comms,C1,PL_Comms_C1.csv,296,K-26,6.708203932,85.0,3.0,0.0,0.0,0.0,0.0,,elevator
Comms,C1,PL_Comms_C1.csv,297,L-26,7.615773106,92.0,3.0,0.0,0.0,0.0,0.0,,elevator
Comms,C1,PL_Comms_C1.csv,298,O-26,10.44030651,95.0,2.0,1.0,0.0,0.0,0.0,,elevator
Comms,C1,PL_Comms_C1.csv,299,P-26,11.40175425,92.0,2.0,1.0,0.0,0.0,0.0,,elevator
Comms,C1,PL_Comms_C1.csv,300,A-27,4.472135955,67.0,0.0,0.0,0.0,0.0,0.0,,elevator
Comms,C1,PL_Comms_C1.csv,301,B-27,3.605551275,63.0,0.0,0.0,0.0,0.0,0.0,,elevator
Comms,C1,PL_Comms_C1.csv,302,C-27,2.828427125,68.0,0.0,0.0,0.0,0.0,0.0,,elevator
Comms,C1,PL_Comms_C1.csv,303,D-27,2.236067977,60.0,0.0,0.0,0.0,0.0,0.0,,elevator
Comms,C1,PL_Comms_C1.csv,304,E-27,2.0,57.0,0.0,0.0,0.0,0.0,0.0,,elevator
Comms,C1,PL_Comms_C1.csv,305,F-27,2.236067977,76.0,1.0,0.0,0.0,0.0,0.0,,elevator
Comms,C1,PL_Comms_C1.csv,306,G-27,2.828427125,77.0,1.0,0.0,0.0,0.0,0.0,,elevator
Comms,C1,PL_Comms_C1.csv,307,H-27,3.605551275,70.0,1.0,0.0,0.0,0.0,0.0,,elevator
Comms,C1,PL_Comms_C1.csv,308,I-27,4.472135955,75.0,2.0,0.0,0.0,0.0,0.0,,elevator
Comms,C1,PL_Comms_C1.csv,309,J-27,5.385164807,72.0,1.0,1.0,0.0,0.0,0.0,,elevator
Comms,C1,PL_Comms_C1.csv,310,L-27,7.280109889,76.0,1.0,1.0,0.0,0.0,0.0,,elevator
Comms,C1,PL_Comms_C1.csv,311,M-27,8.246211251,76.0,0.0,1.0,0.0,0.0,0.0,,elevator
Comms,C1,PL_Comms_C1.csv,312,N-27,9.219544457,82.0,0.0,1.0,1.0,0.0,0.0,,elevator
Comms,C1,PL_Comms_C1.csv,313,O-27,10.19803903,78.0,0.0,1.0,1.0,0.0,0.0,,elevator
Comms,C1,PL_Comms_C1.csv,314,A-28,4.123105626,66.0,0.0,0.0,0.0,0.0,0.0,,elevator
Comms,C1,PL_Comms_C1.csv,315,B-28,3.16227766,61.0,0.0,0.0,0.0,0.0,0.0,,elevator
Comms,C1,PL_Comms_C1.csv,316,C-28,2.236067977,65.0,0.0,0.0,0.0,0.0,0.0,,elevator
Comms,C1,PL_Comms_C1.csv,317,D-28,1.414213562,56.0,0.0,0.0,0.0,0.0,0.0,,elevator
Comms,C1,PL_Comms_C1.csv,318,E-28,1.0,53.0,0.0,0.0,0.0,0.0,0.0,,elevator
Comms,C1,PL_Comms_C1.csv,319,F-28,1.414213562,57.0,1.0,0.0,0.0,0.0,0.0,,elevator
Comms,C1,PL_Comms_C1.csv,320,G-28,2.236067977,62.0,1.0,0.0,0.0,0.0,0.0,,elevator
Comms,C1,PL_Comms_C1.csv,321,H-28,3.16227766,71.0,0.0,1.0,0.0,0.0,0.0,,elevator
Comms,C1,PL_Comms_C1.csv,322,J-28,5.099019514,67.0,1.0,0.0,0.0,0.0,0.0,,elevator
Comms,C1,PL_Comms_C1.csv,323,K-28,6.08276253,79.0,1.0,0.0,0.0,0.0,0.0,,elevator
Comms,C1,PL_Comms_C1.csv,324,L-28,7.071067812,82.0,1.0,0.0,0.0,0.0,0.0,,elevator
Comms,C1,PL_Comms_C1.csv,325,M-28,8.062257748,76.0,1.0,0.0,0.0,0.0,0.0,,elevator
Comms,C1,PL_Comms_C1.csv,326,N-28,9.055385138,78.0,0.0,1.0,0.0,0.0,0.0,,elevator
Comms,C1,PL_Comms_C1.csv,327,O-28,10.04987562,82.0,0.0,1.0,0.0,0.0,0.0,,elevator
Comms,C1,PL_Comms_C1.csv,328,A-29,4.0,67.0,0.0,0.0,0.0,0.0,0.0,,elevator
Comms,C1,PL_Comms_C1.csv,329,B-29,3.0,68.0,0.0,0.0,0.0,0.0,0.0,,elevator
Comms,C1,PL_Comms_C1.csv,330,C-29,2.0,59.0,0.0,0.0,0.0,0.0,0.0,,elevator
Comms,C1,PL_Comms_C1.csv,331,D-29,1.0,51.0,0.0,0.0,0.0,0.0,0.0,,elevator
Comms,C1,PL_Comms_C1.csv,332,F-29,1.0,53.0,0.0,1.0,0.0,0.0,0.0,,elevator
Comms,C1,PL_Comms_C1.csv,333,G-29,2.0,56.0,0.0,1.0,0.0,0.0,0.0,,elevator
Comms,C1,PL_Comms_C1.csv,334,H-29,3.0,73.0,0.0,1.0,0.0,0.0,0.0,,elevator
Comms,C1,PL_Comms_C1.csv,335,I-29,4.0,68.0,1.0,1.0,0.0,0.0,0.0,,elevator
Comms,C1,PL_Comms_C1.csv,336,J-29,5.0,76.0,1.0,1.0,0.0,0.0,0.0,,elevator
Comms,C1,PL_Comms_C1.csv,337,K-29,6.0,75.0,1.0,1.0,0.0,0.0,0.0,,elevator
Comms,C1,PL_Comms_C1.csv,338,L-29,7.0,84.0,1.0,1.0,0.0,0.0,0.0,,elevator
Comms,C1,PL_Comms_C1.csv,339,M-29,8.0,78.0,1.0,1.0,0.0,0.0,0.0,,elevator
Comms,C1,PL_Comms_C1.csv,340,A-30,4.123105626,75.0,1.0,0.0,0.0,0.0,0.0,,elevator
Comms,C1,PL_Comms_C1.csv,341,B-30,3.16227766,71.0,1.0,0.0,0.0,0.0,0.0,,elevator
Comms,C1,PL_Comms_C1.csv,342,C-30,2.236067977,68.0,1.0,0.0,0.0,0.0,0.0,,elevator
Comms,C1,PL_Comms_C1.csv,343,D-30,1.414213562,69.0,1.0,0.0,0.0,0.0,0.0,,elevator
Comms,C1,PL_Comms_C1.csv,344,E-30,1.0,69.0,1.0,0.0,0.0,0.0,0.0,,elevator
Comms,C1,PL_Comms_C1.csv,345,F-30,1.414213562,68.0,2.0,0.0,0.0,0.0,0.0,,elevator
Comms,C1,PL_Comms_C1.csv,346,G-30,2.236067977,62.0,0.0,1.0,0.0,0.0,0.0,,elevator
Comms,C1,PL_Comms_C1.csv,347,H-30,3.16227766,85.0,0.0,1.0,0.0,0.0,0.0,,elevator
Comms,C1,PL_Comms_C1.csv,348,J-30,5.099019514,72.0,1.0,1.0,0.0,0.0,0.0,,elevator
Comms,C1,PL_Comms_C1.csv,349,K-30,6.08276253,78.0,2.0,1.0,0.0,0.0,0.0,,elevator
Comms,C1,PL_Comms_C1.csv,350,L-30,7.071067812,94.0,1.0,2.0,0.0,0.0,0.0,,elevator
Comms,C1,PL_Comms_C1.csv,351,M-30,8.062257748,96.0,1.0,2.0,0.0,0.0,0.0,,elevator
Comms,C1,PL_Comms_C1.csv,352,A-31,4.472135955,68.0,1.0,0.0,0.0,0.0,0.0,,elevator
Comms,C1,PL_Comms_C1.csv,353,B-31,3.605551275,74.0,1.0,0.0,0.0,0.0,0.0,,elevator
Comms,C1,PL_Comms_C1.csv,354,C-31,2.828427125,68.0,1.0,0.0,0.0,0.0,0.0,,elevator
Comms,C1,PL_Comms_C1.csv,355,D-31,2.236067977,65.0,1.0,0.0,0.0,0.0,0.0,,elevator
Comms,C1,PL_Comms_C1.csv,356,E-31,2.0,69.0,1.0,0.0,0.0,0.0,0.0,,elevator
Comms,C1,PL_Comms_C1.csv,357,F-31,2.236067977,70.0,2.0,0.0,0.0,0.0,0.0,,elevator
Comms,C1,PL_Comms_C1.csv,358,G-31,2.828427125,75.0,2.0,0.0,0.0,0.0,0.0,,elevator
Comms,C1,PL_Comms_C1.csv,359,H-31,3.605551275,65.0,1.0,0.0,0.0,0.0,0.0,,elevator
Comms,C1,PL_Comms_C1.csv,360,J-31,5.385164807,72.0,1.0,1.0,0.0,0.0,0.0,,elevator
Comms,C1,PL_Comms_C1.csv,361,K-31,6.32455532,75.0,1.0,1.0,0.0,0.0,0.0,,elevator
Comms,C1,PL_Comms_C1.csv,362,L-31,7.280109889,85.0,1.0,2.0,0.0,0.0,0.0,,elevator
Comms,C1,PL_Comms_C1.csv,363,M-31,8.246211251,86.0,1.0,2.0,0.0,0.0,0.0,,elevator
Comms,C1,PL_Comms_C1.csv,364,A-32,5.0,70.0,1.0,0.0,0.0,0.0,0.0,,elevator
Comms,C1,PL_Comms_C1.csv,365,B-32,4.242640687,67.0,1.0,0.0,0.0,0.0,0.0,,elevator
Comms,C1,PL_Comms_C1.csv,366,C-32,3.605551275,63.0,1.0,0.0,0.0,0.0,0.0,,elevator
Comms,C1,PL_Comms_C1.csv,367,D-32,3.16227766,72.0,1.0,0.0,0.0,0.0,0.0,,elevator
Comms,C1,PL_Comms_C1.csv,368,E-32,3.0,70.0,1.0,0.0,0.0,0.0,0.0,,elevator
Comms,C1,PL_Comms_C1.csv,369,F-32,3.16227766,74.0,2.0,0.0,0.0,0.0,0.0,,elevator
Comms,C1,PL_Comms_C1.csv,370,G-32,3.605551275,73.0,2.0,0.0,0.0,0.0,0.0,,elevator
Comms,C1,PL_Comms_C1.csv,371,H-32,4.242640687,71.0,2.0,0.0,0.0,0.0,0.0,,elevator
Comms,C1,PL_Comms_C1.csv,372,J-32,5.830951895,83.0,2.0,0.0,0.0,0.0,0.0,,elevator
Comms,C1,PL_Comms_C1.csv,373,K-32,6.708203932,84.0,2.0,0.0,0.0,0.0,0.0,,elevator
Comms,C1,PL_Comms_C1.csv,374,L-32,7.615773106,100.0,1.0,2.0,0.0,0.0,0.0,,elevator
Comms,C1,PL_Comms_C1.csv,375,M-32,8.544003745,86.0,1.0,2.0,0.0,0.0,0.0,,elevator
Comms,C1,PL_Comms_C1.csv,376,C-33,4.472135955,70.0,1.0,0.0,0.0,0.0,0.0,,elevator
Comms,C1,PL_Comms_C1.csv,377,D-33,4.123105626,79.0,1.0,0.0,0.0,0.0,0.0,,elevator
Comms,C1,PL_Comms_C1.csv,378,E-33,4.0,80.0,1.0,0.0,0.0,0.0,0.0,,elevator
Comms,C1,PL_Comms_C1.csv,379,F-33,4.123105626,82.0,2.0,0.0,0.0,0.0,0.0,,elevator
Comms,C1,PL_Comms_C1.csv,380,G-33,4.472135955,75.0,2.0,0.0,0.0,0.0,0.0,,elevator
Comms,C1,PL_Comms_C1.csv,381,H-33,5.0,73.0,2.0,0.0,0.0,0.0,0.0,,elevator
Comms,C1,PL_Comms_C1.csv,382,J-33,6.403124237,86.0,3.0,0.0,0.0,0.0,0.0,,elevator
Comms,C1,PL_Comms_C1.csv,383,K-33,7.211102551,82.0,2.0,0.0,0.0,0.0,0.0,,elevator
Comms,C1,PL_Comms_C1.csv,384,L-33,8.062257748,83.0,1.0,2.0,0.0,0.0,0.0,,elevator
Comms,C1,PL_Comms_C1.csv,385,M-33,8.94427191,85.0,1.0,2.0,0.0,0.0,0.0,,elevator
Comms,C1,PL_Comms_C1.csv,386,A-34,6.403124237,83.0,2.0,0.0,0.0,0.0,0.0,,elevator
Comms,C1,PL_Comms_C1.csv,387,B-34,5.830951895,82.0,1.0,1.0,0.0,0.0,0.0,,elevator
Comms,C1,PL_Comms_C1.csv,388,C-34,5.385164807,83.0,2.0,0.0,0.0,0.0,0.0,,elevator
Comms,C1,PL_Comms_C1.csv,389,D-34,5.099019514,74.0,2.0,0.0,0.0,0.0,0.0,,elevator
Comms,C1,PL_Comms_C1.csv,390,E-34,5.0,80.0,2.0,0.0,0.0,0.0,0.0,,elevator
Comms,C1,PL_Comms_C1.csv,391,F-34,5.099019514,91.0,1.0,0.0,0.0,0.0,0.0,,elevator
Comms,C1,PL_Comms_C1.csv,392,G-34,5.385164807,78.0,2.0,0.0,0.0,0.0,0.0,,elevator
Comms,C1,PL_Comms_C1.csv,393,H-34,5.830951895,76.0,2.0,0.0,0.0,0.0,0.0,,elevator
Comms,C1,PL_Comms_C1.csv,394,I-34,6.403124237,80.0,3.0,1.0,0.0,0.0,0.0,,elevator
Comms,C1,PL_Comms_C1.csv,395,J-34,7.071067812,83.0,3.0,1.0,0.0,0.0,0.0,,elevator
Comms,C1,PL_Comms_C1.csv,396,K-34,7.810249676,85.0,3.0,1.0,0.0,0.0,0.0,,elevator
Comms,C1,PL_Comms_C1.csv,397,L-34,8.602325267,85.0,3.0,1.0,0.0,0.0,0.0,,elevator
Comms,C1,PL_Comms_C1.csv,398,A-35,7.211102551,95.0,1.0,1.0,0.0,0.0,0.0,,elevator
Comms,C1,PL_Comms_C1.csv,399,B-35,6.708203932,89.0,2.0,0.0,0.0,0.0,0.0,,elevator
Comms,C1,PL_Comms_C1.csv,400,C-35,6.32455532,85.0,2.0,0.0,0.0,0.0,0.0,,elevator
Comms,C1,PL_Comms_C1.csv,401,D-35,6.08276253,92.0,2.0,0.0,0.0,0.0,0.0,,elevator
Comms,C1,PL_Comms_C1.csv,402,E-35,6.0,81.0,2.0,0.0,0.0,0.0,0.0,,elevator
Comms,C1,PL_Comms_C1.csv,403,F-35,6.08276253,80.0,1.0,0.0,0.0,0.0,0.0,,elevator
Comms,C1,PL_Comms_C1.csv,404,G-35,6.32455532,78.0,2.0,0.0,0.0,0.0,0.0,,elevator
Comms,C1,PL_Comms_C1.csv,405,H-35,6.708203932,78.0,2.0,0.0,0.0,0.0,0.0,,elevator
Comms,C1,PL_Comms_C1.csv,406,I-35,7.211102551,81.0,2.0,1.0,0.0,0.0,0.0,,elevator
Comms,C1,PL_Comms_C1.csv,407,J-35,7.810249676,85.0,3.0,1.0,1.0,0.0,0.0,,elevator
Comms,C1,PL_Comms_C1.csv,408,K-35,8.485281374,82.0,3.0,1.0,1.0,0.0,0.0,,elevator
Comms,C1,PL_Comms_C1.csv,409,L-35,9.219544457,84.0,3.0,1.0,1.0,0.0,0.0,,elevator
Comms,C1,PL_Comms_C1.csv,410,M-35,10.0,87.0,3.0,1.0,1.0,0.0,0.0,,elevator
Comms,C1,PL_Comms_C1.csv,411,N-35,10.81665383,87.0,3.0,1.0,1.0,0.0,0.0,,elevator
Comms,C1,PL_Comms_C1.csv,412,O-35,11.66190379,95.0,1.0,2.0,1.0,0.0,0.0,,elevator
Comms,C1,PL_Comms_C1.csv,413,P-35,12.52996409,101.0,1.0,2.0,1.0,0.0,0.0,,elevator
Comms,C1,PL_Comms_C1.csv,414,A-36,8.062257748,79.0,1.0,1.0,0.0,0.0,0.0,,elevator
Comms,C1,PL_Comms_C1.csv,415,B-36,7.615773106,87.0,2.0,0.0,0.0,0.0,0.0,,elevator
Comms,C1,PL_Comms_C1.csv,416,C-36,7.280109889,75.0,2.0,0.0,0.0,0.0,0.0,,elevator
Comms,C1,PL_Comms_C1.csv,417,D-36,7.071067812,82.0,2.0,0.0,0.0,0.0,0.0,,elevator
Comms,C1,PL_Comms_C1.csv,418,E-36,7.0,90.0,2.0,0.0,0.0,0.0,0.0,,elevator
Comms,C1,PL_Comms_C1.csv,419,F-36,7.071067812,87.0,3.0,0.0,0.0,0.0,0.0,,elevator
Comms,C1,PL_Comms_C1.csv,420,G-36,7.280109889,85.0,2.0,0.0,0.0,0.0,0.0,,elevator
Comms,C1,PL_Comms_C1.csv,421,H-36,7.615773106,79.0,2.0,0.0,0.0,0.0,0.0,,elevator
Comms,C1,PL_Comms_C1.csv,422,I-36,8.062257748,103.0,3.0,0.0,0.0,0.0,0.0,,elevator
Comms,C1,PL_Comms_C1.csv,423,J-36,8.602325267,93.0,2.0,0.0,0.0,0.0,0.0,,elevator
Comms,C1,PL_Comms_C1.csv,424,K-36,9.219544457,86.0,3.0,1.0,1.0,0.0,0.0,,elevator
Comms,C1,PL_Comms_C1.csv,425,L-36,9.899494937,91.0,3.0,1.0,1.0,0.0,0.0,,elevator
Comms,C1,PL_Comms_C1.csv,426,M-36,10.63014581,87.0,3.0,1.0,1.0,0.0,0.0,,elevator
Comms,C1,PL_Comms_C1.csv,427,N-36,11.40175425,94.0,3.0,1.0,1.0,0.0,0.0,,elevator
Comms,C1,PL_Comms_C1.csv,428,O-36,12.20655562,91.0,1.0,2.0,1.0,0.0,0.0,,elevator
Comms,C1,PL_Comms_C1.csv,429,A-37,8.94427191,89.0,3.0,0.0,0.0,0.0,0.0,,elevator
Comms,C1,PL_Comms_C1.csv,430,B-37,8.544003745,86.0,3.0,0.0,0.0,0.0,0.0,,elevator
Comms,C1,PL_Comms_C1.csv,431,D-37,8.062257748,92.0,3.0,0.0,0.0,0.0,0.0,,elevator
Comms,C1,PL_Comms_C1.csv,432,E-37,8.0,97.0,3.0,0.0,0.0,0.0,0.0,,elevator
Comms,C1,PL_Comms_C1.csv,433,F-37,8.062257748,87.0,3.0,0.0,0.0,0.0,0.0,,elevator
Comms,C1,PL_Comms_C1.csv,434,G-37,8.246211251,81.0,2.0,0.0,0.0,0.0,0.0,,elevator
Comms,C1,PL_Comms_C1.csv,435,H-37,8.544003745,83.0,2.0,0.0,0.0,0.0,0.0,,elevator
Comms,C1,PL_Comms_C1.csv,436,K-37,10.0,95.0,2.0,0.0,0.0,0.0,0.0,,elevator
Comms,C1,PL_Comms_C1.csv,437,L-37,10.63014581,91.0,3.0,1.0,1.0,0.0,0.0,,elevator
Comms,C1,PL_Comms_C1.csv,438,M-37,11.3137085,91.0,3.0,1.0,1.0,0.0,0.0,,elevator
Comms,C1,PL_Comms_C1.csv,439,N-37,12.04159458,85.0,3.0,1.0,1.0,0.0,0.0,,elevator
Comms,C1,PL_Comms_C1.csv,440,O-37,12.80624847,90.0,3.0,1.0,1.0,0.0,0.0,,elevator
Comms,C1,PL_Comms_C1.csv,441,P-37,13.60147051,91.0,2.0,1.0,1.0,0.0,0.0,,elevator
Comms,C1,PL_Comms_C1.csv,442,A-38,9.848857802,84.0,3.0,0.0,0.0,0.0,0.0,,elevator
Comms,C1,PL_Comms_C1.csv,443,B-38,9.486832981,78.0,3.0,0.0,0.0,0.0,0.0,,elevator
Comms,C1,PL_Comms_C1.csv,444,C-38,9.219544457,90.0,3.0,0.0,0.0,0.0,0.0,,elevator
Comms,C1,PL_Comms_C1.csv,445,D-38,9.055385138,92.0,3.0,0.0,0.0,0.0,0.0,,elevator
Comms,C1,PL_Comms_C1.csv,446,E-38,9.0,85.0,3.0,0.0,0.0,0.0,0.0,,elevator
Comms,C1,PL_Comms_C1.csv,447,F-38,9.055385138,81.0,3.0,0.0,0.0,0.0,0.0,,elevator
Comms,C1,PL_Comms_C1.csv,448,G-38,9.219544457,94.0,2.0,0.0,0.0,0.0,0.0,,elevator
Comms,C1,PL_Comms_C1.csv,449,H-38,9.486832981,82.0,2.0,0.0,0.0,0.0,0.0,,elevator
Comms,C1,PL_Comms_C1.csv,450,I-38,9.848857802,98.0,4.0,0.0,0.0,0.0,0.0,,elevator
Comms,C1,PL_Comms_C1.csv,451,J-38,10.29563014,90.0,4.0,0.0,0.0,0.0,0.0,,elevator
Comms,C1,PL_Comms_C1.csv,452,K-38,10.81665383,100.0,4.0,0.0,0.0,0.0,0.0,,elevator
Comms,C1,PL_Comms_C1.csv,453,L-38,11.40175425,97.0,3.0,2.0,0.0,0.0,0.0,,elevator
Comms,C1,PL_Comms_C1.csv,454,M-38,12.04159458,100.0,4.0,1.0,1.0,0.0,0.0,,elevator
Comms,C1,PL_Comms_C1.csv,455,N-38,12.72792206,103.0,4.0,1.0,1.0,0.0,0.0,,elevator
Comms,C1,PL_Comms_C1.csv,456,O-38,13.45362405,98.0,4.0,1.0,1.0,0.0,0.0,,elevator
Comms,C1,PL_Comms_C1.csv,457,P-38,14.2126704,97.0,4.0,1.0,1.0,0.0,0.0,,elevator
Comms,C1,PL_Comms_C1.csv,458,A-39,10.77032961,89.0,3.0,0.0,0.0,0.0,0.0,,elevator
Comms,C1,PL_Comms_C1.csv,459,B-39,10.44030651,81.0,3.0,0.0,0.0,0.0,0.0,,elevator
Comms,C1,PL_Comms_C1.csv,460,C-39,10.19803903,85.0,3.0,0.0,0.0,0.0,0.0,,elevator
Comms,C1,PL_Comms_C1.csv,461,D-39,10.04987562,100.0,3.0,0.0,0.0,0.0,0.0,,elevator
Comms,C1,PL_Comms_C1.csv,462,E-39,10.0,96.0,3.0,0.0,0.0,0.0,0.0,,elevator
Comms,C1,PL_Comms_C1.csv,463,F-39,10.04987562,89.0,3.0,0.0,0.0,0.0,0.0,,elevator
Comms,C1,PL_Comms_C1.csv,464,G-39,10.19803903,80.0,2.0,0.0,0.0,0.0,0.0,,elevator
Comms,C1,PL_Comms_C1.csv,465,H-39,10.44030651,88.0,2.0,0.0,0.0,0.0,0.0,,elevator
Comms,C1,PL_Comms_C1.csv,466,I-39,10.77032961,92.0,4.0,0.0,0.0,0.0,0.0,,elevator
Comms,C1,PL_Comms_C1.csv,467,J-39,11.18033989,96.0,4.0,0.0,0.0,0.0,0.0,,elevator
Comms,C1,PL_Comms_C1.csv,468,K-39,11.66190379,92.0,4.0,0.0,0.0,0.0,0.0,,elevator
Comms,C1,PL_Comms_C1.csv,469,L-39,12.20655562,103.0,3.0,2.0,0.0,0.0,0.0,,elevator
Comms,C1,PL_Comms_C1.csv,470,M-39,12.80624847,98.0,3.0,2.0,0.0,0.0,0.0,,elevator
Comms,C1,PL_Comms_C1.csv,471,N-39,13.45362405,98.0,4.0,1.0,1.0,0.0,0.0,,elevator
Comms,C1,PL_Comms_C1.csv,472,O-39,14.14213562,106.0,4.0,1.0,1.0,0.0,0.0,,elevator
Comms,C1,PL_Comms_C1.csv,473,P-39,14.86606875,97.0,4.0,1.0,1.0,0.0,0.0,,elevator
Comms,C1,PL_Comms_C1.csv,474,A-40,11.70469991,92.0,3.0,0.0,0.0,0.0,0.0,,elevator
Comms,C1,PL_Comms_C1.csv,475,B-40,11.40175425,89.0,3.0,0.0,0.0,0.0,0.0,,elevator
Comms,C1,PL_Comms_C1.csv,476,C-40,11.18033989,88.0,3.0,0.0,0.0,0.0,0.0,,elevator
Comms,C1,PL_Comms_C1.csv,477,D-40,11.04536102,87.0,3.0,0.0,0.0,0.0,0.0,,elevator
Comms,C1,PL_Comms_C1.csv,478,E-40,11.0,99.0,3.0,0.0,0.0,0.0,0.0,,elevator
Comms,C1,PL_Comms_C1.csv,479,F-40,11.04536102,91.0,3.0,0.0,0.0,0.0,0.0,,elevator
Comms,C1,PL_Comms_C1.csv,480,G-40,11.18033989,83.0,1.0,0.0,0.0,0.0,0.0,,elevator
Comms,C1,PL_Comms_C1.csv,481,H-40,11.40175425,87.0,2.0,0.0,0.0,0.0,0.0,,elevator
Comms,C1,PL_Comms_C1.csv,482,I-40,11.70469991,98.0,3.0,0.0,0.0,0.0,0.0,,elevator
Comms,C1,PL_Comms_C1.csv,483,J-40,12.08304597,91.0,4.0,0.0,0.0,0.0,0.0,,elevator
Comms,C1,PL_Comms_C1.csv,484,K-40,12.52996409,94.0,4.0,0.0,0.0,0.0,0.0,,elevator
Comms,C1,PL_Comms_C1.csv,485,L-40,13.03840481,94.0,2.0,2.0,0.0,0.0,0.0,,elevator
Comms,C1,PL_Comms_C1.csv,486,M-40,13.60147051,93.0,2.0,2.0,0.0,0.0,0.0,,elevator
Comms,C1,PL_Comms_C1.csv,487,N-40,14.2126704,97.0,4.0,1.0,1.0,0.0,0.0,,elevator
Comms,C1,PL_Comms_C1.csv,488,O-40,14.86606875,98.0,4.0,1.0,1.0,0.0,0.0,,elevator
Comms,C1,PL_Comms_C1.csv,489,A-41,12.64911064,97.0,4.0,0.0,0.0,0.0,0.0,,elevator
Comms,C1,PL_Comms_C1.csv,490,B-41,12.36931688,103.0,4.0,0.0,0.0,0.0,0.0,,elevator
Comms,C1,PL_Comms_C1.csv,491,C-41,12.16552506,96.0,4.0,0.0,0.0,0.0,0.0,,elevator
Comms,C1,PL_Comms_C1.csv,492,D-41,12.04159458,98.0,4.0,0.0,0.0,0.0,0.0,,elevator
Comms,C1,PL_Comms_C1.csv,493,E-41,12.0,97.0,4.0,0.0,0.0,0.0,0.0,,elevator
Comms,C1,PL_Comms_C1.csv,494,F-41,12.04159458,83.0,3.0,0.0,0.0,0.0,0.0,,elevator
Comms,C1,PL_Comms_C1.csv,495,G-41,12.16552506,90.0,3.0,0.0,0.0,0.0,0.0,,elevator
Comms,C1,PL_Comms_C1.csv,496,H-41,12.36931688,92.0,2.0,0.0,0.0,0.0,0.0,,elevator
Comms,C1,PL_Comms_C1.csv,497,I-41,12.64911064,99.0,3.0,0.0,0.0,0.0,0.0,,elevator
Comms,C1,PL_Comms_C1.csv,498,J-41,13.0,108.0,4.0,0.0,0.0,0.0,0.0,,elevator
Comms,C1,PL_Comms_C1.csv,499,K-41,13.41640786,94.0,4.0,0.0,0.0,0.0,0.0,,elevator
Comms,C1,PL_Comms_C1.csv,500,L-41,13.89244399,104.0,4.0,0.0,0.0,0.0,0.0,,elevator
Comms,C1,PL_Comms_C1.csv,501,M-41,14.4222051,95.0,3.0,2.0,0.0,0.0,0.0,,elevator
Comms,C1,PL_Comms_C1.csv,502,N-41,15.0,98.0,3.0,2.0,0.0,0.0,0.0,,elevator
Comms,C1,PL_Comms_C1.csv,503,O-41,15.62049935,97.0,4.0,1.0,1.0,0.0,0.0,,elevator
Comms,C1,PL_Comms_C1.csv,504,A-42,13.60147051,92.0,4.0,0.0,0.0,0.0,0.0,,elevator
Comms,C1,PL_Comms_C1.csv,505,B-42,13.34166406,98.0,4.0,0.0,0.0,0.0,0.0,,elevator
Comms,C1,PL_Comms_C1.csv,506,C-42,13.15294644,105.0,4.0,0.0,0.0,0.0,0.0,,elevator
Comms,C1,PL_Comms_C1.csv,507,D-42,13.03840481,98.0,4.0,0.0,0.0,0.0,0.0,,elevator
Comms,C1,PL_Comms_C1.csv,508,E-42,13.0,100.0,4.0,0.0,0.0,0.0,0.0,,elevator
Comms,C1,PL_Comms_C1.csv,509,F-42,13.03840481,95.0,4.0,0.0,0.0,0.0,0.0,,elevator
Comms,C1,PL_Comms_C1.csv,510,G-42,13.15294644,84.0,1.0,0.0,0.0,0.0,0.0,,elevator
Comms,C1,PL_Comms_C1.csv,511,H-42,13.34166406,87.0,1.0,0.0,0.0,0.0,0.0,,elevator
Comms,C1,PL_Comms_C1.csv,512,J-42,13.92838828,103.0,4.0,0.0,0.0,0.0,0.0,,elevator
Comms,C1,PL_Comms_C1.csv,513,K-42,14.31782106,92.0,4.0,0.0,0.0,0.0,0.0,,elevator
Comms,C1,PL_Comms_C1.csv,514,L-42,14.76482306,91.0,4.0,0.0,0.0,0.0,0.0,,elevator
Comms,C1,PL_Comms_C1.csv,515,M-42,15.26433752,100.0,4.0,0.0,0.0,0.0,0.0,,elevator
Comms,C1,PL_Comms_C1.csv,516,N-42,15.8113883,102.0,3.0,2.0,0.0,0.0,0.0,,elevator
Comms,C1,PL_Comms_C1.csv,517,O-42,16.40121947,94.0,3.0,2.0,0.0,0.0,0.0,,elevator
Comms,C1,PL_Comms_C1.csv,518,P-42,17.02938637,110.0,4.0,1.0,1.0,0.0,0.0,,elevator
Comms,C1,PL_Comms_C1.csv,519,A-43,14.56021978,98.0,4.0,0.0,0.0,0.0,0.0,,elevator
Comms,C1,PL_Comms_C1.csv,520,B-43,14.31782106,97.0,4.0,0.0,0.0,0.0,0.0,,elevator
Comms,C1,PL_Comms_C1.csv,521,C-43,14.14213562,95.0,4.0,0.0,0.0,0.0,0.0,,elevator
Comms,C1,PL_Comms_C1.csv,522,D-43,14.03566885,104.0,4.0,0.0,0.0,0.0,0.0,,elevator
Comms,C1,PL_Comms_C1.csv,523,E-43,14.0,94.0,4.0,0.0,0.0,0.0,0.0,,elevator
Comms,C1,PL_Comms_C1.csv,524,F-43,14.03566885,83.0,4.0,0.0,0.0,0.0,0.0,,elevator
Comms,C1,PL_Comms_C1.csv,525,G-43,14.14213562,85.0,3.0,0.0,0.0,0.0,0.0,,elevator
Comms,C1,PL_Comms_C1.csv,526,H-43,14.31782106,95.0,2.0,0.0,0.0,0.0,0.0,,elevator
Comms,C1,PL_Comms_C1.csv,527,K-43,15.23154621,110.0,4.0,0.0,0.0,0.0,0.0,,elevator
Comms,C1,PL_Comms_C1.csv,528,L-43,15.65247584,93.0,4.0,0.0,0.0,0.0,0.0,,elevator
Comms,C1,PL_Comms_C1.csv,529,M-43,16.1245155,90.0,4.0,0.0,0.0,0.0,0.0,,elevator
Comms,C1,PL_Comms_C1.csv,530,N-43,16.64331698,110.0,4.0,0.0,0.0,0.0,0.0,,elevator
Comms,C1,PL_Comms_C1.csv,531,O-43,17.20465053,109.0,3.0,2.0,0.0,0.0,0.0,,elevator
Comms,C1,PL_Comms_C1.csv,532,P-43,17.80449381,105.0,3.0,2.0,0.0,0.0,0.0,,elevator
Comms,C1,PL_Comms_C1.csv,533,A-44,15.5241747,94.0,4.0,0.0,0.0,0.0,0.0,,elevator
Comms,C1,PL_Comms_C1.csv,534,B-44,15.29705854,104.0,4.0,0.0,0.0,0.0,0.0,,elevator
Comms,C1,PL_Comms_C1.csv,535,C-44,15.13274595,94.0,4.0,0.0,0.0,0.0,0.0,,elevator
Comms,C1,PL_Comms_C1.csv,536,D-44,15.03329638,105.0,4.0,0.0,0.0,0.0,0.0,,elevator
Comms,C1,PL_Comms_C1.csv,537,E-44,15.0,103.0,4.0,0.0,0.0,0.0,0.0,,elevator
Comms,C1,PL_Comms_C1.csv,538,F-44,15.03329638,85.0,4.0,0.0,0.0,0.0,0.0,,elevator
Comms,C1,PL_Comms_C1.csv,539,G-44,15.13274595,87.0,3.0,0.0,0.0,0.0,0.0,,elevator
Comms,C1,PL_Comms_C1.csv,540,H-44,15.29705854,100.0,2.0,0.0,0.0,0.0,0.0,,elevator
Comms,C1,PL_Comms_C1.csv,541,I-44,15.5241747,97.0,4.0,0.0,0.0,0.0,0.0,,elevator
Comms,C1,PL_Comms_C1.csv,542,J-44,15.8113883,103.0,4.0,0.0,0.0,0.0,0.0,,elevator
Comms,C1,PL_Comms_C1.csv,543,K-44,16.15549442,97.0,5.0,0.0,0.0,0.0,0.0,,elevator
Comms,C1,PL_Comms_C1.csv,544,L-44,16.55294536,104.0,5.0,0.0,0.0,0.0,0.0,,elevator
Comms,C1,PL_Comms_C1.csv,545,A-45,16.4924225,105.0,5.0,0.0,0.0,0.0,0.0,,elevator
Comms,C1,PL_Comms_C1.csv,546,B-45,16.2788206,108.0,5.0,0.0,0.0,0.0,0.0,,elevator
Comms,C1,PL_Comms_C1.csv,547,C-45,16.1245155,112.0,5.0,0.0,0.0,0.0,0.0,,elevator
Comms,C1,PL_Comms_C1.csv,548,D-45,16.03121954,114.0,5.0,0.0,0.0,0.0,0.0,,elevator
Comms,C1,PL_Comms_C1.csv,549,E-45,16.0,105.0,5.0,0.0,0.0,0.0,0.0,,elevator
Comms,C1,PL_Comms_C1.csv,550,F-45,16.03121954,83.0,4.0,0.0,0.0,0.0,0.0,,elevator
Comms,C1,PL_Comms_C1.csv,551,G-45,16.1245155,90.0,3.0,0.0,0.0,0.0,0.0,,elevator
Comms,C1,PL_Comms_C1.csv,552,H-45,16.2788206,90.0,2.0,0.0,0.0,0.0,0.0,,elevator
Comms,C1,PL_Comms_C1.csv,553,I-45,16.4924225,104.0,5.0,0.0,0.0,0.0,0.0,,elevator
Comms,C1,PL_Comms_C1.csv,554,J-45,16.76305461,100.0,5.0,0.0,0.0,0.0,0.0,,elevator
Comms,C1,PL_Comms_C1.csv,555,K-45,17.08800749,105.0,5.0,0.0,0.0,0.0,0.0,,elevator
Comms,C1,PL_Comms_C1.csv,556,L-45,17.4642492,109.0,5.0,0.0,0.0,0.0,0.0,,elevator
Comms,C1,PL_Comms_C1.csv,557,A-46,17.4642492,99.0,5.0,0.0,0.0,0.0,0.0,,elevator
Comms,C1,PL_Comms_C1.csv,558,B-46,17.2626765,110.0,5.0,0.0,0.0,0.0,0.0,,elevator
Comms,C1,PL_Comms_C1.csv,559,C-46,17.11724277,110.0,5.0,0.0,0.0,0.0,0.0,,elevator
Comms,C1,PL_Comms_C1.csv,560,D-46,17.02938637,107.0,5.0,0.0,0.0,0.0,0.0,,elevator
Comms,C1,PL_Comms_C1.csv,561,E-46,17.0,95.0,5.0,0.0,0.0,0.0,0.0,,elevator
Comms,C1,PL_Comms_C1.csv,562,F-46,17.02938637,96.0,4.0,0.0,0.0,0.0,0.0,,elevator
Comms,C1,PL_Comms_C1.csv,563,G-46,17.11724277,92.0,3.0,0.0,0.0,0.0,0.0,,elevator
Comms,C1,PL_Comms_C1.csv,564,H-46,17.2626765,87.0,1.0,0.0,0.0,0.0,0.0,,elevator
Comms,C1,PL_Comms_C1.csv,565,J-46,17.72004515,105.0,5.0,0.0,0.0,0.0,0.0,,elevator
Comms,C1,PL_Comms_C1.csv,566,K-46,18.02775638,106.0,4.0,1.0,0.0,0.0,0.0,,elevator
Comms,C1,PL_Comms_C1.csv,567,L-46,18.38477631,108.0,5.0,0.0,0.0,0.0,0.0,,elevator
Comms,C1,PL_Comms_C1.csv,568,B-47,18.24828759,102.0,5.0,0.0,0.0,0.0,0.0,,elevator
Comms,C1,PL_Comms_C1.csv,569,C-47,18.11077028,105.0,5.0,0.0,0.0,0.0,0.0,,elevator
Comms,C1,PL_Comms_C1.csv,570,D-47,18.02775638,118.0,5.0,0.0,0.0,0.0,0.0,,elevator
Comms,C1,PL_Comms_C1.csv,571,E-47,18.0,114.0,5.0,0.0,0.0,0.0,0.0,,elevator
Comms,C1,PL_Comms_C1.csv,572,F-47,18.02775638,93.0,4.0,0.0,0.0,0.0,0.0,,elevator
Comms,C1,PL_Comms_C1.csv,573,G-47,18.11077028,86.0,3.0,0.0,0.0,0.0,0.0,,elevator
Comms,C1,PL_Comms_C1.csv,574,H-47,18.24828759,83.0,1.0,0.0,0.0,0.0,0.0,,elevator
Comms,C1,PL_Comms_C1.csv,575,J-47,18.68154169,100.0,5.0,0.0,0.0,0.0,0.0,,elevator
Comms,C1,PL_Comms_C1.csv,576,K-47,18.97366596,104.0,5.0,0.0,0.0,0.0,0.0,,elevator
Comms,C1,PL_Comms_C1.csv,577,L-47,19.31320792,104.0,5.0,0.0,0.0,0.0,0.0,,elevator
Comms,C1,PL_Comms_C1.csv,578,A-48,19.41648784,114.0,5.0,0.0,0.0,0.0,0.0,,elevator
Comms,C1,PL_Comms_C1.csv,579,B-48,19.23538406,110.0,5.0,0.0,0.0,0.0,0.0,,elevator
Comms,C1,PL_Comms_C1.csv,580,C-48,19.10497317,99.0,5.0,0.0,0.0,0.0,0.0,,elevator
Comms,C1,PL_Comms_C1.csv,581,D-48,19.02629759,111.0,5.0,0.0,0.0,0.0,0.0,,elevator
Comms,C1,PL_Comms_C1.csv,582,E-48,19.0,102.0,5.0,0.0,0.0,0.0,0.0,,elevator
Comms,C1,PL_Comms_C1.csv,583,F-48,19.02629759,87.0,4.0,0.0,0.0,0.0,0.0,,elevator
Comms,C1,PL_Comms_C1.csv,584,G-48,19.10497317,86.0,3.0,0.0,0.0,0.0,0.0,,elevator
Comms,C1,PL_Comms_C1.csv,585,H-48,19.23538406,86.0,2.0,0.0,0.0,0.0,0.0,,elevator
Comms,C1,PL_Comms_C1.csv,586,J-48,19.6468827,108.0,5.0,0.0,0.0,0.0,0.0,,elevator
Comms,C1,PL_Comms_C1.csv,587,K-48,19.92485885,109.0,5.0,0.0,0.0,0.0,0.0,,elevator
Comms,C1,PL_Comms_C1.csv,588,L-48,20.24845673,112.0,5.0,0.0,0.0,0.0,0.0,,elevator
Comms,C1,PL_Comms_C1.csv,589,A-49,20.39607805,109.0,5.0,0.0,0.0,0.0,0.0,,elevator
Comms,C1,PL_Comms_C1.csv,590,B-49,20.22374842,112.0,5.0,0.0,0.0,0.0,0.0,,elevator
Comms,C1,PL_Comms_C1.csv,591,C-49,20.09975124,106.0,5.0,0.0,0.0,0.0,0.0,,elevator
Comms,C1,PL_Comms_C1.csv,592,D-49,20.02498439,97.0,5.0,0.0,0.0,0.0,0.0,,elevator
Comms,C1,PL_Comms_C1.csv,593,E-49,20.0,105.0,5.0,0.0,0.0,0.0,0.0,,elevator
Comms,C1,PL_Comms_C1.csv,594,F-49,20.02498439,90.0,4.0,0.0,0.0,0.0,0.0,,elevator
Comms,C1,PL_Comms_C1.csv,595,G-49,20.09975124,95.0,3.0,0.0,0.0,0.0,0.0,,elevator
Comms,C1,PL_Comms_C1.csv,596,H-49,20.22374842,97.0,3.0,0.0,0.0,0.0,0.0,,elevator
Comms,C1,PL_Comms_C1.csv,597,I-49,20.39607805,109.0,3.0,0.0,0.0,0.0,0.0,,elevator
Comms,C1,PL_Comms_C1.csv,598,J-49,20.61552813,104.0,5.0,0.0,0.0,0.0,0.0,,elevator
Comms,C1,PL_Comms_C1.csv,599,K-49,20.88061302,110.0,5.0,0.0,0.0,0.0,0.0,,elevator
Comms,C1,PL_Comms_C1.csv,600,L-49,21.1896201,112.0,5.0,0.0,0.0,0.0,0.0,,elevator
Comms,C1,PL_Comms_C1.csv,601,A-50,21.37755833,100.0,5.0,0.0,0.0,0.0,0.0,,elevator
Comms,C1,PL_Comms_C1.csv,602,B-50,21.21320344,115.0,5.0,0.0,0.0,0.0,0.0,,elevator
Comms,C1,PL_Comms_C1.csv,603,C-50,21.09502311,104.0,5.0,0.0,0.0,0.0,0.0,,elevator
Comms,C1,PL_Comms_C1.csv,604,D-50,21.02379604,110.0,5.0,0.0,0.0,0.0,0.0,,elevator
Comms,C1,PL_Comms_C1.csv,605,E-50,21.0,101.0,5.0,0.0,0.0,0.0,0.0,,elevator
Comms,C1,PL_Comms_C1.csv,606,F-50,21.02379604,94.0,4.0,0.0,0.0,0.0,0.0,,elevator
Comms,C1,PL_Comms_C1.csv,607,G-50,21.09502311,90.0,3.0,0.0,0.0,0.0,0.0,,elevator
Comms,C1,PL_Comms_C1.csv,608,H-50,21.21320344,87.0,3.0,0.0,0.0,0.0,0.0,,elevator
Comms,C1,PL_Comms_C1.csv,609,I-50,21.37755833,110.0,3.0,0.0,0.0,0.0,0.0,,elevator
Comms,C1,PL_Comms_C1.csv,610,J-50,21.58703314,107.0,4.0,0.0,0.0,0.0,0.0,,elevator
Comms,C1,PL_Comms_C1.csv,611,K-50,21.84032967,103.0,5.0,0.0,0.0,0.0,0.0,,elevator
Comms,C1,PL_Comms_C1.csv,612,A-51,22.36067977,112.0,6.0,0.0,0.0,0.0,0.0,,elevator
Comms,C1,PL_Comms_C1.csv,613,B-51,22.20360331,113.0,6.0,0.0,0.0,0.0,0.0,,elevator
Comms,C1,PL_Comms_C1.csv,614,C-51,22.09072203,115.0,6.0,0.0,0.0,0.0,0.0,,elevator
Comms,C1,PL_Comms_C1.csv,615,D-51,22.02271555,105.0,6.0,0.0,0.0,0.0,0.0,,elevator
Comms,C1,PL_Comms_C1.csv,616,E-51,22.0,115.0,6.0,0.0,0.0,0.0,0.0,,elevator
Comms,C1,PL_Comms_C1.csv,617,F-51,22.02271555,94.0,5.0,0.0,0.0,0.0,0.0,,elevator
Comms,C1,PL_Comms_C1.csv,618,G-51,22.09072203,89.0,3.0,0.0,0.0,0.0,0.0,,elevator
Comms,C1,PL_Comms_C1.csv,619,H-51,22.20360331,98.0,3.0,0.0,0.0,0.0,0.0,,elevator
Comms,C1,PL_Comms_C1.csv,620,I-51,22.36067977,103.0,4.0,0.0,0.0,0.0,0.0,,elevator
Comms,C1,PL_Comms_C1.csv,621,J-51,22.56102835,108.0,4.0,0.0,0.0,0.0,0.0,,elevator
Comms,C1,PL_Comms_C1.csv,622,K-51,22.8035085,104.0,6.0,0.0,0.0,0.0,0.0,,elevator
Comms,C1,PL_Comms_C1.csv,623,L-51,23.08679276,120.0,6.0,0.0,0.0,0.0,0.0,,elevator
Comms,C1,PL_Comms_C1.csv,624,M-51,23.40939982,105.0,7.0,0.0,0.0,0.0,0.0,,elevator
Comms,C1,PL_Comms_C1.csv,625,N-51,23.76972865,120.0,6.0,1.0,0.0,0.0,0.0,,elevator
Comms,C1,PL_Comms_C1.csv,626,O-51,24.16609195,110.0,7.0,0.0,0.0,0.0,0.0,,elevator
Comms,C1,PL_Comms_C1.csv,627,P-51,24.59674775,112.0,6.0,1.0,0.0,0.0,0.0,,elevator
Comms,C1,PL_Comms_C1.csv,628,A-52,23.34523506,105.0,6.0,0.0,0.0,0.0,0.0,,elevator
Comms,C1,PL_Comms_C1.csv,629,B-52,23.19482701,108.0,6.0,0.0,0.0,0.0,0.0,,elevator
Comms,C1,PL_Comms_C1.csv,630,C-52,23.08679276,116.0,6.0,0.0,0.0,0.0,0.0,,elevator
Comms,C1,PL_Comms_C1.csv,631,D-52,23.02172887,108.0,6.0,0.0,0.0,0.0,0.0,,elevator
Comms,C1,PL_Comms_C1.csv,632,E-52,23.0,100.0,6.0,0.0,0.0,0.0,0.0,,elevator
Comms,C1,PL_Comms_C1.csv,633,F-52,23.02172887,89.0,5.0,0.0,0.0,0.0,0.0,,elevator
Comms,C1,PL_Comms_C1.csv,634,G-52,23.08679276,90.0,3.0,0.0,0.0,0.0,0.0,,elevator
Comms,C1,PL_Comms_C1.csv,635,H-52,23.19482701,115.0,3.0,0.0,0.0,0.0,0.0,,elevator
Comms,C1,PL_Comms_C1.csv,636,I-52,23.34523506,113.0,4.0,0.0,0.0,0.0,0.0,,elevator
Comms,C1,PL_Comms_C1.csv,637,J-52,23.53720459,107.0,3.0,1.0,0.0,0.0,0.0,,elevator
Comms,C1,PL_Comms_C1.csv,638,K-52,23.76972865,121.0,6.0,0.0,0.0,0.0,0.0,,elevator
Comms,C1,PL_Comms_C1.csv,639,L-52,24.04163056,112.0,6.0,0.0,0.0,0.0,0.0,,elevator
Comms,C1,PL_Comms_C1.csv,640,M-52,24.35159132,108.0,7.0,0.0,0.0,0.0,0.0,,elevator
Comms,C1,PL_Comms_C1.csv,641,N-52,24.69817807,113.0,7.0,0.0,0.0,0.0,0.0,,elevator
Comms,C1,PL_Comms_C1.csv,642,O-52,25.07987241,109.0,7.0,1.0,0.0,0.0,0.0,,elevator
Comms,C1,PL_Comms_C1.csv,643,P-52,25.49509757,106.0,6.0,1.0,0.0,0.0,0.0,,elevator
Comms,C1,PL_Comms_C1.csv,644,A-53,24.33105012,108.0,6.0,0.0,0.0,0.0,0.0,,elevator
Comms,C1,PL_Comms_C1.csv,645,B-53,24.18677324,119.0,6.0,0.0,0.0,0.0,0.0,,elevator
Comms,C1,PL_Comms_C1.csv,646,C-53,24.08318916,109.0,6.0,0.0,0.0,0.0,0.0,,elevator
Comms,C1,PL_Comms_C1.csv,647,D-53,24.0208243,110.0,6.0,0.0,0.0,0.0,0.0,,elevator
Comms,C1,PL_Comms_C1.csv,648,E-53,24.0,114.0,6.0,0.0,0.0,0.0,0.0,,elevator
Comms,C1,PL_Comms_C1.csv,649,F-53,24.0208243,92.0,5.0,0.0,0.0,0.0,0.0,,elevator
Comms,C1,PL_Comms_C1.csv,650,G-53,24.08318916,92.0,3.0,0.0,0.0,0.0,0.0,,elevator
Comms,C1,PL_Comms_C1.csv,651,H-53,24.18677324,96.0,3.0,0.0,0.0,0.0,0.0,,elevator
Comms,C1,PL_Comms_C1.csv,652,I-53,24.33105012,100.0,4.0,0.0,0.0,0.0,0.0,,elevator
Comms,C1,PL_Comms_C1.csv,653,J-53,24.51530134,109.0,4.0,0.0,0.0,0.0,0.0,,elevator
Comms,C1,PL_Comms_C1.csv,654,K-53,24.73863375,113.0,6.0,0.0,0.0,0.0,0.0,,elevator
Comms,C1,PL_Comms_C1.csv,655,L-53,25.0,108.0,6.0,0.0,0.0,0.0,0.0,,elevator
Comms,C1,PL_Comms_C1.csv,656,M-53,25.29822128,105.0,6.0,0.0,0.0,0.0,0.0,,elevator
Comms,C1,PL_Comms_C1.csv,657,N-53,25.63201124,108.0,6.0,1.0,0.0,0.0,0.0,,elevator
Comms,C1,PL_Comms_C1.csv,658,O-53,26.0,112.0,7.0,1.0,0.0,0.0,0.0,,elevator
Comms,C1,PL_Comms_C1.csv,659,P-53,26.40075756,123.0,7.0,0.0,0.0,0.0,0.0,,elevator
Comms,C1,PL_Comms_C1.csv,660,A-54,25.3179778,114.0,7.0,0.0,0.0,0.0,0.0,,elevator
Comms,C1,PL_Comms_C1.csv,661,C-54,25.07987241,113.0,7.0,0.0,0.0,0.0,0.0,,elevator
Comms,C1,PL_Comms_C1.csv,662,D-54,25.01999201,104.0,7.0,0.0,0.0,0.0,0.0,,elevator
Comms,C1,PL_Comms_C1.csv,663,E-54,25.0,106.0,7.0,0.0,0.0,0.0,0.0,,elevator
Comms,C1,PL_Comms_C1.csv,664,F-54,25.01999201,92.0,5.0,0.0,0.0,0.0,0.0,,elevator
Comms,C1,PL_Comms_C1.csv,665,G-54,25.07987241,96.0,4.0,0.0,0.0,0.0,0.0,,elevator
Comms,C1,PL_Comms_C1.csv,666,H-54,25.17935662,95.0,3.0,0.0,0.0,0.0,0.0,,elevator
Comms,C1,PL_Comms_C1.csv,667,I-54,25.3179778,104.0,4.0,0.0,0.0,0.0,0.0,,elevator
Comms,C1,PL_Comms_C1.csv,668,J-54,25.49509757,103.0,4.0,0.0,0.0,0.0,0.0,,elevator
Comms,C1,PL_Comms_C1.csv,669,K-54,25.70992026,108.0,5.0,0.0,0.0,0.0,0.0,,elevator
Comms,C1,PL_Comms_C1.csv,670,L-54,25.96150997,114.0,6.0,0.0,0.0,0.0,0.0,,elevator
Comms,C1,PL_Comms_C1.csv,671,M-54,26.2488095,118.0,6.0,0.0,0.0,0.0,0.0,,elevator
Comms,C1,PL_Comms_C1.csv,672,N-54,26.57066051,111.0,7.0,0.0,0.0,0.0,0.0,,elevator
Comms,C1,PL_Comms_C1.csv,673,O-54,26.92582404,111.0,6.0,0.0,0.0,0.0,0.0,,elevator
Comms,C1,PL_Comms_C1.csv,674,A-55,26.30589288,117.0,7.0,0.0,0.0,0.0,0.0,,elevator
Comms,C1,PL_Comms_C1.csv,675,B-55,26.17250466,116.0,7.0,0.0,0.0,0.0,0.0,,elevator
Comms,C1,PL_Comms_C1.csv,676,C-55,26.07680962,112.0,7.0,0.0,0.0,0.0,0.0,,elevator
Comms,C1,PL_Comms_C1.csv,677,D-55,26.01922366,117.0,7.0,0.0,0.0,0.0,0.0,,elevator
Comms,C1,PL_Comms_C1.csv,678,E-55,26.0,106.0,7.0,0.0,0.0,0.0,0.0,,elevator
Comms,C1,PL_Comms_C1.csv,679,F-55,26.01922366,90.0,5.0,0.0,0.0,0.0,0.0,,elevator
Comms,C1,PL_Comms_C1.csv,680,G-55,26.07680962,88.0,4.0,0.0,0.0,0.0,0.0,,elevator
Comms,C1,PL_Comms_C1.csv,681,H-55,26.17250466,98.0,3.0,0.0,0.0,0.0,0.0,,elevator
Comms,C1,PL_Comms_C1.csv,682,I-55,26.30589288,107.0,4.0,0.0,0.0,0.0,0.0,,elevator
Comms,C1,PL_Comms_C1.csv,683,J-55,26.47640459,104.0,4.0,0.0,0.0,0.0,0.0,,elevator
Comms,C1,PL_Comms_C1.csv,684,K-55,26.68332813,101.0,3.0,0.0,0.0,0.0,0.0,,elevator
Comms,C1,PL_Comms_C1.csv,685,N-55,27.51363298,110.0,7.0,0.0,0.0,0.0,0.0,,elevator
Comms,C1,PL_Comms_C1.csv,686,O-55,27.85677655,103.0,6.0,1.0,0.0,0.0,0.0,,elevator
Comms,C1,PL_Comms_C1.csv,687,P-55,28.23118843,114.0,7.0,1.0,0.0,0.0,0.0,,elevator
Comms,C1,PL_Comms_C1.csv,688,A-56,27.29468813,116.0,7.0,0.0,0.0,0.0,0.0,,elevator
Comms,C1,PL_Comms_C1.csv,689,B-56,27.16615541,116.0,7.0,0.0,0.0,0.0,0.0,,elevator
Comms,C1,PL_Comms_C1.csv,690,C-56,27.07397274,118.0,7.0,0.0,0.0,0.0,0.0,,elevator
Comms,C1,PL_Comms_C1.csv,691,D-56,27.01851217,109.0,7.0,0.0,0.0,0.0,0.0,,elevator
Comms,C1,PL_Comms_C1.csv,692,E-56,27.0,107.0,7.0,0.0,0.0,0.0,0.0,,elevator
Comms,C1,PL_Comms_C1.csv,693,F-56,27.01851217,91.0,5.0,0.0,0.0,0.0,0.0,,elevator
Comms,C1,PL_Comms_C1.csv,694,G-56,27.07397274,98.0,4.0,0.0,0.0,0.0,0.0,,elevator
Comms,C1,PL_Comms_C1.csv,695,H-56,27.16615541,91.0,3.0,0.0,0.0,0.0,0.0,,elevator
Comms,C1,PL_Comms_C1.csv,696,I-56,27.29468813,109.0,4.0,0.0,0.0,0.0,0.0,,elevator
Comms,C1,PL_Comms_C1.csv,697,J-56,27.45906044,115.0,4.0,0.0,0.0,0.0,0.0,,elevator
Comms,C1,PL_Comms_C1.csv,698,K-56,27.65863337,103.0,3.0,1.0,0.0,0.0,0.0,,elevator
Comms,C1,PL_Comms_C1.csv,699,N-56,28.46049894,115.0,6.0,0.0,0.0,0.0,0.0,,elevator
Comms,C1,PL_Comms_C1.csv,700,O-56,28.7923601,111.0,7.0,0.0,0.0,0.0,0.0,,elevator
Comms,C1,PL_Comms_C1.csv,701,P-56,29.15475947,119.0,7.0,0.0,0.0,0.0,0.0,,elevator
Comms,C1,PL_Comms_C1.csv,702,A-57,28.28427125,120.0,7.0,0.0,0.0,0.0,0.0,,elevator
Comms,C1,PL_Comms_C1.csv,703,B-57,28.16025568,118.0,7.0,0.0,0.0,0.0,0.0,,elevator
Comms,C1,PL_Comms_C1.csv,704,C-57,28.0713377,110.0,7.0,0.0,0.0,0.0,0.0,,elevator
Comms,C1,PL_Comms_C1.csv,705,D-57,28.01785145,114.0,7.0,0.0,0.0,0.0,0.0,,elevator
Comms,C1,PL_Comms_C1.csv,706,E-57,28.0,109.0,7.0,0.0,0.0,0.0,0.0,,elevator
Comms,C1,PL_Comms_C1.csv,707,F-57,28.01785145,96.0,6.0,0.0,0.0,0.0,0.0,,elevator
Comms,C1,PL_Comms_C1.csv,708,G-57,28.0713377,96.0,4.0,0.0,0.0,0.0,0.0,,elevator
Comms,C1,PL_Comms_C1.csv,709,H-57,28.16025568,99.0,3.0,0.0,0.0,0.0,0.0,,elevator
Comms,C1,PL_Comms_C1.csv,710,I-57,28.28427125,104.0,4.0,0.0,0.0,0.0,0.0,,elevator
Comms,C1,PL_Comms_C1.csv,711,J-57,28.44292531,113.0,4.0,0.0,0.0,0.0,0.0,,elevator
Comms,C1,PL_Comms_C1.csv,712,K-57,28.63564213,109.0,4.0,0.0,0.0,0.0,0.0,,elevator
Comms,C1,PL_Comms_C1.csv,713,L-57,28.86173938,106.0,5.0,0.0,0.0,0.0,0.0,,elevator
Comms,C1,PL_Comms_C1.csv,714,M-57,29.12043956,104.0,5.0,0.0,0.0,0.0,0.0,,elevator
Comms,C1,PL_Comms_C1.csv,715,N-57,29.41088234,114.0,6.0,0.0,0.0,0.0,0.0,,elevator
Comms,C1,PL_Comms_C1.csv,716,O-57,29.73213749,115.0,7.0,0.0,0.0,0.0,0.0,,elevator
Comms,C1,PL_Comms_C1.csv,717,P-57,30.08321791,107.0,7.0,0.0,0.0,0.0,0.0,,elevator
Comms,C2,PL_Comms_C2.csv,0,E-1,28.02634876,121.0,6.0,2.0,0.0,0.0,0.0,,elevator
Comms,C2,PL_Comms_C2.csv,1,G-1,28.09761956,110.0,3.0,1.0,1.0,0.0,0.0,,elevator
Comms,C2,PL_Comms_C2.csv,2,H-1,28.18645464,105.0,3.0,0.0,1.0,0.0,0.0,,elevator
Comms,C2,PL_Comms_C2.csv,3,I-1,28.31035544,106.0,2.0,0.0,1.0,0.0,0.0,,elevator
Comms,C2,PL_Comms_C2.csv,4,J-1,28.46886413,104.0,3.0,0.0,1.0,0.0,0.0,,elevator
Comms,C2,PL_Comms_C2.csv,5,K-1,28.66140654,102.0,3.0,0.0,0.0,0.0,0.0,,elevator
Comms,C2,PL_Comms_C2.csv,6,E-2,27.02732367,117.0,6.0,2.0,0.0,0.0,0.0,,elevator
Comms,C2,PL_Comms_C2.csv,7,G-2,27.10122184,98.0,3.0,0.0,1.0,0.0,0.0,,elevator
Comms,C2,PL_Comms_C2.csv,8,H-2,27.19331214,110.0,2.0,0.0,1.0,0.0,0.0,,elevator
Comms,C2,PL_Comms_C2.csv,9,I-2,27.32171709,106.0,2.0,0.0,1.0,0.0,0.0,,elevator
Comms,C2,PL_Comms_C2.csv,10,J-2,27.48592776,108.0,4.0,0.0,1.0,0.0,0.0,,elevator
Comms,C2,PL_Comms_C2.csv,11,K-2,27.68530702,102.0,4.0,0.0,1.0,0.0,0.0,,elevator
Comms,C2,PL_Comms_C2.csv,12,A-3,26.33393675,122.0,6.0,2.0,0.0,0.0,0.0,,elevator
Comms,C2,PL_Comms_C2.csv,13,E-3,26.02837346,110.0,6.0,2.0,0.0,0.0,0.0,,elevator
Comms,C2,PL_Comms_C2.csv,14,F-3,26.04757618,110.0,5.0,0.0,0.0,0.0,0.0,,elevator
Comms,C2,PL_Comms_C2.csv,15,G-3,26.1050996,89.0,3.0,0.0,1.0,0.0,0.0,,elevator
Comms,C2,PL_Comms_C2.csv,16,H-3,26.20069131,104.0,2.0,1.0,1.0,0.0,0.0,,elevator
Comms,C2,PL_Comms_C2.csv,17,I-3,26.33393675,100.0,2.0,0.0,1.0,0.0,0.0,,elevator
Comms,C2,PL_Comms_C2.csv,18,J-3,26.50426805,108.0,4.0,0.0,0.0,0.0,0.0,,elevator
Comms,C2,PL_Comms_C2.csv,19,K-3,26.71097574,106.0,4.0,0.0,1.0,0.0,0.0,,elevator
Comms,C2,PL_Comms_C2.csv,20,A-4,25.34711473,115.0,6.0,2.0,0.0,0.0,0.0,,elevator
Comms,C2,PL_Comms_C2.csv,21,E-4,25.02950709,108.0,6.0,2.0,0.0,0.0,0.0,,elevator
Comms,C2,PL_Comms_C2.csv,22,F-4,25.04947554,87.0,4.0,2.0,0.0,0.0,0.0,,elevator
Comms,C2,PL_Comms_C2.csv,23,G-4,25.10928563,92.0,3.0,1.0,1.0,0.0,0.0,,elevator
Comms,C2,PL_Comms_C2.csv,24,H-4,25.20865377,105.0,1.0,1.0,1.0,0.0,0.0,,elevator
Comms,C2,PL_Comms_C2.csv,25,I-4,25.34711473,95.0,2.0,0.0,1.0,0.0,0.0,,elevator
Comms,C2,PL_Comms_C2.csv,26,J-4,25.5240323,99.0,4.0,0.0,0.0,0.0,0.0,,elevator
Comms,C2,PL_Comms_C2.csv,27,K-4,25.7386135,111.0,5.0,1.0,0.0,0.0,0.0,,elevator
Comms,C2,PL_Comms_C2.csv,28,A-5,24.36136747,111.0,6.0,2.0,0.0,0.0,0.0,,elevator
Comms,C2,PL_Comms_C2.csv,29,B-5,24.21727121,113.0,6.0,2.0,0.0,0.0,0.0,,elevator
Comms,C2,PL_Comms_C2.csv,30,C-5,24.11381813,107.0,6.0,2.0,0.0,0.0,0.0,,elevator
Comms,C2,PL_Comms_C2.csv,31,D-5,24.0515327,116.0,6.0,2.0,0.0,0.0,0.0,,elevator
Comms,C2,PL_Comms_C2.csv,32,E-5,24.03073501,107.0,6.0,2.0,0.0,0.0,0.0,,elevator
Comms,C2,PL_Comms_C2.csv,33,F-5,24.0515327,94.0,5.0,2.0,0.0,0.0,0.0,,elevator
Comms,C2,PL_Comms_C2.csv,34,G-5,24.11381813,90.0,3.0,1.0,0.0,0.0,0.0,,elevator
Comms,C2,PL_Comms_C2.csv,35,H-5,24.21727121,96.0,3.0,1.0,0.0,0.0,0.0,,elevator
Comms,C2,PL_Comms_C2.csv,36,I-5,24.36136747,108.0,3.0,0.0,0.0,0.0,0.0,,elevator
Comms,C2,PL_Comms_C2.csv,37,J-5,24.54539112,103.0,4.0,0.0,0.0,0.0,0.0,,elevator
Comms,C2,PL_Comms_C2.csv,38,A-6,23.37683094,113.0,6.0,2.0,0.0,0.0,0.0,,elevator
Comms,C2,PL_Comms_C2.csv,39,B-6,23.2266275,118.0,6.0,2.0,0.0,0.0,0.0,,elevator
Comms,C2,PL_Comms_C2.csv,40,C-6,23.11874186,113.0,6.0,2.0,0.0,0.0,0.0,,elevator
Comms,C2,PL_Comms_C2.csv,41,E-6,23.03206949,109.0,6.0,2.0,0.0,0.0,0.0,,elevator
Comms,C2,PL_Comms_C2.csv,42,F-6,23.05376813,87.0,4.0,2.0,0.0,0.0,0.0,,elevator
Comms,C2,PL_Comms_C2.csv,43,G-6,23.11874186,91.0,3.0,1.0,0.0,0.0,0.0,,elevator
Comms,C2,PL_Comms_C2.csv,44,H-6,23.2266275,93.0,2.0,1.0,0.0,0.0,0.0,,elevator
Comms,C2,PL_Comms_C2.csv,45,I-6,23.37683094,100.0,2.0,0.0,0.0,0.0,0.0,,elevator
Comms,C2,PL_Comms_C2.csv,46,J-6,23.56854312,108.0,4.0,0.0,0.0,0.0,0.0,,elevator
Comms,C2,PL_Comms_C2.csv,47,A-7,22.39366484,115.0,5.0,2.0,0.0,0.0,0.0,,elevator
Comms,C2,PL_Comms_C2.csv,48,B-7,22.23682138,122.0,5.0,2.0,0.0,0.0,0.0,,elevator
Comms,C2,PL_Comms_C2.csv,49,C-7,22.12410959,110.0,5.0,2.0,0.0,0.0,0.0,,elevator
Comms,C2,PL_Comms_C2.csv,50,D-7,22.05620604,108.0,5.0,2.0,0.0,0.0,0.0,,elevator
Comms,C2,PL_Comms_C2.csv,51,F-7,22.05620604,83.0,4.0,2.0,0.0,0.0,0.0,,elevator
Comms,C2,PL_Comms_C2.csv,52,G-7,22.12410959,92.0,3.0,2.0,0.0,0.0,0.0,,elevator
Comms,C2,PL_Comms_C2.csv,53,H-7,22.23682138,95.0,2.0,1.0,0.0,0.0,0.0,,elevator
Comms,C2,PL_Comms_C2.csv,54,I-7,22.39366484,92.0,4.0,0.0,0.0,0.0,0.0,,elevator
Comms,C2,PL_Comms_C2.csv,55,A-8,21.41205793,118.0,5.0,2.0,0.0,0.0,0.0,,elevator
Comms,C2,PL_Comms_C2.csv,56,B-8,21.2479699,120.0,5.0,2.0,0.0,0.0,0.0,,elevator
Comms,C2,PL_Comms_C2.csv,57,C-8,21.12998403,110.0,5.0,2.0,0.0,0.0,0.0,,elevator
Comms,C2,PL_Comms_C2.csv,58,D-8,21.05887521,113.0,5.0,2.0,0.0,0.0,0.0,,elevator
Comms,C2,PL_Comms_C2.csv,59,E-8,21.03511885,103.0,5.0,2.0,0.0,0.0,0.0,,elevator
Comms,C2,PL_Comms_C2.csv,60,F-8,21.05887521,91.0,4.0,2.0,0.0,0.0,0.0,,elevator
Comms,C2,PL_Comms_C2.csv,61,G-8,21.12998403,89.0,3.0,0.0,0.0,0.0,0.0,,elevator
Comms,C2,PL_Comms_C2.csv,62,H-8,21.2479699,93.0,2.0,1.0,0.0,0.0,0.0,,elevator
Comms,C2,PL_Comms_C2.csv,63,I-8,21.41205793,112.0,4.0,0.0,0.0,0.0,0.0,,elevator
Comms,C2,PL_Comms_C2.csv,64,J-8,21.62119851,115.0,4.0,0.0,0.0,0.0,0.0,,elevator
Comms,C2,PL_Comms_C2.csv,65,F-9,20.06181011,90.0,4.0,2.0,0.0,0.0,0.0,,elevator
Comms,C2,PL_Comms_C2.csv,66,G-9,20.13644023,95.0,3.0,0.0,0.0,0.0,0.0,,elevator
Comms,C2,PL_Comms_C2.csv,67,H-9,20.26021286,94.0,2.0,0.0,0.0,0.0,0.0,,elevator
Comms,C2,PL_Comms_C2.csv,68,A-10,19.45446543,113.0,4.0,2.0,0.0,0.0,0.0,,elevator
Comms,C2,PL_Comms_C2.csv,69,B-10,19.2737185,106.0,4.0,2.0,0.0,0.0,0.0,,elevator
Comms,C2,PL_Comms_C2.csv,70,C-10,19.14356876,110.0,4.0,2.0,0.0,0.0,0.0,,elevator
Comms,C2,PL_Comms_C2.csv,71,D-10,19.06505245,115.0,4.0,2.0,0.0,0.0,0.0,,elevator
Comms,C2,PL_Comms_C2.csv,72,E-10,19.03880839,113.0,4.0,2.0,0.0,0.0,0.0,,elevator
Comms,C2,PL_Comms_C2.csv,73,F-10,19.06505245,86.0,4.0,2.0,0.0,0.0,0.0,,elevator
Comms,C2,PL_Comms_C2.csv,74,G-10,19.14356876,90.0,3.0,0.0,0.0,0.0,0.0,,elevator
Comms,C2,PL_Comms_C2.csv,75,H-10,19.2737185,98.0,2.0,1.0,0.0,0.0,0.0,,elevator
Comms,C2,PL_Comms_C2.csv,76,J-10,19.68441579,111.0,3.0,0.0,0.0,0.0,0.0,,elevator
Comms,C2,PL_Comms_C2.csv,77,K-10,19.96186928,110.0,3.0,1.0,0.0,0.0,0.0,,elevator
Comms,C2,PL_Comms_C2.csv,78,L-10,20.28487676,117.0,3.0,0.0,0.0,0.0,0.0,,elevator
Comms,C2,PL_Comms_C2.csv,79,M-10,20.65130081,118.0,3.0,0.0,0.0,0.0,0.0,,elevator
Comms,C2,PL_Comms_C2.csv,80,N-10,21.05887521,114.0,3.0,0.0,0.0,0.0,0.0,,elevator
Comms,C2,PL_Comms_C2.csv,81,O-10,21.5052604,118.0,3.0,2.0,0.0,0.0,0.0,,elevator
Comms,C2,PL_Comms_C2.csv,82,A-11,18.47907533,112.0,4.0,2.0,0.0,0.0,0.0,,elevator
Comms,C2,PL_Comms_C2.csv,83,B-11,18.28869118,111.0,4.0,2.0,0.0,0.0,0.0,,elevator
Comms,C2,PL_Comms_C2.csv,84,C-11,18.15147997,109.0,4.0,2.0,0.0,0.0,0.0,,elevator
Comms,C2,PL_Comms_C2.csv,85,D-11,18.0686531,114.0,4.0,2.0,0.0,0.0,0.0,,elevator
Comms,C2,PL_Comms_C2.csv,86,E-11,18.04095965,107.0,4.0,2.0,0.0,0.0,0.0,,elevator
Comms,C2,PL_Comms_C2.csv,87,F-11,18.0686531,85.0,4.0,2.0,0.0,0.0,0.0,,elevator
Comms,C2,PL_Comms_C2.csv,88,G-11,18.15147997,96.0,2.0,1.0,0.0,0.0,0.0,,elevator
Comms,C2,PL_Comms_C2.csv,89,H-11,18.28869118,88.0,2.0,0.0,0.0,0.0,0.0,,elevator
Comms,C2,PL_Comms_C2.csv,90,J-11,18.72101026,103.0,3.0,0.0,0.0,0.0,0.0,,elevator
Comms,C2,PL_Comms_C2.csv,91,K-11,19.01252811,111.0,3.0,0.0,0.0,0.0,0.0,,elevator
Comms,C2,PL_Comms_C2.csv,92,L-11,19.35138819,113.0,3.0,0.0,0.0,0.0,0.0,,elevator
Comms,C2,PL_Comms_C2.csv,93,M-11,19.73515201,114.0,3.0,0.0,0.0,0.0,0.0,,elevator
Comms,C2,PL_Comms_C2.csv,94,N-11,20.16125554,116.0,3.0,0.0,0.0,0.0,0.0,,elevator
Comms,C2,PL_Comms_C2.csv,95,O-11,20.62707505,122.0,3.0,2.0,0.0,0.0,0.0,,elevator
Comms,C2,PL_Comms_C2.csv,96,A-12,17.50646238,116.0,4.0,2.0,0.0,0.0,0.0,,elevator
Comms,C2,PL_Comms_C2.csv,97,B-12,17.30538139,117.0,4.0,2.0,0.0,0.0,0.0,,elevator
Comms,C2,PL_Comms_C2.csv,98,D-12,17.07267481,105.0,4.0,2.0,0.0,0.0,0.0,,elevator
Comms,C2,PL_Comms_C2.csv,99,E-12,17.04336308,100.0,4.0,2.0,0.0,0.0,0.0,,elevator
Comms,C2,PL_Comms_C2.csv,100,F-12,17.07267481,96.0,4.0,2.0,0.0,0.0,0.0,,elevator
Comms,C2,PL_Comms_C2.csv,101,G-12,17.16030958,85.0,2.0,1.0,0.0,0.0,0.0,,elevator
Comms,C2,PL_Comms_C2.csv,102,H-12,17.30538139,90.0,2.0,0.0,0.0,0.0,0.0,,elevator
Comms,C2,PL_Comms_C2.csv,103,J-12,17.7616504,107.0,3.0,0.0,1.0,0.0,0.0,,elevator
Comms,C2,PL_Comms_C2.csv,104,K-12,18.0686531,115.0,3.0,0.0,0.0,0.0,0.0,,elevator
Comms,C2,PL_Comms_C2.csv,105,M-12,18.82753901,120.0,3.0,0.0,0.0,0.0,0.0,,elevator
Comms,C2,PL_Comms_C2.csv,106,N-12,19.2737185,122.0,3.0,2.0,0.0,0.0,0.0,,elevator
Comms,C2,PL_Comms_C2.csv,107,O-12,19.76047127,123.0,3.0,2.0,0.0,0.0,0.0,,elevator
Comms,C2,PL_Comms_C2.csv,108,A-13,16.53711659,102.0,3.0,1.0,0.0,0.0,0.0,,elevator
Comms,C2,PL_Comms_C2.csv,109,B-13,16.32409952,99.0,3.0,1.0,0.0,0.0,0.0,,elevator
Comms,C2,PL_Comms_C2.csv,110,C-13,16.1702265,103.0,3.0,1.0,0.0,0.0,0.0,,elevator
Comms,C2,PL_Comms_C2.csv,111,D-13,16.07719581,93.0,3.0,1.0,0.0,0.0,0.0,,elevator
Comms,C2,PL_Comms_C2.csv,112,E-13,16.04606572,101.0,3.0,1.0,0.0,0.0,0.0,,elevator
Comms,C2,PL_Comms_C2.csv,113,F-13,16.07719581,83.0,3.0,1.0,0.0,0.0,0.0,,elevator
Comms,C2,PL_Comms_C2.csv,114,G-13,16.1702265,93.0,2.0,1.0,0.0,0.0,0.0,,elevator
Comms,C2,PL_Comms_C2.csv,115,H-13,16.32409952,89.0,2.0,0.0,0.0,0.0,0.0,,elevator
Comms,C2,PL_Comms_C2.csv,116,J-13,16.80702904,107.0,3.0,1.0,0.0,0.0,0.0,,elevator
Comms,C2,PL_Comms_C2.csv,117,K-13,17.1311478,113.0,3.0,0.0,0.0,0.0,0.0,,elevator
Comms,C2,PL_Comms_C2.csv,118,L-13,17.50646238,116.0,3.0,0.0,0.0,0.0,0.0,,elevator
Comms,C2,PL_Comms_C2.csv,119,M-13,17.92975809,120.0,3.0,2.0,0.0,0.0,0.0,,elevator
Comms,C2,PL_Comms_C2.csv,120,A-14,15.57164811,96.0,3.0,1.0,0.0,0.0,0.0,,elevator
Comms,C2,PL_Comms_C2.csv,121,B-14,15.3452346,100.0,3.0,1.0,0.0,0.0,0.0,,elevator
Comms,C2,PL_Comms_C2.csv,122,C-14,15.18144344,98.0,3.0,1.0,0.0,0.0,0.0,,elevator
Comms,C2,PL_Comms_C2.csv,123,D-14,15.08231497,95.0,3.0,1.0,0.0,0.0,0.0,,elevator
Comms,C2,PL_Comms_C2.csv,124,E-14,15.04912705,106.0,3.0,1.0,0.0,0.0,0.0,,elevator
Comms,C2,PL_Comms_C2.csv,125,F-14,15.08231497,90.0,3.0,1.0,0.0,0.0,0.0,,elevator
Comms,C2,PL_Comms_C2.csv,126,G-14,15.18144344,98.0,1.0,1.0,0.0,0.0,0.0,,elevator
Comms,C2,PL_Comms_C2.csv,127,H-14,15.3452346,92.0,2.0,0.0,0.0,0.0,0.0,,elevator
Comms,C2,PL_Comms_C2.csv,128,I-14,15.57164811,94.0,3.0,1.0,0.0,0.0,0.0,,elevator
Comms,C2,PL_Comms_C2.csv,129,L-14,16.59747646,114.0,3.0,0.0,0.0,0.0,0.0,,elevator
Comms,C2,PL_Comms_C2.csv,130,A-15,14.61082561,98.0,3.0,1.0,0.0,0.0,0.0,,elevator
Comms,C2,PL_Comms_C2.csv,131,B-15,14.3692806,93.0,3.0,1.0,0.0,0.0,0.0,,elevator
Comms,C2,PL_Comms_C2.csv,132,C-15,14.1942321,96.0,3.0,1.0,0.0,0.0,0.0,,elevator
Comms,C2,PL_Comms_C2.csv,133,D-15,14.08815904,107.0,3.0,1.0,0.0,0.0,0.0,,elevator
Comms,C2,PL_Comms_C2.csv,134,E-15,14.05262342,108.0,3.0,1.0,0.0,0.0,0.0,,elevator
Comms,C2,PL_Comms_C2.csv,135,F-15,14.08815904,86.0,3.0,0.0,0.0,0.0,0.0,,elevator
Comms,C2,PL_Comms_C2.csv,136,G-15,14.1942321,83.0,2.0,0.0,0.0,0.0,0.0,,elevator
Comms,C2,PL_Comms_C2.csv,137,H-15,14.3692806,83.0,2.0,0.0,0.0,0.0,0.0,,elevator
Comms,C2,PL_Comms_C2.csv,138,I-15,14.61082561,108.0,3.0,0.0,0.0,0.0,0.0,,elevator
Comms,C2,PL_Comms_C2.csv,139,J-15,14.91563693,102.0,3.0,0.0,0.0,0.0,0.0,,elevator
Comms,C2,PL_Comms_C2.csv,140,L-15,15.6995613,105.0,3.0,0.0,0.0,0.0,0.0,,elevator
Comms,C2,PL_Comms_C2.csv,141,A-16,13.65562979,103.0,3.0,1.0,0.0,0.0,0.0,,elevator
Comms,C2,PL_Comms_C2.csv,142,B-16,13.3968737,91.0,3.0,1.0,0.0,0.0,0.0,,elevator
Comms,C2,PL_Comms_C2.csv,143,C-16,13.20894489,99.0,3.0,1.0,0.0,0.0,0.0,,elevator
Comms,C2,PL_Comms_C2.csv,144,D-16,13.09489309,92.0,3.0,1.0,0.0,0.0,0.0,,elevator
Comms,C2,PL_Comms_C2.csv,145,E-16,13.05665443,94.0,3.0,1.0,0.0,0.0,0.0,,elevator
Comms,C2,PL_Comms_C2.csv,146,F-16,13.09489309,92.0,3.0,0.0,0.0,0.0,0.0,,elevator
Comms,C2,PL_Comms_C2.csv,147,G-16,13.20894489,92.0,2.0,0.0,0.0,0.0,0.0,,elevator
Comms,C2,PL_Comms_C2.csv,148,H-16,13.3968737,85.0,2.0,0.0,0.0,0.0,0.0,,elevator
Comms,C2,PL_Comms_C2.csv,149,I-16,13.65562979,101.0,3.0,0.0,0.0,0.0,0.0,,elevator
Comms,C2,PL_Comms_C2.csv,150,J-16,13.98128124,100.0,3.0,0.0,0.0,0.0,0.0,,elevator
Comms,C2,PL_Comms_C2.csv,151,A-17,12.70732958,103.0,3.0,1.0,0.0,0.0,0.0,,elevator
Comms,C2,PL_Comms_C2.csv,152,B-17,12.42884649,99.0,3.0,1.0,0.0,0.0,0.0,,elevator
Comms,C2,PL_Comms_C2.csv,153,C-17,12.22604699,100.0,3.0,1.0,0.0,0.0,0.0,,elevator
Comms,C2,PL_Comms_C2.csv,154,D-17,12.10273626,97.0,3.0,1.0,0.0,0.0,0.0,,elevator
Comms,C2,PL_Comms_C2.csv,155,E-17,12.06135254,96.0,3.0,1.0,0.0,0.0,0.0,,elevator
Comms,C2,PL_Comms_C2.csv,156,F-17,12.10273626,83.0,3.0,0.0,0.0,0.0,0.0,,elevator
Comms,C2,PL_Comms_C2.csv,157,G-17,12.22604699,93.0,2.0,0.0,0.0,0.0,0.0,,elevator
Comms,C2,PL_Comms_C2.csv,158,H-17,12.42884649,84.0,2.0,0.0,0.0,0.0,0.0,,elevator
Comms,C2,PL_Comms_C2.csv,159,J-17,13.05665443,91.0,2.0,0.0,0.0,0.0,0.0,,elevator
Comms,C2,PL_Comms_C2.csv,160,K-17,13.47131118,94.0,2.0,0.0,0.0,0.0,0.0,,elevator
Comms,C2,PL_Comms_C2.csv,161,M-17,14.47329351,91.0,1.0,1.0,0.0,0.0,0.0,,elevator
Comms,C2,PL_Comms_C2.csv,162,N-17,15.04912705,93.0,1.0,1.0,0.0,0.0,0.0,,elevator
Comms,C2,PL_Comms_C2.csv,163,O-17,15.66768091,93.0,1.0,1.0,0.0,0.0,0.0,,elevator
Comms,C2,PL_Comms_C2.csv,164,P-17,16.32409952,94.0,2.0,0.0,0.0,0.0,0.0,,elevator
Comms,C2,PL_Comms_C2.csv,165,A-18,11.76759215,96.0,3.0,1.0,0.0,0.0,0.0,,elevator
Comms,C2,PL_Comms_C2.csv,166,B-18,11.46630826,91.0,3.0,1.0,0.0,0.0,0.0,,elevator
Comms,C2,PL_Comms_C2.csv,167,C-18,11.2461649,89.0,3.0,1.0,0.0,0.0,0.0,,elevator
Comms,C2,PL_Comms_C2.csv,168,D-18,11.11198565,89.0,3.0,1.0,0.0,0.0,0.0,,elevator
Comms,C2,PL_Comms_C2.csv,169,E-18,11.06689771,95.0,3.0,1.0,0.0,0.0,0.0,,elevator
Comms,C2,PL_Comms_C2.csv,170,F-18,11.11198565,88.0,3.0,0.0,0.0,0.0,0.0,,elevator
Comms,C2,PL_Comms_C2.csv,171,G-18,11.2461649,90.0,2.0,0.0,0.0,0.0,0.0,,elevator
Comms,C2,PL_Comms_C2.csv,172,H-18,11.46630826,80.0,2.0,0.0,0.0,0.0,0.0,,elevator
Comms,C2,PL_Comms_C2.csv,173,J-18,12.14397896,89.0,2.0,0.0,0.0,0.0,0.0,,elevator
Comms,C2,PL_Comms_C2.csv,174,K-18,12.58873405,85.0,2.0,0.0,0.0,0.0,0.0,,elevator
Comms,C2,PL_Comms_C2.csv,175,M-18,13.65562979,91.0,1.0,1.0,0.0,0.0,0.0,,elevator
Comms,C2,PL_Comms_C2.csv,176,N-18,14.26450928,93.0,1.0,1.0,0.0,0.0,0.0,,elevator
Comms,C2,PL_Comms_C2.csv,177,D-19,10.12305413,92.0,2.0,0.0,0.0,0.0,0.0,,elevator
Comms,C2,PL_Comms_C2.csv,178,E-19,10.07354084,90.0,2.0,0.0,0.0,0.0,0.0,,elevator
Comms,C2,PL_Comms_C2.csv,179,F-19,10.12305413,96.0,2.0,0.0,0.0,0.0,0.0,,elevator
Comms,C2,PL_Comms_C2.csv,180,G-19,10.27016188,88.0,2.0,0.0,0.0,0.0,0.0,,elevator
Comms,C2,PL_Comms_C2.csv,181,H-19,10.5107671,89.0,1.0,0.0,0.0,0.0,0.0,,elevator
Comms,C2,PL_Comms_C2.csv,182,J-19,11.2461649,98.0,2.0,0.0,0.0,0.0,0.0,,elevator
Comms,C2,PL_Comms_C2.csv,183,K-19,11.72502559,88.0,2.0,0.0,0.0,0.0,0.0,,elevator
Comms,C2,PL_Comms_C2.csv,184,L-19,12.26687511,102.0,1.0,1.0,0.0,0.0,0.0,,elevator
Comms,C2,PL_Comms_C2.csv,185,M-19,12.86375626,98.0,1.0,1.0,0.0,0.0,0.0,,elevator
Comms,C2,PL_Comms_C2.csv,186,N-19,13.50837611,92.0,1.0,0.0,0.0,0.0,0.0,,elevator
Comms,C2,PL_Comms_C2.csv,187,O-19,14.1942321,98.0,2.0,0.0,0.0,0.0,0.0,,elevator
Comms,C2,PL_Comms_C2.csv,188,P-19,14.91563693,94.0,2.0,0.0,,0.0,0.0,,"num_glass_wall,elevator"
Comms,C2,PL_Comms_C2.csv,189,A-20,9.923518781,91.0,2.0,0.0,0.0,0.0,0.0,,elevator
Comms,C2,PL_Comms_C2.csv,190,B-20,9.564320415,81.0,2.0,0.0,0.0,0.0,0.0,,elevator
Comms,C2,PL_Comms_C2.csv,191,C-20,9.299259379,89.0,2.0,0.0,0.0,0.0,0.0,,elevator
Comms,C2,PL_Comms_C2.csv,192,D-20,9.136532439,88.0,2.0,0.0,0.0,0.0,0.0,,elevator
Comms,C2,PL_Comms_C2.csv,193,E-20,9.081642197,99.0,2.0,0.0,0.0,0.0,0.0,,elevator
Comms,C2,PL_Comms_C2.csv,194,F-20,9.136532439,83.0,1.0,1.0,0.0,0.0,0.0,,elevator
Comms,C2,PL_Comms_C2.csv,195,G-20,9.299259379,88.0,2.0,0.0,0.0,0.0,0.0,,elevator
Comms,C2,PL_Comms_C2.csv,196,H-20,9.564320415,79.0,1.0,0.0,0.0,0.0,0.0,,elevator
Comms,C2,PL_Comms_C2.csv,197,J-20,10.36707408,98.0,2.0,0.0,0.0,0.0,0.0,,elevator
Comms,C2,PL_Comms_C2.csv,198,K-20,10.88467845,84.0,1.0,1.0,0.0,0.0,0.0,,elevator
Comms,C2,PL_Comms_C2.csv,199,L-20,11.46630826,93.0,1.0,1.0,0.0,0.0,0.0,,elevator
Comms,C2,PL_Comms_C2.csv,200,M-20,12.10273626,88.0,1.0,1.0,0.0,0.0,0.0,,elevator
Comms,C2,PL_Comms_C2.csv,201,N-20,12.78578214,92.0,2.0,0.0,0.0,0.0,0.0,,elevator
Comms,C2,PL_Comms_C2.csv,202,O-20,13.50837611,89.0,2.0,0.0,0.0,0.0,0.0,,elevator
Comms,C2,PL_Comms_C2.csv,203,P-20,14.26450928,99.0,2.0,0.0,0.0,0.0,0.0,,elevator
Comms,C2,PL_Comms_C2.csv,204,A-21,9.026418171,92.0,2.0,0.0,0.0,0.0,0.0,,elevator
Comms,C2,PL_Comms_C2.csv,205,B-21,8.629960892,86.0,2.0,0.0,0.0,0.0,0.0,,elevator
Comms,C2,PL_Comms_C2.csv,206,C-21,8.335239949,91.0,2.0,0.0,0.0,0.0,0.0,,elevator
Comms,C2,PL_Comms_C2.csv,207,D-21,8.153295346,86.0,2.0,0.0,0.0,0.0,0.0,,elevator
Comms,C2,PL_Comms_C2.csv,208,E-21,8.09173807,91.0,2.0,0.0,0.0,0.0,0.0,,elevator
Comms,C2,PL_Comms_C2.csv,209,F-21,8.153295346,82.0,2.0,0.0,0.0,0.0,0.0,,elevator
Comms,C2,PL_Comms_C2.csv,210,G-21,8.335239949,86.0,2.0,0.0,0.0,0.0,0.0,,elevator
Comms,C2,PL_Comms_C2.csv,211,H-21,8.629960892,92.0,1.0,0.0,0.0,0.0,0.0,,elevator
Comms,C2,PL_Comms_C2.csv,212,I-21,9.026418171,95.0,2.0,0.0,0.0,0.0,0.0,,elevator
Comms,C2,PL_Comms_C2.csv,213,J-21,9.511899127,85.0,1.0,1.0,0.0,0.0,0.0,,elevator
Comms,C2,PL_Comms_C2.csv,214,K-21,10.07354084,87.0,1.0,1.0,0.0,0.0,0.0,,elevator
Comms,C2,PL_Comms_C2.csv,215,L-21,10.69935629,91.0,1.0,1.0,0.0,0.0,0.0,,elevator
Comms,C2,PL_Comms_C2.csv,216,M-21,11.37876202,92.0,2.0,0.0,0.0,0.0,0.0,,elevator
Comms,C2,PL_Comms_C2.csv,217,N-21,12.10273626,95.0,2.0,0.0,0.0,0.0,0.0,,elevator
Comms,C2,PL_Comms_C2.csv,218,O-21,12.86375626,88.0,2.0,0.0,0.0,0.0,0.0,,elevator
Comms,C2,PL_Comms_C2.csv,219,P-21,13.65562979,96.0,2.0,0.0,0.0,0.0,0.0,,elevator
Comms,C2,PL_Comms_C2.csv,220,B-22,7.712083052,83.0,2.0,0.0,0.0,0.0,0.0,,elevator
Comms,C2,PL_Comms_C2.csv,221,C-22,7.380801108,86.0,2.0,0.0,0.0,0.0,0.0,,elevator
Comms,C2,PL_Comms_C2.csv,222,D-22,7.174693373,92.0,2.0,0.0,0.0,0.0,0.0,,elevator
Comms,C2,PL_Comms_C2.csv,223,E-22,7.104662202,82.0,2.0,0.0,0.0,0.0,0.0,,elevator
Comms,C2,PL_Comms_C2.csv,224,F-22,7.174693373,83.0,2.0,0.0,0.0,0.0,0.0,,elevator
Comms,C2,PL_Comms_C2.csv,225,G-22,7.380801108,92.0,2.0,0.0,0.0,0.0,0.0,,elevator
Comms,C2,PL_Comms_C2.csv,226,H-22,7.712083052,85.0,1.0,0.0,0.0,0.0,0.0,,elevator
Comms,C2,PL_Comms_C2.csv,227,I-22,8.153295346,90.0,2.0,0.0,0.0,0.0,0.0,,elevator
Comms,C2,PL_Comms_C2.csv,228,J-22,8.687705393,80.0,1.0,1.0,0.0,0.0,0.0,,elevator
Comms,C2,PL_Comms_C2.csv,229,K-22,9.299259379,87.0,1.0,1.0,0.0,0.0,0.0,,elevator
Comms,C2,PL_Comms_C2.csv,230,L-22,9.973776867,88.0,2.0,0.0,0.0,0.0,0.0,,elevator
Comms,C2,PL_Comms_C2.csv,231,M-22,10.69935629,90.0,2.0,0.0,0.0,0.0,0.0,,elevator
Comms,C2,PL_Comms_C2.csv,232,N-22,11.46630826,89.0,2.0,0.0,0.0,0.0,0.0,,elevator
Comms,C2,PL_Comms_C2.csv,233,O-22,12.26687511,95.0,3.0,0.0,0.0,0.0,0.0,,elevator
Comms,C2,PL_Comms_C2.csv,234,P-22,13.09489309,96.0,3.0,0.0,0.0,0.0,0.0,,elevator
Comms,C2,PL_Comms_C2.csv,235,A-23,7.312744013,100.0,1.0,0.0,0.0,0.0,0.0,,elevator
Comms,C2,PL_Comms_C2.csv,236,C-23,6.440203801,84.0,1.0,0.0,0.0,0.0,0.0,,elevator
Comms,C2,PL_Comms_C2.csv,237,D-23,6.202920683,83.0,1.0,0.0,0.0,0.0,0.0,,elevator
Comms,C2,PL_Comms_C2.csv,238,E-23,6.121782829,80.0,1.0,0.0,0.0,0.0,0.0,,elevator
Comms,C2,PL_Comms_C2.csv,239,F-23,6.202920683,94.0,2.0,0.0,0.0,0.0,0.0,,elevator
Comms,C2,PL_Comms_C2.csv,240,G-23,6.440203801,80.0,1.0,0.0,0.0,0.0,0.0,,elevator
Comms,C2,PL_Comms_C2.csv,241,H-23,6.817347358,80.0,1.0,0.0,0.0,0.0,0.0,,elevator
Comms,C2,PL_Comms_C2.csv,242,I-23,7.312744013,81.0,1.0,1.0,0.0,0.0,0.0,,elevator
Comms,C2,PL_Comms_C2.csv,243,J-23,7.904190344,80.0,1.0,1.0,0.0,0.0,0.0,,elevator
Comms,C2,PL_Comms_C2.csv,244,K-23,8.571827401,90.0,2.0,0.0,0.0,0.0,0.0,,elevator
Comms,C2,PL_Comms_C2.csv,245,L-23,9.299259379,89.0,2.0,0.0,0.0,0.0,0.0,,elevator
Comms,C2,PL_Comms_C2.csv,246,M-23,10.07354084,88.0,2.0,0.0,0.0,0.0,0.0,,elevator
Comms,C2,PL_Comms_C2.csv,247,N-23,10.88467845,92.0,3.0,0.0,0.0,0.0,0.0,,elevator
Comms,C2,PL_Comms_C2.csv,248,O-23,11.72502559,85.0,3.0,0.0,0.0,0.0,0.0,,elevator
Comms,C2,PL_Comms_C2.csv,249,P-23,12.58873405,91.0,3.0,0.0,0.0,0.0,0.0,,elevator
Comms,C2,PL_Comms_C2.csv,250,A-24,6.517378691,91.0,1.0,0.0,0.0,0.0,0.0,,elevator
Comms,C2,PL_Comms_C2.csv,251,C-24,5.520527602,85.0,1.0,0.0,0.0,0.0,0.0,,elevator
Comms,C2,PL_Comms_C2.csv,252,E-24,5.14550532,71.0,1.0,0.0,0.0,0.0,0.0,,elevator
Comms,C2,PL_Comms_C2.csv,253,F-24,5.241776893,79.0,2.0,0.0,0.0,0.0,0.0,,elevator
Comms,C2,PL_Comms_C2.csv,254,G-24,5.520527602,76.0,1.0,0.0,0.0,0.0,0.0,,elevator
Comms,C2,PL_Comms_C2.csv,255,H-24,5.956192156,77.0,1.0,0.0,0.0,0.0,0.0,,elevator
Comms,C2,PL_Comms_C2.csv,256,J-24,7.174693373,87.0,2.0,0.0,0.0,0.0,0.0,,elevator
Comms,C2,PL_Comms_C2.csv,257,K-24,7.904190344,92.0,2.0,0.0,0.0,0.0,0.0,,elevator
Comms,C2,PL_Comms_C2.csv,258,L-24,8.687705393,82.0,2.0,0.0,0.0,0.0,0.0,,elevator
Comms,C2,PL_Comms_C2.csv,259,M-24,9.511899127,89.0,3.0,0.0,0.0,0.0,0.0,,elevator
Comms,C2,PL_Comms_C2.csv,260,N-24,10.36707408,80.0,3.0,0.0,0.0,0.0,0.0,,elevator
Comms,C2,PL_Comms_C2.csv,261,O-24,11.2461649,95.0,3.0,0.0,0.0,0.0,0.0,,elevator
Comms,C2,PL_Comms_C2.csv,262,P-24,12.14397896,87.0,3.0,0.0,0.0,0.0,0.0,,elevator
Comms,C2,PL_Comms_C2.csv,263,A-25,5.78586424,82.0,1.0,0.0,0.0,0.0,0.0,,elevator
Comms,C2,PL_Comms_C2.csv,264,B-25,5.14550532,84.0,1.0,0.0,0.0,0.0,0.0,,elevator
Comms,C2,PL_Comms_C2.csv,265,C-25,4.634244814,86.0,1.0,0.0,0.0,0.0,0.0,,elevator
Comms,C2,PL_Comms_C2.csv,266,E-25,4.180457511,78.0,1.0,0.0,0.0,0.0,0.0,,elevator
Comms,C2,PL_Comms_C2.csv,267,F-25,4.298397957,75.0,2.0,0.0,0.0,0.0,0.0,,elevator
Comms,C2,PL_Comms_C2.csv,268,G-25,4.634244814,76.0,1.0,0.0,0.0,0.0,0.0,,elevator
Comms,C2,PL_Comms_C2.csv,269,H-25,5.14550532,83.0,1.0,0.0,0.0,0.0,0.0,,elevator
Comms,C2,PL_Comms_C2.csv,270,J-25,6.517378691,97.0,2.0,0.0,0.0,0.0,0.0,,elevator
Comms,C2,PL_Comms_C2.csv,271,K-25,7.312744013,79.0,3.0,0.0,0.0,0.0,0.0,,elevator
Comms,C2,PL_Comms_C2.csv,272,L-25,8.153295346,93.0,3.0,0.0,0.0,0.0,0.0,,elevator
Comms,C2,PL_Comms_C2.csv,273,M-25,9.026418171,87.0,3.0,0.0,0.0,0.0,0.0,,elevator
Comms,C2,PL_Comms_C2.csv,274,N-25,9.923518781,94.0,2.0,0.0,0.0,0.0,0.0,,elevator
Comms,C2,PL_Comms_C2.csv,275,O-25,10.83864498,83.0,2.0,0.0,0.0,0.0,0.0,,elevator
Comms,C2,PL_Comms_C2.csv,276,P-25,11.76759215,90.0,2.0,0.0,0.0,0.0,0.0,,elevator
Comms,C2,PL_Comms_C2.csv,277,F-26,3.387657745,77.0,1.0,0.0,0.0,0.0,0.0,,elevator
Comms,C2,PL_Comms_C2.csv,278,G-26,3.804763462,75.0,1.0,0.0,0.0,0.0,0.0,,elevator
Comms,C2,PL_Comms_C2.csv,279,H-26,4.413187623,79.0,1.0,0.0,0.0,0.0,0.0,,elevator
Comms,C2,PL_Comms_C2.csv,280,O-26,10.5107671,83.0,2.0,1.0,0.0,0.0,0.0,,elevator
Comms,C2,PL_Comms_C2.csv,281,P-26,11.46630826,90.0,2.0,1.0,0.0,0.0,0.0,,elevator
Comms,C2,PL_Comms_C2.csv,282,A-27,4.634244814,74.0,0.0,0.0,0.0,0.0,0.0,,elevator
Comms,C2,PL_Comms_C2.csv,283,B-27,3.804763462,76.0,0.0,0.0,0.0,0.0,0.0,,elevator
Comms,C2,PL_Comms_C2.csv,284,C-27,3.078347771,66.0,0.0,0.0,0.0,0.0,0.0,,elevator
Comms,C2,PL_Comms_C2.csv,285,D-27,2.544842824,72.0,0.0,0.0,0.0,0.0,0.0,,elevator
Comms,C2,PL_Comms_C2.csv,286,E-27,2.340133543,71.0,0.0,0.0,0.0,0.0,0.0,,elevator
Comms,C2,PL_Comms_C2.csv,287,F-27,2.544842824,74.0,1.0,0.0,0.0,0.0,0.0,,elevator
Comms,C2,PL_Comms_C2.csv,288,G-27,3.078347771,76.0,1.0,0.0,0.0,0.0,0.0,,elevator
Comms,C2,PL_Comms_C2.csv,289,H-27,3.804763462,74.0,1.0,0.0,0.0,0.0,0.0,,elevator
Comms,C2,PL_Comms_C2.csv,290,I-27,4.634244814,77.0,2.0,0.0,0.0,0.0,0.0,,elevator
Comms,C2,PL_Comms_C2.csv,291,J-27,5.520527602,84.0,1.0,1.0,0.0,0.0,0.0,,elevator
Comms,C2,PL_Comms_C2.csv,292,L-27,7.380801108,80.0,1.0,1.0,0.0,0.0,0.0,,elevator
Comms,C2,PL_Comms_C2.csv,293,M-27,8.335239949,86.0,0.0,1.0,0.0,0.0,0.0,,elevator
Comms,C2,PL_Comms_C2.csv,294,A-28,4.298397957,65.0,0.0,0.0,0.0,0.0,0.0,,elevator
Comms,C2,PL_Comms_C2.csv,295,B-28,3.387657745,73.0,0.0,0.0,0.0,0.0,0.0,,elevator
Comms,C2,PL_Comms_C2.csv,296,C-28,2.544842824,74.0,0.0,0.0,0.0,0.0,0.0,,elevator
Comms,C2,PL_Comms_C2.csv,297,D-28,1.86446373,65.0,0.0,0.0,0.0,0.0,0.0,,elevator
Comms,C2,PL_Comms_C2.csv,298,E-28,1.573602555,76.0,0.0,0.0,0.0,0.0,0.0,,elevator
Comms,C2,PL_Comms_C2.csv,299,F-28,1.86446373,77.0,1.0,0.0,0.0,0.0,0.0,,elevator
Comms,C2,PL_Comms_C2.csv,300,G-28,2.544842824,72.0,1.0,0.0,0.0,0.0,0.0,,elevator
Comms,C2,PL_Comms_C2.csv,301,H-28,3.387657745,74.0,0.0,1.0,0.0,0.0,0.0,,elevator
Comms,C2,PL_Comms_C2.csv,302,J-28,5.241776893,76.0,1.0,0.0,0.0,0.0,0.0,,elevator
Comms,C2,PL_Comms_C2.csv,303,K-28,6.202920683,69.0,1.0,0.0,0.0,0.0,0.0,,elevator
Comms,C2,PL_Comms_C2.csv,304,L-28,7.174693373,69.0,1.0,0.0,0.0,0.0,0.0,,elevator
Comms,C2,PL_Comms_C2.csv,305,M-28,8.153295346,77.0,1.0,0.0,0.0,0.0,0.0,,elevator
Comms,C2,PL_Comms_C2.csv,306,B-29,3.236699708,72.0,0.0,0.0,0.0,0.0,0.0,,elevator
Comms,C2,PL_Comms_C2.csv,307,C-29,2.340133543,77.0,0.0,0.0,0.0,0.0,0.0,,elevator
Comms,C2,PL_Comms_C2.csv,308,D-29,1.573602555,64.0,0.0,0.0,0.0,0.0,0.0,,elevator
Comms,C2,PL_Comms_C2.csv,309,F-29,1.573602555,71.0,0.0,1.0,0.0,0.0,0.0,,elevator
Comms,C2,PL_Comms_C2.csv,310,G-29,2.340133543,68.0,0.0,1.0,0.0,0.0,0.0,,elevator
Comms,C2,PL_Comms_C2.csv,311,H-29,3.236699708,84.0,0.0,1.0,0.0,0.0,0.0,,elevator
Comms,C2,PL_Comms_C2.csv,312,I-29,4.180457511,84.0,1.0,1.0,0.0,0.0,0.0,,elevator
Comms,C2,PL_Comms_C2.csv,313,J-29,5.14550532,81.0,1.0,1.0,0.0,0.0,0.0,,elevator
Comms,C2,PL_Comms_C2.csv,314,K-29,6.121782829,81.0,1.0,1.0,0.0,0.0,0.0,,elevator
Comms,C2,PL_Comms_C2.csv,315,L-29,7.104662202,82.0,1.0,1.0,0.0,0.0,0.0,,elevator
Comms,C2,PL_Comms_C2.csv,316,M-29,8.09173807,74.0,1.0,1.0,0.0,0.0,0.0,,elevator
Comms,C2,PL_Comms_C2.csv,317,C-30,2.544842824,70.0,1.0,0.0,0.0,0.0,0.0,,elevator
Comms,C2,PL_Comms_C2.csv,318,D-30,1.86446373,81.0,1.0,0.0,0.0,0.0,0.0,,elevator
Comms,C2,PL_Comms_C2.csv,319,E-30,1.573602555,66.0,1.0,0.0,0.0,0.0,0.0,,elevator
Comms,C2,PL_Comms_C2.csv,320,F-30,1.86446373,69.0,2.0,0.0,0.0,0.0,0.0,,elevator
Comms,C2,PL_Comms_C2.csv,321,G-30,2.544842824,84.0,0.0,1.0,0.0,0.0,0.0,,elevator
Comms,C2,PL_Comms_C2.csv,322,H-30,3.387657745,72.0,0.0,1.0,0.0,0.0,0.0,,elevator
Comms,C2,PL_Comms_C2.csv,323,A-31,4.634244814,73.0,1.0,0.0,0.0,0.0,0.0,,elevator
Comms,C2,PL_Comms_C2.csv,324,B-31,3.804763462,76.0,1.0,0.0,0.0,0.0,0.0,,elevator
Comms,C2,PL_Comms_C2.csv,325,C-31,3.078347771,73.0,1.0,0.0,0.0,0.0,0.0,,elevator
Comms,C2,PL_Comms_C2.csv,326,D-31,2.544842824,83.0,1.0,0.0,0.0,0.0,0.0,,elevator
Comms,C2,PL_Comms_C2.csv,327,E-31,2.340133543,88.0,1.0,0.0,0.0,0.0,0.0,,elevator
Comms,C2,PL_Comms_C2.csv,328,F-31,2.544842824,75.0,2.0,0.0,0.0,0.0,0.0,,elevator
Comms,C2,PL_Comms_C2.csv,329,G-31,3.078347771,74.0,2.0,0.0,0.0,0.0,0.0,,elevator
Comms,C2,PL_Comms_C2.csv,330,H-31,3.804763462,74.0,1.0,0.0,0.0,0.0,0.0,,elevator
Comms,C2,PL_Comms_C2.csv,331,J-31,5.520527602,82.0,1.0,1.0,0.0,0.0,0.0,,elevator
Comms,C2,PL_Comms_C2.csv,332,L-31,7.380801108,91.0,1.0,2.0,0.0,0.0,0.0,,elevator
Comms,C2,PL_Comms_C2.csv,333,M-31,8.335239949,94.0,1.0,2.0,0.0,0.0,0.0,,elevator
Comms,C2,PL_Comms_C2.csv,334,A-32,5.14550532,78.0,1.0,0.0,0.0,0.0,0.0,,elevator
Comms,C2,PL_Comms_C2.csv,335,B-32,4.413187623,77.0,1.0,0.0,0.0,0.0,0.0,,elevator
Comms,C2,PL_Comms_C2.csv,336,C-32,3.804763462,74.0,1.0,0.0,0.0,0.0,0.0,,elevator
Comms,C2,PL_Comms_C2.csv,337,D-32,3.387657745,76.0,1.0,0.0,0.0,0.0,0.0,,elevator
Comms,C2,PL_Comms_C2.csv,338,E-32,3.236699708,75.0,1.0,0.0,0.0,0.0,0.0,,elevator
Comms,C2,PL_Comms_C2.csv,339,F-32,3.387657745,78.0,2.0,0.0,0.0,0.0,0.0,,elevator
Comms,C2,PL_Comms_C2.csv,340,G-32,3.804763462,82.0,2.0,0.0,0.0,0.0,0.0,,elevator
Comms,C2,PL_Comms_C2.csv,341,H-32,4.413187623,83.0,2.0,0.0,0.0,0.0,0.0,,elevator
Comms,C2,PL_Comms_C2.csv,342,J-32,5.956192156,89.0,2.0,0.0,0.0,0.0,0.0,,elevator
Comms,C2,PL_Comms_C2.csv,343,M-32,8.629960892,96.0,1.0,2.0,0.0,0.0,0.0,,elevator
Comms,C2,PL_Comms_C2.csv,344,C-33,4.634244814,71.0,1.0,0.0,0.0,0.0,0.0,,elevator
Comms,C2,PL_Comms_C2.csv,345,D-33,4.298397957,86.0,1.0,0.0,0.0,0.0,0.0,,elevator
Comms,C2,PL_Comms_C2.csv,346,E-33,4.180457511,84.0,1.0,0.0,0.0,0.0,0.0,,elevator
Comms,C2,PL_Comms_C2.csv,347,F-33,4.298397957,75.0,2.0,0.0,0.0,0.0,0.0,,elevator
Comms,C2,PL_Comms_C2.csv,348,G-33,4.634244814,79.0,2.0,0.0,0.0,0.0,0.0,,elevator
Comms,C2,PL_Comms_C2.csv,349,H-33,5.14550532,82.0,2.0,0.0,0.0,0.0,0.0,,elevator
Comms,C2,PL_Comms_C2.csv,350,J-33,6.517378691,83.0,3.0,0.0,0.0,0.0,0.0,,elevator
Comms,C2,PL_Comms_C2.csv,351,K-33,7.312744013,82.0,2.0,0.0,0.0,0.0,0.0,,elevator
Comms,C2,PL_Comms_C2.csv,352,L-33,8.153295346,99.0,1.0,2.0,0.0,0.0,0.0,,elevator
Comms,C2,PL_Comms_C2.csv,353,M-33,9.026418171,94.0,1.0,2.0,0.0,0.0,0.0,,elevator
Comms,C2,PL_Comms_C2.csv,354,N-33,9.923518781,88.0,2.0,1.0,0.0,0.0,0.0,,elevator
Comms,C2,PL_Comms_C2.csv,355,A-34,6.517378691,84.0,2.0,0.0,0.0,0.0,0.0,,elevator
Comms,C2,PL_Comms_C2.csv,356,B-34,5.956192156,84.0,1.0,1.0,0.0,0.0,0.0,,elevator
Comms,C2,PL_Comms_C2.csv,357,C-34,5.520527602,80.0,2.0,0.0,0.0,0.0,0.0,,elevator
Comms,C2,PL_Comms_C2.csv,358,D-34,5.241776893,86.0,2.0,0.0,0.0,0.0,0.0,,elevator
Comms,C2,PL_Comms_C2.csv,359,E-34,5.14550532,94.0,2.0,0.0,0.0,0.0,0.0,,elevator
Comms,C2,PL_Comms_C2.csv,360,F-34,5.241776893,93.0,1.0,0.0,0.0,0.0,0.0,,elevator
Comms,C2,PL_Comms_C2.csv,361,G-34,5.520527602,86.0,2.0,0.0,0.0,0.0,0.0,,elevator
Comms,C2,PL_Comms_C2.csv,362,H-34,5.956192156,78.0,2.0,0.0,0.0,0.0,0.0,,elevator
Comms,C2,PL_Comms_C2.csv,363,I-34,6.517378691,82.0,3.0,1.0,0.0,0.0,0.0,,elevator
Comms,C2,PL_Comms_C2.csv,364,J-34,7.174693373,79.0,3.0,1.0,0.0,0.0,0.0,,elevator
Comms,C2,PL_Comms_C2.csv,365,K-34,7.904190344,82.0,3.0,1.0,0.0,0.0,0.0,,elevator
Comms,C2,PL_Comms_C2.csv,366,A-35,7.312744013,80.0,1.0,1.0,0.0,0.0,0.0,,elevator
Comms,C2,PL_Comms_C2.csv,367,B-35,6.817347358,78.0,2.0,0.0,0.0,0.0,0.0,,elevator
Comms,C2,PL_Comms_C2.csv,368,C-35,6.440203801,77.0,2.0,0.0,0.0,0.0,0.0,,elevator
Comms,C2,PL_Comms_C2.csv,369,D-35,6.202920683,89.0,2.0,0.0,0.0,0.0,0.0,,elevator
Comms,C2,PL_Comms_C2.csv,370,E-35,6.121782829,88.0,2.0,0.0,0.0,0.0,0.0,,elevator
Comms,C2,PL_Comms_C2.csv,371,F-35,6.202920683,96.0,1.0,0.0,0.0,0.0,0.0,,elevator
Comms,C2,PL_Comms_C2.csv,372,G-35,6.440203801,91.0,2.0,0.0,0.0,0.0,0.0,,elevator
Comms,C2,PL_Comms_C2.csv,373,H-35,6.817347358,79.0,2.0,0.0,0.0,0.0,0.0,,elevator
Comms,C2,PL_Comms_C2.csv,374,I-35,7.312744013,89.0,2.0,1.0,0.0,0.0,0.0,,elevator
Comms,C2,PL_Comms_C2.csv,375,J-35,7.904190344,88.0,3.0,1.0,1.0,0.0,0.0,,elevator
Comms,C2,PL_Comms_C2.csv,376,K-35,8.571827401,84.0,3.0,1.0,1.0,0.0,0.0,,elevator
Comms,C2,PL_Comms_C2.csv,377,L-35,9.299259379,90.0,3.0,1.0,1.0,0.0,0.0,,elevator
Comms,C2,PL_Comms_C2.csv,378,M-35,10.07354084,91.0,3.0,1.0,1.0,0.0,0.0,,elevator
Comms,C2,PL_Comms_C2.csv,379,N-35,10.88467845,100.0,3.0,1.0,1.0,0.0,0.0,,elevator
Comms,C2,PL_Comms_C2.csv,380,O-35,11.72502559,92.0,1.0,2.0,1.0,0.0,0.0,,elevator
Comms,C2,PL_Comms_C2.csv,381,P-35,12.58873405,94.0,1.0,2.0,1.0,0.0,0.0,,elevator
Comms,C2,PL_Comms_C2.csv,382,A-36,8.153295346,86.0,1.0,1.0,0.0,0.0,0.0,,elevator
Comms,C2,PL_Comms_C2.csv,383,B-36,7.712083052,83.0,2.0,0.0,0.0,0.0,0.0,,elevator
Comms,C2,PL_Comms_C2.csv,384,C-36,7.380801108,-60.0,2.0,0.0,0.0,0.0,0.0,,elevator
Comms,C2,PL_Comms_C2.csv,385,D-36,7.174693373,87.0,2.0,0.0,0.0,0.0,0.0,,elevator
Comms,C2,PL_Comms_C2.csv,386,E-36,7.104662202,84.0,2.0,0.0,0.0,0.0,0.0,,elevator
Comms,C2,PL_Comms_C2.csv,387,F-36,7.174693373,86.0,3.0,0.0,0.0,0.0,0.0,,elevator
Comms,C2,PL_Comms_C2.csv,388,G-36,7.380801108,97.0,2.0,0.0,0.0,0.0,0.0,,elevator
Comms,C2,PL_Comms_C2.csv,389,H-36,7.712083052,80.0,2.0,0.0,0.0,0.0,0.0,,elevator
Comms,C2,PL_Comms_C2.csv,390,I-36,8.153295346,93.0,3.0,0.0,0.0,0.0,0.0,,elevator
Comms,C2,PL_Comms_C2.csv,391,J-36,8.687705393,86.0,2.0,0.0,0.0,0.0,0.0,,elevator
Comms,C2,PL_Comms_C2.csv,392,K-36,9.299259379,82.0,3.0,1.0,1.0,0.0,0.0,,elevator
Comms,C2,PL_Comms_C2.csv,393,L-36,9.973776867,94.0,3.0,1.0,1.0,0.0,0.0,,elevator
Comms,C2,PL_Comms_C2.csv,394,M-36,10.69935629,91.0,3.0,1.0,1.0,0.0,0.0,,elevator
Comms,C2,PL_Comms_C2.csv,395,N-36,11.46630826,86.0,3.0,1.0,1.0,0.0,0.0,,elevator
Comms,C2,PL_Comms_C2.csv,396,O-36,12.26687511,93.0,1.0,2.0,1.0,0.0,0.0,,elevator
Comms,C2,PL_Comms_C2.csv,397,A-37,9.026418171,89.0,3.0,0.0,0.0,0.0,0.0,,elevator
Comms,C2,PL_Comms_C2.csv,398,B-37,8.629960892,82.0,3.0,0.0,0.0,0.0,0.0,,elevator
Comms,C2,PL_Comms_C2.csv,399,D-37,8.153295346,86.0,3.0,0.0,0.0,0.0,0.0,,elevator
Comms,C2,PL_Comms_C2.csv,400,E-37,8.09173807,88.0,3.0,0.0,0.0,0.0,0.0,,elevator
Comms,C2,PL_Comms_C2.csv,401,F-37,8.153295346,91.0,3.0,0.0,0.0,0.0,0.0,,elevator
Comms,C2,PL_Comms_C2.csv,402,G-37,8.335239949,88.0,2.0,0.0,0.0,0.0,0.0,,elevator
Comms,C2,PL_Comms_C2.csv,403,H-37,8.629960892,78.0,2.0,0.0,0.0,0.0,0.0,,elevator
Comms,C2,PL_Comms_C2.csv,404,K-37,10.07354084,95.0,2.0,0.0,0.0,0.0,0.0,,elevator
Comms,C2,PL_Comms_C2.csv,405,L-37,10.69935629,90.0,3.0,1.0,1.0,0.0,0.0,,elevator
Comms,C2,PL_Comms_C2.csv,406,M-37,11.37876202,97.0,3.0,1.0,1.0,0.0,0.0,,elevator
Comms,C2,PL_Comms_C2.csv,407,N-37,12.10273626,95.0,3.0,1.0,1.0,0.0,0.0,,elevator
Comms,C2,PL_Comms_C2.csv,408,O-37,12.86375626,92.0,3.0,1.0,1.0,0.0,0.0,,elevator
Comms,C2,PL_Comms_C2.csv,409,P-37,13.65562979,92.0,2.0,1.0,1.0,0.0,0.0,,elevator
Comms,C2,PL_Comms_C2.csv,410,A-38,9.923518781,90.0,3.0,0.0,0.0,0.0,0.0,,elevator
Comms,C2,PL_Comms_C2.csv,411,B-38,9.564320415,90.0,3.0,0.0,0.0,0.0,0.0,,elevator
Comms,C2,PL_Comms_C2.csv,412,C-38,9.299259379,85.0,3.0,0.0,0.0,0.0,0.0,,elevator
Comms,C2,PL_Comms_C2.csv,413,D-38,9.136532439,92.0,3.0,0.0,0.0,0.0,0.0,,elevator
Comms,C2,PL_Comms_C2.csv,414,E-38,9.081642197,88.0,3.0,0.0,0.0,0.0,0.0,,elevator
Comms,C2,PL_Comms_C2.csv,415,F-38,9.136532439,84.0,3.0,0.0,0.0,0.0,0.0,,elevator
Comms,C2,PL_Comms_C2.csv,416,G-38,9.299259379,81.0,2.0,0.0,0.0,0.0,0.0,,elevator
Comms,C2,PL_Comms_C2.csv,417,H-38,9.564320415,81.0,2.0,0.0,0.0,0.0,0.0,,elevator
Comms,C2,PL_Comms_C2.csv,418,I-38,9.923518781,97.0,4.0,0.0,0.0,0.0,0.0,,elevator
Comms,C2,PL_Comms_C2.csv,419,J-38,10.36707408,99.0,4.0,0.0,0.0,0.0,0.0,,elevator
Comms,C2,PL_Comms_C2.csv,420,K-38,10.88467845,99.0,4.0,0.0,0.0,0.0,0.0,,elevator
Comms,C2,PL_Comms_C2.csv,421,L-38,11.46630826,95.0,3.0,2.0,0.0,0.0,0.0,,elevator
Comms,C2,PL_Comms_C2.csv,422,M-38,12.10273626,104.0,4.0,1.0,1.0,0.0,0.0,,elevator
Comms,C2,PL_Comms_C2.csv,423,N-38,12.78578214,103.0,4.0,1.0,1.0,0.0,0.0,,elevator
Comms,C2,PL_Comms_C2.csv,424,O-38,13.50837611,106.0,4.0,1.0,1.0,0.0,0.0,,elevator
Comms,C2,PL_Comms_C2.csv,425,A-39,10.83864498,95.0,3.0,0.0,0.0,0.0,0.0,,elevator
Comms,C2,PL_Comms_C2.csv,426,B-39,10.5107671,90.0,3.0,0.0,0.0,0.0,0.0,,elevator
Comms,C2,PL_Comms_C2.csv,427,C-39,10.27016188,85.0,3.0,0.0,0.0,0.0,0.0,,elevator
Comms,C2,PL_Comms_C2.csv,428,D-39,10.12305413,88.0,3.0,0.0,0.0,0.0,0.0,,elevator
Comms,C2,PL_Comms_C2.csv,429,E-39,10.07354084,90.0,3.0,0.0,0.0,0.0,0.0,,elevator
Comms,C2,PL_Comms_C2.csv,430,F-39,10.12305413,91.0,3.0,0.0,0.0,0.0,0.0,,elevator
Comms,C2,PL_Comms_C2.csv,431,G-39,10.27016188,85.0,2.0,0.0,0.0,0.0,0.0,,elevator
Comms,C2,PL_Comms_C2.csv,432,H-39,10.5107671,94.0,2.0,0.0,0.0,0.0,0.0,,elevator
Comms,C2,PL_Comms_C2.csv,433,I-39,10.83864498,88.0,4.0,0.0,0.0,0.0,0.0,,elevator
Comms,C2,PL_Comms_C2.csv,434,J-39,11.2461649,95.0,4.0,0.0,0.0,0.0,0.0,,elevator
Comms,C2,PL_Comms_C2.csv,435,K-39,11.72502559,107.0,4.0,0.0,0.0,0.0,0.0,,elevator
Comms,C2,PL_Comms_C2.csv,436,L-39,12.26687511,96.0,3.0,2.0,0.0,0.0,0.0,,elevator
Comms,C2,PL_Comms_C2.csv,437,M-39,12.86375626,106.0,3.0,2.0,0.0,0.0,0.0,,elevator
Comms,C2,PL_Comms_C2.csv,438,N-39,13.50837611,118.0,4.0,1.0,1.0,0.0,0.0,,elevator
Comms,C2,PL_Comms_C2.csv,439,O-39,14.1942321,103.0,4.0,1.0,1.0,0.0,0.0,,elevator
Comms,C2,PL_Comms_C2.csv,440,P-39,14.91563693,98.0,4.0,1.0,1.0,0.0,0.0,,elevator
Comms,C2,PL_Comms_C2.csv,441,A-40,11.76759215,95.0,3.0,0.0,0.0,0.0,0.0,,elevator
Comms,C2,PL_Comms_C2.csv,442,B-40,11.46630826,86.0,3.0,0.0,0.0,0.0,0.0,,elevator
Comms,C2,PL_Comms_C2.csv,443,C-40,11.2461649,100.0,3.0,0.0,0.0,0.0,0.0,,elevator
Comms,C2,PL_Comms_C2.csv,444,D-40,11.11198565,97.0,3.0,0.0,0.0,0.0,0.0,,elevator
Comms,C2,PL_Comms_C2.csv,445,E-40,11.06689771,98.0,3.0,0.0,0.0,0.0,0.0,,elevator
Comms,C2,PL_Comms_C2.csv,446,F-40,11.11198565,92.0,3.0,0.0,0.0,0.0,0.0,,elevator
Comms,C2,PL_Comms_C2.csv,447,G-40,11.2461649,90.0,1.0,0.0,0.0,0.0,0.0,,elevator
Comms,C2,PL_Comms_C2.csv,448,H-40,11.46630826,89.0,2.0,0.0,0.0,0.0,0.0,,elevator
Comms,C2,PL_Comms_C2.csv,449,I-40,11.76759215,107.0,3.0,0.0,0.0,0.0,0.0,,elevator
Comms,C2,PL_Comms_C2.csv,450,J-40,12.14397896,108.0,4.0,0.0,0.0,0.0,0.0,,elevator
Comms,C2,PL_Comms_C2.csv,451,K-40,12.58873405,98.0,4.0,0.0,0.0,0.0,0.0,,elevator
Comms,C2,PL_Comms_C2.csv,452,L-40,13.09489309,100.0,2.0,2.0,0.0,0.0,0.0,,elevator
Comms,C2,PL_Comms_C2.csv,453,M-40,13.65562979,97.0,2.0,2.0,0.0,0.0,0.0,,elevator
Comms,C2,PL_Comms_C2.csv,454,N-40,14.26450928,100.0,4.0,1.0,1.0,0.0,0.0,,elevator
Comms,C2,PL_Comms_C2.csv,455,O-40,14.91563693,105.0,4.0,1.0,1.0,0.0,0.0,,elevator
Comms,C2,PL_Comms_C2.csv,456,P-40,15.60372472,100.0,4.0,1.0,1.0,0.0,0.0,,elevator
Comms,C2,PL_Comms_C2.csv,457,A-41,12.70732958,96.0,4.0,0.0,0.0,0.0,0.0,,elevator
Comms,C2,PL_Comms_C2.csv,458,B-41,12.42884649,94.0,4.0,0.0,0.0,0.0,0.0,,elevator
Comms,C2,PL_Comms_C2.csv,459,C-41,12.22604699,98.0,4.0,0.0,0.0,0.0,0.0,,elevator
Comms,C2,PL_Comms_C2.csv,460,D-41,12.10273626,104.0,4.0,0.0,0.0,0.0,0.0,,elevator
Comms,C2,PL_Comms_C2.csv,461,E-41,12.06135254,95.0,4.0,0.0,0.0,0.0,0.0,,elevator
Comms,C2,PL_Comms_C2.csv,462,F-41,12.10273626,88.0,3.0,0.0,0.0,0.0,0.0,,elevator
Comms,C2,PL_Comms_C2.csv,463,G-41,12.22604699,84.0,3.0,0.0,0.0,0.0,0.0,,elevator
Comms,C2,PL_Comms_C2.csv,464,H-41,12.42884649,85.0,2.0,0.0,0.0,0.0,0.0,,elevator
Comms,C2,PL_Comms_C2.csv,465,J-41,13.05665443,101.0,4.0,0.0,0.0,0.0,0.0,,elevator
Comms,C2,PL_Comms_C2.csv,466,K-41,13.47131118,100.0,4.0,0.0,0.0,0.0,0.0,,elevator
Comms,C2,PL_Comms_C2.csv,467,L-41,13.94547328,102.0,4.0,0.0,0.0,0.0,0.0,,elevator
Comms,C2,PL_Comms_C2.csv,468,M-41,14.47329351,105.0,3.0,2.0,0.0,0.0,0.0,,elevator
Comms,C2,PL_Comms_C2.csv,469,N-41,15.04912705,103.0,3.0,2.0,0.0,0.0,0.0,,elevator
Comms,C2,PL_Comms_C2.csv,470,O-41,15.66768091,109.0,4.0,1.0,1.0,0.0,0.0,,elevator
Comms,C2,PL_Comms_C2.csv,471,P-41,16.32409952,106.0,4.0,1.0,1.0,0.0,0.0,,elevator
Comms,C2,PL_Comms_C2.csv,472,A-42,13.65562979,98.0,4.0,0.0,0.0,0.0,0.0,,elevator
Comms,C2,PL_Comms_C2.csv,473,B-42,13.3968737,110.0,4.0,0.0,0.0,0.0,0.0,,elevator
Comms,C2,PL_Comms_C2.csv,474,C-42,13.20894489,107.0,4.0,0.0,0.0,0.0,0.0,,elevator
Comms,C2,PL_Comms_C2.csv,475,D-42,13.09489309,106.0,4.0,0.0,0.0,0.0,0.0,,elevator
Comms,C2,PL_Comms_C2.csv,476,E-42,13.05665443,103.0,4.0,0.0,0.0,0.0,0.0,,elevator
Comms,C2,PL_Comms_C2.csv,477,F-42,13.09489309,89.0,4.0,0.0,0.0,0.0,0.0,,elevator
Comms,C2,PL_Comms_C2.csv,478,G-42,13.20894489,89.0,1.0,0.0,0.0,0.0,0.0,,elevator
Comms,C2,PL_Comms_C2.csv,479,H-42,13.3968737,86.0,1.0,0.0,0.0,0.0,0.0,,elevator
Comms,C2,PL_Comms_C2.csv,480,J-42,13.98128124,107.0,4.0,0.0,0.0,0.0,0.0,,elevator
Comms,C2,PL_Comms_C2.csv,481,K-42,14.3692806,98.0,4.0,0.0,0.0,0.0,0.0,,elevator
Comms,C2,PL_Comms_C2.csv,482,L-42,14.81473,109.0,4.0,0.0,0.0,0.0,0.0,,elevator
Comms,C2,PL_Comms_C2.csv,483,M-42,15.31261653,110.0,4.0,0.0,0.0,0.0,0.0,,elevator
Comms,C2,PL_Comms_C2.csv,484,N-42,15.85800192,102.0,3.0,2.0,0.0,0.0,0.0,,elevator
Comms,C2,PL_Comms_C2.csv,485,O-42,16.44616141,112.0,3.0,2.0,0.0,0.0,0.0,,elevator
Comms,C2,PL_Comms_C2.csv,486,P-42,17.07267481,104.0,4.0,1.0,1.0,0.0,0.0,,elevator
Comms,C2,PL_Comms_C2.csv,487,A-43,14.61082561,100.0,4.0,0.0,0.0,0.0,0.0,,elevator
Comms,C2,PL_Comms_C2.csv,488,B-43,14.3692806,92.0,4.0,0.0,0.0,0.0,0.0,,elevator
Comms,C2,PL_Comms_C2.csv,489,C-43,14.1942321,98.0,4.0,0.0,0.0,0.0,0.0,,elevator
Comms,C2,PL_Comms_C2.csv,490,D-43,14.08815904,98.0,4.0,0.0,0.0,0.0,0.0,,elevator
Comms,C2,PL_Comms_C2.csv,491,E-43,14.05262342,105.0,4.0,0.0,0.0,0.0,0.0,,elevator
Comms,C2,PL_Comms_C2.csv,492,F-43,14.08815904,88.0,4.0,0.0,0.0,0.0,0.0,,elevator
Comms,C2,PL_Comms_C2.csv,493,G-43,14.1942321,89.0,3.0,0.0,0.0,0.0,0.0,,elevator
Comms,C2,PL_Comms_C2.csv,494,H-43,14.3692806,87.0,2.0,0.0,0.0,0.0,0.0,,elevator
Comms,C2,PL_Comms_C2.csv,495,A-44,15.57164811,110.0,4.0,0.0,0.0,0.0,0.0,,elevator
Comms,C2,PL_Comms_C2.csv,496,C-44,15.18144344,107.0,4.0,0.0,0.0,0.0,0.0,,elevator
Comms,C2,PL_Comms_C2.csv,497,D-44,15.08231497,101.0,4.0,0.0,0.0,0.0,0.0,,elevator
Comms,C2,PL_Comms_C2.csv,498,E-44,15.04912705,102.0,4.0,0.0,0.0,0.0,0.0,,elevator
Comms,C2,PL_Comms_C2.csv,499,F-44,15.08231497,84.0,4.0,0.0,0.0,0.0,0.0,,elevator
Comms,C2,PL_Comms_C2.csv,500,G-44,15.18144344,86.0,3.0,0.0,0.0,0.0,0.0,,elevator
Comms,C2,PL_Comms_C2.csv,501,H-44,15.3452346,87.0,2.0,0.0,0.0,0.0,0.0,,elevator
Comms,C2,PL_Comms_C2.csv,502,I-44,15.57164811,94.0,4.0,0.0,0.0,0.0,0.0,,elevator
Comms,C2,PL_Comms_C2.csv,503,J-44,15.85800192,105.0,4.0,0.0,0.0,0.0,0.0,,elevator
Comms,C2,PL_Comms_C2.csv,504,K-44,16.20111802,110.0,5.0,0.0,0.0,0.0,0.0,,elevator
Comms,C2,PL_Comms_C2.csv,505,L-44,16.59747646,102.0,5.0,0.0,0.0,0.0,0.0,,elevator
Comms,C2,PL_Comms_C2.csv,506,A-45,16.53711659,104.0,5.0,0.0,0.0,0.0,0.0,,elevator
Comms,C2,PL_Comms_C2.csv,507,B-45,16.32409952,112.0,5.0,0.0,0.0,0.0,0.0,,elevator
Comms,C2,PL_Comms_C2.csv,508,C-45,16.1702265,108.0,5.0,0.0,0.0,0.0,0.0,,elevator
Comms,C2,PL_Comms_C2.csv,509,D-45,16.07719581,104.0,5.0,0.0,0.0,0.0,0.0,,elevator
Comms,C2,PL_Comms_C2.csv,510,E-45,16.04606572,101.0,5.0,0.0,0.0,0.0,0.0,,elevator
Comms,C2,PL_Comms_C2.csv,511,F-45,16.07719581,93.0,4.0,0.0,0.0,0.0,0.0,,elevator
Comms,C2,PL_Comms_C2.csv,512,G-45,16.1702265,93.0,3.0,0.0,0.0,0.0,0.0,,elevator
Comms,C2,PL_Comms_C2.csv,513,H-45,16.32409952,86.0,2.0,0.0,0.0,0.0,0.0,,elevator
Comms,C2,PL_Comms_C2.csv,514,J-45,16.80702904,98.0,5.0,0.0,0.0,0.0,0.0,,elevator
Comms,C2,PL_Comms_C2.csv,515,K-45,17.1311478,113.0,5.0,0.0,0.0,0.0,0.0,,elevator
Comms,C2,PL_Comms_C2.csv,516,L-45,17.50646238,119.0,5.0,0.0,0.0,0.0,0.0,,elevator
Comms,C2,PL_Comms_C2.csv,517,A-46,17.50646238,107.0,5.0,0.0,0.0,0.0,0.0,,elevator
Comms,C2,PL_Comms_C2.csv,518,B-46,17.30538139,109.0,5.0,0.0,0.0,0.0,0.0,,elevator
Comms,C2,PL_Comms_C2.csv,519,C-46,17.16030958,107.0,5.0,0.0,0.0,0.0,0.0,,elevator
Comms,C2,PL_Comms_C2.csv,520,D-46,17.07267481,105.0,5.0,0.0,0.0,0.0,0.0,,elevator
Comms,C2,PL_Comms_C2.csv,521,E-46,17.04336308,103.0,5.0,0.0,0.0,0.0,0.0,,elevator
Comms,C2,PL_Comms_C2.csv,522,F-46,17.07267481,98.0,4.0,0.0,0.0,0.0,0.0,,elevator
Comms,C2,PL_Comms_C2.csv,523,G-46,17.16030958,96.0,3.0,0.0,0.0,0.0,0.0,,elevator
Comms,C2,PL_Comms_C2.csv,524,H-46,17.30538139,104.0,1.0,0.0,0.0,0.0,0.0,,elevator
Comms,C2,PL_Comms_C2.csv,525,J-46,17.7616504,115.0,5.0,0.0,0.0,0.0,0.0,,elevator
Comms,C2,PL_Comms_C2.csv,526,K-46,18.0686531,115.0,4.0,1.0,0.0,0.0,0.0,,elevator
Comms,C2,PL_Comms_C2.csv,527,L-46,18.4248806,110.0,5.0,0.0,0.0,0.0,0.0,,elevator
Comms,C2,PL_Comms_C2.csv,528,B-47,18.28869118,108.0,5.0,0.0,0.0,0.0,0.0,,elevator
Comms,C2,PL_Comms_C2.csv,529,C-47,18.15147997,102.0,5.0,0.0,0.0,0.0,0.0,,elevator
Comms,C2,PL_Comms_C2.csv,530,D-47,18.0686531,110.0,5.0,0.0,0.0,0.0,0.0,,elevator
Comms,C2,PL_Comms_C2.csv,531,E-47,18.04095965,113.0,5.0,0.0,0.0,0.0,0.0,,elevator
Comms,C2,PL_Comms_C2.csv,532,F-47,18.0686531,88.0,4.0,0.0,0.0,0.0,0.0,,elevator
Comms,C2,PL_Comms_C2.csv,533,G-47,18.15147997,86.0,3.0,0.0,0.0,0.0,0.0,,elevator
Comms,C2,PL_Comms_C2.csv,534,H-47,18.28869118,95.0,1.0,0.0,0.0,0.0,0.0,,elevator
Comms,C2,PL_Comms_C2.csv,535,J-47,18.72101026,113.0,5.0,0.0,0.0,0.0,0.0,,elevator
Comms,C2,PL_Comms_C2.csv,536,K-47,19.01252811,115.0,5.0,0.0,0.0,0.0,0.0,,elevator
Comms,C2,PL_Comms_C2.csv,537,L-47,19.35138819,115.0,5.0,0.0,0.0,0.0,0.0,,elevator
Comms,C2,PL_Comms_C2.csv,538,A-48,19.45446543,112.0,5.0,0.0,0.0,0.0,0.0,,elevator
Comms,C2,PL_Comms_C2.csv,539,B-48,19.2737185,114.0,5.0,0.0,0.0,0.0,0.0,,elevator
Comms,C2,PL_Comms_C2.csv,540,C-48,19.14356876,109.0,5.0,0.0,0.0,0.0,0.0,,elevator
Comms,C2,PL_Comms_C2.csv,541,D-48,19.06505245,105.0,5.0,0.0,0.0,0.0,0.0,,elevator
Comms,C2,PL_Comms_C2.csv,542,E-48,19.03880839,101.0,5.0,0.0,0.0,0.0,0.0,,elevator
Comms,C2,PL_Comms_C2.csv,543,F-48,19.06505245,96.0,4.0,0.0,0.0,0.0,0.0,,elevator
Comms,C2,PL_Comms_C2.csv,544,G-48,19.14356876,90.0,3.0,0.0,0.0,0.0,0.0,,elevator
Comms,C2,PL_Comms_C2.csv,545,H-48,19.2737185,93.0,2.0,0.0,0.0,0.0,0.0,,elevator
Comms,C2,PL_Comms_C2.csv,546,J-48,19.68441579,115.0,5.0,0.0,0.0,0.0,0.0,,elevator
Comms,C2,PL_Comms_C2.csv,547,K-48,19.96186928,118.0,5.0,0.0,0.0,0.0,0.0,,elevator
Comms,C2,PL_Comms_C2.csv,548,L-48,20.28487676,119.0,5.0,0.0,0.0,0.0,0.0,,elevator
Comms,C2,PL_Comms_C2.csv,549,A-49,20.43223495,113.0,5.0,0.0,0.0,0.0,0.0,,elevator
Comms,C2,PL_Comms_C2.csv,550,B-49,20.26021286,108.0,5.0,0.0,0.0,0.0,0.0,,elevator
Comms,C2,PL_Comms_C2.csv,551,C-49,20.13644023,106.0,5.0,0.0,0.0,0.0,0.0,,elevator
Comms,C2,PL_Comms_C2.csv,552,D-49,20.06181011,102.0,5.0,0.0,0.0,0.0,0.0,,elevator
Comms,C2,PL_Comms_C2.csv,553,E-49,20.03687164,101.0,5.0,0.0,0.0,0.0,0.0,,elevator
Comms,C2,PL_Comms_C2.csv,554,F-49,20.06181011,93.0,4.0,0.0,0.0,0.0,0.0,,elevator
Comms,C2,PL_Comms_C2.csv,555,G-49,20.13644023,98.0,3.0,0.0,0.0,0.0,0.0,,elevator
Comms,C2,PL_Comms_C2.csv,556,H-49,20.26021286,94.0,3.0,0.0,0.0,0.0,0.0,,elevator
Comms,C2,PL_Comms_C2.csv,557,I-49,20.43223495,108.0,3.0,0.0,0.0,0.0,0.0,,elevator
Comms,C2,PL_Comms_C2.csv,558,J-49,20.65130081,114.0,5.0,0.0,0.0,0.0,0.0,,elevator
Comms,C2,PL_Comms_C2.csv,559,K-49,20.91593232,112.0,5.0,0.0,0.0,0.0,0.0,,elevator
Comms,C2,PL_Comms_C2.csv,560,L-49,21.2244252,108.0,5.0,0.0,0.0,0.0,0.0,,elevator
Comms,C2,PL_Comms_C2.csv,561,A-50,21.41205793,115.0,5.0,0.0,0.0,0.0,0.0,,elevator
Comms,C2,PL_Comms_C2.csv,562,B-50,21.2479699,106.0,5.0,0.0,0.0,0.0,0.0,,elevator
Comms,C2,PL_Comms_C2.csv,563,C-50,21.12998403,110.0,5.0,0.0,0.0,0.0,0.0,,elevator
Comms,C2,PL_Comms_C2.csv,564,D-50,21.05887521,112.0,5.0,0.0,0.0,0.0,0.0,,elevator
Comms,C2,PL_Comms_C2.csv,565,E-50,21.03511885,114.0,5.0,0.0,0.0,0.0,0.0,,elevator
Comms,C2,PL_Comms_C2.csv,566,F-50,21.05887521,84.0,4.0,0.0,0.0,0.0,0.0,,elevator
Comms,C2,PL_Comms_C2.csv,567,G-50,21.12998403,91.0,3.0,0.0,0.0,0.0,0.0,,elevator
Comms,C2,PL_Comms_C2.csv,568,H-50,21.2479699,99.0,3.0,0.0,0.0,0.0,0.0,,elevator
Comms,C2,PL_Comms_C2.csv,569,I-50,21.41205793,112.0,3.0,0.0,0.0,0.0,0.0,,elevator
Comms,C2,PL_Comms_C2.csv,570,J-50,21.62119851,120.0,4.0,0.0,0.0,0.0,0.0,,elevator
Comms,C2,PL_Comms_C2.csv,571,K-50,21.87409941,107.0,5.0,0.0,0.0,0.0,0.0,,elevator
Comms,C2,PL_Comms_C2.csv,572,A-51,22.39366484,116.0,6.0,0.0,0.0,0.0,0.0,,elevator
Comms,C2,PL_Comms_C2.csv,573,B-51,22.23682138,114.0,6.0,0.0,0.0,0.0,0.0,,elevator
Comms,C2,PL_Comms_C2.csv,574,C-51,22.12410959,109.0,6.0,0.0,0.0,0.0,0.0,,elevator
Comms,C2,PL_Comms_C2.csv,575,D-51,22.05620604,112.0,6.0,0.0,0.0,0.0,0.0,,elevator
Comms,C2,PL_Comms_C2.csv,576,E-51,22.03352502,106.0,6.0,0.0,0.0,0.0,0.0,,elevator
Comms,C2,PL_Comms_C2.csv,577,F-51,22.05620604,86.0,5.0,0.0,0.0,0.0,0.0,,elevator
Comms,C2,PL_Comms_C2.csv,578,G-51,22.12410959,94.0,3.0,0.0,0.0,0.0,0.0,,elevator
Comms,C2,PL_Comms_C2.csv,579,H-51,22.23682138,93.0,3.0,0.0,0.0,0.0,0.0,,elevator
Comms,C2,PL_Comms_C2.csv,580,I-51,22.39366484,104.0,4.0,0.0,0.0,0.0,0.0,,elevator
Comms,C2,PL_Comms_C2.csv,581,J-51,22.59372092,114.0,4.0,0.0,0.0,0.0,0.0,,elevator
Comms,C2,PL_Comms_C2.csv,582,K-51,22.83585394,115.0,6.0,0.0,0.0,0.0,0.0,,elevator
Comms,C2,PL_Comms_C2.csv,583,L-51,23.11874186,108.0,6.0,0.0,0.0,0.0,0.0,,elevator
Comms,C2,PL_Comms_C2.csv,584,M-51,23.44090922,117.0,7.0,0.0,0.0,0.0,0.0,,elevator
Comms,C2,PL_Comms_C2.csv,585,N-51,23.80076102,115.0,6.0,1.0,0.0,0.0,0.0,,elevator
Comms,C2,PL_Comms_C2.csv,586,O-51,24.19661598,123.0,7.0,0.0,0.0,0.0,0.0,,elevator
Comms,C2,PL_Comms_C2.csv,587,P-51,24.62673801,116.0,6.0,1.0,0.0,0.0,0.0,,elevator
Comms,C2,PL_Comms_C2.csv,588,A-52,23.37683094,122.0,6.0,0.0,0.0,0.0,0.0,,elevator
Comms,C2,PL_Comms_C2.csv,589,B-52,23.2266275,115.0,6.0,0.0,0.0,0.0,0.0,,elevator
Comms,C2,PL_Comms_C2.csv,590,C-52,23.11874186,122.0,6.0,0.0,0.0,0.0,0.0,,elevator
Comms,C2,PL_Comms_C2.csv,591,D-52,23.05376813,108.0,6.0,0.0,0.0,0.0,0.0,,elevator
Comms,C2,PL_Comms_C2.csv,592,E-52,23.03206949,114.0,6.0,0.0,0.0,0.0,0.0,,elevator
Comms,C2,PL_Comms_C2.csv,593,F-52,23.05376813,85.0,5.0,0.0,0.0,0.0,0.0,,elevator
Comms,C2,PL_Comms_C2.csv,594,G-52,23.11874186,91.0,3.0,0.0,0.0,0.0,0.0,,elevator
Comms,C2,PL_Comms_C2.csv,595,H-52,23.2266275,90.0,3.0,0.0,0.0,0.0,0.0,,elevator
Comms,C2,PL_Comms_C2.csv,596,J-52,23.56854312,119.0,3.0,1.0,0.0,0.0,0.0,,elevator
Comms,C2,PL_Comms_C2.csv,597,K-52,23.80076102,110.0,6.0,0.0,0.0,0.0,0.0,,elevator
Comms,C2,PL_Comms_C2.csv,598,L-52,24.07231241,111.0,6.0,0.0,0.0,0.0,0.0,,elevator
Comms,C2,PL_Comms_C2.csv,599,M-52,24.38188313,116.0,7.0,0.0,0.0,0.0,0.0,,elevator
Comms,C2,PL_Comms_C2.csv,600,N-52,24.72804531,106.0,7.0,0.0,0.0,0.0,0.0,,elevator
Comms,C2,PL_Comms_C2.csv,601,O-52,25.10928563,116.0,7.0,1.0,0.0,0.0,0.0,,elevator
Comms,C2,PL_Comms_C2.csv,602,P-52,25.5240323,117.0,6.0,1.0,0.0,0.0,0.0,,elevator
Comms,C2,PL_Comms_C2.csv,603,A-53,24.36136747,120.0,6.0,0.0,0.0,0.0,0.0,,elevator
Comms,C2,PL_Comms_C2.csv,604,B-53,24.21727121,116.0,6.0,0.0,0.0,0.0,0.0,,elevator
Comms,C2,PL_Comms_C2.csv,605,C-53,24.11381813,116.0,6.0,0.0,0.0,0.0,0.0,,elevator
Comms,C2,PL_Comms_C2.csv,606,D-53,24.0515327,117.0,6.0,0.0,0.0,0.0,0.0,,elevator
Comms,C2,PL_Comms_C2.csv,607,E-53,24.03073501,118.0,6.0,0.0,0.0,0.0,0.0,,elevator
Comms,C2,PL_Comms_C2.csv,608,F-53,24.0515327,86.0,5.0,0.0,0.0,0.0,0.0,,elevator
Comms,C2,PL_Comms_C2.csv,609,G-53,24.11381813,97.0,3.0,0.0,0.0,0.0,0.0,,elevator
Comms,C2,PL_Comms_C2.csv,610,H-53,24.21727121,94.0,3.0,0.0,0.0,0.0,0.0,,elevator
Comms,C2,PL_Comms_C2.csv,611,I-53,24.36136747,112.0,4.0,0.0,0.0,0.0,0.0,,elevator
Comms,C2,PL_Comms_C2.csv,612,J-53,24.54539112,111.0,4.0,0.0,0.0,0.0,0.0,,elevator
Comms,C2,PL_Comms_C2.csv,613,K-53,24.76845221,113.0,6.0,0.0,0.0,0.0,0.0,,elevator
Comms,C2,PL_Comms_C2.csv,614,L-53,25.02950709,111.0,6.0,0.0,0.0,0.0,0.0,,elevator
Comms,C2,PL_Comms_C2.csv,615,M-53,25.32738093,117.0,6.0,0.0,0.0,0.0,0.0,,elevator
Comms,C2,PL_Comms_C2.csv,616,N-53,25.66079159,113.0,6.0,1.0,0.0,0.0,0.0,,elevator
Comms,C2,PL_Comms_C2.csv,617,O-53,26.02837346,116.0,7.0,1.0,0.0,0.0,0.0,,elevator
Comms,C2,PL_Comms_C2.csv,618,P-53,26.42870078,112.0,7.0,0.0,0.0,0.0,0.0,,elevator
Comms,C2,PL_Comms_C2.csv,619,C-54,25.10928563,117.0,7.0,0.0,0.0,0.0,0.0,,elevator
Comms,C2,PL_Comms_C2.csv,620,D-54,25.04947554,111.0,7.0,0.0,0.0,0.0,0.0,,elevator
Comms,C2,PL_Comms_C2.csv,621,E-54,25.02950709,104.0,7.0,0.0,0.0,0.0,0.0,,elevator
Comms,C2,PL_Comms_C2.csv,622,F-54,25.04947554,89.0,5.0,0.0,0.0,0.0,0.0,,elevator
Comms,C2,PL_Comms_C2.csv,623,G-54,25.10928563,99.0,4.0,0.0,0.0,0.0,0.0,,elevator
Comms,C2,PL_Comms_C2.csv,624,H-54,25.20865377,91.0,3.0,0.0,0.0,0.0,0.0,,elevator
Comms,C2,PL_Comms_C2.csv,625,I-54,25.34711473,111.0,4.0,0.0,0.0,0.0,0.0,,elevator
Comms,C2,PL_Comms_C2.csv,626,J-54,25.5240323,109.0,4.0,0.0,0.0,0.0,0.0,,elevator
Comms,C2,PL_Comms_C2.csv,627,K-54,25.7386135,116.0,5.0,0.0,0.0,0.0,0.0,,elevator
Comms,C2,PL_Comms_C2.csv,628,N-54,26.59842524,118.0,7.0,0.0,0.0,0.0,0.0,,elevator
Comms,C2,PL_Comms_C2.csv,629,O-54,26.95322291,123.0,6.0,0.0,0.0,0.0,0.0,,elevator
Comms,C2,PL_Comms_C2.csv,630,A-55,26.33393675,117.0,7.0,0.0,0.0,0.0,0.0,,elevator
Comms,C2,PL_Comms_C2.csv,631,B-55,26.20069131,116.0,7.0,0.0,0.0,0.0,0.0,,elevator
Comms,C2,PL_Comms_C2.csv,632,C-55,26.1050996,121.0,7.0,0.0,0.0,0.0,0.0,,elevator
Comms,C2,PL_Comms_C2.csv,633,D-55,26.04757618,118.0,7.0,0.0,0.0,0.0,0.0,,elevator
Comms,C2,PL_Comms_C2.csv,634,E-55,26.02837346,115.0,7.0,0.0,0.0,0.0,0.0,,elevator
Comms,C2,PL_Comms_C2.csv,635,F-55,26.04757618,92.0,5.0,0.0,0.0,0.0,0.0,,elevator
Comms,C2,PL_Comms_C2.csv,636,G-55,26.1050996,94.0,4.0,0.0,0.0,0.0,0.0,,elevator
Comms,C2,PL_Comms_C2.csv,637,H-55,26.20069131,92.0,3.0,0.0,0.0,0.0,0.0,,elevator
Comms,C2,PL_Comms_C2.csv,638,I-55,26.33393675,110.0,4.0,0.0,0.0,0.0,0.0,,elevator
Comms,C2,PL_Comms_C2.csv,639,J-55,26.50426805,115.0,4.0,0.0,0.0,0.0,0.0,,elevator
Comms,C2,PL_Comms_C2.csv,640,K-55,26.71097574,110.0,3.0,0.0,0.0,0.0,0.0,,elevator
Comms,C2,PL_Comms_C2.csv,641,N-55,27.54044707,120.0,7.0,0.0,0.0,0.0,0.0,,elevator
Comms,C2,PL_Comms_C2.csv,642,O-55,27.88326066,116.0,6.0,1.0,0.0,0.0,0.0,,elevator
Comms,C2,PL_Comms_C2.csv,643,A-56,27.32171709,111.0,7.0,0.0,0.0,0.0,0.0,,elevator
Comms,C2,PL_Comms_C2.csv,644,B-56,27.19331214,114.0,7.0,0.0,0.0,0.0,0.0,,elevator
Comms,C2,PL_Comms_C2.csv,645,C-56,27.10122184,118.0,7.0,0.0,0.0,0.0,0.0,,elevator
Comms,C2,PL_Comms_C2.csv,646,D-56,27.04581714,112.0,7.0,0.0,0.0,0.0,0.0,,elevator
Comms,C2,PL_Comms_C2.csv,647,E-56,27.02732367,122.0,7.0,0.0,0.0,0.0,0.0,,elevator
Comms,C2,PL_Comms_C2.csv,648,F-56,27.04581714,92.0,5.0,0.0,0.0,0.0,0.0,,elevator
Comms,C2,PL_Comms_C2.csv,649,G-56,27.10122184,95.0,4.0,0.0,0.0,0.0,0.0,,elevator
Comms,C2,PL_Comms_C2.csv,650,H-56,27.19331214,94.0,3.0,0.0,0.0,0.0,0.0,,elevator
Comms,C2,PL_Comms_C2.csv,651,I-56,27.32171709,113.0,4.0,0.0,0.0,0.0,0.0,,elevator
Comms,C2,PL_Comms_C2.csv,652,J-56,27.48592776,122.0,4.0,0.0,0.0,0.0,0.0,,elevator
Comms,C2,PL_Comms_C2.csv,653,K-56,27.68530702,118.0,3.0,1.0,0.0,0.0,0.0,,elevator
Comms,C2,PL_Comms_C2.csv,654,O-56,28.8179844,122.0,7.0,0.0,0.0,0.0,0.0,,elevator
Comms,C2,PL_Comms_C2.csv,655,P-56,29.18006554,123.0,7.0,0.0,0.0,0.0,0.0,,elevator
Comms,C2,PL_Comms_C2.csv,656,A-57,28.31035544,122.0,7.0,0.0,0.0,0.0,0.0,,elevator
Comms,C2,PL_Comms_C2.csv,657,B-57,28.18645464,121.0,7.0,0.0,0.0,0.0,0.0,,elevator
Comms,C2,PL_Comms_C2.csv,658,C-57,28.09761956,119.0,7.0,0.0,0.0,0.0,0.0,,elevator
Comms,C2,PL_Comms_C2.csv,659,D-57,28.04418344,110.0,7.0,0.0,0.0,0.0,0.0,,elevator
Comms,C2,PL_Comms_C2.csv,660,E-57,28.02634876,108.0,7.0,0.0,0.0,0.0,0.0,,elevator
Comms,C2,PL_Comms_C2.csv,661,F-57,28.04418344,94.0,6.0,0.0,0.0,0.0,0.0,,elevator
Comms,C2,PL_Comms_C2.csv,662,G-57,28.09761956,96.0,4.0,0.0,0.0,0.0,0.0,,elevator
Comms,C2,PL_Comms_C2.csv,663,H-57,28.18645464,94.0,3.0,0.0,0.0,0.0,0.0,,elevator
Comms,C2,PL_Comms_C2.csv,664,I-57,28.31035544,110.0,4.0,0.0,0.0,0.0,0.0,,elevator
Comms,C2,PL_Comms_C2.csv,665,J-57,28.46886413,117.0,4.0,0.0,0.0,0.0,0.0,,elevator
Comms,C2,PL_Comms_C2.csv,666,K-57,28.66140654,113.0,4.0,0.0,0.0,0.0,0.0,,elevator
Comms,C2,PL_Comms_C2.csv,667,L-57,28.88730214,113.0,5.0,0.0,0.0,0.0,0.0,,elevator
Comms,C2,PL_Comms_C2.csv,668,N-57,29.43596822,123.0,6.0,0.0,0.0,0.0,0.0,,elevator
Comms,C2,PL_Comms_C2.csv,669,O-57,29.75695255,123.0,7.0,0.0,0.0,0.0,0.0,,elevator
Comms,C2,PL_Comms_C2.csv,670,P-57,30.10774361,119.0,7.0,0.0,0.0,0.0,0.0,,elevator
SSE,C1,PL_SSE_C1.csv,0,A-1,15.8113883,96.0,3.0,0.0,0.0,0.0,0.0,,elevator
SSE,C1,PL_SSE_C1.csv,1,B-1,15.0,92.0,2.0,0.0,0.0,0.0,0.0,,elevator
SSE,C1,PL_SSE_C1.csv,2,C-1,14.2126704,89.0,2.0,0.0,0.0,0.0,0.0,,elevator
SSE,C1,PL_SSE_C1.csv,3,D-1,13.45362405,89.0,2.0,1.0,0.0,0.0,0.0,,elevator
SSE,C1,PL_SSE_C1.csv,4,E-1,12.72792206,98.0,3.0,0.0,0.0,0.0,0.0,,elevator
SSE,C1,PL_SSE_C1.csv,5,F-1,12.04159458,86.0,3.0,1.0,0.0,0.0,0.0,,elevator
SSE,C1,PL_SSE_C1.csv,6,H-1,10.81665383,89.0,2.0,1.0,0.0,0.0,0.0,,elevator
SSE,C1,PL_SSE_C1.csv,7,I-1,10.29563014,94.0,2.0,0.0,0.0,0.0,0.0,,elevator
SSE,C1,PL_SSE_C1.csv,8,K-1,9.486832981,80.0,1.0,0.0,0.0,0.0,0.0,,elevator
SSE,C1,PL_SSE_C1.csv,9,L-1,9.219544457,71.0,1.0,0.0,0.0,0.0,0.0,,elevator
SSE,C1,PL_SSE_C1.csv,10,M-1,9.055385138,74.0,1.0,0.0,0.0,0.0,0.0,,elevator
SSE,C1,PL_SSE_C1.csv,11,N-1,9.0,71.0,1.0,0.0,0.0,0.0,0.0,,elevator
SSE,C1,PL_SSE_C1.csv,12,A-2,15.26433752,106.0,3.0,0.0,0.0,0.0,0.0,,elevator
SSE,C1,PL_SSE_C1.csv,13,B-2,14.4222051,96.0,3.0,0.0,0.0,0.0,0.0,,elevator
SSE,C1,PL_SSE_C1.csv,14,C-2,13.60147051,115.0,2.0,0.0,0.0,0.0,0.0,,elevator
SSE,C1,PL_SSE_C1.csv,15,D-2,12.80624847,91.0,2.0,1.0,0.0,0.0,0.0,,elevator
SSE,C1,PL_SSE_C1.csv,16,E-2,12.04159458,96.0,2.0,1.0,0.0,0.0,0.0,,elevator
SSE,C1,PL_SSE_C1.csv,17,F-2,11.3137085,82.0,2.0,0.0,0.0,0.0,0.0,,elevator
SSE,C1,PL_SSE_C1.csv,18,H-2,10.0,88.0,2.0,1.0,0.0,0.0,0.0,,elevator
SSE,C1,PL_SSE_C1.csv,19,I-2,9.433981132,91.0,2.0,0.0,0.0,0.0,0.0,,elevator
SSE,C1,PL_SSE_C1.csv,20,K-2,8.544003745,70.0,1.0,0.0,0.0,0.0,0.0,,elevator
SSE,C1,PL_SSE_C1.csv,21,L-2,8.246211251,76.0,1.0,0.0,0.0,0.0,0.0,,elevator
SSE,C1,PL_SSE_C1.csv,22,M-2,8.062257748,73.0,1.0,0.0,0.0,0.0,0.0,,elevator
SSE,C1,PL_SSE_C1.csv,23,N-2,8.0,67.0,1.0,0.0,0.0,0.0,0.0,,elevator
SSE,C1,PL_SSE_C1.csv,24,A-3,14.76482306,96.0,1.0,1.0,1.0,1.0,0.0,,elevator
SSE,C1,PL_SSE_C1.csv,25,B-3,13.89244399,92.0,1.0,1.0,0.0,1.0,0.0,,elevator
SSE,C1,PL_SSE_C1.csv,26,C-3,13.03840481,97.0,2.0,0.0,0.0,1.0,0.0,,elevator
SSE,C1,PL_SSE_C1.csv,27,D-3,12.20655562,94.0,2.0,0.0,0.0,1.0,0.0,,elevator
SSE,C1,PL_SSE_C1.csv,28,E-3,11.40175425,89.0,2.0,0.0,0.0,0.0,0.0,,elevator
SSE,C1,PL_SSE_C1.csv,29,F-3,10.63014581,86.0,1.0,0.0,0.0,0.0,0.0,,elevator
SSE,C1,PL_SSE_C1.csv,30,H-3,9.219544457,95.0,2.0,0.0,0.0,0.0,0.0,,elevator
SSE,C1,PL_SSE_C1.csv,31,I-3,8.602325267,89.0,2.0,0.0,0.0,0.0,0.0,,elevator
SSE,C1,PL_SSE_C1.csv,32,K-3,7.615773106,75.0,1.0,0.0,0.0,0.0,0.0,,elevator
SSE,C1,PL_SSE_C1.csv,33,L-3,7.280109889,72.0,1.0,0.0,0.0,0.0,0.0,,elevator
SSE,C1,PL_SSE_C1.csv,34,M-3,7.071067812,69.0,1.0,0.0,0.0,0.0,0.0,,elevator
SSE,C1,PL_SSE_C1.csv,35,N-3,7.0,71.0,1.0,0.0,0.0,0.0,0.0,,elevator
SSE,C1,PL_SSE_C1.csv,36,A-4,14.31782106,90.0,2.0,0.0,1.0,1.0,0.0,,elevator
SSE,C1,PL_SSE_C1.csv,37,B-4,13.41640786,97.0,2.0,0.0,1.0,1.0,0.0,,elevator
SSE,C1,PL_SSE_C1.csv,38,C-4,12.52996409,100.0,1.0,1.0,1.0,1.0,0.0,,elevator
SSE,C1,PL_SSE_C1.csv,39,D-4,11.66190379,98.0,1.0,1.0,1.0,1.0,0.0,,elevator
SSE,C1,PL_SSE_C1.csv,40,E-4,10.81665383,95.0,2.0,0.0,0.0,1.0,0.0,,elevator
SSE,C1,PL_SSE_C1.csv,41,F-4,10.0,85.0,1.0,0.0,0.0,0.0,0.0,,elevator
SSE,C1,PL_SSE_C1.csv,42,G-4,9.219544457,81.0,1.0,0.0,0.0,0.0,0.0,,elevator
SSE,C1,PL_SSE_C1.csv,43,H-4,8.485281374,81.0,1.0,1.0,0.0,0.0,0.0,,elevator
SSE,C1,PL_SSE_C1.csv,44,I-4,7.810249676,97.0,2.0,0.0,0.0,0.0,0.0,,elevator
SSE,C1,PL_SSE_C1.csv,45,K-4,6.708203932,69.0,1.0,0.0,0.0,0.0,0.0,,elevator
SSE,C1,PL_SSE_C1.csv,46,L-4,6.32455532,71.0,1.0,0.0,0.0,0.0,0.0,,elevator
SSE,C1,PL_SSE_C1.csv,47,M-4,6.08276253,78.0,1.0,0.0,0.0,0.0,0.0,,elevator
SSE,C1,PL_SSE_C1.csv,48,N-4,6.0,75.0,1.0,0.0,0.0,0.0,0.0,,elevator
SSE,C1,PL_SSE_C1.csv,49,A-5,13.92838828,99.0,2.0,0.0,1.0,1.0,0.0,,elevator
SSE,C1,PL_SSE_C1.csv,50,B-5,13.0,97.0,2.0,0.0,1.0,1.0,0.0,,elevator
SSE,C1,PL_SSE_C1.csv,51,C-5,12.08304597,87.0,2.0,0.0,1.0,1.0,0.0,,elevator
SSE,C1,PL_SSE_C1.csv,52,D-5,11.18033989,98.0,2.0,0.0,1.0,1.0,0.0,,elevator
SSE,C1,PL_SSE_C1.csv,53,E-5,10.29563014,96.0,1.0,1.0,1.0,1.0,0.0,,elevator
SSE,C1,PL_SSE_C1.csv,54,F-5,9.433981132,83.0,1.0,0.0,0.0,1.0,0.0,,elevator
SSE,C1,PL_SSE_C1.csv,55,G-5,8.602325267,82.0,1.0,0.0,0.0,1.0,0.0,,elevator
SSE,C1,PL_SSE_C1.csv,56,H-5,7.810249676,79.0,1.0,0.0,0.0,0.0,0.0,,elevator
SSE,C1,PL_SSE_C1.csv,57,I-5,7.071067812,86.0,2.0,0.0,0.0,1.0,0.0,,elevator
SSE,C1,PL_SSE_C1.csv,58,K-5,5.830951895,80.0,1.0,0.0,0.0,0.0,0.0,,elevator
SSE,C1,PL_SSE_C1.csv,59,L-5,5.385164807,72.0,1.0,0.0,0.0,0.0,0.0,,elevator
SSE,C1,PL_SSE_C1.csv,60,M-5,5.099019514,72.0,1.0,0.0,0.0,0.0,0.0,,elevator
SSE,C1,PL_SSE_C1.csv,61,N-5,5.0,72.0,1.0,0.0,0.0,0.0,0.0,,elevator
SSE,C1,PL_SSE_C1.csv,62,A-6,13.60147051,96.0,1.0,0.0,1.0,2.0,0.0,,elevator
SSE,C1,PL_SSE_C1.csv,63,B-6,12.64911064,93.0,0.0,1.0,1.0,2.0,0.0,,elevator
SSE,C1,PL_SSE_C1.csv,64,C-6,11.70469991,90.0,1.0,0.0,2.0,1.0,0.0,,elevator
SSE,C1,PL_SSE_C1.csv,65,D-6,10.77032961,89.0,2.0,0.0,1.0,1.0,0.0,,elevator
SSE,C1,PL_SSE_C1.csv,66,E-6,9.848857802,92.0,2.0,0.0,1.0,1.0,0.0,,elevator
SSE,C1,PL_SSE_C1.csv,67,F-6,8.94427191,83.0,0.0,0.0,1.0,1.0,0.0,,elevator
SSE,C1,PL_SSE_C1.csv,68,G-6,8.062257748,84.0,0.0,0.0,1.0,1.0,0.0,,elevator
SSE,C1,PL_SSE_C1.csv,69,H-6,7.211102551,87.0,1.0,0.0,0.0,1.0,0.0,,elevator
SSE,C1,PL_SSE_C1.csv,70,I-6,6.403124237,81.0,1.0,0.0,0.0,0.0,0.0,,elevator
SSE,C1,PL_SSE_C1.csv,71,K-6,5.0,70.0,1.0,0.0,0.0,0.0,0.0,,elevator
SSE,C1,PL_SSE_C1.csv,72,L-6,4.472135955,74.0,1.0,0.0,0.0,0.0,0.0,,elevator
SSE,C1,PL_SSE_C1.csv,73,M-6,4.123105626,73.0,1.0,0.0,0.0,0.0,0.0,,elevator
SSE,C1,PL_SSE_C1.csv,74,N-6,4.0,67.0,1.0,0.0,0.0,0.0,0.0,,elevator
SSE,C1,PL_SSE_C1.csv,75,A-7,13.34166406,106.0,1.0,1.0,1.0,1.0,0.0,,elevator
SSE,C1,PL_SSE_C1.csv,76,B-7,12.36931688,105.0,1.0,1.0,1.0,1.0,0.0,,elevator
SSE,C1,PL_SSE_C1.csv,77,C-7,11.40175425,98.0,1.0,0.0,1.0,2.0,0.0,,elevator
SSE,C1,PL_SSE_C1.csv,78,D-7,10.44030651,101.0,1.0,0.0,1.0,2.0,0.0,,elevator
SSE,C1,PL_SSE_C1.csv,79,E-7,9.486832981,97.0,0.0,0.0,1.0,2.0,0.0,,elevator
SSE,C1,PL_SSE_C1.csv,80,H-7,6.708203932,80.0,0.0,0.0,1.0,1.0,0.0,,elevator
SSE,C1,PL_SSE_C1.csv,81,I-7,5.830951895,79.0,0.0,0.0,1.0,1.0,0.0,,elevator
SSE,C1,PL_SSE_C1.csv,82,K-7,4.242640687,81.0,1.0,0.0,0.0,0.0,0.0,,elevator
SSE,C1,PL_SSE_C1.csv,83,L-7,3.605551275,79.0,1.0,0.0,0.0,0.0,0.0,,elevator
SSE,C1,PL_SSE_C1.csv,84,M-7,3.16227766,71.0,1.0,0.0,0.0,0.0,0.0,,elevator
SSE,C1,PL_SSE_C1.csv,85,N-7,3.0,67.0,1.0,0.0,0.0,0.0,0.0,,elevator
SSE,C1,PL_SSE_C1.csv,86,D-8,10.19803903,77.0,0.0,1.0,1.0,2.0,0.0,,elevator
SSE,C1,PL_SSE_C1.csv,87,E-8,9.219544457,73.0,0.0,1.0,1.0,1.0,0.0,,elevator
SSE,C1,PL_SSE_C1.csv,88,F-8,8.246211251,80.0,0.0,0.0,1.0,2.0,0.0,,elevator
SSE,C1,PL_SSE_C1.csv,89,G-8,7.280109889,80.0,0.0,0.0,1.0,2.0,0.0,,elevator
SSE,C1,PL_SSE_C1.csv,90,H-8,6.32455532,73.0,0.0,0.0,1.0,2.0,0.0,,elevator
SSE,C1,PL_SSE_C1.csv,91,I-8,5.385164807,68.0,0.0,0.0,1.0,1.0,0.0,,elevator
SSE,C1,PL_SSE_C1.csv,92,J-8,4.472135955,70.0,0.0,0.0,1.0,1.0,0.0,,elevator
SSE,C1,PL_SSE_C1.csv,93,K-8,3.605551275,76.0,0.0,0.0,1.0,0.0,0.0,,elevator
SSE,C1,PL_SSE_C1.csv,94,L-8,2.828427125,61.0,0.0,0.0,0.0,0.0,0.0,,elevator
SSE,C1,PL_SSE_C1.csv,95,M-8,2.236067977,53.0,0.0,0.0,0.0,0.0,0.0,,elevator
SSE,C1,PL_SSE_C1.csv,96,N-8,2.0,63.0,0.0,0.0,0.0,0.0,0.0,,elevator
SSE,C1,PL_SSE_C1.csv,97,D-9,10.04987562,98.0,0.0,0.0,1.0,3.0,0.0,,elevator
SSE,C1,PL_SSE_C1.csv,98,E-9,9.055385138,89.0,0.0,1.0,1.0,2.0,0.0,,elevator
SSE,C1,PL_SSE_C1.csv,99,G-9,7.071067812,75.0,0.0,1.0,1.0,1.0,0.0,,elevator
SSE,C1,PL_SSE_C1.csv,100,L-9,2.236067977,60.0,0.0,0.0,0.0,0.0,0.0,,elevator
SSE,C1,PL_SSE_C1.csv,101,M-9,1.414213562,54.0,0.0,0.0,0.0,0.0,0.0,,elevator
SSE,C1,PL_SSE_C1.csv,102,N-9,1.0,52.0,0.0,0.0,0.0,0.0,0.0,,elevator
SSE,C1,PL_SSE_C1.csv,103,D-10,10.0,95.0,0.0,0.0,1.0,3.0,0.0,,elevator
SSE,C1,PL_SSE_C1.csv,104,E-10,9.0,90.0,0.0,0.0,1.0,3.0,0.0,,elevator
SSE,C1,PL_SSE_C1.csv,105,L-10,2.0,53.0,0.0,0.0,0.0,0.0,0.0,,elevator
SSE,C1,PL_SSE_C1.csv,106,M-10,1.0,53.0,0.0,0.0,0.0,0.0,0.0,,elevator
SSE,C2,PL_SSE_C2.csv,0,A-1,15.85800192,94.0,3.0,0.0,0.0,0.0,0.0,,elevator
SSE,C2,PL_SSE_C2.csv,1,B-1,15.04912705,109.0,2.0,0.0,0.0,0.0,0.0,,elevator
SSE,C2,PL_SSE_C2.csv,2,C-1,14.26450928,99.0,2.0,0.0,0.0,0.0,0.0,,elevator
SSE,C2,PL_SSE_C2.csv,3,D-1,13.50837611,95.0,2.0,1.0,0.0,0.0,0.0,,elevator
SSE,C2,PL_SSE_C2.csv,4,E-1,12.78578214,97.0,3.0,0.0,0.0,0.0,0.0,,elevator
SSE,C2,PL_SSE_C2.csv,5,F-1,12.10273626,93.0,3.0,1.0,0.0,0.0,0.0,,elevator
SSE,C2,PL_SSE_C2.csv,6,H-1,10.88467845,84.0,2.0,1.0,0.0,0.0,0.0,,elevator
SSE,C2,PL_SSE_C2.csv,7,I-1,10.36707408,86.0,2.0,0.0,0.0,0.0,0.0,,elevator
SSE,C2,PL_SSE_C2.csv,8,K-1,9.564320415,82.0,1.0,0.0,0.0,0.0,0.0,,elevator
SSE,C2,PL_SSE_C2.csv,9,L-1,9.299259379,79.0,1.0,0.0,0.0,0.0,0.0,,elevator
SSE,C2,PL_SSE_C2.csv,10,M-1,9.136532439,73.0,1.0,0.0,0.0,0.0,0.0,,elevator
SSE,C2,PL_SSE_C2.csv,11,N-1,9.081642197,85.0,1.0,0.0,0.0,0.0,0.0,,elevator
SSE,C2,PL_SSE_C2.csv,12,A-2,15.31261653,104.0,3.0,0.0,0.0,0.0,0.0,,elevator
SSE,C2,PL_SSE_C2.csv,13,B-2,14.47329351,102.0,3.0,0.0,0.0,0.0,0.0,,elevator
SSE,C2,PL_SSE_C2.csv,14,C-2,13.65562979,92.0,2.0,0.0,0.0,0.0,0.0,,elevator
SSE,C2,PL_SSE_C2.csv,15,D-2,12.86375626,102.0,2.0,1.0,0.0,0.0,0.0,,elevator
SSE,C2,PL_SSE_C2.csv,16,E-2,12.10273626,89.0,2.0,1.0,0.0,0.0,0.0,,elevator
SSE,C2,PL_SSE_C2.csv,17,F-2,11.37876202,91.0,2.0,0.0,0.0,0.0,0.0,,elevator
SSE,C2,PL_SSE_C2.csv,18,H-2,10.07354084,86.0,2.0,1.0,0.0,0.0,0.0,,elevator
SSE,C2,PL_SSE_C2.csv,19,I-2,9.511899127,93.0,2.0,0.0,0.0,0.0,0.0,,elevator
SSE,C2,PL_SSE_C2.csv,20,K-2,8.629960892,88.0,1.0,0.0,0.0,0.0,0.0,,elevator
SSE,C2,PL_SSE_C2.csv,21,L-2,8.335239949,83.0,1.0,0.0,0.0,0.0,0.0,,elevator
SSE,C2,PL_SSE_C2.csv,22,M-2,8.153295346,70.0,1.0,0.0,0.0,0.0,0.0,,elevator
SSE,C2,PL_SSE_C2.csv,23,N-2,8.09173807,87.0,1.0,0.0,0.0,0.0,0.0,,elevator
SSE,C2,PL_SSE_C2.csv,24,A-3,14.81473,98.0,1.0,1.0,1.0,1.0,0.0,,elevator
SSE,C2,PL_SSE_C2.csv,25,B-3,13.94547328,98.0,1.0,1.0,0.0,1.0,0.0,,elevator
SSE,C2,PL_SSE_C2.csv,26,C-3,13.09489309,97.0,2.0,0.0,0.0,1.0,0.0,,elevator
SSE,C2,PL_SSE_C2.csv,27,D-3,12.26687511,96.0,2.0,0.0,0.0,1.0,0.0,,elevator
SSE,C2,PL_SSE_C2.csv,28,E-3,11.46630826,96.0,2.0,0.0,0.0,0.0,0.0,,elevator
SSE,C2,PL_SSE_C2.csv,29,F-3,10.69935629,84.0,1.0,0.0,0.0,0.0,0.0,,elevator
SSE,C2,PL_SSE_C2.csv,30,H-3,9.299259379,90.0,2.0,0.0,0.0,0.0,0.0,,elevator
SSE,C2,PL_SSE_C2.csv,31,I-3,8.687705393,79.0,2.0,0.0,0.0,0.0,0.0,,elevator
SSE,C2,PL_SSE_C2.csv,32,K-3,7.712083052,80.0,1.0,0.0,0.0,0.0,0.0,,elevator
SSE,C2,PL_SSE_C2.csv,33,L-3,7.380801108,73.0,1.0,0.0,0.0,0.0,0.0,,elevator
SSE,C2,PL_SSE_C2.csv,34,M-3,7.174693373,68.0,1.0,0.0,0.0,0.0,0.0,,elevator
SSE,C2,PL_SSE_C2.csv,35,N-3,7.104662202,69.0,1.0,0.0,0.0,0.0,0.0,,elevator
SSE,C2,PL_SSE_C2.csv,36,A-4,14.3692806,102.0,2.0,0.0,1.0,1.0,0.0,,elevator
SSE,C2,PL_SSE_C2.csv,37,B-4,13.47131118,103.0,2.0,0.0,1.0,1.0,0.0,,elevator
SSE,C2,PL_SSE_C2.csv,38,C-4,12.58873405,96.0,1.0,1.0,1.0,1.0,0.0,,elevator
SSE,C2,PL_SSE_C2.csv,39,D-4,11.72502559,97.0,1.0,1.0,1.0,1.0,0.0,,elevator
SSE,C2,PL_SSE_C2.csv,40,E-4,10.88467845,95.0,2.0,0.0,0.0,1.0,0.0,,elevator
SSE,C2,PL_SSE_C2.csv,41,F-4,10.07354084,82.0,1.0,0.0,0.0,0.0,0.0,,elevator
SSE,C2,PL_SSE_C2.csv,42,G-4,9.299259379,76.0,1.0,0.0,0.0,0.0,0.0,,elevator
SSE,C2,PL_SSE_C2.csv,43,H-4,8.571827401,82.0,1.0,1.0,0.0,0.0,0.0,,elevator
SSE,C2,PL_SSE_C2.csv,44,I-4,7.904190344,82.0,2.0,0.0,0.0,0.0,0.0,,elevator
SSE,C2,PL_SSE_C2.csv,45,K-4,6.817347358,88.0,1.0,0.0,0.0,0.0,0.0,,elevator
SSE,C2,PL_SSE_C2.csv,46,L-4,6.440203801,73.0,1.0,0.0,0.0,0.0,0.0,,elevator
SSE,C2,PL_SSE_C2.csv,47,M-4,6.202920683,69.0,1.0,0.0,0.0,0.0,0.0,,elevator
SSE,C2,PL_SSE_C2.csv,48,N-4,6.121782829,74.0,1.0,0.0,0.0,0.0,0.0,,elevator
SSE,C2,PL_SSE_C2.csv,49,A-5,13.98128124,112.0,2.0,0.0,1.0,1.0,0.0,,elevator
SSE,C2,PL_SSE_C2.csv,50,B-5,13.05665443,100.0,2.0,0.0,1.0,1.0,0.0,,elevator
SSE,C2,PL_SSE_C2.csv,51,C-5,12.14397896,101.0,2.0,0.0,1.0,1.0,0.0,,elevator
SSE,C2,PL_SSE_C2.csv,52,D-5,11.2461649,98.0,2.0,0.0,1.0,1.0,0.0,,elevator
SSE,C2,PL_SSE_C2.csv,53,E-5,10.36707408,86.0,1.0,1.0,1.0,1.0,0.0,,elevator
SSE,C2,PL_SSE_C2.csv,54,F-5,9.511899127,86.0,1.0,0.0,0.0,1.0,0.0,,elevator
SSE,C2,PL_SSE_C2.csv,55,G-5,8.687705393,78.0,1.0,0.0,0.0,1.0,0.0,,elevator
SSE,C2,PL_SSE_C2.csv,56,H-5,7.904190344,80.0,1.0,0.0,0.0,0.0,0.0,,elevator
SSE,C2,PL_SSE_C2.csv,57,I-5,7.174693373,85.0,2.0,0.0,0.0,1.0,0.0,,elevator
SSE,C2,PL_SSE_C2.csv,58,K-5,5.956192156,83.0,1.0,0.0,0.0,0.0,0.0,,elevator
SSE,C2,PL_SSE_C2.csv,59,L-5,5.520527602,82.0,1.0,0.0,0.0,0.0,0.0,,elevator
SSE,C2,PL_SSE_C2.csv,60,M-5,5.241776893,77.0,1.0,0.0,0.0,0.0,0.0,,elevator
SSE,C2,PL_SSE_C2.csv,61,N-5,5.14550532,69.0,1.0,0.0,0.0,0.0,0.0,,elevator
SSE,C2,PL_SSE_C2.csv,62,A-6,13.65562979,106.0,1.0,0.0,1.0,2.0,0.0,,elevator
SSE,C2,PL_SSE_C2.csv,63,B-6,12.70732958,96.0,0.0,1.0,1.0,2.0,0.0,,elevator
SSE,C2,PL_SSE_C2.csv,64,C-6,11.76759215,95.0,1.0,0.0,2.0,1.0,0.0,,elevator
SSE,C2,PL_SSE_C2.csv,65,D-6,10.83864498,94.0,2.0,0.0,1.0,1.0,0.0,,elevator
SSE,C2,PL_SSE_C2.csv,66,E-6,9.923518781,93.0,2.0,0.0,1.0,1.0,0.0,,elevator
SSE,C2,PL_SSE_C2.csv,67,F-6,9.026418171,96.0,0.0,0.0,1.0,1.0,0.0,,elevator
SSE,C2,PL_SSE_C2.csv,68,G-6,8.153295346,87.0,0.0,0.0,1.0,1.0,0.0,,elevator
SSE,C2,PL_SSE_C2.csv,69,H-6,7.312744013,80.0,1.0,0.0,0.0,1.0,0.0,,elevator
SSE,C2,PL_SSE_C2.csv,70,I-6,6.517378691,78.0,1.0,0.0,0.0,0.0,0.0,,elevator
SSE,C2,PL_SSE_C2.csv,71,K-6,5.14550532,73.0,1.0,0.0,0.0,0.0,0.0,,elevator
SSE,C2,PL_SSE_C2.csv,72,L-6,4.634244814,70.0,1.0,0.0,0.0,0.0,0.0,,elevator
SSE,C2,PL_SSE_C2.csv,73,M-6,4.298397957,69.0,1.0,0.0,0.0,0.0,0.0,,elevator
SSE,C2,PL_SSE_C2.csv,74,N-6,4.180457511,72.0,1.0,0.0,0.0,0.0,0.0,,elevator
SSE,C2,PL_SSE_C2.csv,75,A-7,13.3968737,106.0,1.0,1.0,1.0,1.0,0.0,,elevator
SSE,C2,PL_SSE_C2.csv,76,B-7,12.42884649,107.0,1.0,1.0,1.0,1.0,0.0,,elevator
SSE,C2,PL_SSE_C2.csv,77,C-7,11.46630826,91.0,1.0,0.0,1.0,2.0,0.0,,elevator
SSE,C2,PL_SSE_C2.csv,78,D-7,10.5107671,92.0,1.0,0.0,1.0,2.0,0.0,,elevator
SSE,C2,PL_SSE_C2.csv,79,E-7,9.564320415,94.0,0.0,0.0,1.0,2.0,0.0,,elevator
SSE,C2,PL_SSE_C2.csv,80,H-7,6.817347358,83.0,0.0,0.0,1.0,1.0,0.0,,elevator
SSE,C2,PL_SSE_C2.csv,81,I-7,5.956192156,79.0,0.0,0.0,1.0,1.0,0.0,,elevator
SSE,C2,PL_SSE_C2.csv,82,K-7,4.413187623,80.0,1.0,0.0,0.0,0.0,0.0,,elevator
SSE,C2,PL_SSE_C2.csv,83,L-7,3.804763462,83.0,1.0,0.0,0.0,0.0,0.0,,elevator
SSE,C2,PL_SSE_C2.csv,84,M-7,3.387657745,80.0,1.0,0.0,0.0,0.0,0.0,,elevator
SSE,C2,PL_SSE_C2.csv,85,N-7,3.236699708,69.0,1.0,0.0,0.0,0.0,0.0,,elevator
SSE,C2,PL_SSE_C2.csv,86,D-8,10.27016188,80.0,0.0,1.0,1.0,2.0,0.0,,elevator
SSE,C2,PL_SSE_C2.csv,87,E-8,9.299259379,82.0,0.0,1.0,1.0,1.0,0.0,,elevator
SSE,C2,PL_SSE_C2.csv,88,F-8,8.335239949,88.0,0.0,0.0,1.0,2.0,0.0,,elevator
SSE,C2,PL_SSE_C2.csv,89,G-8,7.380801108,90.0,0.0,0.0,1.0,2.0,0.0,,elevator
SSE,C2,PL_SSE_C2.csv,90,H-8,6.440203801,80.0,0.0,0.0,1.0,2.0,0.0,,elevator
SSE,C2,PL_SSE_C2.csv,91,I-8,5.520527602,76.0,0.0,0.0,1.0,1.0,0.0,,elevator
SSE,C2,PL_SSE_C2.csv,92,J-8,4.634244814,86.0,0.0,0.0,1.0,1.0,0.0,,elevator
SSE,C2,PL_SSE_C2.csv,93,K-8,3.804763462,83.0,0.0,0.0,1.0,0.0,0.0,,elevator
SSE,C2,PL_SSE_C2.csv,94,L-8,3.078347771,73.0,0.0,0.0,0.0,0.0,0.0,,elevator
SSE,C2,PL_SSE_C2.csv,95,M-8,2.544842824,76.0,0.0,0.0,0.0,0.0,0.0,,elevator
SSE,C2,PL_SSE_C2.csv,96,N-8,2.340133543,66.0,0.0,0.0,0.0,0.0,0.0,,elevator
SSE,C2,PL_SSE_C2.csv,97,D-9,10.12305413,92.0,0.0,0.0,1.0,3.0,0.0,,elevator
SSE,C2,PL_SSE_C2.csv,98,E-9,9.136532439,93.0,0.0,1.0,1.0,2.0,0.0,,elevator
SSE,C2,PL_SSE_C2.csv,99,G-9,7.174693373,84.0,0.0,1.0,1.0,1.0,0.0,,elevator
SSE,C2,PL_SSE_C2.csv,100,L-9,2.544842824,74.0,0.0,0.0,0.0,0.0,0.0,,elevator
SSE,C2,PL_SSE_C2.csv,101,M-9,1.86446373,68.0,0.0,0.0,0.0,0.0,0.0,,elevator
SSE,C2,PL_SSE_C2.csv,102,N-9,1.573602555,65.0,0.0,0.0,0.0,0.0,0.0,,elevator
SSE,C2,PL_SSE_C2.csv,103,D-10,10.07354084,106.0,0.0,0.0,1.0,3.0,0.0,,elevator
SSE,C2,PL_SSE_C2.csv,104,E-10,9.081642197,91.0,0.0,0.0,1.0,3.0,0.0,,elevator
SSE,C2,PL_SSE_C2.csv,105,L-10,2.340133543,73.0,0.0,0.0,0.0,0.0,0.0,,elevator
SSE,C2,PL_SSE_C2.csv,106,M-10,1.573602555,70.0,0.0,0.0,0.0,0.0,0.0,,elevator
