scenario,config,source_file,coord,pl_db,p_rx_dbm,derived_pl_db,pl_minus_derived_db,consistent_with_received_power
Comms,C1,PL_Comms_C1.csv,E-1,122.0,-112.0,122.0,0.0,True
Comms,C1,PL_Comms_C1.csv,G-1,106.0,-96.0,106.0,0.0,True
Comms,C1,PL_Comms_C1.csv,I-1,100.0,-90.0,100.0,0.0,True
Comms,C1,PL_Comms_C1.csv,J-1,103.0,-93.0,103.0,0.0,True
Comms,C1,PL_Comms_C1.csv,K-1,109.0,-99.0,109.0,0.0,True
Comms,C1,PL_Comms_C1.csv,A-2,122.0,-112.0,122.0,0.0,True
Comms,C1,PL_Comms_C1.csv,E-2,122.0,-112.0,122.0,0.0,True
Comms,C1,PL_Comms_C1.csv,G-2,100.0,-90.0,100.0,0.0,True
Comms,C1,PL_Comms_C1.csv,H-2,101.0,-91.0,101.0,0.0,True
Comms,C1,PL_Comms_C1.csv,I-2,99.0,-89.0,99.0,0.0,True
Comms,C1,PL_Comms_C1.csv,J-2,103.0,-93.0,103.0,0.0,True
Comms,C1,PL_Comms_C1.csv,K-2,105.0,-95.0,105.0,0.0,True
Comms,C1,PL_Comms_C1.csv,E-3,108.0,-98.0,108.0,0.0,True
Comms,C1,PL_Comms_C1.csv,F-3,95.0,-85.0,95.0,0.0,True
Comms,C1,PL_Comms_C1.csv,G-3,100.0,-90.0,100.0,0.0,True
Comms,C1,PL_Comms_C1.csv,H-3,99.0,-89.0,99.0,0.0,True
Comms,C1,PL_Comms_C1.csv,I-3,96.0,-86.0,96.0,0.0,True
Comms,C1,PL_Comms_C1.csv,J-3,99.0,-89.0,99.0,0.0,True
Comms,C1,PL_Comms_C1.csv,K-3,106.0,-96.0,106.0,0.0,True
Comms,C1,PL_Comms_C1.csv,A-4,118.0,-108.0,118.0,0.0,True
Comms,C1,PL_Comms_C1.csv,E-4,109.0,-99.0,109.0,0.0,True
Comms,C1,PL_Comms_C1.csv,F-4,97.0,-87.0,97.0,0.0,True
Comms,C1,PL_Comms_C1.csv,G-4,93.0,-83.0,93.0,0.0,True
Comms,C1,PL_Comms_C1.csv,H-4,100.0,-90.0,100.0,0.0,True
Comms,C1,PL_Comms_C1.csv,I-4,115.0,-105.0,115.0,0.0,True
Comms,C1,PL_Comms_C1.csv,J-4,116.0,-106.0,116.0,0.0,True
Comms,C1,PL_Comms_C1.csv,K-4,103.0,-93.0,103.0,0.0,True
Comms,C1,PL_Comms_C1.csv,A-5,115.0,-105.0,115.0,0.0,True
Comms,C1,PL_Comms_C1.csv,B-5,115.0,-105.0,115.0,0.0,True
Comms,C1,PL_Comms_C1.csv,C-5,111.0,-101.0,111.0,0.0,True
Comms,C1,PL_Comms_C1.csv,D-5,116.0,-106.0,116.0,0.0,True
Comms,C1,PL_Comms_C1.csv,E-5,109.0,-99.0,109.0,0.0,True
Comms,C1,PL_Comms_C1.csv,F-5,93.0,-83.0,93.0,0.0,True
Comms,C1,PL_Comms_C1.csv,G-5,91.0,-81.0,91.0,0.0,True
Comms,C1,PL_Comms_C1.csv,H-5,86.0,-76.0,86.0,0.0,True
Comms,C1,PL_Comms_C1.csv,I-5,108.0,-98.0,108.0,0.0,True
Comms,C1,PL_Comms_C1.csv,J-5,101.0,-91.0,101.0,0.0,True
Comms,C1,PL_Comms_C1.csv,D-6,105.0,-95.0,105.0,0.0,True
Comms,C1,PL_Comms_C1.csv,E-6,110.0,-100.0,110.0,0.0,True
Comms,C1,PL_Comms_C1.csv,F-6,94.0,-84.0,94.0,0.0,True
Comms,C1,PL_Comms_C1.csv,G-6,90.0,-80.0,90.0,0.0,True
Comms,C1,PL_Comms_C1.csv,H-6,99.0,-89.0,99.0,0.0,True
Comms,C1,PL_Comms_C1.csv,I-6,109.0,-99.0,109.0,0.0,True
Comms,C1,PL_Comms_C1.csv,J-6,107.0,-97.0,107.0,0.0,True
Comms,C1,PL_Comms_C1.csv,A-7,117.0,-107.0,117.0,0.0,True
Comms,C1,PL_Comms_C1.csv,B-7,112.0,-102.0,112.0,0.0,True
Comms,C1,PL_Comms_C1.csv,C-7,111.0,-101.0,111.0,0.0,True
Comms,C1,PL_Comms_C1.csv,D-7,112.0,-102.0,112.0,0.0,True
Comms,C1,PL_Comms_C1.csv,E-7,112.0,-102.0,112.0,0.0,True
Comms,C1,PL_Comms_C1.csv,F-7,97.0,-87.0,97.0,0.0,True
Comms,C1,PL_Comms_C1.csv,G-7,88.0,-78.0,88.0,0.0,True
Comms,C1,PL_Comms_C1.csv,H-7,87.0,-77.0,87.0,0.0,True
Comms,C1,PL_Comms_C1.csv,I-7,94.0,-84.0,94.0,0.0,True
Comms,C1,PL_Comms_C1.csv,A-8,118.0,-108.0,118.0,0.0,True
Comms,C1,PL_Comms_C1.csv,B-8,112.0,-102.0,112.0,0.0,True
Comms,C1,PL_Comms_C1.csv,C-8,114.0,-104.0,114.0,0.0,True
Comms,C1,PL_Comms_C1.csv,D-8,112.0,-102.0,112.0,0.0,True
Comms,C1,PL_Comms_C1.csv,E-8,109.0,-99.0,109.0,0.0,True
Comms,C1,PL_Comms_C1.csv,F-8,85.0,-75.0,85.0,0.0,True
Comms,C1,PL_Comms_C1.csv,G-8,89.0,-79.0,89.0,0.0,True
Comms,C1,PL_Comms_C1.csv,H-8,87.0,-77.0,87.0,0.0,True
Comms,C1,PL_Comms_C1.csv,I-8,98.0,-88.0,98.0,0.0,True
Comms,C1,PL_Comms_C1.csv,J-8,107.0,-97.0,107.0,0.0,True
Comms,C1,PL_Comms_C1.csv,F-9,96.0,-86.0,96.0,0.0,True
Comms,C1,PL_Comms_C1.csv,G-9,89.0,-79.0,89.0,0.0,True
Comms,C1,PL_Comms_C1.csv,H-9,93.0,-83.0,93.0,0.0,True
Comms,C1,PL_Comms_C1.csv,A-10,110.0,-100.0,110.0,0.0,True
Comms,C1,PL_Comms_C1.csv,B-10,104.0,-94.0,104.0,0.0,True
Comms,C1,PL_Comms_C1.csv,C-10,103.0,-93.0,103.0,0.0,True
Comms,C1,PL_Comms_C1.csv,D-10,106.0,-96.0,106.0,0.0,True
Comms,C1,PL_Comms_C1.csv,E-10,103.0,-93.0,103.0,0.0,True
Comms,C1,PL_Comms_C1.csv,F-10,90.0,-80.0,90.0,0.0,True
Comms,C1,PL_Comms_C1.csv,G-10,88.0,-78.0,88.0,0.0,True
Comms,C1,PL_Comms_C1.csv,H-10,83.0,-73.0,83.0,0.0,True
Comms,C1,PL_Comms_C1.csv,I-10,118.0,-108.0,118.0,0.0,True
Comms,C1,PL_Comms_C1.csv,J-10,102.0,-92.0,102.0,0.0,True
Comms,C1,PL_Comms_C1.csv,K-10,104.0,-94.0,104.0,0.0,True
Comms,C1,PL_Comms_C1.csv,L-10,96.0,-86.0,96.0,0.0,True
Comms,C1,PL_Comms_C1.csv,M-10,101.0,-91.0,101.0,0.0,True
Comms,C1,PL_Comms_C1.csv,N-10,107.0,-97.0,107.0,0.0,True
Comms,C1,PL_Comms_C1.csv,O-10,107.0,-97.0,107.0,0.0,True
Comms,C1,PL_Comms_C1.csv,P-10,112.0,-102.0,112.0,0.0,True
Comms,C1,PL_Comms_C1.csv,A-11,105.0,-95.0,105.0,0.0,True
Comms,C1,PL_Comms_C1.csv,B-11,108.0,-98.0,108.0,0.0,True
Comms,C1,PL_Comms_C1.csv,C-11,104.0,-94.0,104.0,0.0,True
Comms,C1,PL_Comms_C1.csv,D-11,106.0,-96.0,106.0,0.0,True
Comms,C1,PL_Comms_C1.csv,E-11,99.0,-89.0,99.0,0.0,True
Comms,C1,PL_Comms_C1.csv,F-11,85.0,-75.0,85.0,0.0,True
Comms,C1,PL_Comms_C1.csv,G-11,84.0,-74.0,84.0,0.0,True
Comms,C1,PL_Comms_C1.csv,H-11,84.0,-74.0,84.0,0.0,True
Comms,C1,PL_Comms_C1.csv,I-11,104.0,-94.0,104.0,0.0,True
Comms,C1,PL_Comms_C1.csv,J-11,102.0,-92.0,102.0,0.0,True
Comms,C1,PL_Comms_C1.csv,K-11,101.0,-91.0,101.0,0.0,True
Comms,C1,PL_Comms_C1.csv,L-11,97.0,-87.0,97.0,0.0,True
Comms,C1,PL_Comms_C1.csv,M-11,103.0,-93.0,103.0,0.0,True
Comms,C1,PL_Comms_C1.csv,N-11,109.0,-99.0,109.0,0.0,True
Comms,C1,PL_Comms_C1.csv,O-11,114.0,-104.0,114.0,0.0,True
Comms,C1,PL_Comms_C1.csv,P-11,116.0,-106.0,116.0,0.0,True
Comms,C1,PL_Comms_C1.csv,A-12,116.0,-106.0,116.0,0.0,True
Comms,C1,PL_Comms_C1.csv,B-12,114.0,-104.0,114.0,0.0,True
Comms,C1,PL_Comms_C1.csv,C-12,109.0,-99.0,109.0,0.0,True
Comms,C1,PL_Comms_C1.csv,D-12,102.0,-92.0,102.0,0.0,True
Comms,C1,PL_Comms_C1.csv,E-12,102.0,-92.0,102.0,0.0,True
Comms,C1,PL_Comms_C1.csv,F-12,98.0,-88.0,98.0,0.0,True
Comms,C1,PL_Comms_C1.csv,G-12,94.0,-84.0,94.0,0.0,True
Comms,C1,PL_Comms_C1.csv,H-12,88.0,-78.0,88.0,0.0,True
Comms,C1,PL_Comms_C1.csv,I-12,103.0,-93.0,103.0,0.0,True
Comms,C1,PL_Comms_C1.csv,J-12,108.0,-98.0,108.0,0.0,True
Comms,C1,PL_Comms_C1.csv,K-12,102.0,-92.0,102.0,0.0,True
Comms,C1,PL_Comms_C1.csv,M-12,113.0,-103.0,113.0,0.0,True
Comms,C1,PL_Comms_C1.csv,N-12,102.0,-92.0,102.0,0.0,True
Comms,C1,PL_Comms_C1.csv,O-12,111.0,-101.0,111.0,0.0,True
Comms,C1,PL_Comms_C1.csv,P-12,104.0,-94.0,104.0,0.0,True
Comms,C1,PL_Comms_C1.csv,A-13,92.0,-82.0,92.0,0.0,True
Comms,C1,PL_Comms_C1.csv,B-13,94.0,-84.0,94.0,0.0,True
Comms,C1,PL_Comms_C1.csv,C-13,94.0,-84.0,94.0,0.0,True
Comms,C1,PL_Comms_C1.csv,D-13,97.0,-87.0,97.0,0.0,True
Comms,C1,PL_Comms_C1.csv,E-13,95.0,-85.0,95.0,0.0,True
Comms,C1,PL_Comms_C1.csv,F-13,87.0,-77.0,87.0,0.0,True
Comms,C1,PL_Comms_C1.csv,G-13,91.0,-81.0,91.0,0.0,True
Comms,C1,PL_Comms_C1.csv,H-13,85.0,-75.0,85.0,0.0,True
Comms,C1,PL_Comms_C1.csv,I-13,106.0,-96.0,106.0,0.0,True
Comms,C1,PL_Comms_C1.csv,J-13,99.0,-89.0,99.0,0.0,True
Comms,C1,PL_Comms_C1.csv,L-13,100.0,-90.0,100.0,0.0,True
Comms,C1,PL_Comms_C1.csv,M-13,115.0,-105.0,115.0,0.0,True
Comms,C1,PL_Comms_C1.csv,N-13,109.0,-99.0,109.0,0.0,True
Comms,C1,PL_Comms_C1.csv,P-13,113.0,-103.0,113.0,0.0,True
Comms,C1,PL_Comms_C1.csv,A-14,93.0,-83.0,93.0,0.0,True
Comms,C1,PL_Comms_C1.csv,B-14,98.0,-88.0,98.0,0.0,True
Comms,C1,PL_Comms_C1.csv,C-14,95.0,-85.0,95.0,0.0,True
Comms,C1,PL_Comms_C1.csv,D-14,99.0,-89.0,99.0,0.0,True
Comms,C1,PL_Comms_C1.csv,E-14,93.0,-83.0,93.0,0.0,True
Comms,C1,PL_Comms_C1.csv,F-14,86.0,-76.0,86.0,0.0,True
Comms,C1,PL_Comms_C1.csv,G-14,85.0,-75.0,85.0,0.0,True
Comms,C1,PL_Comms_C1.csv,H-14,97.0,-87.0,97.0,0.0,True
Comms,C1,PL_Comms_C1.csv,I-14,97.0,-87.0,97.0,0.0,True
Comms,C1,PL_Comms_C1.csv,J-14,97.0,-87.0,97.0,0.0,True
Comms,C1,PL_Comms_C1.csv,L-14,99.0,-89.0,99.0,0.0,True
Comms,C1,PL_Comms_C1.csv,A-15,90.0,-80.0,90.0,0.0,True
Comms,C1,PL_Comms_C1.csv,B-15,99.0,-89.0,99.0,0.0,True
Comms,C1,PL_Comms_C1.csv,C-15,96.0,-86.0,96.0,0.0,True
Comms,C1,PL_Comms_C1.csv,D-15,95.0,-85.0,95.0,0.0,True
Comms,C1,PL_Comms_C1.csv,E-15,98.0,-88.0,98.0,0.0,True
Comms,C1,PL_Comms_C1.csv,F-15,84.0,-74.0,84.0,0.0,True
Comms,C1,PL_Comms_C1.csv,G-15,87.0,-77.0,87.0,0.0,True
Comms,C1,PL_Comms_C1.csv,H-15,86.0,-76.0,86.0,0.0,True
Comms,C1,PL_Comms_C1.csv,I-15,110.0,-100.0,110.0,0.0,True
Comms,C1,PL_Comms_C1.csv,J-15,109.0,-99.0,109.0,0.0,True
Comms,C1,PL_Comms_C1.csv,L-15,94.0,-84.0,94.0,0.0,True
Comms,C1,PL_Comms_C1.csv,A-16,93.0,-83.0,93.0,0.0,True
Comms,C1,PL_Comms_C1.csv,B-16,91.0,-81.0,91.0,0.0,True
Comms,C1,PL_Comms_C1.csv,C-16,91.0,-81.0,91.0,0.0,True
Comms,C1,PL_Comms_C1.csv,D-16,93.0,-83.0,93.0,0.0,True
Comms,C1,PL_Comms_C1.csv,E-16,88.0,-78.0,88.0,0.0,True
Comms,C1,PL_Comms_C1.csv,F-16,84.0,-74.0,84.0,0.0,True
Comms,C1,PL_Comms_C1.csv,G-16,89.0,-79.0,89.0,0.0,True
Comms,C1,PL_Comms_C1.csv,H-16,86.0,-76.0,86.0,0.0,True
Comms,C1,PL_Comms_C1.csv,I-16,88.0,-78.0,88.0,0.0,True
Comms,C1,PL_Comms_C1.csv,J-16,92.0,-82.0,92.0,0.0,True
Comms,C1,PL_Comms_C1.csv,A-17,92.0,-82.0,92.0,0.0,True
Comms,C1,PL_Comms_C1.csv,B-17,91.0,-81.0,91.0,0.0,True
Comms,C1,PL_Comms_C1.csv,C-17,95.0,-85.0,95.0,0.0,True
Comms,C1,PL_Comms_C1.csv,D-17,92.0,-82.0,92.0,0.0,True
Comms,C1,PL_Comms_C1.csv,E-17,93.0,-83.0,93.0,0.0,True
Comms,C1,PL_Comms_C1.csv,F-17,87.0,-77.0,87.0,0.0,True
Comms,C1,PL_Comms_C1.csv,G-17,92.0,-82.0,92.0,0.0,True
Comms,C1,PL_Comms_C1.csv,H-17,85.0,-75.0,85.0,0.0,True
Comms,C1,PL_Comms_C1.csv,I-17,104.0,-94.0,104.0,0.0,True
Comms,C1,PL_Comms_C1.csv,J-17,92.0,-82.0,92.0,0.0,True
Comms,C1,PL_Comms_C1.csv,K-17,88.0,-78.0,88.0,0.0,True
Comms,C1,PL_Comms_C1.csv,M-17,85.0,-75.0,85.0,0.0,True
Comms,C1,PL_Comms_C1.csv,N-17,97.0,-87.0,97.0,0.0,True
Comms,C1,PL_Comms_C1.csv,O-17,86.0,-76.0,86.0,0.0,True
Comms,C1,PL_Comms_C1.csv,P-17,82.0,-72.0,82.0,0.0,True
Comms,C1,PL_Comms_C1.csv,A-18,90.0,-80.0,90.0,0.0,True
Comms,C1,PL_Comms_C1.csv,B-18,94.0,-84.0,94.0,0.0,True
Comms,C1,PL_Comms_C1.csv,C-18,89.0,-79.0,89.0,0.0,True
Comms,C1,PL_Comms_C1.csv,D-18,93.0,-83.0,93.0,0.0,True
Comms,C1,PL_Comms_C1.csv,E-18,96.0,-86.0,96.0,0.0,True
Comms,C1,PL_Comms_C1.csv,F-18,90.0,-80.0,90.0,0.0,True
Comms,C1,PL_Comms_C1.csv,G-18,78.0,-68.0,78.0,0.0,True
Comms,C1,PL_Comms_C1.csv,H-18,86.0,-76.0,86.0,0.0,True
Comms,C1,PL_Comms_C1.csv,I-18,93.0,-83.0,93.0,0.0,True
Comms,C1,PL_Comms_C1.csv,J-18,91.0,-81.0,91.0,0.0,True
Comms,C1,PL_Comms_C1.csv,K-18,99.0,-89.0,99.0,0.0,True
Comms,C1,PL_Comms_C1.csv,L-18,88.0,-78.0,88.0,0.0,True
Comms,C1,PL_Comms_C1.csv,M-18,85.0,-75.0,85.0,0.0,True
Comms,C1,PL_Comms_C1.csv,N-18,90.0,-80.0,90.0,0.0,True
Comms,C1,PL_Comms_C1.csv,O-18,94.0,-84.0,94.0,0.0,True
Comms,C1,PL_Comms_C1.csv,C-19,85.0,-75.0,85.0,0.0,True
Comms,C1,PL_Comms_C1.csv,D-19,88.0,-78.0,88.0,0.0,True
Comms,C1,PL_Comms_C1.csv,E-19,82.0,-72.0,82.0,0.0,True
Comms,C1,PL_Comms_C1.csv,F-19,80.0,-70.0,80.0,0.0,True
Comms,C1,PL_Comms_C1.csv,G-19,89.0,-79.0,89.0,0.0,True
Comms,C1,PL_Comms_C1.csv,H-19,78.0,-68.0,78.0,0.0,True
Comms,C1,PL_Comms_C1.csv,I-19,99.0,-89.0,99.0,0.0,True
Comms,C1,PL_Comms_C1.csv,J-19,90.0,-80.0,90.0,0.0,True
Comms,C1,PL_Comms_C1.csv,K-19,88.0,-78.0,88.0,0.0,True
Comms,C1,PL_Comms_C1.csv,L-19,84.0,-74.0,84.0,0.0,True
Comms,C1,PL_Comms_C1.csv,M-19,97.0,-87.0,97.0,0.0,True
Comms,C1,PL_Comms_C1.csv,N-19,92.0,-82.0,92.0,0.0,True
Comms,C1,PL_Comms_C1.csv,O-19,88.0,-78.0,88.0,0.0,True
Comms,C1,PL_Comms_C1.csv,A-20,87.0,-77.0,87.0,0.0,True
Comms,C1,PL_Comms_C1.csv,B-20,93.0,-83.0,93.0,0.0,True
Comms,C1,PL_Comms_C1.csv,C-20,88.0,-78.0,88.0,0.0,True
Comms,C1,PL_Comms_C1.csv,D-20,89.0,-79.0,89.0,0.0,True
Comms,C1,PL_Comms_C1.csv,E-20,98.0,-88.0,98.0,0.0,True
Comms,C1,PL_Comms_C1.csv,F-20,85.0,-75.0,85.0,0.0,True
Comms,C1,PL_Comms_C1.csv,G-20,82.0,-72.0,82.0,0.0,True
Comms,C1,PL_Comms_C1.csv,H-20,83.0,-73.0,83.0,0.0,True
Comms,C1,PL_Comms_C1.csv,I-20,92.0,-82.0,92.0,0.0,True
Comms,C1,PL_Comms_C1.csv,J-20,96.0,-86.0,96.0,0.0,True
Comms,C1,PL_Comms_C1.csv,K-20,88.0,-78.0,88.0,0.0,True
Comms,C1,PL_Comms_C1.csv,L-20,84.0,-74.0,84.0,0.0,True
Comms,C1,PL_Comms_C1.csv,M-20,87.0,-77.0,87.0,0.0,True
Comms,C1,PL_Comms_C1.csv,N-20,97.0,-87.0,97.0,0.0,True
Comms,C1,PL_Comms_C1.csv,O-20,94.0,-84.0,94.0,0.0,True
Comms,C1,PL_Comms_C1.csv,A-21,83.0,-73.0,83.0,0.0,True
Comms,C1,PL_Comms_C1.csv,B-21,84.0,-74.0,84.0,0.0,True
Comms,C1,PL_Comms_C1.csv,C-21,83.0,-73.0,83.0,0.0,True
Comms,C1,PL_Comms_C1.csv,D-21,98.0,-88.0,98.0,0.0,True
Comms,C1,PL_Comms_C1.csv,E-21,89.0,-79.0,89.0,0.0,True
Comms,C1,PL_Comms_C1.csv,F-21,74.0,-64.0,74.0,0.0,True
Comms,C1,PL_Comms_C1.csv,G-21,77.0,-67.0,77.0,0.0,True
Comms,C1,PL_Comms_C1.csv,H-21,80.0,-70.0,80.0,0.0,True
Comms,C1,PL_Comms_C1.csv,I-21,87.0,-77.0,87.0,0.0,True
Comms,C1,PL_Comms_C1.csv,J-21,81.0,-71.0,81.0,0.0,True
Comms,C1,PL_Comms_C1.csv,K-21,76.0,-66.0,76.0,0.0,True
Comms,C1,PL_Comms_C1.csv,L-21,95.0,-85.0,95.0,0.0,True
Comms,C1,PL_Comms_C1.csv,M-21,83.0,-73.0,83.0,0.0,True
Comms,C1,PL_Comms_C1.csv,N-21,98.0,-88.0,98.0,0.0,True
Comms,C1,PL_Comms_C1.csv,O-21,94.0,-84.0,94.0,0.0,True
Comms,C1,PL_Comms_C1.csv,B-22,92.0,-82.0,92.0,0.0,True
Comms,C1,PL_Comms_C1.csv,C-22,87.0,-77.0,87.0,0.0,True
Comms,C1,PL_Comms_C1.csv,D-22,83.0,-73.0,83.0,0.0,True
Comms,C1,PL_Comms_C1.csv,E-22,87.0,-77.0,87.0,0.0,True
Comms,C1,PL_Comms_C1.csv,F-22,77.0,-67.0,77.0,0.0,True
Comms,C1,PL_Comms_C1.csv,G-22,79.0,-69.0,79.0,0.0,True
Comms,C1,PL_Comms_C1.csv,H-22,75.0,-65.0,75.0,0.0,True
Comms,C1,PL_Comms_C1.csv,I-22,88.0,-78.0,88.0,0.0,True
Comms,C1,PL_Comms_C1.csv,J-22,78.0,-68.0,78.0,0.0,True
Comms,C1,PL_Comms_C1.csv,K-22,91.0,-81.0,91.0,0.0,True
Comms,C1,PL_Comms_C1.csv,L-22,79.0,-69.0,79.0,0.0,True
Comms,C1,PL_Comms_C1.csv,M-22,98.0,-88.0,98.0,0.0,True
Comms,C1,PL_Comms_C1.csv,N-22,87.0,-77.0,87.0,0.0,True
Comms,C1,PL_Comms_C1.csv,O-22,90.0,-80.0,90.0,0.0,True
Comms,C1,PL_Comms_C1.csv,A-23,73.0,-63.0,73.0,0.0,True
Comms,C1,PL_Comms_C1.csv,B-23,68.0,-58.0,68.0,0.0,True
Comms,C1,PL_Comms_C1.csv,C-23,80.0,-70.0,80.0,0.0,True
Comms,C1,PL_Comms_C1.csv,D-23,74.0,-64.0,74.0,0.0,True
Comms,C1,PL_Comms_C1.csv,E-23,77.0,-67.0,77.0,0.0,True
Comms,C1,PL_Comms_C1.csv,F-23,79.0,-69.0,79.0,0.0,True
Comms,C1,PL_Comms_C1.csv,G-23,68.0,-58.0,68.0,0.0,True
Comms,C1,PL_Comms_C1.csv,H-23,78.0,-68.0,78.0,0.0,True
Comms,C1,PL_Comms_C1.csv,I-23,82.0,-72.0,82.0,0.0,True
Comms,C1,PL_Comms_C1.csv,J-23,94.0,-84.0,94.0,0.0,True
Comms,C1,PL_Comms_C1.csv,K-23,90.0,-80.0,90.0,0.0,True
Comms,C1,PL_Comms_C1.csv,L-23,85.0,-75.0,85.0,0.0,True
Comms,C1,PL_Comms_C1.csv,M-23,98.0,-88.0,98.0,0.0,True
Comms,C1,PL_Comms_C1.csv,N-23,89.0,-79.0,89.0,0.0,True
Comms,C1,PL_Comms_C1.csv,O-23,96.0,-86.0,96.0,0.0,True
Comms,C1,PL_Comms_C1.csv,P-23,91.0,-81.0,91.0,0.0,True
Comms,C1,PL_Comms_C1.csv,A-24,87.0,-77.0,87.0,0.0,True
Comms,C1,PL_Comms_C1.csv,B-24,80.0,-70.0,80.0,0.0,True
Comms,C1,PL_Comms_C1.csv,C-24,72.0,-62.0,72.0,0.0,True
Comms,C1,PL_Comms_C1.csv,D-24,84.0,-74.0,84.0,0.0,True
Comms,C1,PL_Comms_C1.csv,E-24,67.0,-57.0,67.0,0.0,True
Comms,C1,PL_Comms_C1.csv,F-24,78.0,-68.0,78.0,0.0,True
Comms,C1,PL_Comms_C1.csv,G-24,76.0,-66.0,76.0,0.0,True
Comms,C1,PL_Comms_C1.csv,H-24,71.0,-61.0,71.0,0.0,True
Comms,C1,PL_Comms_C1.csv,I-24,80.0,-70.0,80.0,0.0,True
Comms,C1,PL_Comms_C1.csv,J-24,77.0,-67.0,77.0,0.0,True
Comms,C1,PL_Comms_C1.csv,K-24,88.0,-78.0,88.0,0.0,True
Comms,C1,PL_Comms_C1.csv,L-24,90.0,-80.0,90.0,0.0,True
Comms,C1,PL_Comms_C1.csv,M-24,98.0,-88.0,98.0,0.0,True
Comms,C1,PL_Comms_C1.csv,N-24,90.0,-80.0,90.0,0.0,True
Comms,C1,PL_Comms_C1.csv,O-24,90.0,-80.0,90.0,0.0,True
Comms,C1,PL_Comms_C1.csv,P-24,96.0,-86.0,96.0,0.0,True
Comms,C1,PL_Comms_C1.csv,A-25,76.0,-66.0,76.0,0.0,True
Comms,C1,PL_Comms_C1.csv,B-25,76.0,-66.0,76.0,0.0,True
Comms,C1,PL_Comms_C1.csv,C-25,70.0,-60.0,70.0,0.0,True
Comms,C1,PL_Comms_C1.csv,D-25,75.0,-65.0,75.0,0.0,True
Comms,C1,PL_Comms_C1.csv,E-25,75.0,-65.0,75.0,0.0,True
Comms,C1,PL_Comms_C1.csv,F-25,76.0,-66.0,76.0,0.0,True
Comms,C1,PL_Comms_C1.csv,G-25,81.0,-71.0,81.0,0.0,True
Comms,C1,PL_Comms_C1.csv,H-25,80.0,-70.0,80.0,0.0,True
Comms,C1,PL_Comms_C1.csv,J-25,80.0,-70.0,80.0,0.0,True
Comms,C1,PL_Comms_C1.csv,K-25,97.0,-87.0,97.0,0.0,True
Comms,C1,PL_Comms_C1.csv,L-25,83.0,-73.0,83.0,0.0,True
Comms,C1,PL_Comms_C1.csv,M-25,87.0,-77.0,87.0,0.0,True
Comms,C1,PL_Comms_C1.csv,N-25,84.0,-74.0,84.0,0.0,True
Comms,C1,PL_Comms_C1.csv,O-25,85.0,-75.0,85.0,0.0,True
Comms,C1,PL_Comms_C1.csv,P-25,91.0,-81.0,91.0,0.0,True
Comms,C1,PL_Comms_C1.csv,F-26,74.0,-64.0,74.0,0.0,True
Comms,C1,PL_Comms_C1.csv,G-26,68.0,-58.0,68.0,0.0,True
Comms,C1,PL_Comms_C1.csv,H-26,68.0,-58.0,68.0,0.0,True
Comms,C1,PL_Comms_C1.csv,K-26,85.0,-75.0,85.0,0.0,True
Comms,C1,PL_Comms_C1.csv,L-26,92.0,-82.0,92.0,0.0,True
Comms,C1,PL_Comms_C1.csv,O-26,95.0,-85.0,95.0,0.0,True
Comms,C1,PL_Comms_C1.csv,P-26,92.0,-82.0,92.0,0.0,True
Comms,C1,PL_Comms_C1.csv,A-27,67.0,-57.0,67.0,0.0,True
Comms,C1,PL_Comms_C1.csv,B-27,63.0,-53.0,63.0,0.0,True
Comms,C1,PL_Comms_C1.csv,C-27,68.0,-58.0,68.0,0.0,True
Comms,C1,PL_Comms_C1.csv,D-27,60.0,-50.0,60.0,0.0,True
Comms,C1,PL_Comms_C1.csv,E-27,57.0,-47.0,57.0,0.0,True
Comms,C1,PL_Comms_C1.csv,F-27,76.0,-66.0,76.0,0.0,True
Comms,C1,PL_Comms_C1.csv,G-27,77.0,-67.0,77.0,0.0,True
Comms,C1,PL_Comms_C1.csv,H-27,70.0,-60.0,70.0,0.0,True
Comms,C1,PL_Comms_C1.csv,I-27,75.0,-65.0,75.0,0.0,True
Comms,C1,PL_Comms_C1.csv,J-27,72.0,-62.0,72.0,0.0,True
Comms,C1,PL_Comms_C1.csv,L-27,76.0,-66.0,76.0,0.0,True
Comms,C1,PL_Comms_C1.csv,M-27,76.0,-66.0,76.0,0.0,True
Comms,C1,PL_Comms_C1.csv,N-27,82.0,-72.0,82.0,0.0,True
Comms,C1,PL_Comms_C1.csv,O-27,78.0,-68.0,78.0,0.0,True
Comms,C1,PL_Comms_C1.csv,A-28,66.0,-56.0,66.0,0.0,True
Comms,C1,PL_Comms_C1.csv,B-28,61.0,-51.0,61.0,0.0,True
Comms,C1,PL_Comms_C1.csv,C-28,65.0,-55.0,65.0,0.0,True
Comms,C1,PL_Comms_C1.csv,D-28,56.0,-46.0,56.0,0.0,True
Comms,C1,PL_Comms_C1.csv,E-28,53.0,-43.0,53.0,0.0,True
Comms,C1,PL_Comms_C1.csv,F-28,57.0,-47.0,57.0,0.0,True
Comms,C1,PL_Comms_C1.csv,G-28,62.0,-52.0,62.0,0.0,True
Comms,C1,PL_Comms_C1.csv,H-28,71.0,-61.0,71.0,0.0,True
Comms,C1,PL_Comms_C1.csv,J-28,67.0,-57.0,67.0,0.0,True
Comms,C1,PL_Comms_C1.csv,K-28,79.0,-69.0,79.0,0.0,True
Comms,C1,PL_Comms_C1.csv,L-28,82.0,-72.0,82.0,0.0,True
Comms,C1,PL_Comms_C1.csv,M-28,76.0,-66.0,76.0,0.0,True
Comms,C1,PL_Comms_C1.csv,N-28,78.0,-68.0,78.0,0.0,True
Comms,C1,PL_Comms_C1.csv,O-28,82.0,-72.0,82.0,0.0,True
Comms,C1,PL_Comms_C1.csv,A-29,67.0,-57.0,67.0,0.0,True
Comms,C1,PL_Comms_C1.csv,B-29,68.0,-58.0,68.0,0.0,True
Comms,C1,PL_Comms_C1.csv,C-29,59.0,-49.0,59.0,0.0,True
Comms,C1,PL_Comms_C1.csv,D-29,51.0,-41.0,51.0,0.0,True
Comms,C1,PL_Comms_C1.csv,F-29,53.0,-43.0,53.0,0.0,True
Comms,C1,PL_Comms_C1.csv,G-29,56.0,-46.0,56.0,0.0,True
Comms,C1,PL_Comms_C1.csv,H-29,73.0,-63.0,73.0,0.0,True
Comms,C1,PL_Comms_C1.csv,I-29,68.0,-58.0,68.0,0.0,True
Comms,C1,PL_Comms_C1.csv,J-29,76.0,-66.0,76.0,0.0,True
Comms,C1,PL_Comms_C1.csv,K-29,75.0,-65.0,75.0,0.0,True
Comms,C1,PL_Comms_C1.csv,L-29,84.0,-74.0,84.0,0.0,True
Comms,C1,PL_Comms_C1.csv,M-29,78.0,-68.0,78.0,0.0,True
Comms,C1,PL_Comms_C1.csv,A-30,75.0,-65.0,75.0,0.0,True
Comms,C1,PL_Comms_C1.csv,B-30,71.0,-61.0,71.0,0.0,True
Comms,C1,PL_Comms_C1.csv,C-30,68.0,-58.0,68.0,0.0,True
Comms,C1,PL_Comms_C1.csv,D-30,69.0,-59.0,69.0,0.0,True
Comms,C1,PL_Comms_C1.csv,E-30,69.0,-59.0,69.0,0.0,True
Comms,C1,PL_Comms_C1.csv,F-30,68.0,-58.0,68.0,0.0,True
Comms,C1,PL_Comms_C1.csv,G-30,62.0,-52.0,62.0,0.0,True
Comms,C1,PL_Comms_C1.csv,H-30,85.0,-75.0,85.0,0.0,True
Comms,C1,PL_Comms_C1.csv,J-30,72.0,-62.0,72.0,0.0,True
Comms,C1,PL_Comms_C1.csv,K-30,78.0,-68.0,78.0,0.0,True
Comms,C1,PL_Comms_C1.csv,L-30,94.0,-84.0,94.0,0.0,True
Comms,C1,PL_Comms_C1.csv,M-30,96.0,-86.0,96.0,0.0,True
Comms,C1,PL_Comms_C1.csv,A-31,68.0,-58.0,68.0,0.0,True
Comms,C1,PL_Comms_C1.csv,B-31,74.0,-64.0,74.0,0.0,True
Comms,C1,PL_Comms_C1.csv,C-31,68.0,-58.0,68.0,0.0,True
Comms,C1,PL_Comms_C1.csv,D-31,65.0,-55.0,65.0,0.0,True
Comms,C1,PL_Comms_C1.csv,E-31,69.0,-59.0,69.0,0.0,True
Comms,C1,PL_Comms_C1.csv,F-31,70.0,-60.0,70.0,0.0,True
Comms,C1,PL_Comms_C1.csv,G-31,75.0,-65.0,75.0,0.0,True
Comms,C1,PL_Comms_C1.csv,H-31,65.0,-55.0,65.0,0.0,True
Comms,C1,PL_Comms_C1.csv,J-31,72.0,-62.0,72.0,0.0,True
Comms,C1,PL_Comms_C1.csv,K-31,75.0,-65.0,75.0,0.0,True
Comms,C1,PL_Comms_C1.csv,L-31,85.0,-75.0,85.0,0.0,True
Comms,C1,PL_Comms_C1.csv,M-31,86.0,-76.0,86.0,0.0,True
Comms,C1,PL_Comms_C1.csv,A-32,70.0,-60.0,70.0,0.0,True
Comms,C1,PL_Comms_C1.csv,B-32,67.0,-57.0,67.0,0.0,True
Comms,C1,PL_Comms_C1.csv,C-32,63.0,-53.0,63.0,0.0,True
Comms,C1,PL_Comms_C1.csv,D-32,72.0,-62.0,72.0,0.0,True
Comms,C1,PL_Comms_C1.csv,E-32,70.0,-60.0,70.0,0.0,True
Comms,C1,PL_Comms_C1.csv,F-32,74.0,-64.0,74.0,0.0,True
Comms,C1,PL_Comms_C1.csv,G-32,73.0,-63.0,73.0,0.0,True
Comms,C1,PL_Comms_C1.csv,H-32,71.0,-61.0,71.0,0.0,True
Comms,C1,PL_Comms_C1.csv,J-32,83.0,-73.0,83.0,0.0,True
Comms,C1,PL_Comms_C1.csv,K-32,84.0,-74.0,84.0,0.0,True
Comms,C1,PL_Comms_C1.csv,L-32,100.0,-90.0,100.0,0.0,True
Comms,C1,PL_Comms_C1.csv,M-32,86.0,-76.0,86.0,0.0,True
Comms,C1,PL_Comms_C1.csv,C-33,70.0,-60.0,70.0,0.0,True
Comms,C1,PL_Comms_C1.csv,D-33,79.0,-69.0,79.0,0.0,True
Comms,C1,PL_Comms_C1.csv,E-33,80.0,-70.0,80.0,0.0,True
Comms,C1,PL_Comms_C1.csv,F-33,82.0,-72.0,82.0,0.0,True
Comms,C1,PL_Comms_C1.csv,G-33,75.0,-65.0,75.0,0.0,True
Comms,C1,PL_Comms_C1.csv,H-33,73.0,-63.0,73.0,0.0,True
Comms,C1,PL_Comms_C1.csv,J-33,86.0,-76.0,86.0,0.0,True
Comms,C1,PL_Comms_C1.csv,K-33,82.0,-72.0,82.0,0.0,True
Comms,C1,PL_Comms_C1.csv,L-33,83.0,-73.0,83.0,0.0,True
Comms,C1,PL_Comms_C1.csv,M-33,85.0,-75.0,85.0,0.0,True
Comms,C1,PL_Comms_C1.csv,A-34,83.0,-73.0,83.0,0.0,True
Comms,C1,PL_Comms_C1.csv,B-34,82.0,-72.0,82.0,0.0,True
Comms,C1,PL_Comms_C1.csv,C-34,83.0,-73.0,83.0,0.0,True
Comms,C1,PL_Comms_C1.csv,D-34,74.0,-64.0,74.0,0.0,True
Comms,C1,PL_Comms_C1.csv,E-34,80.0,-70.0,80.0,0.0,True
Comms,C1,PL_Comms_C1.csv,F-34,91.0,-81.0,91.0,0.0,True
Comms,C1,PL_Comms_C1.csv,G-34,78.0,-68.0,78.0,0.0,True
Comms,C1,PL_Comms_C1.csv,H-34,76.0,-66.0,76.0,0.0,True
Comms,C1,PL_Comms_C1.csv,I-34,80.0,-70.0,80.0,0.0,True
Comms,C1,PL_Comms_C1.csv,J-34,83.0,-73.0,83.0,0.0,True
Comms,C1,PL_Comms_C1.csv,K-34,85.0,-75.0,85.0,0.0,True
Comms,C1,PL_Comms_C1.csv,L-34,85.0,-75.0,85.0,0.0,True
Comms,C1,PL_Comms_C1.csv,A-35,95.0,-85.0,95.0,0.0,True
Comms,C1,PL_Comms_C1.csv,B-35,89.0,-79.0,89.0,0.0,True
Comms,C1,PL_Comms_C1.csv,C-35,85.0,-75.0,85.0,0.0,True
Comms,C1,PL_Comms_C1.csv,D-35,92.0,-82.0,92.0,0.0,True
Comms,C1,PL_Comms_C1.csv,E-35,81.0,-71.0,81.0,0.0,True
Comms,C1,PL_Comms_C1.csv,F-35,80.0,-70.0,80.0,0.0,True
Comms,C1,PL_Comms_C1.csv,G-35,78.0,-68.0,78.0,0.0,True
Comms,C1,PL_Comms_C1.csv,H-35,78.0,-68.0,78.0,0.0,True
Comms,C1,PL_Comms_C1.csv,I-35,81.0,-71.0,81.0,0.0,True
Comms,C1,PL_Comms_C1.csv,J-35,85.0,-75.0,85.0,0.0,True
Comms,C1,PL_Comms_C1.csv,K-35,82.0,-72.0,82.0,0.0,True
Comms,C1,PL_Comms_C1.csv,L-35,84.0,-74.0,84.0,0.0,True
Comms,C1,PL_Comms_C1.csv,M-35,87.0,-77.0,87.0,0.0,True
Comms,C1,PL_Comms_C1.csv,N-35,87.0,-77.0,87.0,0.0,True
Comms,C1,PL_Comms_C1.csv,O-35,95.0,-85.0,95.0,0.0,True
Comms,C1,PL_Comms_C1.csv,P-35,101.0,-91.0,101.0,0.0,True
Comms,C1,PL_Comms_C1.csv,A-36,79.0,-69.0,79.0,0.0,True
Comms,C1,PL_Comms_C1.csv,B-36,87.0,-77.0,87.0,0.0,True
Comms,C1,PL_Comms_C1.csv,C-36,75.0,-65.0,75.0,0.0,True
Comms,C1,PL_Comms_C1.csv,D-36,82.0,-72.0,82.0,0.0,True
Comms,C1,PL_Comms_C1.csv,E-36,90.0,-80.0,90.0,0.0,True
Comms,C1,PL_Comms_C1.csv,F-36,87.0,-77.0,87.0,0.0,True
Comms,C1,PL_Comms_C1.csv,G-36,85.0,-75.0,85.0,0.0,True
Comms,C1,PL_Comms_C1.csv,H-36,79.0,-69.0,79.0,0.0,True
Comms,C1,PL_Comms_C1.csv,I-36,103.0,-93.0,103.0,0.0,True
Comms,C1,PL_Comms_C1.csv,J-36,93.0,-83.0,93.0,0.0,True
Comms,C1,PL_Comms_C1.csv,K-36,86.0,-76.0,86.0,0.0,True
Comms,C1,PL_Comms_C1.csv,L-36,91.0,-81.0,91.0,0.0,True
Comms,C1,PL_Comms_C1.csv,M-36,87.0,-77.0,87.0,0.0,True
Comms,C1,PL_Comms_C1.csv,N-36,94.0,-84.0,94.0,0.0,True
Comms,C1,PL_Comms_C1.csv,O-36,91.0,-81.0,91.0,0.0,True
Comms,C1,PL_Comms_C1.csv,A-37,89.0,-79.0,89.0,0.0,True
Comms,C1,PL_Comms_C1.csv,B-37,86.0,-76.0,86.0,0.0,True
Comms,C1,PL_Comms_C1.csv,D-37,92.0,-82.0,92.0,0.0,True
Comms,C1,PL_Comms_C1.csv,E-37,97.0,-87.0,97.0,0.0,True
Comms,C1,PL_Comms_C1.csv,F-37,87.0,-77.0,87.0,0.0,True
Comms,C1,PL_Comms_C1.csv,G-37,81.0,-71.0,81.0,0.0,True
Comms,C1,PL_Comms_C1.csv,H-37,83.0,-73.0,83.0,0.0,True
Comms,C1,PL_Comms_C1.csv,K-37,95.0,-85.0,95.0,0.0,True
Comms,C1,PL_Comms_C1.csv,L-37,91.0,-81.0,91.0,0.0,True
Comms,C1,PL_Comms_C1.csv,M-37,91.0,-81.0,91.0,0.0,True
Comms,C1,PL_Comms_C1.csv,N-37,85.0,-75.0,85.0,0.0,True
Comms,C1,PL_Comms_C1.csv,O-37,90.0,-80.0,90.0,0.0,True
Comms,C1,PL_Comms_C1.csv,P-37,91.0,-81.0,91.0,0.0,True
Comms,C1,PL_Comms_C1.csv,A-38,84.0,-74.0,84.0,0.0,True
Comms,C1,PL_Comms_C1.csv,B-38,78.0,-68.0,78.0,0.0,True
Comms,C1,PL_Comms_C1.csv,C-38,90.0,-80.0,90.0,0.0,True
Comms,C1,PL_Comms_C1.csv,D-38,92.0,-82.0,92.0,0.0,True
Comms,C1,PL_Comms_C1.csv,E-38,85.0,-75.0,85.0,0.0,True
Comms,C1,PL_Comms_C1.csv,F-38,81.0,-71.0,81.0,0.0,True
Comms,C1,PL_Comms_C1.csv,G-38,94.0,-84.0,94.0,0.0,True
Comms,C1,PL_Comms_C1.csv,H-38,82.0,-72.0,82.0,0.0,True
Comms,C1,PL_Comms_C1.csv,I-38,98.0,-88.0,98.0,0.0,True
Comms,C1,PL_Comms_C1.csv,J-38,90.0,-80.0,90.0,0.0,True
Comms,C1,PL_Comms_C1.csv,K-38,100.0,-90.0,100.0,0.0,True
Comms,C1,PL_Comms_C1.csv,L-38,97.0,-87.0,97.0,0.0,True
Comms,C1,PL_Comms_C1.csv,M-38,100.0,-90.0,100.0,0.0,True
Comms,C1,PL_Comms_C1.csv,N-38,103.0,-93.0,103.0,0.0,True
Comms,C1,PL_Comms_C1.csv,O-38,98.0,-88.0,98.0,0.0,True
Comms,C1,PL_Comms_C1.csv,P-38,97.0,-87.0,97.0,0.0,True
Comms,C1,PL_Comms_C1.csv,A-39,89.0,-79.0,89.0,0.0,True
Comms,C1,PL_Comms_C1.csv,B-39,81.0,-71.0,81.0,0.0,True
Comms,C1,PL_Comms_C1.csv,C-39,85.0,-75.0,85.0,0.0,True
Comms,C1,PL_Comms_C1.csv,D-39,100.0,-90.0,100.0,0.0,True
Comms,C1,PL_Comms_C1.csv,E-39,96.0,-86.0,96.0,0.0,True
Comms,C1,PL_Comms_C1.csv,F-39,89.0,-79.0,89.0,0.0,True
Comms,C1,PL_Comms_C1.csv,G-39,80.0,-70.0,80.0,0.0,True
Comms,C1,PL_Comms_C1.csv,H-39,88.0,-78.0,88.0,0.0,True
Comms,C1,PL_Comms_C1.csv,I-39,92.0,-82.0,92.0,0.0,True
Comms,C1,PL_Comms_C1.csv,J-39,96.0,-86.0,96.0,0.0,True
Comms,C1,PL_Comms_C1.csv,K-39,92.0,-82.0,92.0,0.0,True
Comms,C1,PL_Comms_C1.csv,L-39,103.0,-93.0,103.0,0.0,True
Comms,C1,PL_Comms_C1.csv,M-39,98.0,-88.0,98.0,0.0,True
Comms,C1,PL_Comms_C1.csv,N-39,98.0,-88.0,98.0,0.0,True
Comms,C1,PL_Comms_C1.csv,O-39,106.0,-96.0,106.0,0.0,True
Comms,C1,PL_Comms_C1.csv,P-39,97.0,-87.0,97.0,0.0,True
Comms,C1,PL_Comms_C1.csv,A-40,92.0,-82.0,92.0,0.0,True
Comms,C1,PL_Comms_C1.csv,B-40,89.0,-79.0,89.0,0.0,True
Comms,C1,PL_Comms_C1.csv,C-40,88.0,-78.0,88.0,0.0,True
Comms,C1,PL_Comms_C1.csv,D-40,87.0,-77.0,87.0,0.0,True
Comms,C1,PL_Comms_C1.csv,E-40,99.0,-89.0,99.0,0.0,True
Comms,C1,PL_Comms_C1.csv,F-40,91.0,-81.0,91.0,0.0,True
Comms,C1,PL_Comms_C1.csv,G-40,83.0,-73.0,83.0,0.0,True
Comms,C1,PL_Comms_C1.csv,H-40,87.0,-77.0,87.0,0.0,True
Comms,C1,PL_Comms_C1.csv,I-40,98.0,-88.0,98.0,0.0,True
Comms,C1,PL_Comms_C1.csv,J-40,91.0,-81.0,91.0,0.0,True
Comms,C1,PL_Comms_C1.csv,K-40,94.0,-84.0,94.0,0.0,True
Comms,C1,PL_Comms_C1.csv,L-40,94.0,-84.0,94.0,0.0,True
Comms,C1,PL_Comms_C1.csv,M-40,93.0,-83.0,93.0,0.0,True
Comms,C1,PL_Comms_C1.csv,N-40,97.0,-87.0,97.0,0.0,True
Comms,C1,PL_Comms_C1.csv,O-40,98.0,-88.0,98.0,0.0,True
Comms,C1,PL_Comms_C1.csv,A-41,97.0,-87.0,97.0,0.0,True
Comms,C1,PL_Comms_C1.csv,B-41,103.0,-93.0,103.0,0.0,True
Comms,C1,PL_Comms_C1.csv,C-41,96.0,-86.0,96.0,0.0,True
Comms,C1,PL_Comms_C1.csv,D-41,98.0,-88.0,98.0,0.0,True
Comms,C1,PL_Comms_C1.csv,E-41,97.0,-87.0,97.0,0.0,True
Comms,C1,PL_Comms_C1.csv,F-41,83.0,-73.0,83.0,0.0,True
Comms,C1,PL_Comms_C1.csv,G-41,90.0,-80.0,90.0,0.0,True
Comms,C1,PL_Comms_C1.csv,H-41,92.0,-82.0,92.0,0.0,True
Comms,C1,PL_Comms_C1.csv,I-41,99.0,-89.0,99.0,0.0,True
Comms,C1,PL_Comms_C1.csv,J-41,108.0,-98.0,108.0,0.0,True
Comms,C1,PL_Comms_C1.csv,K-41,94.0,-84.0,94.0,0.0,True
Comms,C1,PL_Comms_C1.csv,L-41,104.0,-94.0,104.0,0.0,True
Comms,C1,PL_Comms_C1.csv,M-41,95.0,-85.0,95.0,0.0,True
Comms,C1,PL_Comms_C1.csv,N-41,98.0,-88.0,98.0,0.0,True
Comms,C1,PL_Comms_C1.csv,O-41,97.0,-87.0,97.0,0.0,True
Comms,C1,PL_Comms_C1.csv,A-42,92.0,-82.0,92.0,0.0,True
Comms,C1,PL_Comms_C1.csv,B-42,98.0,-88.0,98.0,0.0,True
Comms,C1,PL_Comms_C1.csv,C-42,105.0,-95.0,105.0,0.0,True
Comms,C1,PL_Comms_C1.csv,D-42,98.0,-88.0,98.0,0.0,True
Comms,C1,PL_Comms_C1.csv,E-42,100.0,-90.0,100.0,0.0,True
Comms,C1,PL_Comms_C1.csv,F-42,95.0,-85.0,95.0,0.0,True
Comms,C1,PL_Comms_C1.csv,G-42,84.0,-74.0,84.0,0.0,True
Comms,C1,PL_Comms_C1.csv,H-42,87.0,-77.0,87.0,0.0,True
Comms,C1,PL_Comms_C1.csv,J-42,103.0,-93.0,103.0,0.0,True
Comms,C1,PL_Comms_C1.csv,K-42,92.0,-82.0,92.0,0.0,True
Comms,C1,PL_Comms_C1.csv,L-42,91.0,-81.0,91.0,0.0,True
Comms,C1,PL_Comms_C1.csv,M-42,100.0,-90.0,100.0,0.0,True
Comms,C1,PL_Comms_C1.csv,N-42,102.0,-92.0,102.0,0.0,True
Comms,C1,PL_Comms_C1.csv,O-42,94.0,-84.0,94.0,0.0,True
Comms,C1,PL_Comms_C1.csv,P-42,110.0,-100.0,110.0,0.0,True
Comms,C1,PL_Comms_C1.csv,A-43,98.0,-88.0,98.0,0.0,True
Comms,C1,PL_Comms_C1.csv,B-43,97.0,-87.0,97.0,0.0,True
Comms,C1,PL_Comms_C1.csv,C-43,95.0,-85.0,95.0,0.0,True
Comms,C1,PL_Comms_C1.csv,D-43,104.0,-94.0,104.0,0.0,True
Comms,C1,PL_Comms_C1.csv,E-43,94.0,-84.0,94.0,0.0,True
Comms,C1,PL_Comms_C1.csv,F-43,83.0,-73.0,83.0,0.0,True
Comms,C1,PL_Comms_C1.csv,G-43,85.0,-75.0,85.0,0.0,True
Comms,C1,PL_Comms_C1.csv,H-43,95.0,-85.0,95.0,0.0,True
Comms,C1,PL_Comms_C1.csv,K-43,110.0,-100.0,110.0,0.0,True
Comms,C1,PL_Comms_C1.csv,L-43,93.0,-83.0,93.0,0.0,True
Comms,C1,PL_Comms_C1.csv,M-43,90.0,-80.0,90.0,0.0,True
Comms,C1,PL_Comms_C1.csv,N-43,110.0,-100.0,110.0,0.0,True
Comms,C1,PL_Comms_C1.csv,O-43,109.0,-99.0,109.0,0.0,True
Comms,C1,PL_Comms_C1.csv,P-43,105.0,-95.0,105.0,0.0,True
Comms,C1,PL_Comms_C1.csv,A-44,94.0,-84.0,94.0,0.0,True
Comms,C1,PL_Comms_C1.csv,B-44,104.0,-94.0,104.0,0.0,True
Comms,C1,PL_Comms_C1.csv,C-44,94.0,-84.0,94.0,0.0,True
Comms,C1,PL_Comms_C1.csv,D-44,105.0,-95.0,105.0,0.0,True
Comms,C1,PL_Comms_C1.csv,E-44,103.0,-93.0,103.0,0.0,True
Comms,C1,PL_Comms_C1.csv,F-44,85.0,-75.0,85.0,0.0,True
Comms,C1,PL_Comms_C1.csv,G-44,87.0,-77.0,87.0,0.0,True
Comms,C1,PL_Comms_C1.csv,H-44,100.0,-90.0,100.0,0.0,True
Comms,C1,PL_Comms_C1.csv,I-44,97.0,-87.0,97.0,0.0,True
Comms,C1,PL_Comms_C1.csv,J-44,103.0,-93.0,103.0,0.0,True
Comms,C1,PL_Comms_C1.csv,K-44,97.0,-87.0,97.0,0.0,True
Comms,C1,PL_Comms_C1.csv,L-44,104.0,-94.0,104.0,0.0,True
Comms,C1,PL_Comms_C1.csv,A-45,105.0,-95.0,105.0,0.0,True
Comms,C1,PL_Comms_C1.csv,B-45,108.0,-98.0,108.0,0.0,True
Comms,C1,PL_Comms_C1.csv,C-45,112.0,-102.0,112.0,0.0,True
Comms,C1,PL_Comms_C1.csv,D-45,114.0,-104.0,114.0,0.0,True
Comms,C1,PL_Comms_C1.csv,E-45,105.0,-95.0,105.0,0.0,True
Comms,C1,PL_Comms_C1.csv,F-45,83.0,-73.0,83.0,0.0,True
Comms,C1,PL_Comms_C1.csv,G-45,90.0,-80.0,90.0,0.0,True
Comms,C1,PL_Comms_C1.csv,H-45,90.0,-80.0,90.0,0.0,True
Comms,C1,PL_Comms_C1.csv,I-45,104.0,-94.0,104.0,0.0,True
Comms,C1,PL_Comms_C1.csv,J-45,100.0,-90.0,100.0,0.0,True
Comms,C1,PL_Comms_C1.csv,K-45,105.0,-95.0,105.0,0.0,True
Comms,C1,PL_Comms_C1.csv,L-45,109.0,-99.0,109.0,0.0,True
Comms,C1,PL_Comms_C1.csv,A-46,99.0,-89.0,99.0,0.0,True
Comms,C1,PL_Comms_C1.csv,B-46,110.0,-100.0,110.0,0.0,True
Comms,C1,PL_Comms_C1.csv,C-46,110.0,-100.0,110.0,0.0,True
Comms,C1,PL_Comms_C1.csv,D-46,107.0,-97.0,107.0,0.0,True
Comms,C1,PL_Comms_C1.csv,E-46,95.0,-85.0,95.0,0.0,True
Comms,C1,PL_Comms_C1.csv,F-46,96.0,-86.0,96.0,0.0,True
Comms,C1,PL_Comms_C1.csv,G-46,92.0,-82.0,92.0,0.0,True
Comms,C1,PL_Comms_C1.csv,H-46,87.0,-77.0,87.0,0.0,True
Comms,C1,PL_Comms_C1.csv,J-46,105.0,-95.0,105.0,0.0,True
Comms,C1,PL_Comms_C1.csv,K-46,106.0,-96.0,106.0,0.0,True
Comms,C1,PL_Comms_C1.csv,L-46,108.0,-98.0,108.0,0.0,True
Comms,C1,PL_Comms_C1.csv,B-47,102.0,-92.0,102.0,0.0,True
Comms,C1,PL_Comms_C1.csv,C-47,105.0,-95.0,105.0,0.0,True
Comms,C1,PL_Comms_C1.csv,D-47,118.0,-108.0,118.0,0.0,True
Comms,C1,PL_Comms_C1.csv,E-47,114.0,-104.0,114.0,0.0,True
Comms,C1,PL_Comms_C1.csv,F-47,93.0,-83.0,93.0,0.0,True
Comms,C1,PL_Comms_C1.csv,G-47,86.0,-76.0,86.0,0.0,True
Comms,C1,PL_Comms_C1.csv,H-47,83.0,-73.0,83.0,0.0,True
Comms,C1,PL_Comms_C1.csv,J-47,100.0,-90.0,100.0,0.0,True
Comms,C1,PL_Comms_C1.csv,K-47,104.0,-94.0,104.0,0.0,True
Comms,C1,PL_Comms_C1.csv,L-47,104.0,-94.0,104.0,0.0,True
Comms,C1,PL_Comms_C1.csv,A-48,114.0,-104.0,114.0,0.0,True
Comms,C1,PL_Comms_C1.csv,B-48,110.0,-100.0,110.0,0.0,True
Comms,C1,PL_Comms_C1.csv,C-48,99.0,-89.0,99.0,0.0,True
Comms,C1,PL_Comms_C1.csv,D-48,111.0,-101.0,111.0,0.0,True
Comms,C1,PL_Comms_C1.csv,E-48,102.0,-92.0,102.0,0.0,True
Comms,C1,PL_Comms_C1.csv,F-48,87.0,-77.0,87.0,0.0,True
Comms,C1,PL_Comms_C1.csv,G-48,86.0,-76.0,86.0,0.0,True
Comms,C1,PL_Comms_C1.csv,H-48,86.0,-76.0,86.0,0.0,True
Comms,C1,PL_Comms_C1.csv,J-48,108.0,-98.0,108.0,0.0,True
Comms,C1,PL_Comms_C1.csv,K-48,109.0,-99.0,109.0,0.0,True
Comms,C1,PL_Comms_C1.csv,L-48,112.0,-102.0,112.0,0.0,True
Comms,C1,PL_Comms_C1.csv,A-49,109.0,-99.0,109.0,0.0,True
Comms,C1,PL_Comms_C1.csv,B-49,112.0,-102.0,112.0,0.0,True
Comms,C1,PL_Comms_C1.csv,C-49,106.0,-96.0,106.0,0.0,True
Comms,C1,PL_Comms_C1.csv,D-49,97.0,-87.0,97.0,0.0,True
Comms,C1,PL_Comms_C1.csv,E-49,105.0,-95.0,105.0,0.0,True
Comms,C1,PL_Comms_C1.csv,F-49,90.0,-80.0,90.0,0.0,True
Comms,C1,PL_Comms_C1.csv,G-49,95.0,-85.0,95.0,0.0,True
Comms,C1,PL_Comms_C1.csv,H-49,97.0,-87.0,97.0,0.0,True
Comms,C1,PL_Comms_C1.csv,I-49,109.0,-99.0,109.0,0.0,True
Comms,C1,PL_Comms_C1.csv,J-49,104.0,-94.0,104.0,0.0,True
Comms,C1,PL_Comms_C1.csv,K-49,110.0,-100.0,110.0,0.0,True
Comms,C1,PL_Comms_C1.csv,L-49,112.0,-102.0,112.0,0.0,True
Comms,C1,PL_Comms_C1.csv,A-50,100.0,-90.0,100.0,0.0,True
Comms,C1,PL_Comms_C1.csv,B-50,115.0,-105.0,115.0,0.0,True
Comms,C1,PL_Comms_C1.csv,C-50,104.0,-94.0,104.0,0.0,True
Comms,C1,PL_Comms_C1.csv,D-50,110.0,-100.0,110.0,0.0,True
Comms,C1,PL_Comms_C1.csv,E-50,101.0,-91.0,101.0,0.0,True
Comms,C1,PL_Comms_C1.csv,F-50,94.0,-84.0,94.0,0.0,True
Comms,C1,PL_Comms_C1.csv,G-50,90.0,-80.0,90.0,0.0,True
Comms,C1,PL_Comms_C1.csv,H-50,87.0,-77.0,87.0,0.0,True
Comms,C1,PL_Comms_C1.csv,I-50,110.0,-100.0,110.0,0.0,True
Comms,C1,PL_Comms_C1.csv,J-50,107.0,-97.0,107.0,0.0,True
Comms,C1,PL_Comms_C1.csv,K-50,103.0,-93.0,103.0,0.0,True
Comms,C1,PL_Comms_C1.csv,A-51,112.0,-102.0,112.0,0.0,True
Comms,C1,PL_Comms_C1.csv,B-51,113.0,-103.0,113.0,0.0,True
Comms,C1,PL_Comms_C1.csv,C-51,115.0,-105.0,115.0,0.0,True
Comms,C1,PL_Comms_C1.csv,D-51,105.0,-95.0,105.0,0.0,True
Comms,C1,PL_Comms_C1.csv,E-51,115.0,-105.0,115.0,0.0,True
Comms,C1,PL_Comms_C1.csv,F-51,94.0,-84.0,94.0,0.0,True
Comms,C1,PL_Comms_C1.csv,G-51,89.0,-79.0,89.0,0.0,True
Comms,C1,PL_Comms_C1.csv,H-51,98.0,-88.0,98.0,0.0,True
Comms,C1,PL_Comms_C1.csv,I-51,103.0,-93.0,103.0,0.0,True
Comms,C1,PL_Comms_C1.csv,J-51,108.0,-98.0,108.0,0.0,True
Comms,C1,PL_Comms_C1.csv,K-51,104.0,-94.0,104.0,0.0,True
Comms,C1,PL_Comms_C1.csv,L-51,120.0,-110.0,120.0,0.0,True
Comms,C1,PL_Comms_C1.csv,M-51,105.0,-95.0,105.0,0.0,True
Comms,C1,PL_Comms_C1.csv,N-51,120.0,-110.0,120.0,0.0,True
Comms,C1,PL_Comms_C1.csv,O-51,110.0,-100.0,110.0,0.0,True
Comms,C1,PL_Comms_C1.csv,P-51,112.0,-102.0,112.0,0.0,True
Comms,C1,PL_Comms_C1.csv,A-52,105.0,-95.0,105.0,0.0,True
Comms,C1,PL_Comms_C1.csv,B-52,108.0,-98.0,108.0,0.0,True
Comms,C1,PL_Comms_C1.csv,C-52,116.0,-106.0,116.0,0.0,True
Comms,C1,PL_Comms_C1.csv,D-52,108.0,-98.0,108.0,0.0,True
Comms,C1,PL_Comms_C1.csv,E-52,100.0,-90.0,100.0,0.0,True
Comms,C1,PL_Comms_C1.csv,F-52,89.0,-79.0,89.0,0.0,True
Comms,C1,PL_Comms_C1.csv,G-52,90.0,-80.0,90.0,0.0,True
Comms,C1,PL_Comms_C1.csv,H-52,115.0,-105.0,115.0,0.0,True
Comms,C1,PL_Comms_C1.csv,I-52,113.0,-103.0,113.0,0.0,True
Comms,C1,PL_Comms_C1.csv,J-52,107.0,-97.0,107.0,0.0,True
Comms,C1,PL_Comms_C1.csv,K-52,121.0,-111.0,121.0,0.0,True
Comms,C1,PL_Comms_C1.csv,L-52,112.0,-102.0,112.0,0.0,True
Comms,C1,PL_Comms_C1.csv,M-52,108.0,-98.0,108.0,0.0,True
Comms,C1,PL_Comms_C1.csv,N-52,113.0,-103.0,113.0,0.0,True
Comms,C1,PL_Comms_C1.csv,O-52,109.0,-99.0,109.0,0.0,True
Comms,C1,PL_Comms_C1.csv,P-52,106.0,-96.0,106.0,0.0,True
Comms,C1,PL_Comms_C1.csv,A-53,108.0,-98.0,108.0,0.0,True
Comms,C1,PL_Comms_C1.csv,B-53,119.0,-109.0,119.0,0.0,True
Comms,C1,PL_Comms_C1.csv,C-53,109.0,-99.0,109.0,0.0,True
Comms,C1,PL_Comms_C1.csv,D-53,110.0,-100.0,110.0,0.0,True
Comms,C1,PL_Comms_C1.csv,E-53,114.0,-104.0,114.0,0.0,True
Comms,C1,PL_Comms_C1.csv,F-53,92.0,-82.0,92.0,0.0,True
Comms,C1,PL_Comms_C1.csv,G-53,92.0,-82.0,92.0,0.0,True
Comms,C1,PL_Comms_C1.csv,H-53,96.0,-86.0,96.0,0.0,True
Comms,C1,PL_Comms_C1.csv,I-53,100.0,-90.0,100.0,0.0,True
Comms,C1,PL_Comms_C1.csv,J-53,109.0,-99.0,109.0,0.0,True
Comms,C1,PL_Comms_C1.csv,K-53,113.0,-103.0,113.0,0.0,True
Comms,C1,PL_Comms_C1.csv,L-53,108.0,-98.0,108.0,0.0,True
Comms,C1,PL_Comms_C1.csv,M-53,105.0,-95.0,105.0,0.0,True
Comms,C1,PL_Comms_C1.csv,N-53,108.0,-98.0,108.0,0.0,True
Comms,C1,PL_Comms_C1.csv,O-53,112.0,-102.0,112.0,0.0,True
Comms,C1,PL_Comms_C1.csv,P-53,123.0,-113.0,123.0,0.0,True
Comms,C1,PL_Comms_C1.csv,A-54,114.0,-104.0,114.0,0.0,True
Comms,C1,PL_Comms_C1.csv,C-54,113.0,-103.0,113.0,0.0,True
Comms,C1,PL_Comms_C1.csv,D-54,104.0,-94.0,104.0,0.0,True
Comms,C1,PL_Comms_C1.csv,E-54,106.0,-96.0,106.0,0.0,True
Comms,C1,PL_Comms_C1.csv,F-54,92.0,-82.0,92.0,0.0,True
Comms,C1,PL_Comms_C1.csv,G-54,96.0,-86.0,96.0,0.0,True
Comms,C1,PL_Comms_C1.csv,H-54,95.0,-85.0,95.0,0.0,True
Comms,C1,PL_Comms_C1.csv,I-54,104.0,-94.0,104.0,0.0,True
Comms,C1,PL_Comms_C1.csv,J-54,103.0,-93.0,103.0,0.0,True
Comms,C1,PL_Comms_C1.csv,K-54,108.0,-98.0,108.0,0.0,True
Comms,C1,PL_Comms_C1.csv,L-54,114.0,-104.0,114.0,0.0,True
Comms,C1,PL_Comms_C1.csv,M-54,118.0,-108.0,118.0,0.0,True
Comms,C1,PL_Comms_C1.csv,N-54,111.0,-101.0,111.0,0.0,True
Comms,C1,PL_Comms_C1.csv,O-54,111.0,-101.0,111.0,0.0,True
Comms,C1,PL_Comms_C1.csv,A-55,117.0,-107.0,117.0,0.0,True
Comms,C1,PL_Comms_C1.csv,B-55,116.0,-106.0,116.0,0.0,True
Comms,C1,PL_Comms_C1.csv,C-55,112.0,-102.0,112.0,0.0,True
Comms,C1,PL_Comms_C1.csv,D-55,117.0,-107.0,117.0,0.0,True
Comms,C1,PL_Comms_C1.csv,E-55,106.0,-96.0,106.0,0.0,True
Comms,C1,PL_Comms_C1.csv,F-55,90.0,-80.0,90.0,0.0,True
Comms,C1,PL_Comms_C1.csv,G-55,88.0,-78.0,88.0,0.0,True
Comms,C1,PL_Comms_C1.csv,H-55,98.0,-88.0,98.0,0.0,True
Comms,C1,PL_Comms_C1.csv,I-55,107.0,-97.0,107.0,0.0,True
Comms,C1,PL_Comms_C1.csv,J-55,104.0,-94.0,104.0,0.0,True
Comms,C1,PL_Comms_C1.csv,K-55,101.0,-91.0,101.0,0.0,True
Comms,C1,PL_Comms_C1.csv,N-55,110.0,-100.0,110.0,0.0,True
Comms,C1,PL_Comms_C1.csv,O-55,103.0,-93.0,103.0,0.0,True
Comms,C1,PL_Comms_C1.csv,P-55,114.0,-104.0,114.0,0.0,True
Comms,C1,PL_Comms_C1.csv,A-56,116.0,-106.0,116.0,0.0,True
Comms,C1,PL_Comms_C1.csv,B-56,116.0,-106.0,116.0,0.0,True
Comms,C1,PL_Comms_C1.csv,C-56,118.0,-108.0,118.0,0.0,True
Comms,C1,PL_Comms_C1.csv,D-56,109.0,-99.0,109.0,0.0,True
Comms,C1,PL_Comms_C1.csv,E-56,107.0,-97.0,107.0,0.0,True
Comms,C1,PL_Comms_C1.csv,F-56,91.0,-81.0,91.0,0.0,True
Comms,C1,PL_Comms_C1.csv,G-56,98.0,-88.0,98.0,0.0,True
Comms,C1,PL_Comms_C1.csv,H-56,91.0,-81.0,91.0,0.0,True
Comms,C1,PL_Comms_C1.csv,I-56,109.0,-99.0,109.0,0.0,True
Comms,C1,PL_Comms_C1.csv,J-56,115.0,-105.0,115.0,0.0,True
Comms,C1,PL_Comms_C1.csv,K-56,103.0,-93.0,103.0,0.0,True
Comms,C1,PL_Comms_C1.csv,N-56,115.0,-105.0,115.0,0.0,True
Comms,C1,PL_Comms_C1.csv,O-56,111.0,-101.0,111.0,0.0,True
Comms,C1,PL_Comms_C1.csv,P-56,119.0,-109.0,119.0,0.0,True
Comms,C1,PL_Comms_C1.csv,A-57,120.0,-110.0,120.0,0.0,True
Comms,C1,PL_Comms_C1.csv,B-57,118.0,-108.0,118.0,0.0,True
Comms,C1,PL_Comms_C1.csv,C-57,110.0,-100.0,110.0,0.0,True
Comms,C1,PL_Comms_C1.csv,D-57,114.0,-104.0,114.0,0.0,True
Comms,C1,PL_Comms_C1.csv,E-57,109.0,-99.0,109.0,0.0,True
Comms,C1,PL_Comms_C1.csv,F-57,96.0,-86.0,96.0,0.0,True
Comms,C1,PL_Comms_C1.csv,G-57,96.0,-86.0,96.0,0.0,True
Comms,C1,PL_Comms_C1.csv,H-57,99.0,-89.0,99.0,0.0,True
Comms,C1,PL_Comms_C1.csv,I-57,104.0,-94.0,104.0,0.0,True
Comms,C1,PL_Comms_C1.csv,J-57,113.0,-103.0,113.0,0.0,True
Comms,C1,PL_Comms_C1.csv,K-57,109.0,-99.0,109.0,0.0,True
Comms,C1,PL_Comms_C1.csv,L-57,106.0,-96.0,106.0,0.0,True
Comms,C1,PL_Comms_C1.csv,M-57,104.0,-94.0,104.0,0.0,True
Comms,C1,PL_Comms_C1.csv,N-57,114.0,-104.0,114.0,0.0,True
Comms,C1,PL_Comms_C1.csv,O-57,115.0,-105.0,115.0,0.0,True
Comms,C1,PL_Comms_C1.csv,P-57,107.0,-97.0,107.0,0.0,True
Comms,C2,PL_Comms_C2.csv,E-1,121.0,-111.0,121.0,0.0,True
Comms,C2,PL_Comms_C2.csv,G-1,110.0,-100.0,110.0,0.0,True
Comms,C2,PL_Comms_C2.csv,H-1,105.0,-95.0,105.0,0.0,True
Comms,C2,PL_Comms_C2.csv,I-1,106.0,-96.0,106.0,0.0,True
Comms,C2,PL_Comms_C2.csv,J-1,104.0,-94.0,104.0,0.0,True
Comms,C2,PL_Comms_C2.csv,K-1,102.0,-92.0,102.0,0.0,True
Comms,C2,PL_Comms_C2.csv,E-2,117.0,-107.0,117.0,0.0,True
Comms,C2,PL_Comms_C2.csv,G-2,98.0,-88.0,98.0,0.0,True
Comms,C2,PL_Comms_C2.csv,H-2,110.0,-100.0,110.0,0.0,True
Comms,C2,PL_Comms_C2.csv,I-2,106.0,-96.0,106.0,0.0,True
Comms,C2,PL_Comms_C2.csv,J-2,108.0,-98.0,108.0,0.0,True
Comms,C2,PL_Comms_C2.csv,K-2,102.0,-92.0,102.0,0.0,True
Comms,C2,PL_Comms_C2.csv,A-3,122.0,-112.0,122.0,0.0,True
Comms,C2,PL_Comms_C2.csv,E-3,110.0,-100.0,110.0,0.0,True
Comms,C2,PL_Comms_C2.csv,F-3,110.0,-100.0,110.0,0.0,True
Comms,C2,PL_Comms_C2.csv,G-3,89.0,-79.0,89.0,0.0,True
Comms,C2,PL_Comms_C2.csv,H-3,104.0,-94.0,104.0,0.0,True
Comms,C2,PL_Comms_C2.csv,I-3,100.0,-90.0,100.0,0.0,True
Comms,C2,PL_Comms_C2.csv,J-3,108.0,-98.0,108.0,0.0,True
Comms,C2,PL_Comms_C2.csv,K-3,106.0,-96.0,106.0,0.0,True
Comms,C2,PL_Comms_C2.csv,A-4,115.0,-105.0,115.0,0.0,True
Comms,C2,PL_Comms_C2.csv,E-4,108.0,-98.0,108.0,0.0,True
Comms,C2,PL_Comms_C2.csv,F-4,87.0,-77.0,87.0,0.0,True
Comms,C2,PL_Comms_C2.csv,G-4,92.0,-82.0,92.0,0.0,True
Comms,C2,PL_Comms_C2.csv,H-4,105.0,-95.0,105.0,0.0,True
Comms,C2,PL_Comms_C2.csv,I-4,95.0,-85.0,95.0,0.0,True
Comms,C2,PL_Comms_C2.csv,J-4,99.0,-89.0,99.0,0.0,True
Comms,C2,PL_Comms_C2.csv,K-4,111.0,-101.0,111.0,0.0,True
Comms,C2,PL_Comms_C2.csv,A-5,111.0,-101.0,111.0,0.0,True
Comms,C2,PL_Comms_C2.csv,B-5,113.0,-103.0,113.0,0.0,True
Comms,C2,PL_Comms_C2.csv,C-5,107.0,-97.0,107.0,0.0,True
Comms,C2,PL_Comms_C2.csv,D-5,116.0,-106.0,116.0,0.0,True
Comms,C2,PL_Comms_C2.csv,E-5,107.0,-97.0,107.0,0.0,True
Comms,C2,PL_Comms_C2.csv,F-5,94.0,-84.0,94.0,0.0,True
Comms,C2,PL_Comms_C2.csv,G-5,90.0,-80.0,90.0,0.0,True
Comms,C2,PL_Comms_C2.csv,H-5,96.0,-86.0,96.0,0.0,True
Comms,C2,PL_Comms_C2.csv,I-5,108.0,-98.0,108.0,0.0,True
Comms,C2,PL_Comms_C2.csv,J-5,103.0,-93.0,103.0,0.0,True
Comms,C2,PL_Comms_C2.csv,A-6,113.0,-103.0,113.0,0.0,True
Comms,C2,PL_Comms_C2.csv,B-6,118.0,-108.0,118.0,0.0,True
Comms,C2,PL_Comms_C2.csv,C-6,113.0,-103.0,113.0,0.0,True
Comms,C2,PL_Comms_C2.csv,E-6,109.0,-99.0,109.0,0.0,True
Comms,C2,PL_Comms_C2.csv,F-6,87.0,-77.0,87.0,0.0,True
Comms,C2,PL_Comms_C2.csv,G-6,91.0,-81.0,91.0,0.0,True
Comms,C2,PL_Comms_C2.csv,H-6,93.0,-83.0,93.0,0.0,True
Comms,C2,PL_Comms_C2.csv,I-6,100.0,-90.0,100.0,0.0,True
Comms,C2,PL_Comms_C2.csv,J-6,108.0,-98.0,108.0,0.0,True
Comms,C2,PL_Comms_C2.csv,A-7,115.0,-105.0,115.0,0.0,True
Comms,C2,PL_Comms_C2.csv,B-7,122.0,-112.0,122.0,0.0,True
Comms,C2,PL_Comms_C2.csv,C-7,110.0,-100.0,110.0,0.0,True
Comms,C2,PL_Comms_C2.csv,D-7,108.0,-98.0,108.0,0.0,True
Comms,C2,PL_Comms_C2.csv,F-7,83.0,-73.0,83.0,0.0,True
Comms,C2,PL_Comms_C2.csv,G-7,92.0,-82.0,92.0,0.0,True
Comms,C2,PL_Comms_C2.csv,H-7,95.0,-85.0,95.0,0.0,True
Comms,C2,PL_Comms_C2.csv,I-7,92.0,-82.0,92.0,0.0,True
Comms,C2,PL_Comms_C2.csv,A-8,118.0,-108.0,118.0,0.0,True
Comms,C2,PL_Comms_C2.csv,B-8,120.0,-110.0,120.0,0.0,True
Comms,C2,PL_Comms_C2.csv,C-8,110.0,-100.0,110.0,0.0,True
Comms,C2,PL_Comms_C2.csv,D-8,113.0,-103.0,113.0,0.0,True
Comms,C2,PL_Comms_C2.csv,E-8,103.0,-93.0,103.0,0.0,True
Comms,C2,PL_Comms_C2.csv,F-8,91.0,-81.0,91.0,0.0,True
Comms,C2,PL_Comms_C2.csv,G-8,89.0,-79.0,89.0,0.0,True
Comms,C2,PL_Comms_C2.csv,H-8,93.0,-83.0,93.0,0.0,True
Comms,C2,PL_Comms_C2.csv,I-8,112.0,-102.0,112.0,0.0,True
Comms,C2,PL_Comms_C2.csv,J-8,115.0,-105.0,115.0,0.0,True
Comms,C2,PL_Comms_C2.csv,F-9,90.0,-80.0,90.0,0.0,True
Comms,C2,PL_Comms_C2.csv,G-9,95.0,-85.0,95.0,0.0,True
Comms,C2,PL_Comms_C2.csv,H-9,94.0,-84.0,94.0,0.0,True
Comms,C2,PL_Comms_C2.csv,A-10,113.0,-103.0,113.0,0.0,True
Comms,C2,PL_Comms_C2.csv,B-10,106.0,-96.0,106.0,0.0,True
Comms,C2,PL_Comms_C2.csv,C-10,110.0,-100.0,110.0,0.0,True
Comms,C2,PL_Comms_C2.csv,D-10,115.0,-105.0,115.0,0.0,True
Comms,C2,PL_Comms_C2.csv,E-10,113.0,-103.0,113.0,0.0,True
Comms,C2,PL_Comms_C2.csv,F-10,86.0,-76.0,86.0,0.0,True
Comms,C2,PL_Comms_C2.csv,G-10,90.0,-80.0,90.0,0.0,True
Comms,C2,PL_Comms_C2.csv,H-10,98.0,-88.0,98.0,0.0,True
Comms,C2,PL_Comms_C2.csv,J-10,111.0,-101.0,111.0,0.0,True
Comms,C2,PL_Comms_C2.csv,K-10,110.0,-100.0,110.0,0.0,True
Comms,C2,PL_Comms_C2.csv,L-10,117.0,-107.0,117.0,0.0,True
Comms,C2,PL_Comms_C2.csv,M-10,118.0,-108.0,118.0,0.0,True
Comms,C2,PL_Comms_C2.csv,N-10,114.0,-104.0,114.0,0.0,True
Comms,C2,PL_Comms_C2.csv,O-10,118.0,-108.0,118.0,0.0,True
Comms,C2,PL_Comms_C2.csv,A-11,112.0,-102.0,112.0,0.0,True
Comms,C2,PL_Comms_C2.csv,B-11,111.0,-101.0,111.0,0.0,True
Comms,C2,PL_Comms_C2.csv,C-11,109.0,-99.0,109.0,0.0,True
Comms,C2,PL_Comms_C2.csv,D-11,114.0,-104.0,114.0,0.0,True
Comms,C2,PL_Comms_C2.csv,E-11,107.0,-97.0,107.0,0.0,True
Comms,C2,PL_Comms_C2.csv,F-11,85.0,-75.0,85.0,0.0,True
Comms,C2,PL_Comms_C2.csv,G-11,96.0,-86.0,96.0,0.0,True
Comms,C2,PL_Comms_C2.csv,H-11,88.0,-78.0,88.0,0.0,True
Comms,C2,PL_Comms_C2.csv,J-11,103.0,-93.0,103.0,0.0,True
Comms,C2,PL_Comms_C2.csv,K-11,111.0,-101.0,111.0,0.0,True
Comms,C2,PL_Comms_C2.csv,L-11,113.0,-103.0,113.0,0.0,True
Comms,C2,PL_Comms_C2.csv,M-11,114.0,-104.0,114.0,0.0,True
Comms,C2,PL_Comms_C2.csv,N-11,116.0,-106.0,116.0,0.0,True
Comms,C2,PL_Comms_C2.csv,O-11,122.0,-112.0,122.0,0.0,True
Comms,C2,PL_Comms_C2.csv,A-12,116.0,-106.0,116.0,0.0,True
Comms,C2,PL_Comms_C2.csv,B-12,117.0,-107.0,117.0,0.0,True
Comms,C2,PL_Comms_C2.csv,D-12,105.0,-95.0,105.0,0.0,True
Comms,C2,PL_Comms_C2.csv,E-12,100.0,-90.0,100.0,0.0,True
Comms,C2,PL_Comms_C2.csv,F-12,96.0,-86.0,96.0,0.0,True
Comms,C2,PL_Comms_C2.csv,G-12,85.0,-75.0,85.0,0.0,True
Comms,C2,PL_Comms_C2.csv,H-12,90.0,-80.0,90.0,0.0,True
Comms,C2,PL_Comms_C2.csv,J-12,107.0,-97.0,107.0,0.0,True
Comms,C2,PL_Comms_C2.csv,K-12,115.0,-105.0,115.0,0.0,True
Comms,C2,PL_Comms_C2.csv,M-12,120.0,-110.0,120.0,0.0,True
Comms,C2,PL_Comms_C2.csv,N-12,122.0,-112.0,122.0,0.0,True
Comms,C2,PL_Comms_C2.csv,O-12,123.0,-113.0,123.0,0.0,True
Comms,C2,PL_Comms_C2.csv,A-13,102.0,-92.0,102.0,0.0,True
Comms,C2,PL_Comms_C2.csv,B-13,99.0,-89.0,99.0,0.0,True
Comms,C2,PL_Comms_C2.csv,C-13,103.0,-93.0,103.0,0.0,True
Comms,C2,PL_Comms_C2.csv,D-13,93.0,-83.0,93.0,0.0,True
Comms,C2,PL_Comms_C2.csv,E-13,101.0,-91.0,101.0,0.0,True
Comms,C2,PL_Comms_C2.csv,F-13,83.0,-73.0,83.0,0.0,True
Comms,C2,PL_Comms_C2.csv,G-13,93.0,-83.0,93.0,0.0,True
Comms,C2,PL_Comms_C2.csv,H-13,89.0,-79.0,89.0,0.0,True
Comms,C2,PL_Comms_C2.csv,J-13,107.0,-97.0,107.0,0.0,True
Comms,C2,PL_Comms_C2.csv,K-13,113.0,-103.0,113.0,0.0,True
Comms,C2,PL_Comms_C2.csv,L-13,116.0,-106.0,116.0,0.0,True
Comms,C2,PL_Comms_C2.csv,M-13,120.0,-110.0,120.0,0.0,True
Comms,C2,PL_Comms_C2.csv,A-14,96.0,-86.0,96.0,0.0,True
Comms,C2,PL_Comms_C2.csv,B-14,100.0,-90.0,100.0,0.0,True
Comms,C2,PL_Comms_C2.csv,C-14,98.0,-88.0,98.0,0.0,True
Comms,C2,PL_Comms_C2.csv,D-14,95.0,-85.0,95.0,0.0,True
Comms,C2,PL_Comms_C2.csv,E-14,106.0,-96.0,106.0,0.0,True
Comms,C2,PL_Comms_C2.csv,F-14,90.0,-80.0,90.0,0.0,True
Comms,C2,PL_Comms_C2.csv,G-14,98.0,-88.0,98.0,0.0,True
Comms,C2,PL_Comms_C2.csv,H-14,92.0,-82.0,92.0,0.0,True
Comms,C2,PL_Comms_C2.csv,I-14,94.0,-84.0,94.0,0.0,True
Comms,C2,PL_Comms_C2.csv,L-14,114.0,-104.0,114.0,0.0,True
Comms,C2,PL_Comms_C2.csv,A-15,98.0,-88.0,98.0,0.0,True
Comms,C2,PL_Comms_C2.csv,B-15,93.0,-83.0,93.0,0.0,True
Comms,C2,PL_Comms_C2.csv,C-15,96.0,-86.0,96.0,0.0,True
Comms,C2,PL_Comms_C2.csv,D-15,107.0,-97.0,107.0,0.0,True
Comms,C2,PL_Comms_C2.csv,E-15,108.0,-98.0,108.0,0.0,True
Comms,C2,PL_Comms_C2.csv,F-15,86.0,-76.0,86.0,0.0,True
Comms,C2,PL_Comms_C2.csv,G-15,83.0,-73.0,83.0,0.0,True
Comms,C2,PL_Comms_C2.csv,H-15,83.0,-73.0,83.0,0.0,True
Comms,C2,PL_Comms_C2.csv,I-15,108.0,-98.0,108.0,0.0,True
Comms,C2,PL_Comms_C2.csv,J-15,102.0,-92.0,102.0,0.0,True
Comms,C2,PL_Comms_C2.csv,L-15,105.0,-95.0,105.0,0.0,True
Comms,C2,PL_Comms_C2.csv,A-16,103.0,-93.0,103.0,0.0,True
Comms,C2,PL_Comms_C2.csv,B-16,91.0,-81.0,91.0,0.0,True
Comms,C2,PL_Comms_C2.csv,C-16,99.0,-89.0,99.0,0.0,True
Comms,C2,PL_Comms_C2.csv,D-16,92.0,-82.0,92.0,0.0,True
Comms,C2,PL_Comms_C2.csv,E-16,94.0,-84.0,94.0,0.0,True
Comms,C2,PL_Comms_C2.csv,F-16,92.0,-82.0,92.0,0.0,True
Comms,C2,PL_Comms_C2.csv,G-16,92.0,-82.0,92.0,0.0,True
Comms,C2,PL_Comms_C2.csv,H-16,85.0,-75.0,85.0,0.0,True
Comms,C2,PL_Comms_C2.csv,I-16,101.0,-91.0,101.0,0.0,True
Comms,C2,PL_Comms_C2.csv,J-16,100.0,-90.0,100.0,0.0,True
Comms,C2,PL_Comms_C2.csv,A-17,103.0,-93.0,103.0,0.0,True
Comms,C2,PL_Comms_C2.csv,B-17,99.0,-89.0,99.0,0.0,True
Comms,C2,PL_Comms_C2.csv,C-17,100.0,-90.0,100.0,0.0,True
Comms,C2,PL_Comms_C2.csv,D-17,97.0,-87.0,97.0,0.0,True
Comms,C2,PL_Comms_C2.csv,E-17,96.0,-86.0,96.0,0.0,True
Comms,C2,PL_Comms_C2.csv,F-17,83.0,-73.0,83.0,0.0,True
Comms,C2,PL_Comms_C2.csv,G-17,93.0,-83.0,93.0,0.0,True
Comms,C2,PL_Comms_C2.csv,H-17,84.0,-74.0,84.0,0.0,True
Comms,C2,PL_Comms_C2.csv,J-17,91.0,-81.0,91.0,0.0,True
Comms,C2,PL_Comms_C2.csv,K-17,94.0,-84.0,94.0,0.0,True
Comms,C2,PL_Comms_C2.csv,M-17,91.0,-81.0,91.0,0.0,True
Comms,C2,PL_Comms_C2.csv,N-17,93.0,-83.0,93.0,0.0,True
Comms,C2,PL_Comms_C2.csv,O-17,93.0,-83.0,93.0,0.0,True
Comms,C2,PL_Comms_C2.csv,P-17,94.0,-84.0,94.0,0.0,True
Comms,C2,PL_Comms_C2.csv,A-18,96.0,-86.0,96.0,0.0,True
Comms,C2,PL_Comms_C2.csv,B-18,91.0,-81.0,91.0,0.0,True
Comms,C2,PL_Comms_C2.csv,C-18,89.0,-79.0,89.0,0.0,True
Comms,C2,PL_Comms_C2.csv,D-18,89.0,-79.0,89.0,0.0,True
Comms,C2,PL_Comms_C2.csv,E-18,95.0,-85.0,95.0,0.0,True
Comms,C2,PL_Comms_C2.csv,F-18,88.0,-78.0,88.0,0.0,True
Comms,C2,PL_Comms_C2.csv,G-18,90.0,-80.0,90.0,0.0,True
Comms,C2,PL_Comms_C2.csv,H-18,80.0,-70.0,80.0,0.0,True
Comms,C2,PL_Comms_C2.csv,J-18,89.0,-79.0,89.0,0.0,True
Comms,C2,PL_Comms_C2.csv,K-18,85.0,-75.0,85.0,0.0,True
Comms,C2,PL_Comms_C2.csv,M-18,91.0,-81.0,91.0,0.0,True
Comms,C2,PL_Comms_C2.csv,N-18,93.0,-83.0,93.0,0.0,True
Comms,C2,PL_Comms_C2.csv,D-19,92.0,-82.0,92.0,0.0,True
Comms,C2,PL_Comms_C2.csv,E-19,90.0,-80.0,90.0,0.0,True
Comms,C2,PL_Comms_C2.csv,F-19,96.0,-86.0,96.0,0.0,True
Comms,C2,PL_Comms_C2.csv,G-19,88.0,-78.0,88.0,0.0,True
Comms,C2,PL_Comms_C2.csv,H-19,89.0,-79.0,89.0,0.0,True
Comms,C2,PL_Comms_C2.csv,J-19,98.0,-88.0,98.0,0.0,True
Comms,C2,PL_Comms_C2.csv,K-19,88.0,-78.0,88.0,0.0,True
Comms,C2,PL_Comms_C2.csv,L-19,102.0,-92.0,102.0,0.0,True
Comms,C2,PL_Comms_C2.csv,M-19,98.0,-88.0,98.0,0.0,True
Comms,C2,PL_Comms_C2.csv,N-19,92.0,-82.0,92.0,0.0,True
Comms,C2,PL_Comms_C2.csv,O-19,98.0,-88.0,98.0,0.0,True
Comms,C2,PL_Comms_C2.csv,P-19,94.0,-84.0,94.0,0.0,True
Comms,C2,PL_Comms_C2.csv,A-20,91.0,-81.0,91.0,0.0,True
Comms,C2,PL_Comms_C2.csv,B-20,81.0,-71.0,81.0,0.0,True
Comms,C2,PL_Comms_C2.csv,C-20,89.0,-79.0,89.0,0.0,True
Comms,C2,PL_Comms_C2.csv,D-20,88.0,-78.0,88.0,0.0,True
Comms,C2,PL_Comms_C2.csv,E-20,99.0,-89.0,99.0,0.0,True
Comms,C2,PL_Comms_C2.csv,F-20,83.0,-73.0,83.0,0.0,True
Comms,C2,PL_Comms_C2.csv,G-20,88.0,-78.0,88.0,0.0,True
Comms,C2,PL_Comms_C2.csv,H-20,79.0,-69.0,79.0,0.0,True
Comms,C2,PL_Comms_C2.csv,J-20,98.0,-88.0,98.0,0.0,True
Comms,C2,PL_Comms_C2.csv,K-20,84.0,-74.0,84.0,0.0,True
Comms,C2,PL_Comms_C2.csv,L-20,93.0,-83.0,93.0,0.0,True
Comms,C2,PL_Comms_C2.csv,M-20,88.0,-78.0,88.0,0.0,True
Comms,C2,PL_Comms_C2.csv,N-20,92.0,-82.0,92.0,0.0,True
Comms,C2,PL_Comms_C2.csv,O-20,89.0,-79.0,89.0,0.0,True
Comms,C2,PL_Comms_C2.csv,P-20,99.0,-89.0,99.0,0.0,True
Comms,C2,PL_Comms_C2.csv,A-21,92.0,-82.0,92.0,0.0,True
Comms,C2,PL_Comms_C2.csv,B-21,86.0,-76.0,86.0,0.0,True
Comms,C2,PL_Comms_C2.csv,C-21,91.0,-81.0,91.0,0.0,True
Comms,C2,PL_Comms_C2.csv,D-21,86.0,-76.0,86.0,0.0,True
Comms,C2,PL_Comms_C2.csv,E-21,91.0,-81.0,91.0,0.0,True
Comms,C2,PL_Comms_C2.csv,F-21,82.0,-72.0,82.0,0.0,True
Comms,C2,PL_Comms_C2.csv,G-21,86.0,-76.0,86.0,0.0,True
Comms,C2,PL_Comms_C2.csv,H-21,92.0,-82.0,92.0,0.0,True
Comms,C2,PL_Comms_C2.csv,I-21,95.0,-85.0,95.0,0.0,True
Comms,C2,PL_Comms_C2.csv,J-21,85.0,-75.0,85.0,0.0,True
Comms,C2,PL_Comms_C2.csv,K-21,87.0,-77.0,87.0,0.0,True
Comms,C2,PL_Comms_C2.csv,L-21,91.0,-81.0,91.0,0.0,True
Comms,C2,PL_Comms_C2.csv,M-21,92.0,-82.0,92.0,0.0,True
Comms,C2,PL_Comms_C2.csv,N-21,95.0,-85.0,95.0,0.0,True
Comms,C2,PL_Comms_C2.csv,O-21,88.0,-78.0,88.0,0.0,True
Comms,C2,PL_Comms_C2.csv,P-21,96.0,-86.0,96.0,0.0,True
Comms,C2,PL_Comms_C2.csv,B-22,83.0,-73.0,83.0,0.0,True
Comms,C2,PL_Comms_C2.csv,C-22,86.0,-76.0,86.0,0.0,True
Comms,C2,PL_Comms_C2.csv,D-22,92.0,-82.0,92.0,0.0,True
Comms,C2,PL_Comms_C2.csv,E-22,82.0,-72.0,82.0,0.0,True
Comms,C2,PL_Comms_C2.csv,F-22,83.0,-73.0,83.0,0.0,True
Comms,C2,PL_Comms_C2.csv,G-22,92.0,-82.0,92.0,0.0,True
Comms,C2,PL_Comms_C2.csv,H-22,85.0,-75.0,85.0,0.0,True
Comms,C2,PL_Comms_C2.csv,I-22,90.0,-80.0,90.0,0.0,True
Comms,C2,PL_Comms_C2.csv,J-22,80.0,-70.0,80.0,0.0,True
Comms,C2,PL_Comms_C2.csv,K-22,87.0,-77.0,87.0,0.0,True
Comms,C2,PL_Comms_C2.csv,L-22,88.0,-78.0,88.0,0.0,True
Comms,C2,PL_Comms_C2.csv,M-22,90.0,-80.0,90.0,0.0,True
Comms,C2,PL_Comms_C2.csv,N-22,89.0,-79.0,89.0,0.0,True
Comms,C2,PL_Comms_C2.csv,O-22,95.0,-85.0,95.0,0.0,True
Comms,C2,PL_Comms_C2.csv,P-22,96.0,-86.0,96.0,0.0,True
Comms,C2,PL_Comms_C2.csv,A-23,100.0,-90.0,100.0,0.0,True
Comms,C2,PL_Comms_C2.csv,C-23,84.0,-74.0,84.0,0.0,True
Comms,C2,PL_Comms_C2.csv,D-23,83.0,-73.0,83.0,0.0,True
Comms,C2,PL_Comms_C2.csv,E-23,80.0,-70.0,80.0,0.0,True
Comms,C2,PL_Comms_C2.csv,F-23,94.0,-84.0,94.0,0.0,True
Comms,C2,PL_Comms_C2.csv,G-23,80.0,-70.0,80.0,0.0,True
Comms,C2,PL_Comms_C2.csv,H-23,80.0,-70.0,80.0,0.0,True
Comms,C2,PL_Comms_C2.csv,I-23,81.0,-71.0,81.0,0.0,True
Comms,C2,PL_Comms_C2.csv,J-23,80.0,-70.0,80.0,0.0,True
Comms,C2,PL_Comms_C2.csv,K-23,90.0,-80.0,90.0,0.0,True
Comms,C2,PL_Comms_C2.csv,L-23,89.0,-79.0,89.0,0.0,True
Comms,C2,PL_Comms_C2.csv,M-23,88.0,-78.0,88.0,0.0,True
Comms,C2,PL_Comms_C2.csv,N-23,92.0,-82.0,92.0,0.0,True
Comms,C2,PL_Comms_C2.csv,O-23,85.0,-75.0,85.0,0.0,True
Comms,C2,PL_Comms_C2.csv,P-23,91.0,-81.0,91.0,0.0,True
Comms,C2,PL_Comms_C2.csv,A-24,91.0,-81.0,91.0,0.0,True
Comms,C2,PL_Comms_C2.csv,C-24,85.0,-75.0,85.0,0.0,True
Comms,C2,PL_Comms_C2.csv,E-24,71.0,-61.0,71.0,0.0,True
Comms,C2,PL_Comms_C2.csv,F-24,79.0,-69.0,79.0,0.0,True
Comms,C2,PL_Comms_C2.csv,G-24,76.0,-66.0,76.0,0.0,True
Comms,C2,PL_Comms_C2.csv,H-24,77.0,-67.0,77.0,0.0,True
Comms,C2,PL_Comms_C2.csv,J-24,87.0,-77.0,87.0,0.0,True
Comms,C2,PL_Comms_C2.csv,K-24,92.0,-82.0,92.0,0.0,True
Comms,C2,PL_Comms_C2.csv,L-24,82.0,-72.0,82.0,0.0,True
Comms,C2,PL_Comms_C2.csv,M-24,89.0,-79.0,89.0,0.0,True
Comms,C2,PL_Comms_C2.csv,N-24,80.0,-70.0,80.0,0.0,True
Comms,C2,PL_Comms_C2.csv,O-24,95.0,-85.0,95.0,0.0,True
Comms,C2,PL_Comms_C2.csv,P-24,87.0,-77.0,87.0,0.0,True
Comms,C2,PL_Comms_C2.csv,A-25,82.0,-72.0,82.0,0.0,True
Comms,C2,PL_Comms_C2.csv,B-25,84.0,-74.0,84.0,0.0,True
Comms,C2,PL_Comms_C2.csv,C-25,86.0,-76.0,86.0,0.0,True
Comms,C2,PL_Comms_C2.csv,E-25,78.0,-68.0,78.0,0.0,True
Comms,C2,PL_Comms_C2.csv,F-25,75.0,-65.0,75.0,0.0,True
Comms,C2,PL_Comms_C2.csv,G-25,76.0,-66.0,76.0,0.0,True
Comms,C2,PL_Comms_C2.csv,H-25,83.0,-73.0,83.0,0.0,True
Comms,C2,PL_Comms_C2.csv,J-25,97.0,-87.0,97.0,0.0,True
Comms,C2,PL_Comms_C2.csv,K-25,79.0,-69.0,79.0,0.0,True
Comms,C2,PL_Comms_C2.csv,L-25,93.0,-83.0,93.0,0.0,True
Comms,C2,PL_Comms_C2.csv,M-25,87.0,-77.0,87.0,0.0,True
Comms,C2,PL_Comms_C2.csv,N-25,94.0,-84.0,94.0,0.0,True
Comms,C2,PL_Comms_C2.csv,O-25,83.0,-73.0,83.0,0.0,True
Comms,C2,PL_Comms_C2.csv,P-25,90.0,-80.0,90.0,0.0,True
Comms,C2,PL_Comms_C2.csv,F-26,77.0,-67.0,77.0,0.0,True
Comms,C2,PL_Comms_C2.csv,G-26,75.0,-65.0,75.0,0.0,True
Comms,C2,PL_Comms_C2.csv,H-26,79.0,-69.0,79.0,0.0,True
Comms,C2,PL_Comms_C2.csv,O-26,83.0,-73.0,83.0,0.0,True
Comms,C2,PL_Comms_C2.csv,P-26,90.0,-80.0,90.0,0.0,True
Comms,C2,PL_Comms_C2.csv,A-27,74.0,-64.0,74.0,0.0,True
Comms,C2,PL_Comms_C2.csv,B-27,76.0,-66.0,76.0,0.0,True
Comms,C2,PL_Comms_C2.csv,C-27,66.0,-56.0,66.0,0.0,True
Comms,C2,PL_Comms_C2.csv,D-27,72.0,-62.0,72.0,0.0,True
Comms,C2,PL_Comms_C2.csv,E-27,71.0,-61.0,71.0,0.0,True
Comms,C2,PL_Comms_C2.csv,F-27,74.0,-64.0,74.0,0.0,True
Comms,C2,PL_Comms_C2.csv,G-27,76.0,-66.0,76.0,0.0,True
Comms,C2,PL_Comms_C2.csv,H-27,74.0,-64.0,74.0,0.0,True
Comms,C2,PL_Comms_C2.csv,I-27,77.0,-67.0,77.0,0.0,True
Comms,C2,PL_Comms_C2.csv,J-27,84.0,-74.0,84.0,0.0,True
Comms,C2,PL_Comms_C2.csv,L-27,80.0,-70.0,80.0,0.0,True
Comms,C2,PL_Comms_C2.csv,M-27,86.0,-76.0,86.0,0.0,True
Comms,C2,PL_Comms_C2.csv,A-28,65.0,-55.0,65.0,0.0,True
Comms,C2,PL_Comms_C2.csv,B-28,73.0,-63.0,73.0,0.0,True
Comms,C2,PL_Comms_C2.csv,C-28,74.0,-64.0,74.0,0.0,True
Comms,C2,PL_Comms_C2.csv,D-28,65.0,-55.0,65.0,0.0,True
Comms,C2,PL_Comms_C2.csv,E-28,76.0,-66.0,76.0,0.0,True
Comms,C2,PL_Comms_C2.csv,F-28,77.0,-67.0,77.0,0.0,True
Comms,C2,PL_Comms_C2.csv,G-28,72.0,-62.0,72.0,0.0,True
Comms,C2,PL_Comms_C2.csv,H-28,74.0,-64.0,74.0,0.0,True
Comms,C2,PL_Comms_C2.csv,J-28,76.0,-66.0,76.0,0.0,True
Comms,C2,PL_Comms_C2.csv,K-28,69.0,-59.0,69.0,0.0,True
Comms,C2,PL_Comms_C2.csv,L-28,69.0,-59.0,69.0,0.0,True
Comms,C2,PL_Comms_C2.csv,M-28,77.0,-67.0,77.0,0.0,True
Comms,C2,PL_Comms_C2.csv,B-29,72.0,-62.0,72.0,0.0,True
Comms,C2,PL_Comms_C2.csv,C-29,77.0,-67.0,77.0,0.0,True
Comms,C2,PL_Comms_C2.csv,D-29,64.0,-54.0,64.0,0.0,True
Comms,C2,PL_Comms_C2.csv,F-29,71.0,-61.0,71.0,0.0,True
Comms,C2,PL_Comms_C2.csv,G-29,68.0,-58.0,68.0,0.0,True
Comms,C2,PL_Comms_C2.csv,H-29,84.0,-74.0,84.0,0.0,True
Comms,C2,PL_Comms_C2.csv,I-29,84.0,-74.0,84.0,0.0,True
Comms,C2,PL_Comms_C2.csv,J-29,81.0,-71.0,81.0,0.0,True
Comms,C2,PL_Comms_C2.csv,K-29,81.0,-71.0,81.0,0.0,True
Comms,C2,PL_Comms_C2.csv,L-29,82.0,-72.0,82.0,0.0,True
Comms,C2,PL_Comms_C2.csv,M-29,74.0,-64.0,74.0,0.0,True
Comms,C2,PL_Comms_C2.csv,C-30,70.0,-60.0,70.0,0.0,True
Comms,C2,PL_Comms_C2.csv,D-30,81.0,-71.0,81.0,0.0,True
Comms,C2,PL_Comms_C2.csv,E-30,66.0,-56.0,66.0,0.0,True
Comms,C2,PL_Comms_C2.csv,F-30,69.0,-59.0,69.0,0.0,True
Comms,C2,PL_Comms_C2.csv,G-30,84.0,-74.0,84.0,0.0,True
Comms,C2,PL_Comms_C2.csv,H-30,72.0,-62.0,72.0,0.0,True
Comms,C2,PL_Comms_C2.csv,A-31,73.0,-63.0,73.0,0.0,True
Comms,C2,PL_Comms_C2.csv,B-31,76.0,-66.0,76.0,0.0,True
Comms,C2,PL_Comms_C2.csv,C-31,73.0,-63.0,73.0,0.0,True
Comms,C2,PL_Comms_C2.csv,D-31,83.0,-73.0,83.0,0.0,True
Comms,C2,PL_Comms_C2.csv,E-31,88.0,-78.0,88.0,0.0,True
Comms,C2,PL_Comms_C2.csv,F-31,75.0,-65.0,75.0,0.0,True
Comms,C2,PL_Comms_C2.csv,G-31,74.0,-64.0,74.0,0.0,True
Comms,C2,PL_Comms_C2.csv,H-31,74.0,-64.0,74.0,0.0,True
Comms,C2,PL_Comms_C2.csv,J-31,82.0,-72.0,82.0,0.0,True
Comms,C2,PL_Comms_C2.csv,L-31,91.0,-81.0,91.0,0.0,True
Comms,C2,PL_Comms_C2.csv,M-31,94.0,-84.0,94.0,0.0,True
Comms,C2,PL_Comms_C2.csv,A-32,78.0,-68.0,78.0,0.0,True
Comms,C2,PL_Comms_C2.csv,B-32,77.0,-67.0,77.0,0.0,True
Comms,C2,PL_Comms_C2.csv,C-32,74.0,-64.0,74.0,0.0,True
Comms,C2,PL_Comms_C2.csv,D-32,76.0,-66.0,76.0,0.0,True
Comms,C2,PL_Comms_C2.csv,E-32,75.0,-65.0,75.0,0.0,True
Comms,C2,PL_Comms_C2.csv,F-32,78.0,-68.0,78.0,0.0,True
Comms,C2,PL_Comms_C2.csv,G-32,82.0,-72.0,82.0,0.0,True
Comms,C2,PL_Comms_C2.csv,H-32,83.0,-73.0,83.0,0.0,True
Comms,C2,PL_Comms_C2.csv,J-32,89.0,-79.0,89.0,0.0,True
Comms,C2,PL_Comms_C2.csv,M-32,96.0,-86.0,96.0,0.0,True
Comms,C2,PL_Comms_C2.csv,C-33,71.0,-61.0,71.0,0.0,True
Comms,C2,PL_Comms_C2.csv,D-33,86.0,-76.0,86.0,0.0,True
Comms,C2,PL_Comms_C2.csv,E-33,84.0,-74.0,84.0,0.0,True
Comms,C2,PL_Comms_C2.csv,F-33,75.0,-65.0,75.0,0.0,True
Comms,C2,PL_Comms_C2.csv,G-33,79.0,-69.0,79.0,0.0,True
Comms,C2,PL_Comms_C2.csv,H-33,82.0,-72.0,82.0,0.0,True
Comms,C2,PL_Comms_C2.csv,J-33,83.0,-73.0,83.0,0.0,True
Comms,C2,PL_Comms_C2.csv,K-33,82.0,-72.0,82.0,0.0,True
Comms,C2,PL_Comms_C2.csv,L-33,99.0,-89.0,99.0,0.0,True
Comms,C2,PL_Comms_C2.csv,M-33,94.0,-84.0,94.0,0.0,True
Comms,C2,PL_Comms_C2.csv,N-33,88.0,-78.0,88.0,0.0,True
Comms,C2,PL_Comms_C2.csv,A-34,84.0,-74.0,84.0,0.0,True
Comms,C2,PL_Comms_C2.csv,B-34,84.0,-74.0,84.0,0.0,True
Comms,C2,PL_Comms_C2.csv,C-34,80.0,-70.0,80.0,0.0,True
Comms,C2,PL_Comms_C2.csv,D-34,86.0,-76.0,86.0,0.0,True
Comms,C2,PL_Comms_C2.csv,E-34,94.0,-84.0,94.0,0.0,True
Comms,C2,PL_Comms_C2.csv,F-34,93.0,-83.0,93.0,0.0,True
Comms,C2,PL_Comms_C2.csv,G-34,86.0,-76.0,86.0,0.0,True
Comms,C2,PL_Comms_C2.csv,H-34,78.0,-68.0,78.0,0.0,True
Comms,C2,PL_Comms_C2.csv,I-34,82.0,-72.0,82.0,0.0,True
Comms,C2,PL_Comms_C2.csv,J-34,79.0,-69.0,79.0,0.0,True
Comms,C2,PL_Comms_C2.csv,K-34,82.0,-72.0,82.0,0.0,True
Comms,C2,PL_Comms_C2.csv,A-35,80.0,-70.0,80.0,0.0,True
Comms,C2,PL_Comms_C2.csv,B-35,78.0,-68.0,78.0,0.0,True
Comms,C2,PL_Comms_C2.csv,C-35,77.0,-67.0,77.0,0.0,True
Comms,C2,PL_Comms_C2.csv,D-35,89.0,-79.0,89.0,0.0,True
Comms,C2,PL_Comms_C2.csv,E-35,88.0,-78.0,88.0,0.0,True
Comms,C2,PL_Comms_C2.csv,F-35,96.0,-86.0,96.0,0.0,True
Comms,C2,PL_Comms_C2.csv,G-35,91.0,-81.0,91.0,0.0,True
Comms,C2,PL_Comms_C2.csv,H-35,79.0,-69.0,79.0,0.0,True
Comms,C2,PL_Comms_C2.csv,I-35,89.0,-79.0,89.0,0.0,True
Comms,C2,PL_Comms_C2.csv,J-35,88.0,-78.0,88.0,0.0,True
Comms,C2,PL_Comms_C2.csv,K-35,84.0,-74.0,84.0,0.0,True
Comms,C2,PL_Comms_C2.csv,L-35,90.0,-80.0,90.0,0.0,True
Comms,C2,PL_Comms_C2.csv,M-35,91.0,-81.0,91.0,0.0,True
Comms,C2,PL_Comms_C2.csv,N-35,100.0,-90.0,100.0,0.0,True
Comms,C2,PL_Comms_C2.csv,O-35,92.0,-82.0,92.0,0.0,True
Comms,C2,PL_Comms_C2.csv,P-35,94.0,-84.0,94.0,0.0,True
Comms,C2,PL_Comms_C2.csv,A-36,86.0,-76.0,86.0,0.0,True
Comms,C2,PL_Comms_C2.csv,B-36,83.0,-73.0,83.0,0.0,True
Comms,C2,PL_Comms_C2.csv,C-36,-60.0,70.0,-60.0,0.0,True
Comms,C2,PL_Comms_C2.csv,D-36,87.0,-77.0,87.0,0.0,True
Comms,C2,PL_Comms_C2.csv,E-36,84.0,-74.0,84.0,0.0,True
Comms,C2,PL_Comms_C2.csv,F-36,86.0,-76.0,86.0,0.0,True
Comms,C2,PL_Comms_C2.csv,G-36,97.0,-87.0,97.0,0.0,True
Comms,C2,PL_Comms_C2.csv,H-36,80.0,-70.0,80.0,0.0,True
Comms,C2,PL_Comms_C2.csv,I-36,93.0,-83.0,93.0,0.0,True
Comms,C2,PL_Comms_C2.csv,J-36,86.0,-76.0,86.0,0.0,True
Comms,C2,PL_Comms_C2.csv,K-36,82.0,-72.0,82.0,0.0,True
Comms,C2,PL_Comms_C2.csv,L-36,94.0,-84.0,94.0,0.0,True
Comms,C2,PL_Comms_C2.csv,M-36,91.0,-81.0,91.0,0.0,True
Comms,C2,PL_Comms_C2.csv,N-36,86.0,-76.0,86.0,0.0,True
Comms,C2,PL_Comms_C2.csv,O-36,93.0,-83.0,93.0,0.0,True
Comms,C2,PL_Comms_C2.csv,A-37,89.0,-79.0,89.0,0.0,True
Comms,C2,PL_Comms_C2.csv,B-37,82.0,-72.0,82.0,0.0,True
Comms,C2,PL_Comms_C2.csv,D-37,86.0,-76.0,86.0,0.0,True
Comms,C2,PL_Comms_C2.csv,E-37,88.0,-78.0,88.0,0.0,True
Comms,C2,PL_Comms_C2.csv,F-37,91.0,-81.0,91.0,0.0,True
Comms,C2,PL_Comms_C2.csv,G-37,88.0,-78.0,88.0,0.0,True
Comms,C2,PL_Comms_C2.csv,H-37,78.0,-68.0,78.0,0.0,True
Comms,C2,PL_Comms_C2.csv,K-37,95.0,-85.0,95.0,0.0,True
Comms,C2,PL_Comms_C2.csv,L-37,90.0,-80.0,90.0,0.0,True
Comms,C2,PL_Comms_C2.csv,M-37,97.0,-87.0,97.0,0.0,True
Comms,C2,PL_Comms_C2.csv,N-37,95.0,-85.0,95.0,0.0,True
Comms,C2,PL_Comms_C2.csv,O-37,92.0,-82.0,92.0,0.0,True
Comms,C2,PL_Comms_C2.csv,P-37,92.0,-82.0,92.0,0.0,True
Comms,C2,PL_Comms_C2.csv,A-38,90.0,-80.0,90.0,0.0,True
Comms,C2,PL_Comms_C2.csv,B-38,90.0,-80.0,90.0,0.0,True
Comms,C2,PL_Comms_C2.csv,C-38,85.0,-75.0,85.0,0.0,True
Comms,C2,PL_Comms_C2.csv,D-38,92.0,-82.0,92.0,0.0,True
Comms,C2,PL_Comms_C2.csv,E-38,88.0,-78.0,88.0,0.0,True
Comms,C2,PL_Comms_C2.csv,F-38,84.0,-74.0,84.0,0.0,True
Comms,C2,PL_Comms_C2.csv,G-38,81.0,-71.0,81.0,0.0,True
Comms,C2,PL_Comms_C2.csv,H-38,81.0,-71.0,81.0,0.0,True
Comms,C2,PL_Comms_C2.csv,I-38,97.0,-87.0,97.0,0.0,True
Comms,C2,PL_Comms_C2.csv,J-38,99.0,-89.0,99.0,0.0,True
Comms,C2,PL_Comms_C2.csv,K-38,99.0,-89.0,99.0,0.0,True
Comms,C2,PL_Comms_C2.csv,L-38,95.0,-85.0,95.0,0.0,True
Comms,C2,PL_Comms_C2.csv,M-38,104.0,-94.0,104.0,0.0,True
Comms,C2,PL_Comms_C2.csv,N-38,103.0,-93.0,103.0,0.0,True
Comms,C2,PL_Comms_C2.csv,O-38,106.0,-96.0,106.0,0.0,True
Comms,C2,PL_Comms_C2.csv,A-39,95.0,-85.0,95.0,0.0,True
Comms,C2,PL_Comms_C2.csv,B-39,90.0,-80.0,90.0,0.0,True
Comms,C2,PL_Comms_C2.csv,C-39,85.0,-75.0,85.0,0.0,True
Comms,C2,PL_Comms_C2.csv,D-39,88.0,-78.0,88.0,0.0,True
Comms,C2,PL_Comms_C2.csv,E-39,90.0,-80.0,90.0,0.0,True
Comms,C2,PL_Comms_C2.csv,F-39,91.0,-81.0,91.0,0.0,True
Comms,C2,PL_Comms_C2.csv,G-39,85.0,-75.0,85.0,0.0,True
Comms,C2,PL_Comms_C2.csv,H-39,94.0,-84.0,94.0,0.0,True
Comms,C2,PL_Comms_C2.csv,I-39,88.0,-78.0,88.0,0.0,True
Comms,C2,PL_Comms_C2.csv,J-39,95.0,-85.0,95.0,0.0,True
Comms,C2,PL_Comms_C2.csv,K-39,107.0,-97.0,107.0,0.0,True
Comms,C2,PL_Comms_C2.csv,L-39,96.0,-86.0,96.0,0.0,True
Comms,C2,PL_Comms_C2.csv,M-39,106.0,-96.0,106.0,0.0,True
Comms,C2,PL_Comms_C2.csv,N-39,118.0,-108.0,118.0,0.0,True
Comms,C2,PL_Comms_C2.csv,O-39,103.0,-93.0,103.0,0.0,True
Comms,C2,PL_Comms_C2.csv,P-39,98.0,-88.0,98.0,0.0,True
Comms,C2,PL_Comms_C2.csv,A-40,95.0,-85.0,95.0,0.0,True
Comms,C2,PL_Comms_C2.csv,B-40,86.0,-76.0,86.0,0.0,True
Comms,C2,PL_Comms_C2.csv,C-40,100.0,-90.0,100.0,0.0,True
Comms,C2,PL_Comms_C2.csv,D-40,97.0,-87.0,97.0,0.0,True
Comms,C2,PL_Comms_C2.csv,E-40,98.0,-88.0,98.0,0.0,True
Comms,C2,PL_Comms_C2.csv,F-40,92.0,-82.0,92.0,0.0,True
Comms,C2,PL_Comms_C2.csv,G-40,90.0,-80.0,90.0,0.0,True
Comms,C2,PL_Comms_C2.csv,H-40,89.0,-79.0,89.0,0.0,True
Comms,C2,PL_Comms_C2.csv,I-40,107.0,-97.0,107.0,0.0,True
Comms,C2,PL_Comms_C2.csv,J-40,108.0,-98.0,108.0,0.0,True
Comms,C2,PL_Comms_C2.csv,K-40,98.0,-88.0,98.0,0.0,True
Comms,C2,PL_Comms_C2.csv,L-40,100.0,-90.0,100.0,0.0,True
Comms,C2,PL_Comms_C2.csv,M-40,97.0,-87.0,97.0,0.0,True
Comms,C2,PL_Comms_C2.csv,N-40,100.0,-90.0,100.0,0.0,True
Comms,C2,PL_Comms_C2.csv,O-40,105.0,-95.0,105.0,0.0,True
Comms,C2,PL_Comms_C2.csv,P-40,100.0,-90.0,100.0,0.0,True
Comms,C2,PL_Comms_C2.csv,A-41,96.0,-86.0,96.0,0.0,True
Comms,C2,PL_Comms_C2.csv,B-41,94.0,-84.0,94.0,0.0,True
Comms,C2,PL_Comms_C2.csv,C-41,98.0,-88.0,98.0,0.0,True
Comms,C2,PL_Comms_C2.csv,D-41,104.0,-94.0,104.0,0.0,True
Comms,C2,PL_Comms_C2.csv,E-41,95.0,-85.0,95.0,0.0,True
Comms,C2,PL_Comms_C2.csv,F-41,88.0,-78.0,88.0,0.0,True
Comms,C2,PL_Comms_C2.csv,G-41,84.0,-74.0,84.0,0.0,True
Comms,C2,PL_Comms_C2.csv,H-41,85.0,-75.0,85.0,0.0,True
Comms,C2,PL_Comms_C2.csv,J-41,101.0,-91.0,101.0,0.0,True
Comms,C2,PL_Comms_C2.csv,K-41,100.0,-90.0,100.0,0.0,True
Comms,C2,PL_Comms_C2.csv,L-41,102.0,-92.0,102.0,0.0,True
Comms,C2,PL_Comms_C2.csv,M-41,105.0,-95.0,105.0,0.0,True
Comms,C2,PL_Comms_C2.csv,N-41,103.0,-93.0,103.0,0.0,True
Comms,C2,PL_Comms_C2.csv,O-41,109.0,-99.0,109.0,0.0,True
Comms,C2,PL_Comms_C2.csv,P-41,106.0,-96.0,106.0,0.0,True
Comms,C2,PL_Comms_C2.csv,A-42,98.0,-88.0,98.0,0.0,True
Comms,C2,PL_Comms_C2.csv,B-42,110.0,-100.0,110.0,0.0,True
Comms,C2,PL_Comms_C2.csv,C-42,107.0,-97.0,107.0,0.0,True
Comms,C2,PL_Comms_C2.csv,D-42,106.0,-96.0,106.0,0.0,True
Comms,C2,PL_Comms_C2.csv,E-42,103.0,-93.0,103.0,0.0,True
Comms,C2,PL_Comms_C2.csv,F-42,89.0,-79.0,89.0,0.0,True
Comms,C2,PL_Comms_C2.csv,G-42,89.0,-79.0,89.0,0.0,True
Comms,C2,PL_Comms_C2.csv,H-42,86.0,-76.0,86.0,0.0,True
Comms,C2,PL_Comms_C2.csv,J-42,107.0,-97.0,107.0,0.0,True
Comms,C2,PL_Comms_C2.csv,K-42,98.0,-88.0,98.0,0.0,True
Comms,C2,PL_Comms_C2.csv,L-42,109.0,-99.0,109.0,0.0,True
Comms,C2,PL_Comms_C2.csv,M-42,110.0,-100.0,110.0,0.0,True
Comms,C2,PL_Comms_C2.csv,N-42,102.0,-92.0,102.0,0.0,True
Comms,C2,PL_Comms_C2.csv,O-42,112.0,-102.0,112.0,0.0,True
Comms,C2,PL_Comms_C2.csv,P-42,104.0,-94.0,104.0,0.0,True
Comms,C2,PL_Comms_C2.csv,A-43,100.0,-90.0,100.0,0.0,True
Comms,C2,PL_Comms_C2.csv,B-43,92.0,-82.0,92.0,0.0,True
Comms,C2,PL_Comms_C2.csv,C-43,98.0,-88.0,98.0,0.0,True
Comms,C2,PL_Comms_C2.csv,D-43,98.0,-88.0,98.0,0.0,True
Comms,C2,PL_Comms_C2.csv,E-43,105.0,-95.0,105.0,0.0,True
Comms,C2,PL_Comms_C2.csv,F-43,88.0,-78.0,88.0,0.0,True
Comms,C2,PL_Comms_C2.csv,G-43,89.0,-79.0,89.0,0.0,True
Comms,C2,PL_Comms_C2.csv,H-43,87.0,-77.0,87.0,0.0,True
Comms,C2,PL_Comms_C2.csv,A-44,110.0,-100.0,110.0,0.0,True
Comms,C2,PL_Comms_C2.csv,C-44,107.0,-97.0,107.0,0.0,True
Comms,C2,PL_Comms_C2.csv,D-44,101.0,-91.0,101.0,0.0,True
Comms,C2,PL_Comms_C2.csv,E-44,102.0,-92.0,102.0,0.0,True
Comms,C2,PL_Comms_C2.csv,F-44,84.0,-74.0,84.0,0.0,True
Comms,C2,PL_Comms_C2.csv,G-44,86.0,-76.0,86.0,0.0,True
Comms,C2,PL_Comms_C2.csv,H-44,87.0,-77.0,87.0,0.0,True
Comms,C2,PL_Comms_C2.csv,I-44,94.0,-84.0,94.0,0.0,True
Comms,C2,PL_Comms_C2.csv,J-44,105.0,-95.0,105.0,0.0,True
Comms,C2,PL_Comms_C2.csv,K-44,110.0,-100.0,110.0,0.0,True
Comms,C2,PL_Comms_C2.csv,L-44,102.0,-92.0,102.0,0.0,True
Comms,C2,PL_Comms_C2.csv,A-45,104.0,-94.0,104.0,0.0,True
Comms,C2,PL_Comms_C2.csv,B-45,112.0,-102.0,112.0,0.0,True
Comms,C2,PL_Comms_C2.csv,C-45,108.0,-98.0,108.0,0.0,True
Comms,C2,PL_Comms_C2.csv,D-45,104.0,-94.0,104.0,0.0,True
Comms,C2,PL_Comms_C2.csv,E-45,101.0,-91.0,101.0,0.0,True
Comms,C2,PL_Comms_C2.csv,F-45,93.0,-83.0,93.0,0.0,True
Comms,C2,PL_Comms_C2.csv,G-45,93.0,-83.0,93.0,0.0,True
Comms,C2,PL_Comms_C2.csv,H-45,86.0,-76.0,86.0,0.0,True
Comms,C2,PL_Comms_C2.csv,J-45,98.0,-88.0,98.0,0.0,True
Comms,C2,PL_Comms_C2.csv,K-45,113.0,-103.0,113.0,0.0,True
Comms,C2,PL_Comms_C2.csv,L-45,119.0,-109.0,119.0,0.0,True
Comms,C2,PL_Comms_C2.csv,A-46,107.0,-97.0,107.0,0.0,True
Comms,C2,PL_Comms_C2.csv,B-46,109.0,-99.0,109.0,0.0,True
Comms,C2,PL_Comms_C2.csv,C-46,107.0,-97.0,107.0,0.0,True
Comms,C2,PL_Comms_C2.csv,D-46,105.0,-95.0,105.0,0.0,True
Comms,C2,PL_Comms_C2.csv,E-46,103.0,-93.0,103.0,0.0,True
Comms,C2,PL_Comms_C2.csv,F-46,98.0,-88.0,98.0,0.0,True
Comms,C2,PL_Comms_C2.csv,G-46,96.0,-86.0,96.0,0.0,True
Comms,C2,PL_Comms_C2.csv,H-46,104.0,-94.0,104.0,0.0,True
Comms,C2,PL_Comms_C2.csv,J-46,115.0,-105.0,115.0,0.0,True
Comms,C2,PL_Comms_C2.csv,K-46,115.0,-105.0,115.0,0.0,True
Comms,C2,PL_Comms_C2.csv,L-46,110.0,-100.0,110.0,0.0,True
Comms,C2,PL_Comms_C2.csv,B-47,108.0,-98.0,108.0,0.0,True
Comms,C2,PL_Comms_C2.csv,C-47,102.0,-92.0,102.0,0.0,True
Comms,C2,PL_Comms_C2.csv,D-47,110.0,-100.0,110.0,0.0,True
Comms,C2,PL_Comms_C2.csv,E-47,113.0,-103.0,113.0,0.0,True
Comms,C2,PL_Comms_C2.csv,F-47,88.0,-78.0,88.0,0.0,True
Comms,C2,PL_Comms_C2.csv,G-47,86.0,-76.0,86.0,0.0,True
Comms,C2,PL_Comms_C2.csv,H-47,95.0,-85.0,95.0,0.0,True
Comms,C2,PL_Comms_C2.csv,J-47,113.0,-103.0,113.0,0.0,True
Comms,C2,PL_Comms_C2.csv,K-47,115.0,-105.0,115.0,0.0,True
Comms,C2,PL_Comms_C2.csv,L-47,115.0,-105.0,115.0,0.0,True
Comms,C2,PL_Comms_C2.csv,A-48,112.0,-102.0,112.0,0.0,True
Comms,C2,PL_Comms_C2.csv,B-48,114.0,-104.0,114.0,0.0,True
Comms,C2,PL_Comms_C2.csv,C-48,109.0,-99.0,109.0,0.0,True
Comms,C2,PL_Comms_C2.csv,D-48,105.0,-95.0,105.0,0.0,True
Comms,C2,PL_Comms_C2.csv,E-48,101.0,-91.0,101.0,0.0,True
Comms,C2,PL_Comms_C2.csv,F-48,96.0,-86.0,96.0,0.0,True
Comms,C2,PL_Comms_C2.csv,G-48,90.0,-80.0,90.0,0.0,True
Comms,C2,PL_Comms_C2.csv,H-48,93.0,-83.0,93.0,0.0,True
Comms,C2,PL_Comms_C2.csv,J-48,115.0,-105.0,115.0,0.0,True
Comms,C2,PL_Comms_C2.csv,K-48,118.0,-108.0,118.0,0.0,True
Comms,C2,PL_Comms_C2.csv,L-48,119.0,-109.0,119.0,0.0,True
Comms,C2,PL_Comms_C2.csv,A-49,113.0,-103.0,113.0,0.0,True
Comms,C2,PL_Comms_C2.csv,B-49,108.0,-98.0,108.0,0.0,True
Comms,C2,PL_Comms_C2.csv,C-49,106.0,-96.0,106.0,0.0,True
Comms,C2,PL_Comms_C2.csv,D-49,102.0,-92.0,102.0,0.0,True
Comms,C2,PL_Comms_C2.csv,E-49,101.0,-91.0,101.0,0.0,True
Comms,C2,PL_Comms_C2.csv,F-49,93.0,-83.0,93.0,0.0,True
Comms,C2,PL_Comms_C2.csv,G-49,98.0,-88.0,98.0,0.0,True
Comms,C2,PL_Comms_C2.csv,H-49,94.0,-84.0,94.0,0.0,True
Comms,C2,PL_Comms_C2.csv,I-49,108.0,-98.0,108.0,0.0,True
Comms,C2,PL_Comms_C2.csv,J-49,114.0,-104.0,114.0,0.0,True
Comms,C2,PL_Comms_C2.csv,K-49,112.0,-102.0,112.0,0.0,True
Comms,C2,PL_Comms_C2.csv,L-49,108.0,-98.0,108.0,0.0,True
Comms,C2,PL_Comms_C2.csv,A-50,115.0,-105.0,115.0,0.0,True
Comms,C2,PL_Comms_C2.csv,B-50,106.0,-96.0,106.0,0.0,True
Comms,C2,PL_Comms_C2.csv,C-50,110.0,-100.0,110.0,0.0,True
Comms,C2,PL_Comms_C2.csv,D-50,112.0,-102.0,112.0,0.0,True
Comms,C2,PL_Comms_C2.csv,E-50,114.0,-104.0,114.0,0.0,True
Comms,C2,PL_Comms_C2.csv,F-50,84.0,-74.0,84.0,0.0,True
Comms,C2,PL_Comms_C2.csv,G-50,91.0,-81.0,91.0,0.0,True
Comms,C2,PL_Comms_C2.csv,H-50,99.0,-89.0,99.0,0.0,True
Comms,C2,PL_Comms_C2.csv,I-50,112.0,-102.0,112.0,0.0,True
Comms,C2,PL_Comms_C2.csv,J-50,120.0,-110.0,120.0,0.0,True
Comms,C2,PL_Comms_C2.csv,K-50,107.0,-97.0,107.0,0.0,True
Comms,C2,PL_Comms_C2.csv,A-51,116.0,-106.0,116.0,0.0,True
Comms,C2,PL_Comms_C2.csv,B-51,114.0,-104.0,114.0,0.0,True
Comms,C2,PL_Comms_C2.csv,C-51,109.0,-99.0,109.0,0.0,True
Comms,C2,PL_Comms_C2.csv,D-51,112.0,-102.0,112.0,0.0,True
Comms,C2,PL_Comms_C2.csv,E-51,106.0,-96.0,106.0,0.0,True
Comms,C2,PL_Comms_C2.csv,F-51,86.0,-76.0,86.0,0.0,True
Comms,C2,PL_Comms_C2.csv,G-51,94.0,-84.0,94.0,0.0,True
Comms,C2,PL_Comms_C2.csv,H-51,93.0,-83.0,93.0,0.0,True
Comms,C2,PL_Comms_C2.csv,I-51,104.0,-94.0,104.0,0.0,True
Comms,C2,PL_Comms_C2.csv,J-51,114.0,-104.0,114.0,0.0,True
Comms,C2,PL_Comms_C2.csv,K-51,115.0,-105.0,115.0,0.0,True
Comms,C2,PL_Comms_C2.csv,L-51,108.0,-98.0,108.0,0.0,True
Comms,C2,PL_Comms_C2.csv,M-51,117.0,-107.0,117.0,0.0,True
Comms,C2,PL_Comms_C2.csv,N-51,115.0,-105.0,115.0,0.0,True
Comms,C2,PL_Comms_C2.csv,O-51,123.0,-113.0,123.0,0.0,True
Comms,C2,PL_Comms_C2.csv,P-51,116.0,-106.0,116.0,0.0,True
Comms,C2,PL_Comms_C2.csv,A-52,122.0,-112.0,122.0,0.0,True
Comms,C2,PL_Comms_C2.csv,B-52,115.0,-105.0,115.0,0.0,True
Comms,C2,PL_Comms_C2.csv,C-52,122.0,-112.0,122.0,0.0,True
Comms,C2,PL_Comms_C2.csv,D-52,108.0,-98.0,108.0,0.0,True
Comms,C2,PL_Comms_C2.csv,E-52,114.0,-104.0,114.0,0.0,True
Comms,C2,PL_Comms_C2.csv,F-52,85.0,-75.0,85.0,0.0,True
Comms,C2,PL_Comms_C2.csv,G-52,91.0,-81.0,91.0,0.0,True
Comms,C2,PL_Comms_C2.csv,H-52,90.0,-80.0,90.0,0.0,True
Comms,C2,PL_Comms_C2.csv,J-52,119.0,-109.0,119.0,0.0,True
Comms,C2,PL_Comms_C2.csv,K-52,110.0,-100.0,110.0,0.0,True
Comms,C2,PL_Comms_C2.csv,L-52,111.0,-101.0,111.0,0.0,True
Comms,C2,PL_Comms_C2.csv,M-52,116.0,-106.0,116.0,0.0,True
Comms,C2,PL_Comms_C2.csv,N-52,106.0,-96.0,106.0,0.0,True
Comms,C2,PL_Comms_C2.csv,O-52,116.0,-106.0,116.0,0.0,True
Comms,C2,PL_Comms_C2.csv,P-52,117.0,-107.0,117.0,0.0,True
Comms,C2,PL_Comms_C2.csv,A-53,120.0,-110.0,120.0,0.0,True
Comms,C2,PL_Comms_C2.csv,B-53,116.0,-106.0,116.0,0.0,True
Comms,C2,PL_Comms_C2.csv,C-53,116.0,-106.0,116.0,0.0,True
Comms,C2,PL_Comms_C2.csv,D-53,117.0,-107.0,117.0,0.0,True
Comms,C2,PL_Comms_C2.csv,E-53,118.0,-108.0,118.0,0.0,True
Comms,C2,PL_Comms_C2.csv,F-53,86.0,-76.0,86.0,0.0,True
Comms,C2,PL_Comms_C2.csv,G-53,97.0,-87.0,97.0,0.0,True
Comms,C2,PL_Comms_C2.csv,H-53,94.0,-84.0,94.0,0.0,True
Comms,C2,PL_Comms_C2.csv,I-53,112.0,-102.0,112.0,0.0,True
Comms,C2,PL_Comms_C2.csv,J-53,111.0,-101.0,111.0,0.0,True
Comms,C2,PL_Comms_C2.csv,K-53,113.0,-103.0,113.0,0.0,True
Comms,C2,PL_Comms_C2.csv,L-53,111.0,-101.0,111.0,0.0,True
Comms,C2,PL_Comms_C2.csv,M-53,117.0,-107.0,117.0,0.0,True
Comms,C2,PL_Comms_C2.csv,N-53,113.0,-103.0,113.0,0.0,True
Comms,C2,PL_Comms_C2.csv,O-53,116.0,-106.0,116.0,0.0,True
Comms,C2,PL_Comms_C2.csv,P-53,112.0,-102.0,112.0,0.0,True
Comms,C2,PL_Comms_C2.csv,C-54,117.0,-107.0,117.0,0.0,True
Comms,C2,PL_Comms_C2.csv,D-54,111.0,-101.0,111.0,0.0,True
Comms,C2,PL_Comms_C2.csv,E-54,104.0,-94.0,104.0,0.0,True
Comms,C2,PL_Comms_C2.csv,F-54,89.0,-79.0,89.0,0.0,True
Comms,C2,PL_Comms_C2.csv,G-54,99.0,-89.0,99.0,0.0,True
Comms,C2,PL_Comms_C2.csv,H-54,91.0,-81.0,91.0,0.0,True
Comms,C2,PL_Comms_C2.csv,I-54,111.0,-101.0,111.0,0.0,True
Comms,C2,PL_Comms_C2.csv,J-54,109.0,-99.0,109.0,0.0,True
Comms,C2,PL_Comms_C2.csv,K-54,116.0,-106.0,116.0,0.0,True
Comms,C2,PL_Comms_C2.csv,N-54,118.0,-108.0,118.0,0.0,True
Comms,C2,PL_Comms_C2.csv,O-54,123.0,-113.0,123.0,0.0,True
Comms,C2,PL_Comms_C2.csv,A-55,117.0,-107.0,117.0,0.0,True
Comms,C2,PL_Comms_C2.csv,B-55,116.0,-106.0,116.0,0.0,True
Comms,C2,PL_Comms_C2.csv,C-55,121.0,-111.0,121.0,0.0,True
Comms,C2,PL_Comms_C2.csv,D-55,118.0,-108.0,118.0,0.0,True
Comms,C2,PL_Comms_C2.csv,E-55,115.0,-105.0,115.0,0.0,True
Comms,C2,PL_Comms_C2.csv,F-55,92.0,-82.0,92.0,0.0,True
Comms,C2,PL_Comms_C2.csv,G-55,94.0,-84.0,94.0,0.0,True
Comms,C2,PL_Comms_C2.csv,H-55,92.0,-82.0,92.0,0.0,True
Comms,C2,PL_Comms_C2.csv,I-55,110.0,-100.0,110.0,0.0,True
Comms,C2,PL_Comms_C2.csv,J-55,115.0,-105.0,115.0,0.0,True
Comms,C2,PL_Comms_C2.csv,K-55,110.0,-100.0,110.0,0.0,True
Comms,C2,PL_Comms_C2.csv,N-55,120.0,-110.0,120.0,0.0,True
Comms,C2,PL_Comms_C2.csv,O-55,116.0,-106.0,116.0,0.0,True
Comms,C2,PL_Comms_C2.csv,A-56,111.0,-101.0,111.0,0.0,True
Comms,C2,PL_Comms_C2.csv,B-56,114.0,-104.0,114.0,0.0,True
Comms,C2,PL_Comms_C2.csv,C-56,118.0,-108.0,118.0,0.0,True
Comms,C2,PL_Comms_C2.csv,D-56,112.0,-102.0,112.0,0.0,True
Comms,C2,PL_Comms_C2.csv,E-56,122.0,-112.0,122.0,0.0,True
Comms,C2,PL_Comms_C2.csv,F-56,92.0,-82.0,92.0,0.0,True
Comms,C2,PL_Comms_C2.csv,G-56,95.0,-85.0,95.0,0.0,True
Comms,C2,PL_Comms_C2.csv,H-56,94.0,-84.0,94.0,0.0,True
Comms,C2,PL_Comms_C2.csv,I-56,113.0,-103.0,113.0,0.0,True
Comms,C2,PL_Comms_C2.csv,J-56,122.0,-112.0,122.0,0.0,True
Comms,C2,PL_Comms_C2.csv,K-56,118.0,-108.0,118.0,0.0,True
Comms,C2,PL_Comms_C2.csv,O-56,122.0,-112.0,122.0,0.0,True
Comms,C2,PL_Comms_C2.csv,P-56,123.0,-113.0,123.0,0.0,True
Comms,C2,PL_Comms_C2.csv,A-57,122.0,-112.0,122.0,0.0,True
Comms,C2,PL_Comms_C2.csv,B-57,121.0,-111.0,121.0,0.0,True
Comms,C2,PL_Comms_C2.csv,C-57,119.0,-109.0,119.0,0.0,True
Comms,C2,PL_Comms_C2.csv,D-57,110.0,-100.0,110.0,0.0,True
Comms,C2,PL_Comms_C2.csv,E-57,108.0,-98.0,108.0,0.0,True
Comms,C2,PL_Comms_C2.csv,F-57,94.0,-84.0,94.0,0.0,True
Comms,C2,PL_Comms_C2.csv,G-57,96.0,-86.0,96.0,0.0,True
Comms,C2,PL_Comms_C2.csv,H-57,94.0,-84.0,94.0,0.0,True
Comms,C2,PL_Comms_C2.csv,I-57,110.0,-100.0,110.0,0.0,True
Comms,C2,PL_Comms_C2.csv,J-57,117.0,-107.0,117.0,0.0,True
Comms,C2,PL_Comms_C2.csv,K-57,113.0,-103.0,113.0,0.0,True
Comms,C2,PL_Comms_C2.csv,L-57,113.0,-103.0,113.0,0.0,True
Comms,C2,PL_Comms_C2.csv,N-57,123.0,-113.0,123.0,0.0,True
Comms,C2,PL_Comms_C2.csv,O-57,123.0,-113.0,123.0,0.0,True
Comms,C2,PL_Comms_C2.csv,P-57,119.0,-109.0,119.0,0.0,True
Library,C1,PL_Library_C1.csv,B-1,77.0,-67.0,77.0,0.0,True
Library,C1,PL_Library_C1.csv,C-1,88.0,-78.0,88.0,0.0,True
Library,C1,PL_Library_C1.csv,D-1,80.0,-70.0,80.0,0.0,True
Library,C1,PL_Library_C1.csv,E-1,80.0,-70.0,80.0,0.0,True
Library,C1,PL_Library_C1.csv,F-1,84.0,-74.0,84.0,0.0,True
Library,C1,PL_Library_C1.csv,B-2,82.0,-72.0,82.0,0.0,True
Library,C1,PL_Library_C1.csv,C-2,87.0,-77.0,87.0,0.0,True
Library,C1,PL_Library_C1.csv,D-2,94.0,-84.0,94.0,0.0,True
Library,C1,PL_Library_C1.csv,E-2,75.0,-65.0,75.0,0.0,True
Library,C1,PL_Library_C1.csv,F-2,86.0,-76.0,86.0,0.0,True
Library,C1,PL_Library_C1.csv,G-2,85.0,-75.0,85.0,0.0,True
Library,C1,PL_Library_C1.csv,H-2,81.0,-71.0,81.0,0.0,True
Library,C1,PL_Library_C1.csv,I-2,80.0,-70.0,80.0,0.0,True
Library,C1,PL_Library_C1.csv,J-2,82.0,-72.0,82.0,0.0,True
Library,C1,PL_Library_C1.csv,C-3,80.0,-70.0,80.0,0.0,True
Library,C1,PL_Library_C1.csv,D-3,81.0,-71.0,81.0,0.0,True
Library,C1,PL_Library_C1.csv,E-3,81.0,-71.0,81.0,0.0,True
Library,C1,PL_Library_C1.csv,F-3,84.0,-74.0,84.0,0.0,True
Library,C1,PL_Library_C1.csv,G-3,82.0,-72.0,82.0,0.0,True
Library,C1,PL_Library_C1.csv,H-3,81.0,-71.0,81.0,0.0,True
Library,C1,PL_Library_C1.csv,I-3,78.0,-68.0,78.0,0.0,True
Library,C1,PL_Library_C1.csv,J-3,81.0,-71.0,81.0,0.0,True
Library,C1,PL_Library_C1.csv,K-3,84.0,-74.0,84.0,0.0,True
Library,C1,PL_Library_C1.csv,L-3,80.0,-70.0,80.0,0.0,True
Library,C1,PL_Library_C1.csv,M-3,82.0,-72.0,82.0,0.0,True
Library,C1,PL_Library_C1.csv,N-3,90.0,-80.0,90.0,0.0,True
Library,C1,PL_Library_C1.csv,A-4,83.0,-73.0,83.0,0.0,True
Library,C1,PL_Library_C1.csv,C-4,81.0,-71.0,81.0,0.0,True
Library,C1,PL_Library_C1.csv,D-4,85.0,-75.0,85.0,0.0,True
Library,C1,PL_Library_C1.csv,E-4,74.0,-64.0,74.0,0.0,True
Library,C1,PL_Library_C1.csv,F-4,78.0,-68.0,78.0,0.0,True
Library,C1,PL_Library_C1.csv,G-4,87.0,-77.0,87.0,0.0,True
Library,C1,PL_Library_C1.csv,H-4,77.0,-67.0,77.0,0.0,True
Library,C1,PL_Library_C1.csv,I-4,86.0,-76.0,86.0,0.0,True
Library,C1,PL_Library_C1.csv,M-4,79.0,-69.0,79.0,0.0,True
Library,C1,PL_Library_C1.csv,N-4,82.0,-72.0,82.0,0.0,True
Library,C1,PL_Library_C1.csv,O-4,81.0,-71.0,81.0,0.0,True
Library,C1,PL_Library_C1.csv,P-4,83.0,-73.0,83.0,0.0,True
Library,C1,PL_Library_C1.csv,Q-4,78.0,-68.0,78.0,0.0,True
Library,C1,PL_Library_C1.csv,R-4,79.0,-69.0,79.0,0.0,True
Library,C1,PL_Library_C1.csv,A-5,75.0,-65.0,75.0,0.0,True
Library,C1,PL_Library_C1.csv,C-5,74.0,-64.0,74.0,0.0,True
Library,C1,PL_Library_C1.csv,D-5,74.0,-64.0,74.0,0.0,True
Library,C1,PL_Library_C1.csv,E-5,77.0,-67.0,77.0,0.0,True
Library,C1,PL_Library_C1.csv,F-5,78.0,-68.0,78.0,0.0,True
Library,C1,PL_Library_C1.csv,G-5,84.0,-74.0,84.0,0.0,True
Library,C1,PL_Library_C1.csv,H-5,83.0,-73.0,83.0,0.0,True
Library,C1,PL_Library_C1.csv,I-5,87.0,-77.0,87.0,0.0,True
Library,C1,PL_Library_C1.csv,J-5,80.0,-70.0,80.0,0.0,True
Library,C1,PL_Library_C1.csv,N-5,84.0,-74.0,84.0,0.0,True
Library,C1,PL_Library_C1.csv,O-5,77.0,-67.0,77.0,0.0,True
Library,C1,PL_Library_C1.csv,P-5,80.0,-70.0,80.0,0.0,True
Library,C1,PL_Library_C1.csv,Q-5,88.0,-78.0,88.0,0.0,True
Library,C1,PL_Library_C1.csv,R-5,95.0,-85.0,95.0,0.0,True
Library,C1,PL_Library_C1.csv,S-5,82.0,-72.0,82.0,0.0,True
Library,C1,PL_Library_C1.csv,T-5,86.0,-76.0,86.0,0.0,True
Library,C1,PL_Library_C1.csv,U-5,83.0,-73.0,83.0,0.0,True
Library,C1,PL_Library_C1.csv,V-5,94.0,-84.0,94.0,0.0,True
Library,C1,PL_Library_C1.csv,A-6,79.0,-69.0,79.0,0.0,True
Library,C1,PL_Library_C1.csv,C-6,77.0,-67.0,77.0,0.0,True
Library,C1,PL_Library_C1.csv,D-6,82.0,-72.0,82.0,0.0,True
Library,C1,PL_Library_C1.csv,E-6,81.0,-71.0,81.0,0.0,True
Library,C1,PL_Library_C1.csv,F-6,76.0,-66.0,76.0,0.0,True
Library,C1,PL_Library_C1.csv,G-6,82.0,-72.0,82.0,0.0,True
Library,C1,PL_Library_C1.csv,H-6,79.0,-69.0,79.0,0.0,True
Library,C1,PL_Library_C1.csv,I-6,83.0,-73.0,83.0,0.0,True
Library,C1,PL_Library_C1.csv,J-6,92.0,-82.0,92.0,0.0,True
Library,C1,PL_Library_C1.csv,N-6,90.0,-80.0,90.0,0.0,True
Library,C1,PL_Library_C1.csv,O-6,80.0,-70.0,80.0,0.0,True
Library,C1,PL_Library_C1.csv,P-6,87.0,-77.0,87.0,0.0,True
Library,C1,PL_Library_C1.csv,Q-6,80.0,-70.0,80.0,0.0,True
Library,C1,PL_Library_C1.csv,R-6,76.0,-66.0,76.0,0.0,True
Library,C1,PL_Library_C1.csv,V-6,82.0,-72.0,82.0,0.0,True
Library,C1,PL_Library_C1.csv,W-6,81.0,-71.0,81.0,0.0,True
Library,C1,PL_Library_C1.csv,A-7,82.0,-72.0,82.0,0.0,True
Library,C1,PL_Library_C1.csv,B-7,83.0,-73.0,83.0,0.0,True
Library,C1,PL_Library_C1.csv,C-7,78.0,-68.0,78.0,0.0,True
Library,C1,PL_Library_C1.csv,D-7,80.0,-70.0,80.0,0.0,True
Library,C1,PL_Library_C1.csv,E-7,79.0,-69.0,79.0,0.0,True
Library,C1,PL_Library_C1.csv,F-7,73.0,-63.0,73.0,0.0,True
Library,C1,PL_Library_C1.csv,G-7,87.0,-77.0,87.0,0.0,True
Library,C1,PL_Library_C1.csv,H-7,85.0,-75.0,85.0,0.0,True
Library,C1,PL_Library_C1.csv,I-7,79.0,-69.0,79.0,0.0,True
Library,C1,PL_Library_C1.csv,J-7,88.0,-78.0,88.0,0.0,True
Library,C1,PL_Library_C1.csv,K-7,72.0,-62.0,72.0,0.0,True
Library,C1,PL_Library_C1.csv,O-7,81.0,-71.0,81.0,0.0,True
Library,C1,PL_Library_C1.csv,P-7,80.0,-70.0,80.0,0.0,True
Library,C1,PL_Library_C1.csv,Q-7,92.0,-82.0,92.0,0.0,True
Library,C1,PL_Library_C1.csv,R-7,86.0,-76.0,86.0,0.0,True
Library,C1,PL_Library_C1.csv,S-7,84.0,-74.0,84.0,0.0,True
Library,C1,PL_Library_C1.csv,V-7,92.0,-82.0,92.0,0.0,True
Library,C1,PL_Library_C1.csv,W-7,85.0,-75.0,85.0,0.0,True
Library,C1,PL_Library_C1.csv,A-8,88.0,-78.0,88.0,0.0,True
Library,C1,PL_Library_C1.csv,B-8,87.0,-77.0,87.0,0.0,True
Library,C1,PL_Library_C1.csv,C-8,85.0,-75.0,85.0,0.0,True
Library,C1,PL_Library_C1.csv,D-8,79.0,-69.0,79.0,0.0,True
Library,C1,PL_Library_C1.csv,E-8,88.0,-78.0,88.0,0.0,True
Library,C1,PL_Library_C1.csv,F-8,74.0,-64.0,74.0,0.0,True
Library,C1,PL_Library_C1.csv,G-8,79.0,-69.0,79.0,0.0,True
Library,C1,PL_Library_C1.csv,H-8,82.0,-72.0,82.0,0.0,True
Library,C1,PL_Library_C1.csv,I-8,79.0,-69.0,79.0,0.0,True
Library,C1,PL_Library_C1.csv,J-8,78.0,-68.0,78.0,0.0,True
Library,C1,PL_Library_C1.csv,K-8,75.0,-65.0,75.0,0.0,True
Library,C1,PL_Library_C1.csv,L-8,85.0,-75.0,85.0,0.0,True
Library,C1,PL_Library_C1.csv,M-8,78.0,-68.0,78.0,0.0,True
Library,C1,PL_Library_C1.csv,N-8,82.0,-72.0,82.0,0.0,True
Library,C1,PL_Library_C1.csv,O-8,69.0,-59.0,69.0,0.0,True
Library,C1,PL_Library_C1.csv,P-8,74.0,-64.0,74.0,0.0,True
Library,C1,PL_Library_C1.csv,Q-8,71.0,-61.0,71.0,0.0,True
Library,C1,PL_Library_C1.csv,R-8,70.0,-60.0,70.0,0.0,True
Library,C1,PL_Library_C1.csv,V-8,92.0,-82.0,92.0,0.0,True
Library,C1,PL_Library_C1.csv,W-8,87.0,-77.0,87.0,0.0,True
Library,C1,PL_Library_C1.csv,A-9,80.0,-70.0,80.0,0.0,True
Library,C1,PL_Library_C1.csv,B-9,80.0,-70.0,80.0,0.0,True
Library,C1,PL_Library_C1.csv,C-9,85.0,-75.0,85.0,0.0,True
Library,C1,PL_Library_C1.csv,D-9,83.0,-73.0,83.0,0.0,True
Library,C1,PL_Library_C1.csv,E-9,78.0,-68.0,78.0,0.0,True
Library,C1,PL_Library_C1.csv,F-9,76.0,-66.0,76.0,0.0,True
Library,C1,PL_Library_C1.csv,G-9,73.0,-63.0,73.0,0.0,True
Library,C1,PL_Library_C1.csv,H-9,74.0,-64.0,74.0,0.0,True
Library,C1,PL_Library_C1.csv,I-9,68.0,-58.0,68.0,0.0,True
Library,C1,PL_Library_C1.csv,J-9,86.0,-76.0,86.0,0.0,True
Library,C1,PL_Library_C1.csv,K-9,74.0,-64.0,74.0,0.0,True
Library,C1,PL_Library_C1.csv,L-9,71.0,-61.0,71.0,0.0,True
Library,C1,PL_Library_C1.csv,M-9,77.0,-67.0,77.0,0.0,True
Library,C1,PL_Library_C1.csv,N-9,80.0,-70.0,80.0,0.0,True
Library,C1,PL_Library_C1.csv,O-9,64.0,-54.0,64.0,0.0,True
Library,C1,PL_Library_C1.csv,P-9,73.0,-63.0,73.0,0.0,True
Library,C1,PL_Library_C1.csv,Q-9,70.0,-60.0,70.0,0.0,True
Library,C1,PL_Library_C1.csv,R-9,77.0,-67.0,77.0,0.0,True
Library,C1,PL_Library_C1.csv,S-9,81.0,-71.0,81.0,0.0,True
Library,C1,PL_Library_C1.csv,T-9,81.0,-71.0,81.0,0.0,True
Library,C1,PL_Library_C1.csv,U-9,80.0,-70.0,80.0,0.0,True
Library,C1,PL_Library_C1.csv,V-9,81.0,-71.0,81.0,0.0,True
Library,C1,PL_Library_C1.csv,A-10,84.0,-74.0,84.0,0.0,True
Library,C1,PL_Library_C1.csv,B-10,93.0,-83.0,93.0,0.0,True
Library,C1,PL_Library_C1.csv,G-10,87.0,-77.0,87.0,0.0,True
Library,C1,PL_Library_C1.csv,H-10,79.0,-69.0,79.0,0.0,True
Library,C1,PL_Library_C1.csv,I-10,76.0,-66.0,76.0,0.0,True
Library,C1,PL_Library_C1.csv,J-10,76.0,-66.0,76.0,0.0,True
Library,C1,PL_Library_C1.csv,K-10,71.0,-61.0,71.0,0.0,True
Library,C1,PL_Library_C1.csv,L-10,71.0,-61.0,71.0,0.0,True
Library,C1,PL_Library_C1.csv,M-10,72.0,-62.0,72.0,0.0,True
Library,C1,PL_Library_C1.csv,N-10,71.0,-61.0,71.0,0.0,True
Library,C1,PL_Library_C1.csv,O-10,73.0,-63.0,73.0,0.0,True
Library,C1,PL_Library_C1.csv,P-10,72.0,-62.0,72.0,0.0,True
Library,C1,PL_Library_C1.csv,Q-10,73.0,-63.0,73.0,0.0,True
Library,C1,PL_Library_C1.csv,T-10,78.0,-68.0,78.0,0.0,True
Library,C1,PL_Library_C1.csv,U-10,71.0,-61.0,71.0,0.0,True
Library,C1,PL_Library_C1.csv,V-10,80.0,-70.0,80.0,0.0,True
Library,C1,PL_Library_C1.csv,A-11,84.0,-74.0,84.0,0.0,True
Library,C1,PL_Library_C1.csv,B-11,81.0,-71.0,81.0,0.0,True
Library,C1,PL_Library_C1.csv,C-11,92.0,-82.0,92.0,0.0,True
Library,C1,PL_Library_C1.csv,G-11,78.0,-68.0,78.0,0.0,True
Library,C1,PL_Library_C1.csv,H-11,74.0,-64.0,74.0,0.0,True
Library,C1,PL_Library_C1.csv,I-11,75.0,-65.0,75.0,0.0,True
Library,C1,PL_Library_C1.csv,J-11,70.0,-60.0,70.0,0.0,True
Library,C1,PL_Library_C1.csv,K-11,70.0,-60.0,70.0,0.0,True
Library,C1,PL_Library_C1.csv,L-11,72.0,-62.0,72.0,0.0,True
Library,C1,PL_Library_C1.csv,M-11,68.0,-58.0,68.0,0.0,True
Library,C1,PL_Library_C1.csv,N-11,74.0,-64.0,74.0,0.0,True
Library,C1,PL_Library_C1.csv,O-11,74.0,-64.0,74.0,0.0,True
Library,C1,PL_Library_C1.csv,P-11,80.0,-70.0,80.0,0.0,True
Library,C1,PL_Library_C1.csv,Q-11,72.0,-62.0,72.0,0.0,True
Library,C1,PL_Library_C1.csv,R-11,75.0,-65.0,75.0,0.0,True
Library,C1,PL_Library_C1.csv,T-11,78.0,-68.0,78.0,0.0,True
Library,C1,PL_Library_C1.csv,U-11,79.0,-69.0,79.0,0.0,True
Library,C1,PL_Library_C1.csv,V-11,74.0,-64.0,74.0,0.0,True
Library,C1,PL_Library_C1.csv,W-11,73.0,-63.0,73.0,0.0,True
Library,C1,PL_Library_C1.csv,A-12,83.0,-73.0,83.0,0.0,True
Library,C1,PL_Library_C1.csv,B-12,98.0,-88.0,98.0,0.0,True
Library,C1,PL_Library_C1.csv,C-12,99.0,-89.0,99.0,0.0,True
Library,C1,PL_Library_C1.csv,G-12,74.0,-64.0,74.0,0.0,True
Library,C1,PL_Library_C1.csv,H-12,78.0,-68.0,78.0,0.0,True
Library,C1,PL_Library_C1.csv,I-12,84.0,-74.0,84.0,0.0,True
Library,C1,PL_Library_C1.csv,J-12,70.0,-60.0,70.0,0.0,True
Library,C1,PL_Library_C1.csv,K-12,81.0,-71.0,81.0,0.0,True
Library,C1,PL_Library_C1.csv,L-12,71.0,-61.0,71.0,0.0,True
Library,C1,PL_Library_C1.csv,M-12,70.0,-60.0,70.0,0.0,True
Library,C1,PL_Library_C1.csv,N-12,70.0,-60.0,70.0,0.0,True
Library,C1,PL_Library_C1.csv,O-12,72.0,-62.0,72.0,0.0,True
Library,C1,PL_Library_C1.csv,P-12,68.0,-58.0,68.0,0.0,True
Library,C1,PL_Library_C1.csv,Q-12,67.0,-57.0,67.0,0.0,True
Library,C1,PL_Library_C1.csv,R-12,75.0,-65.0,75.0,0.0,True
Library,C1,PL_Library_C1.csv,S-12,76.0,-66.0,76.0,0.0,True
Library,C1,PL_Library_C1.csv,T-12,75.0,-65.0,75.0,0.0,True
Library,C1,PL_Library_C1.csv,U-12,85.0,-75.0,85.0,0.0,True
Library,C1,PL_Library_C1.csv,V-12,77.0,-67.0,77.0,0.0,True
Library,C1,PL_Library_C1.csv,A-13,81.0,-71.0,81.0,0.0,True
Library,C1,PL_Library_C1.csv,B-13,84.0,-74.0,84.0,0.0,True
Library,C1,PL_Library_C1.csv,C-13,89.0,-79.0,89.0,0.0,True
Library,C1,PL_Library_C1.csv,G-13,73.0,-63.0,73.0,0.0,True
Library,C1,PL_Library_C1.csv,H-13,71.0,-61.0,71.0,0.0,True
Library,C1,PL_Library_C1.csv,I-13,92.0,-82.0,92.0,0.0,True
Library,C1,PL_Library_C1.csv,J-13,87.0,-77.0,87.0,0.0,True
Library,C1,PL_Library_C1.csv,K-13,68.0,-58.0,68.0,0.0,True
Library,C1,PL_Library_C1.csv,L-13,71.0,-61.0,71.0,0.0,True
Library,C1,PL_Library_C1.csv,M-13,67.0,-57.0,67.0,0.0,True
Library,C1,PL_Library_C1.csv,N-13,70.0,-60.0,70.0,0.0,True
Library,C1,PL_Library_C1.csv,O-13,73.0,-63.0,73.0,0.0,True
Library,C1,PL_Library_C1.csv,P-13,70.0,-60.0,70.0,0.0,True
Library,C1,PL_Library_C1.csv,Q-13,76.0,-66.0,76.0,0.0,True
Library,C1,PL_Library_C1.csv,R-13,74.0,-64.0,74.0,0.0,True
Library,C1,PL_Library_C1.csv,S-13,82.0,-72.0,82.0,0.0,True
Library,C1,PL_Library_C1.csv,T-13,73.0,-63.0,73.0,0.0,True
Library,C1,PL_Library_C1.csv,U-13,81.0,-71.0,81.0,0.0,True
Library,C1,PL_Library_C1.csv,V-13,77.0,-67.0,77.0,0.0,True
Library,C1,PL_Library_C1.csv,W-13,76.0,-66.0,76.0,0.0,True
Library,C1,PL_Library_C1.csv,A-14,92.0,-82.0,92.0,0.0,True
Library,C1,PL_Library_C1.csv,B-14,89.0,-79.0,89.0,0.0,True
Library,C1,PL_Library_C1.csv,C-14,96.0,-86.0,96.0,0.0,True
Library,C1,PL_Library_C1.csv,H-14,70.0,-60.0,70.0,0.0,True
Library,C1,PL_Library_C1.csv,I-14,67.0,-57.0,67.0,0.0,True
Library,C1,PL_Library_C1.csv,J-14,73.0,-63.0,73.0,0.0,True
Library,C1,PL_Library_C1.csv,L-14,65.0,-55.0,65.0,0.0,True
Library,C1,PL_Library_C1.csv,M-14,72.0,-62.0,72.0,0.0,True
Library,C1,PL_Library_C1.csv,N-14,59.0,-49.0,59.0,0.0,True
Library,C1,PL_Library_C1.csv,O-14,63.0,-53.0,63.0,0.0,True
Library,C1,PL_Library_C1.csv,P-14,80.0,-70.0,80.0,0.0,True
Library,C1,PL_Library_C1.csv,Q-14,71.0,-61.0,71.0,0.0,True
Library,C1,PL_Library_C1.csv,R-14,73.0,-63.0,73.0,0.0,True
Library,C1,PL_Library_C1.csv,S-14,73.0,-63.0,73.0,0.0,True
Library,C1,PL_Library_C1.csv,T-14,71.0,-61.0,71.0,0.0,True
Library,C1,PL_Library_C1.csv,U-14,79.0,-69.0,79.0,0.0,True
Library,C1,PL_Library_C1.csv,V-14,80.0,-70.0,80.0,0.0,True
Library,C1,PL_Library_C1.csv,W-14,76.0,-66.0,76.0,0.0,True
Library,C1,PL_Library_C1.csv,A-15,76.0,-66.0,76.0,0.0,True
Library,C1,PL_Library_C1.csv,B-15,78.0,-68.0,78.0,0.0,True
Library,C1,PL_Library_C1.csv,C-15,73.0,-63.0,73.0,0.0,True
Library,C1,PL_Library_C1.csv,E-15,76.0,-66.0,76.0,0.0,True
Library,C1,PL_Library_C1.csv,F-15,79.0,-69.0,79.0,0.0,True
Library,C1,PL_Library_C1.csv,G-15,79.0,-69.0,79.0,0.0,True
Library,C1,PL_Library_C1.csv,H-15,78.0,-68.0,78.0,0.0,True
Library,C1,PL_Library_C1.csv,I-15,79.0,-69.0,79.0,0.0,True
Library,C1,PL_Library_C1.csv,J-15,84.0,-74.0,84.0,0.0,True
Library,C1,PL_Library_C1.csv,K-15,61.0,-51.0,61.0,0.0,True
Library,C1,PL_Library_C1.csv,L-15,65.0,-55.0,65.0,0.0,True
Library,C1,PL_Library_C1.csv,M-15,72.0,-62.0,72.0,0.0,True
Library,C1,PL_Library_C1.csv,N-15,59.0,-49.0,59.0,0.0,True
Library,C1,PL_Library_C1.csv,O-15,54.0,-44.0,54.0,0.0,True
Library,C1,PL_Library_C1.csv,P-15,61.0,-51.0,61.0,0.0,True
Library,C1,PL_Library_C1.csv,Q-15,63.0,-53.0,63.0,0.0,True
Library,C1,PL_Library_C1.csv,S-15,68.0,-58.0,68.0,0.0,True
Library,C1,PL_Library_C1.csv,T-15,65.0,-55.0,65.0,0.0,True
Library,C1,PL_Library_C1.csv,U-15,65.0,-55.0,65.0,0.0,True
Library,C1,PL_Library_C1.csv,V-15,68.0,-58.0,68.0,0.0,True
Library,C1,PL_Library_C1.csv,W-15,69.0,-59.0,69.0,0.0,True
Library,C1,PL_Library_C1.csv,B-16,80.0,-70.0,80.0,0.0,True
Library,C1,PL_Library_C1.csv,C-16,75.0,-65.0,75.0,0.0,True
Library,C1,PL_Library_C1.csv,D-16,79.0,-69.0,79.0,0.0,True
Library,C1,PL_Library_C1.csv,E-16,73.0,-63.0,73.0,0.0,True
Library,C1,PL_Library_C1.csv,F-16,87.0,-77.0,87.0,0.0,True
Library,C1,PL_Library_C1.csv,G-16,80.0,-70.0,80.0,0.0,True
Library,C1,PL_Library_C1.csv,I-16,80.0,-70.0,80.0,0.0,True
Library,C1,PL_Library_C1.csv,L-16,67.0,-57.0,67.0,0.0,True
Library,C1,PL_Library_C1.csv,O-16,53.0,-43.0,53.0,0.0,True
Library,C1,PL_Library_C1.csv,P-16,58.0,-48.0,58.0,0.0,True
Library,C1,PL_Library_C1.csv,Q-16,65.0,-55.0,65.0,0.0,True
Library,C1,PL_Library_C1.csv,R-16,73.0,-63.0,73.0,0.0,True
Library,C1,PL_Library_C1.csv,S-16,66.0,-56.0,66.0,0.0,True
Library,C1,PL_Library_C1.csv,T-16,69.0,-59.0,69.0,0.0,True
Library,C1,PL_Library_C1.csv,U-16,70.0,-60.0,70.0,0.0,True
Library,C1,PL_Library_C1.csv,V-16,74.0,-64.0,74.0,0.0,True
Library,C1,PL_Library_C1.csv,W-16,73.0,-63.0,73.0,0.0,True
Library,C1,PL_Library_C1.csv,M-17,58.0,-48.0,58.0,0.0,True
Library,C1,PL_Library_C1.csv,N-17,60.0,-50.0,60.0,0.0,True
Library,C1,PL_Library_C1.csv,O-17,57.0,-47.0,57.0,0.0,True
Library,C1,PL_Library_C1.csv,P-17,67.0,-57.0,67.0,0.0,True
Library,C1,PL_Library_C1.csv,Q-17,62.0,-52.0,62.0,0.0,True
Library,C1,PL_Library_C1.csv,R-17,66.0,-56.0,66.0,0.0,True
Library,C1,PL_Library_C1.csv,S-17,70.0,-60.0,70.0,0.0,True
Library,C1,PL_Library_C1.csv,T-17,73.0,-63.0,73.0,0.0,True
Library,C1,PL_Library_C1.csv,U-17,74.0,-64.0,74.0,0.0,True
Library,C1,PL_Library_C1.csv,V-17,78.0,-68.0,78.0,0.0,True
Library,C1,PL_Library_C1.csv,X-17,72.0,-62.0,72.0,0.0,True
Library,C1,PL_Library_C1.csv,M-18,67.0,-57.0,67.0,0.0,True
Library,C1,PL_Library_C1.csv,N-18,54.0,-44.0,54.0,0.0,True
Library,C1,PL_Library_C1.csv,O-18,60.0,-50.0,60.0,0.0,True
Library,C1,PL_Library_C1.csv,P-18,64.0,-54.0,64.0,0.0,True
Library,C1,PL_Library_C1.csv,Q-18,66.0,-56.0,66.0,0.0,True
Library,C1,PL_Library_C1.csv,R-18,69.0,-59.0,69.0,0.0,True
Library,C1,PL_Library_C1.csv,S-18,66.0,-56.0,66.0,0.0,True
Library,C1,PL_Library_C1.csv,T-18,76.0,-66.0,76.0,0.0,True
Library,C1,PL_Library_C1.csv,U-18,86.0,-76.0,86.0,0.0,True
Library,C1,PL_Library_C1.csv,V-18,77.0,-67.0,77.0,0.0,True
Library,C1,PL_Library_C1.csv,W-18,79.0,-69.0,79.0,0.0,True
Library,C1,PL_Library_C1.csv,X-18,69.0,-59.0,69.0,0.0,True
Library,C1,PL_Library_C1.csv,Y-18,74.0,-64.0,74.0,0.0,True
Library,C1,PL_Library_C1.csv,M-19,76.0,-66.0,76.0,0.0,True
Library,C1,PL_Library_C1.csv,N-19,60.0,-50.0,60.0,0.0,True
Library,C1,PL_Library_C1.csv,O-19,55.0,-45.0,55.0,0.0,True
Library,C1,PL_Library_C1.csv,P-19,68.0,-58.0,68.0,0.0,True
Library,C1,PL_Library_C1.csv,Q-19,79.0,-69.0,79.0,0.0,True
Library,C1,PL_Library_C1.csv,R-19,75.0,-65.0,75.0,0.0,True
Library,C1,PL_Library_C1.csv,S-19,71.0,-61.0,71.0,0.0,True
Library,C1,PL_Library_C1.csv,T-19,73.0,-63.0,73.0,0.0,True
Library,C1,PL_Library_C1.csv,U-19,74.0,-64.0,74.0,0.0,True
Library,C1,PL_Library_C1.csv,V-19,71.0,-61.0,71.0,0.0,True
Library,C1,PL_Library_C1.csv,W-19,73.0,-63.0,73.0,0.0,True
Library,C1,PL_Library_C1.csv,X-19,80.0,-70.0,80.0,0.0,True
Library,C1,PL_Library_C1.csv,Y-19,74.0,-64.0,74.0,0.0,True
Library,C1,PL_Library_C1.csv,N-20,68.0,-58.0,68.0,0.0,True
Library,C1,PL_Library_C1.csv,O-20,65.0,-55.0,65.0,0.0,True
Library,C1,PL_Library_C1.csv,Q-20,66.0,-56.0,66.0,0.0,True
Library,C1,PL_Library_C1.csv,R-20,76.0,-66.0,76.0,0.0,True
Library,C1,PL_Library_C1.csv,S-20,70.0,-60.0,70.0,0.0,True
Library,C1,PL_Library_C1.csv,T-20,82.0,-72.0,82.0,0.0,True
Library,C1,PL_Library_C1.csv,U-20,75.0,-65.0,75.0,0.0,True
Library,C1,PL_Library_C1.csv,V-20,73.0,-63.0,73.0,0.0,True
Library,C1,PL_Library_C1.csv,W-20,72.0,-62.0,72.0,0.0,True
Library,C1,PL_Library_C1.csv,X-20,78.0,-68.0,78.0,0.0,True
Library,C1,PL_Library_C1.csv,N-21,70.0,-60.0,70.0,0.0,True
Library,C1,PL_Library_C1.csv,O-21,65.0,-55.0,65.0,0.0,True
Library,C1,PL_Library_C1.csv,P-21,72.0,-62.0,72.0,0.0,True
Library,C1,PL_Library_C1.csv,Q-21,80.0,-70.0,80.0,0.0,True
Library,C1,PL_Library_C1.csv,R-21,78.0,-68.0,78.0,0.0,True
Library,C1,PL_Library_C1.csv,S-21,69.0,-59.0,69.0,0.0,True
Library,C1,PL_Library_C1.csv,V-21,79.0,-69.0,79.0,0.0,True
Library,C1,PL_Library_C1.csv,M-22,76.0,-66.0,76.0,0.0,True
Library,C1,PL_Library_C1.csv,O-22,69.0,-59.0,69.0,0.0,True
Library,C1,PL_Library_C1.csv,P-22,72.0,-62.0,72.0,0.0,True
Library,C1,PL_Library_C1.csv,Q-22,72.0,-62.0,72.0,0.0,True
Library,C1,PL_Library_C1.csv,R-22,70.0,-60.0,70.0,0.0,True
Library,C1,PL_Library_C1.csv,S-22,67.0,-57.0,67.0,0.0,True
Library,C1,PL_Library_C1.csv,L-23,83.0,-73.0,83.0,0.0,True
Library,C1,PL_Library_C1.csv,M-23,80.0,-70.0,80.0,0.0,True
Library,C1,PL_Library_C1.csv,N-23,84.0,-74.0,84.0,0.0,True
Library,C1,PL_Library_C1.csv,P-23,65.0,-55.0,65.0,0.0,True
Library,C1,PL_Library_C1.csv,Q-23,73.0,-63.0,73.0,0.0,True
Library,C1,PL_Library_C1.csv,R-23,71.0,-61.0,71.0,0.0,True
Library,C1,PL_Library_C1.csv,S-23,75.0,-65.0,75.0,0.0,True
Library,C1,PL_Library_C1.csv,L-24,76.0,-66.0,76.0,0.0,True
Library,C1,PL_Library_C1.csv,M-24,78.0,-68.0,78.0,0.0,True
Library,C1,PL_Library_C1.csv,N-24,88.0,-78.0,88.0,0.0,True
Library,C1,PL_Library_C1.csv,Q-24,69.0,-59.0,69.0,0.0,True
Library,C1,PL_Library_C1.csv,R-24,70.0,-60.0,70.0,0.0,True
Library,C1,PL_Library_C1.csv,M-25,80.0,-70.0,80.0,0.0,True
Library,C1,PL_Library_C1.csv,N-25,87.0,-77.0,87.0,0.0,True
Library,C1,PL_Library_C1.csv,O-25,89.0,-79.0,89.0,0.0,True
Library,C1,PL_Library_C1.csv,M-26,85.0,-75.0,85.0,0.0,True
Library,C1,PL_Library_C1.csv,N-26,86.0,-76.0,86.0,0.0,True
Library,C1,PL_Library_C1.csv,O-26,88.0,-78.0,88.0,0.0,True
Library,C1,PL_Library_C1.csv,N-27,92.0,-82.0,92.0,0.0,True
Library,C2,PL_Library_C2.csv,B-1,90.0,-80.0,90.0,0.0,True
Library,C2,PL_Library_C2.csv,C-1,102.0,-92.0,102.0,0.0,True
Library,C2,PL_Library_C2.csv,D-1,96.0,-86.0,96.0,0.0,True
Library,C2,PL_Library_C2.csv,E-1,106.0,-96.0,106.0,0.0,True
Library,C2,PL_Library_C2.csv,F-1,88.0,-78.0,88.0,0.0,True
Library,C2,PL_Library_C2.csv,B-2,97.0,-87.0,97.0,0.0,True
Library,C2,PL_Library_C2.csv,C-2,91.0,-81.0,91.0,0.0,True
Library,C2,PL_Library_C2.csv,D-2,97.0,-87.0,97.0,0.0,True
Library,C2,PL_Library_C2.csv,E-2,93.0,-83.0,93.0,0.0,True
Library,C2,PL_Library_C2.csv,F-2,94.0,-84.0,94.0,0.0,True
Library,C2,PL_Library_C2.csv,G-2,93.0,-83.0,93.0,0.0,True
Library,C2,PL_Library_C2.csv,H-2,88.0,-78.0,88.0,0.0,True
Library,C2,PL_Library_C2.csv,I-2,97.0,-87.0,97.0,0.0,True
Library,C2,PL_Library_C2.csv,J-2,88.0,-78.0,88.0,0.0,True
Library,C2,PL_Library_C2.csv,C-3,92.0,-82.0,92.0,0.0,True
Library,C2,PL_Library_C2.csv,D-3,96.0,-86.0,96.0,0.0,True
Library,C2,PL_Library_C2.csv,E-3,83.0,-73.0,83.0,0.0,True
Library,C2,PL_Library_C2.csv,F-3,92.0,-82.0,92.0,0.0,True
Library,C2,PL_Library_C2.csv,G-3,102.0,-92.0,102.0,0.0,True
Library,C2,PL_Library_C2.csv,H-3,91.0,-81.0,91.0,0.0,True
Library,C2,PL_Library_C2.csv,I-3,89.0,-79.0,89.0,0.0,True
Library,C2,PL_Library_C2.csv,J-3,88.0,-78.0,88.0,0.0,True
Library,C2,PL_Library_C2.csv,K-3,78.0,-68.0,78.0,0.0,True
Library,C2,PL_Library_C2.csv,L-3,82.0,-72.0,82.0,0.0,True
Library,C2,PL_Library_C2.csv,M-3,88.0,-78.0,88.0,0.0,True
Library,C2,PL_Library_C2.csv,N-3,83.0,-73.0,83.0,0.0,True
Library,C2,PL_Library_C2.csv,A-4,91.0,-81.0,91.0,0.0,True
Library,C2,PL_Library_C2.csv,C-4,86.0,-76.0,86.0,0.0,True
Library,C2,PL_Library_C2.csv,D-4,85.0,-75.0,85.0,0.0,True
Library,C2,PL_Library_C2.csv,E-4,97.0,-87.0,97.0,0.0,True
Library,C2,PL_Library_C2.csv,F-4,80.0,-70.0,80.0,0.0,True
Library,C2,PL_Library_C2.csv,G-4,83.0,-73.0,83.0,0.0,True
Library,C2,PL_Library_C2.csv,H-4,93.0,-83.0,93.0,0.0,True
Library,C2,PL_Library_C2.csv,I-4,82.0,-72.0,82.0,0.0,True
Library,C2,PL_Library_C2.csv,M-4,74.0,-64.0,74.0,0.0,True
Library,C2,PL_Library_C2.csv,N-4,79.0,-69.0,79.0,0.0,True
Library,C2,PL_Library_C2.csv,O-4,92.0,-82.0,92.0,0.0,True
Library,C2,PL_Library_C2.csv,P-4,78.0,-68.0,78.0,0.0,True
Library,C2,PL_Library_C2.csv,Q-4,83.0,-73.0,83.0,0.0,True
Library,C2,PL_Library_C2.csv,R-4,83.0,-73.0,83.0,0.0,True
Library,C2,PL_Library_C2.csv,A-5,95.0,-85.0,95.0,0.0,True
Library,C2,PL_Library_C2.csv,C-5,87.0,-77.0,87.0,0.0,True
Library,C2,PL_Library_C2.csv,D-5,104.0,-94.0,104.0,0.0,True
Library,C2,PL_Library_C2.csv,E-5,92.0,-82.0,92.0,0.0,True
Library,C2,PL_Library_C2.csv,F-5,81.0,-71.0,81.0,0.0,True
Library,C2,PL_Library_C2.csv,G-5,75.0,-65.0,75.0,0.0,True
Library,C2,PL_Library_C2.csv,H-5,86.0,-76.0,86.0,0.0,True
Library,C2,PL_Library_C2.csv,I-5,102.0,-92.0,102.0,0.0,True
Library,C2,PL_Library_C2.csv,J-5,100.0,-90.0,100.0,0.0,True
Library,C2,PL_Library_C2.csv,N-5,86.0,-76.0,86.0,0.0,True
Library,C2,PL_Library_C2.csv,O-5,81.0,-71.0,81.0,0.0,True
Library,C2,PL_Library_C2.csv,P-5,72.0,-62.0,72.0,0.0,True
Library,C2,PL_Library_C2.csv,Q-5,90.0,-80.0,90.0,0.0,True
Library,C2,PL_Library_C2.csv,R-5,92.0,-82.0,92.0,0.0,True
Library,C2,PL_Library_C2.csv,S-5,87.0,-77.0,87.0,0.0,True
Library,C2,PL_Library_C2.csv,T-5,90.0,-80.0,90.0,0.0,True
Library,C2,PL_Library_C2.csv,U-5,90.0,-80.0,90.0,0.0,True
Library,C2,PL_Library_C2.csv,V-5,84.0,-74.0,84.0,0.0,True
Library,C2,PL_Library_C2.csv,A-6,94.0,-84.0,94.0,0.0,True
Library,C2,PL_Library_C2.csv,C-6,98.0,-88.0,98.0,0.0,True
Library,C2,PL_Library_C2.csv,D-6,90.0,-80.0,90.0,0.0,True
Library,C2,PL_Library_C2.csv,E-6,93.0,-83.0,93.0,0.0,True
Library,C2,PL_Library_C2.csv,F-6,95.0,-85.0,95.0,0.0,True
Library,C2,PL_Library_C2.csv,G-6,77.0,-67.0,77.0,0.0,True
Library,C2,PL_Library_C2.csv,H-6,82.0,-72.0,82.0,0.0,True
Library,C2,PL_Library_C2.csv,I-6,78.0,-68.0,78.0,0.0,True
Library,C2,PL_Library_C2.csv,J-6,96.0,-86.0,96.0,0.0,True
Library,C2,PL_Library_C2.csv,N-6,84.0,-74.0,84.0,0.0,True
Library,C2,PL_Library_C2.csv,O-6,81.0,-71.0,81.0,0.0,True
Library,C2,PL_Library_C2.csv,P-6,73.0,-63.0,73.0,0.0,True
Library,C2,PL_Library_C2.csv,Q-6,88.0,-78.0,88.0,0.0,True
Library,C2,PL_Library_C2.csv,R-6,77.0,-67.0,77.0,0.0,True
Library,C2,PL_Library_C2.csv,V-6,95.0,-85.0,95.0,0.0,True
Library,C2,PL_Library_C2.csv,W-6,90.0,-80.0,90.0,0.0,True
Library,C2,PL_Library_C2.csv,A-7,93.0,-83.0,93.0,0.0,True
Library,C2,PL_Library_C2.csv,B-7,88.0,-78.0,88.0,0.0,True
Library,C2,PL_Library_C2.csv,C-7,85.0,-75.0,85.0,0.0,True
Library,C2,PL_Library_C2.csv,D-7,88.0,-78.0,88.0,0.0,True
Library,C2,PL_Library_C2.csv,E-7,81.0,-71.0,81.0,0.0,True
Library,C2,PL_Library_C2.csv,F-7,77.0,-67.0,77.0,0.0,True
Library,C2,PL_Library_C2.csv,G-7,73.0,-63.0,73.0,0.0,True
Library,C2,PL_Library_C2.csv,H-7,77.0,-67.0,77.0,0.0,True
Library,C2,PL_Library_C2.csv,I-7,80.0,-70.0,80.0,0.0,True
Library,C2,PL_Library_C2.csv,J-7,82.0,-72.0,82.0,0.0,True
Library,C2,PL_Library_C2.csv,K-7,65.0,-55.0,65.0,0.0,True
Library,C2,PL_Library_C2.csv,O-7,75.0,-65.0,75.0,0.0,True
Library,C2,PL_Library_C2.csv,P-7,72.0,-62.0,72.0,0.0,True
Library,C2,PL_Library_C2.csv,Q-7,93.0,-83.0,93.0,0.0,True
Library,C2,PL_Library_C2.csv,R-7,91.0,-81.0,91.0,0.0,True
Library,C2,PL_Library_C2.csv,S-7,94.0,-84.0,94.0,0.0,True
Library,C2,PL_Library_C2.csv,V-7,90.0,-80.0,90.0,0.0,True
Library,C2,PL_Library_C2.csv,W-7,94.0,-84.0,94.0,0.0,True
Library,C2,PL_Library_C2.csv,A-8,90.0,-80.0,90.0,0.0,True
Library,C2,PL_Library_C2.csv,B-8,85.0,-75.0,85.0,0.0,True
Library,C2,PL_Library_C2.csv,C-8,83.0,-73.0,83.0,0.0,True
Library,C2,PL_Library_C2.csv,D-8,80.0,-70.0,80.0,0.0,True
Library,C2,PL_Library_C2.csv,E-8,87.0,-77.0,87.0,0.0,True
Library,C2,PL_Library_C2.csv,F-8,75.0,-65.0,75.0,0.0,True
Library,C2,PL_Library_C2.csv,G-8,73.0,-63.0,73.0,0.0,True
Library,C2,PL_Library_C2.csv,H-8,76.0,-66.0,76.0,0.0,True
Library,C2,PL_Library_C2.csv,I-8,79.0,-69.0,79.0,0.0,True
Library,C2,PL_Library_C2.csv,J-8,88.0,-78.0,88.0,0.0,True
Library,C2,PL_Library_C2.csv,K-8,82.0,-72.0,82.0,0.0,True
Library,C2,PL_Library_C2.csv,L-8,75.0,-65.0,75.0,0.0,True
Library,C2,PL_Library_C2.csv,M-8,69.0,-59.0,69.0,0.0,True
Library,C2,PL_Library_C2.csv,N-8,74.0,-64.0,74.0,0.0,True
Library,C2,PL_Library_C2.csv,O-8,66.0,-56.0,66.0,0.0,True
Library,C2,PL_Library_C2.csv,P-8,76.0,-66.0,76.0,0.0,True
Library,C2,PL_Library_C2.csv,Q-8,74.0,-64.0,74.0,0.0,True
Library,C2,PL_Library_C2.csv,R-8,77.0,-67.0,77.0,0.0,True
Library,C2,PL_Library_C2.csv,S-8,86.0,-76.0,86.0,0.0,True
Library,C2,PL_Library_C2.csv,V-8,89.0,-79.0,89.0,0.0,True
Library,C2,PL_Library_C2.csv,W-8,84.0,-74.0,84.0,0.0,True
Library,C2,PL_Library_C2.csv,A-9,94.0,-84.0,94.0,0.0,True
Library,C2,PL_Library_C2.csv,B-9,87.0,-77.0,87.0,0.0,True
Library,C2,PL_Library_C2.csv,C-9,81.0,-71.0,81.0,0.0,True
Library,C2,PL_Library_C2.csv,D-9,81.0,-71.0,81.0,0.0,True
Library,C2,PL_Library_C2.csv,E-9,75.0,-65.0,75.0,0.0,True
Library,C2,PL_Library_C2.csv,F-9,91.0,-81.0,91.0,0.0,True
Library,C2,PL_Library_C2.csv,G-9,70.0,-60.0,70.0,0.0,True
Library,C2,PL_Library_C2.csv,H-9,76.0,-66.0,76.0,0.0,True
Library,C2,PL_Library_C2.csv,I-9,73.0,-63.0,73.0,0.0,True
Library,C2,PL_Library_C2.csv,J-9,73.0,-63.0,73.0,0.0,True
Library,C2,PL_Library_C2.csv,K-9,70.0,-60.0,70.0,0.0,True
Library,C2,PL_Library_C2.csv,L-9,70.0,-60.0,70.0,0.0,True
Library,C2,PL_Library_C2.csv,M-9,81.0,-71.0,81.0,0.0,True
Library,C2,PL_Library_C2.csv,N-9,78.0,-68.0,78.0,0.0,True
Library,C2,PL_Library_C2.csv,O-9,72.0,-62.0,72.0,0.0,True
Library,C2,PL_Library_C2.csv,P-9,73.0,-63.0,73.0,0.0,True
Library,C2,PL_Library_C2.csv,Q-9,75.0,-65.0,75.0,0.0,True
Library,C2,PL_Library_C2.csv,R-9,71.0,-61.0,71.0,0.0,True
Library,C2,PL_Library_C2.csv,S-9,87.0,-77.0,87.0,0.0,True
Library,C2,PL_Library_C2.csv,T-9,80.0,-70.0,80.0,0.0,True
Library,C2,PL_Library_C2.csv,U-9,81.0,-71.0,81.0,0.0,True
Library,C2,PL_Library_C2.csv,V-9,82.0,-72.0,82.0,0.0,True
Library,C2,PL_Library_C2.csv,A-10,95.0,-85.0,95.0,0.0,True
Library,C2,PL_Library_C2.csv,B-10,83.0,-73.0,83.0,0.0,True
Library,C2,PL_Library_C2.csv,G-10,83.0,-73.0,83.0,0.0,True
Library,C2,PL_Library_C2.csv,H-10,76.0,-66.0,76.0,0.0,True
Library,C2,PL_Library_C2.csv,I-10,72.0,-62.0,72.0,0.0,True
Library,C2,PL_Library_C2.csv,J-10,73.0,-63.0,73.0,0.0,True
Library,C2,PL_Library_C2.csv,K-10,76.0,-66.0,76.0,0.0,True
Library,C2,PL_Library_C2.csv,L-10,63.0,-53.0,63.0,0.0,True
Library,C2,PL_Library_C2.csv,M-10,70.0,-60.0,70.0,0.0,True
Library,C2,PL_Library_C2.csv,N-10,71.0,-61.0,71.0,0.0,True
Library,C2,PL_Library_C2.csv,O-10,69.0,-59.0,69.0,0.0,True
Library,C2,PL_Library_C2.csv,P-10,74.0,-64.0,74.0,0.0,True
Library,C2,PL_Library_C2.csv,Q-10,69.0,-59.0,69.0,0.0,True
Library,C2,PL_Library_C2.csv,T-10,78.0,-68.0,78.0,0.0,True
Library,C2,PL_Library_C2.csv,U-10,82.0,-72.0,82.0,0.0,True
Library,C2,PL_Library_C2.csv,V-10,87.0,-77.0,87.0,0.0,True
Library,C2,PL_Library_C2.csv,A-11,89.0,-79.0,89.0,0.0,True
Library,C2,PL_Library_C2.csv,B-11,88.0,-78.0,88.0,0.0,True
Library,C2,PL_Library_C2.csv,C-11,90.0,-80.0,90.0,0.0,True
Library,C2,PL_Library_C2.csv,G-11,78.0,-68.0,78.0,0.0,True
Library,C2,PL_Library_C2.csv,H-11,91.0,-81.0,91.0,0.0,True
Library,C2,PL_Library_C2.csv,I-11,74.0,-64.0,74.0,0.0,True
Library,C2,PL_Library_C2.csv,J-11,78.0,-68.0,78.0,0.0,True
Library,C2,PL_Library_C2.csv,K-11,80.0,-70.0,80.0,0.0,True
Library,C2,PL_Library_C2.csv,L-11,68.0,-58.0,68.0,0.0,True
Library,C2,PL_Library_C2.csv,M-11,81.0,-71.0,81.0,0.0,True
Library,C2,PL_Library_C2.csv,N-11,80.0,-70.0,80.0,0.0,True
Library,C2,PL_Library_C2.csv,O-11,68.0,-58.0,68.0,0.0,True
Library,C2,PL_Library_C2.csv,P-11,83.0,-73.0,83.0,0.0,True
Library,C2,PL_Library_C2.csv,Q-11,75.0,-65.0,75.0,0.0,True
Library,C2,PL_Library_C2.csv,R-11,74.0,-64.0,74.0,0.0,True
Library,C2,PL_Library_C2.csv,T-11,75.0,-65.0,75.0,0.0,True
Library,C2,PL_Library_C2.csv,U-11,85.0,-75.0,85.0,0.0,True
Library,C2,PL_Library_C2.csv,V-11,86.0,-76.0,86.0,0.0,True
Library,C2,PL_Library_C2.csv,W-11,78.0,-68.0,78.0,0.0,True
Library,C2,PL_Library_C2.csv,A-12,94.0,-84.0,94.0,0.0,True
Library,C2,PL_Library_C2.csv,B-12,87.0,-77.0,87.0,0.0,True
Library,C2,PL_Library_C2.csv,C-12,87.0,-77.0,87.0,0.0,True
Library,C2,PL_Library_C2.csv,G-12,80.0,-70.0,80.0,0.0,True
Library,C2,PL_Library_C2.csv,H-12,80.0,-70.0,80.0,0.0,True
Library,C2,PL_Library_C2.csv,I-12,70.0,-60.0,70.0,0.0,True
Library,C2,PL_Library_C2.csv,J-12,68.0,-58.0,68.0,0.0,True
Library,C2,PL_Library_C2.csv,K-12,71.0,-61.0,71.0,0.0,True
Library,C2,PL_Library_C2.csv,L-12,79.0,-69.0,79.0,0.0,True
Library,C2,PL_Library_C2.csv,M-12,68.0,-58.0,68.0,0.0,True
Library,C2,PL_Library_C2.csv,N-12,70.0,-60.0,70.0,0.0,True
Library,C2,PL_Library_C2.csv,O-12,78.0,-68.0,78.0,0.0,True
Library,C2,PL_Library_C2.csv,P-12,80.0,-70.0,80.0,0.0,True
Library,C2,PL_Library_C2.csv,Q-12,75.0,-65.0,75.0,0.0,True
Library,C2,PL_Library_C2.csv,R-12,71.0,-61.0,71.0,0.0,True
Library,C2,PL_Library_C2.csv,S-12,83.0,-73.0,83.0,0.0,True
Library,C2,PL_Library_C2.csv,T-12,85.0,-75.0,85.0,0.0,True
Library,C2,PL_Library_C2.csv,U-12,83.0,-73.0,83.0,0.0,True
Library,C2,PL_Library_C2.csv,V-12,81.0,-71.0,81.0,0.0,True
Library,C2,PL_Library_C2.csv,A-13,90.0,-80.0,90.0,0.0,True
Library,C2,PL_Library_C2.csv,B-13,87.0,-77.0,87.0,0.0,True
Library,C2,PL_Library_C2.csv,C-13,86.0,-76.0,86.0,0.0,True
Library,C2,PL_Library_C2.csv,G-13,70.0,-60.0,70.0,0.0,True
Library,C2,PL_Library_C2.csv,H-13,74.0,-64.0,74.0,0.0,True
Library,C2,PL_Library_C2.csv,I-13,83.0,-73.0,83.0,0.0,True
Library,C2,PL_Library_C2.csv,J-13,82.0,-72.0,82.0,0.0,True
Library,C2,PL_Library_C2.csv,K-13,68.0,-58.0,68.0,0.0,True
Library,C2,PL_Library_C2.csv,L-13,84.0,-74.0,84.0,0.0,True
Library,C2,PL_Library_C2.csv,M-13,71.0,-61.0,71.0,0.0,True
Library,C2,PL_Library_C2.csv,N-13,71.0,-61.0,71.0,0.0,True
Library,C2,PL_Library_C2.csv,O-13,72.0,-62.0,72.0,0.0,True
Library,C2,PL_Library_C2.csv,P-13,64.0,-54.0,64.0,0.0,True
Library,C2,PL_Library_C2.csv,Q-13,70.0,-60.0,70.0,0.0,True
Library,C2,PL_Library_C2.csv,R-13,71.0,-61.0,71.0,0.0,True
Library,C2,PL_Library_C2.csv,S-13,77.0,-67.0,77.0,0.0,True
Library,C2,PL_Library_C2.csv,T-13,78.0,-68.0,78.0,0.0,True
Library,C2,PL_Library_C2.csv,U-13,75.0,-65.0,75.0,0.0,True
Library,C2,PL_Library_C2.csv,V-13,75.0,-65.0,75.0,0.0,True
Library,C2,PL_Library_C2.csv,W-13,77.0,-67.0,77.0,0.0,True
Library,C2,PL_Library_C2.csv,A-14,94.0,-84.0,94.0,0.0,True
Library,C2,PL_Library_C2.csv,B-14,88.0,-78.0,88.0,0.0,True
Library,C2,PL_Library_C2.csv,C-14,96.0,-86.0,96.0,0.0,True
Library,C2,PL_Library_C2.csv,H-14,73.0,-63.0,73.0,0.0,True
Library,C2,PL_Library_C2.csv,I-14,73.0,-63.0,73.0,0.0,True
Library,C2,PL_Library_C2.csv,J-14,78.0,-68.0,78.0,0.0,True
Library,C2,PL_Library_C2.csv,L-14,77.0,-67.0,77.0,0.0,True
Library,C2,PL_Library_C2.csv,M-14,83.0,-73.0,83.0,0.0,True
Library,C2,PL_Library_C2.csv,N-14,64.0,-54.0,64.0,0.0,True
Library,C2,PL_Library_C2.csv,O-14,81.0,-71.0,81.0,0.0,True
Library,C2,PL_Library_C2.csv,P-14,68.0,-58.0,68.0,0.0,True
Library,C2,PL_Library_C2.csv,Q-14,65.0,-55.0,65.0,0.0,True
Library,C2,PL_Library_C2.csv,R-14,76.0,-66.0,76.0,0.0,True
Library,C2,PL_Library_C2.csv,S-14,78.0,-68.0,78.0,0.0,True
Library,C2,PL_Library_C2.csv,T-14,71.0,-61.0,71.0,0.0,True
Library,C2,PL_Library_C2.csv,U-14,83.0,-73.0,83.0,0.0,True
Library,C2,PL_Library_C2.csv,V-14,75.0,-65.0,75.0,0.0,True
Library,C2,PL_Library_C2.csv,W-14,80.0,-70.0,80.0,0.0,True
Library,C2,PL_Library_C2.csv,A-15,80.0,-70.0,80.0,0.0,True
Library,C2,PL_Library_C2.csv,B-15,83.0,-73.0,83.0,0.0,True
Library,C2,PL_Library_C2.csv,C-15,82.0,-72.0,82.0,0.0,True
Library,C2,PL_Library_C2.csv,E-15,76.0,-66.0,76.0,0.0,True
Library,C2,PL_Library_C2.csv,F-15,78.0,-68.0,78.0,0.0,True
Library,C2,PL_Library_C2.csv,G-15,79.0,-69.0,79.0,0.0,True
Library,C2,PL_Library_C2.csv,H-15,75.0,-65.0,75.0,0.0,True
Library,C2,PL_Library_C2.csv,I-15,84.0,-74.0,84.0,0.0,True
Library,C2,PL_Library_C2.csv,J-15,78.0,-68.0,78.0,0.0,True
Library,C2,PL_Library_C2.csv,K-15,85.0,-75.0,85.0,0.0,True
Library,C2,PL_Library_C2.csv,L-15,71.0,-61.0,71.0,0.0,True
Library,C2,PL_Library_C2.csv,M-15,68.0,-58.0,68.0,0.0,True
Library,C2,PL_Library_C2.csv,N-15,67.0,-57.0,67.0,0.0,True
Library,C2,PL_Library_C2.csv,O-15,62.0,-52.0,62.0,0.0,True
Library,C2,PL_Library_C2.csv,P-15,68.0,-58.0,68.0,0.0,True
Library,C2,PL_Library_C2.csv,Q-15,71.0,-61.0,71.0,0.0,True
Library,C2,PL_Library_C2.csv,R-15,63.0,-53.0,63.0,0.0,True
Library,C2,PL_Library_C2.csv,S-15,75.0,-65.0,75.0,0.0,True
Library,C2,PL_Library_C2.csv,T-15,77.0,-67.0,77.0,0.0,True
Library,C2,PL_Library_C2.csv,U-15,73.0,-63.0,73.0,0.0,True
Library,C2,PL_Library_C2.csv,V-15,74.0,-64.0,74.0,0.0,True
Library,C2,PL_Library_C2.csv,W-15,78.0,-68.0,78.0,0.0,True
Library,C2,PL_Library_C2.csv,B-16,85.0,-75.0,85.0,0.0,True
Library,C2,PL_Library_C2.csv,C-16,81.0,-71.0,81.0,0.0,True
Library,C2,PL_Library_C2.csv,D-16,82.0,-72.0,82.0,0.0,True
Library,C2,PL_Library_C2.csv,E-16,86.0,-76.0,86.0,0.0,True
Library,C2,PL_Library_C2.csv,F-16,82.0,-72.0,82.0,0.0,True
Library,C2,PL_Library_C2.csv,G-16,85.0,-75.0,85.0,0.0,True
Library,C2,PL_Library_C2.csv,I-16,79.0,-69.0,79.0,0.0,True
Library,C2,PL_Library_C2.csv,L-16,74.0,-64.0,74.0,0.0,True
Library,C2,PL_Library_C2.csv,O-16,63.0,-53.0,63.0,0.0,True
Library,C2,PL_Library_C2.csv,P-16,75.0,-65.0,75.0,0.0,True
Library,C2,PL_Library_C2.csv,Q-16,69.0,-59.0,69.0,0.0,True
Library,C2,PL_Library_C2.csv,T-16,72.0,-62.0,72.0,0.0,True
Library,C2,PL_Library_C2.csv,U-16,70.0,-60.0,70.0,0.0,True
Library,C2,PL_Library_C2.csv,V-16,73.0,-63.0,73.0,0.0,True
Library,C2,PL_Library_C2.csv,W-16,74.0,-64.0,74.0,0.0,True
Library,C2,PL_Library_C2.csv,C-17,89.0,-79.0,89.0,0.0,True
Library,C2,PL_Library_C2.csv,M-17,68.0,-58.0,68.0,0.0,True
Library,C2,PL_Library_C2.csv,N-17,57.0,-47.0,57.0,0.0,True
Library,C2,PL_Library_C2.csv,O-17,62.0,-52.0,62.0,0.0,True
Library,C2,PL_Library_C2.csv,P-17,75.0,-65.0,75.0,0.0,True
Library,C2,PL_Library_C2.csv,Q-17,62.0,-52.0,62.0,0.0,True
Library,C2,PL_Library_C2.csv,R-17,65.0,-55.0,65.0,0.0,True
Library,C2,PL_Library_C2.csv,S-17,70.0,-60.0,70.0,0.0,True
Library,C2,PL_Library_C2.csv,T-17,78.0,-68.0,78.0,0.0,True
Library,C2,PL_Library_C2.csv,U-17,73.0,-63.0,73.0,0.0,True
Library,C2,PL_Library_C2.csv,V-17,74.0,-64.0,74.0,0.0,True
Library,C2,PL_Library_C2.csv,X-17,70.0,-60.0,70.0,0.0,True
Library,C2,PL_Library_C2.csv,M-18,68.0,-58.0,68.0,0.0,True
Library,C2,PL_Library_C2.csv,N-18,65.0,-55.0,65.0,0.0,True
Library,C2,PL_Library_C2.csv,O-18,72.0,-62.0,72.0,0.0,True
Library,C2,PL_Library_C2.csv,P-18,65.0,-55.0,65.0,0.0,True
Library,C2,PL_Library_C2.csv,Q-18,66.0,-56.0,66.0,0.0,True
Library,C2,PL_Library_C2.csv,R-18,69.0,-59.0,69.0,0.0,True
Library,C2,PL_Library_C2.csv,S-18,72.0,-62.0,72.0,0.0,True
Library,C2,PL_Library_C2.csv,T-18,80.0,-70.0,80.0,0.0,True
Library,C2,PL_Library_C2.csv,U-18,75.0,-65.0,75.0,0.0,True
Library,C2,PL_Library_C2.csv,V-18,85.0,-75.0,85.0,0.0,True
Library,C2,PL_Library_C2.csv,W-18,75.0,-65.0,75.0,0.0,True
Library,C2,PL_Library_C2.csv,X-18,77.0,-67.0,77.0,0.0,True
Library,C2,PL_Library_C2.csv,Y-18,79.0,-69.0,79.0,0.0,True
Library,C2,PL_Library_C2.csv,M-19,76.0,-66.0,76.0,0.0,True
Library,C2,PL_Library_C2.csv,N-19,59.0,-49.0,59.0,0.0,True
Library,C2,PL_Library_C2.csv,O-19,67.0,-57.0,67.0,0.0,True
Library,C2,PL_Library_C2.csv,P-19,70.0,-60.0,70.0,0.0,True
Library,C2,PL_Library_C2.csv,Q-19,65.0,-55.0,65.0,0.0,True
Library,C2,PL_Library_C2.csv,R-19,78.0,-68.0,78.0,0.0,True
Library,C2,PL_Library_C2.csv,S-19,82.0,-72.0,82.0,0.0,True
Library,C2,PL_Library_C2.csv,T-19,73.0,-63.0,73.0,0.0,True
Library,C2,PL_Library_C2.csv,U-19,71.0,-61.0,71.0,0.0,True
Library,C2,PL_Library_C2.csv,V-19,80.0,-70.0,80.0,0.0,True
Library,C2,PL_Library_C2.csv,W-19,86.0,-76.0,86.0,0.0,True
Library,C2,PL_Library_C2.csv,X-19,85.0,-75.0,85.0,0.0,True
Library,C2,PL_Library_C2.csv,Y-19,82.0,-72.0,82.0,0.0,True
Library,C2,PL_Library_C2.csv,N-20,79.0,-69.0,79.0,0.0,True
Library,C2,PL_Library_C2.csv,O-20,78.0,-68.0,78.0,0.0,True
Library,C2,PL_Library_C2.csv,Q-20,70.0,-60.0,70.0,0.0,True
Library,C2,PL_Library_C2.csv,R-20,72.0,-62.0,72.0,0.0,True
Library,C2,PL_Library_C2.csv,S-20,74.0,-64.0,74.0,0.0,True
Library,C2,PL_Library_C2.csv,T-20,75.0,-65.0,75.0,0.0,True
Library,C2,PL_Library_C2.csv,U-20,73.0,-63.0,73.0,0.0,True
Library,C2,PL_Library_C2.csv,V-20,80.0,-70.0,80.0,0.0,True
Library,C2,PL_Library_C2.csv,W-20,70.0,-60.0,70.0,0.0,True
Library,C2,PL_Library_C2.csv,X-20,81.0,-71.0,81.0,0.0,True
Library,C2,PL_Library_C2.csv,N-21,71.0,-61.0,71.0,0.0,True
Library,C2,PL_Library_C2.csv,O-21,75.0,-65.0,75.0,0.0,True
Library,C2,PL_Library_C2.csv,P-21,69.0,-59.0,69.0,0.0,True
Library,C2,PL_Library_C2.csv,Q-21,78.0,-68.0,78.0,0.0,True
Library,C2,PL_Library_C2.csv,R-21,70.0,-60.0,70.0,0.0,True
Library,C2,PL_Library_C2.csv,S-21,75.0,-65.0,75.0,0.0,True
Library,C2,PL_Library_C2.csv,M-22,87.0,-77.0,87.0,0.0,True
Library,C2,PL_Library_C2.csv,N-22,82.0,-72.0,82.0,0.0,True
Library,C2,PL_Library_C2.csv,O-22,73.0,-63.0,73.0,0.0,True
Library,C2,PL_Library_C2.csv,P-22,72.0,-62.0,72.0,0.0,True
Library,C2,PL_Library_C2.csv,Q-22,74.0,-64.0,74.0,0.0,True
Library,C2,PL_Library_C2.csv,R-22,72.0,-62.0,72.0,0.0,True
Library,C2,PL_Library_C2.csv,S-22,73.0,-63.0,73.0,0.0,True
Library,C2,PL_Library_C2.csv,L-23,93.0,-83.0,93.0,0.0,True
Library,C2,PL_Library_C2.csv,M-23,75.0,-65.0,75.0,0.0,True
Library,C2,PL_Library_C2.csv,N-23,90.0,-80.0,90.0,0.0,True
Library,C2,PL_Library_C2.csv,P-23,75.0,-65.0,75.0,0.0,True
Library,C2,PL_Library_C2.csv,Q-23,75.0,-65.0,75.0,0.0,True
Library,C2,PL_Library_C2.csv,R-23,75.0,-65.0,75.0,0.0,True
Library,C2,PL_Library_C2.csv,S-23,82.0,-72.0,82.0,0.0,True
Library,C2,PL_Library_C2.csv,L-24,86.0,-76.0,86.0,0.0,True
Library,C2,PL_Library_C2.csv,M-24,78.0,-68.0,78.0,0.0,True
Library,C2,PL_Library_C2.csv,N-24,82.0,-72.0,82.0,0.0,True
Library,C2,PL_Library_C2.csv,Q-24,75.0,-65.0,75.0,0.0,True
Library,C2,PL_Library_C2.csv,R-24,74.0,-64.0,74.0,0.0,True
Library,C2,PL_Library_C2.csv,M-25,85.0,-75.0,85.0,0.0,True
Library,C2,PL_Library_C2.csv,N-25,85.0,-75.0,85.0,0.0,True
Library,C2,PL_Library_C2.csv,O-25,84.0,-74.0,84.0,0.0,True
Library,C2,PL_Library_C2.csv,M-26,80.0,-70.0,80.0,0.0,True
Library,C2,PL_Library_C2.csv,N-26,80.0,-70.0,80.0,0.0,True
Library,C2,PL_Library_C2.csv,O-26,89.0,-79.0,89.0,0.0,True
Library,C2,PL_Library_C2.csv,N-27,81.0,-71.0,81.0,0.0,True
SSE,C1,PL_SSE_C1.csv,A-1,96.0,-86.0,96.0,0.0,True
SSE,C1,PL_SSE_C1.csv,B-1,92.0,-82.0,92.0,0.0,True
SSE,C1,PL_SSE_C1.csv,C-1,89.0,-79.0,89.0,0.0,True
SSE,C1,PL_SSE_C1.csv,D-1,89.0,-79.0,89.0,0.0,True
SSE,C1,PL_SSE_C1.csv,E-1,98.0,-88.0,98.0,0.0,True
SSE,C1,PL_SSE_C1.csv,F-1,86.0,-76.0,86.0,0.0,True
SSE,C1,PL_SSE_C1.csv,H-1,89.0,-79.0,89.0,0.0,True
SSE,C1,PL_SSE_C1.csv,I-1,94.0,-84.0,94.0,0.0,True
SSE,C1,PL_SSE_C1.csv,K-1,80.0,-70.0,80.0,0.0,True
SSE,C1,PL_SSE_C1.csv,L-1,71.0,-61.0,71.0,0.0,True
SSE,C1,PL_SSE_C1.csv,M-1,74.0,-64.0,74.0,0.0,True
SSE,C1,PL_SSE_C1.csv,N-1,71.0,-61.0,71.0,0.0,True
SSE,C1,PL_SSE_C1.csv,A-2,106.0,-96.0,106.0,0.0,True
SSE,C1,PL_SSE_C1.csv,B-2,96.0,-86.0,96.0,0.0,True
SSE,C1,PL_SSE_C1.csv,C-2,115.0,-105.0,115.0,0.0,True
SSE,C1,PL_SSE_C1.csv,D-2,91.0,-81.0,91.0,0.0,True
SSE,C1,PL_SSE_C1.csv,E-2,96.0,-86.0,96.0,0.0,True
SSE,C1,PL_SSE_C1.csv,F-2,82.0,-72.0,82.0,0.0,True
SSE,C1,PL_SSE_C1.csv,H-2,88.0,-78.0,88.0,0.0,True
SSE,C1,PL_SSE_C1.csv,I-2,91.0,-81.0,91.0,0.0,True
SSE,C1,PL_SSE_C1.csv,K-2,70.0,-60.0,70.0,0.0,True
SSE,C1,PL_SSE_C1.csv,L-2,76.0,-66.0,76.0,0.0,True
SSE,C1,PL_SSE_C1.csv,M-2,73.0,-63.0,73.0,0.0,True
SSE,C1,PL_SSE_C1.csv,N-2,67.0,-57.0,67.0,0.0,True
SSE,C1,PL_SSE_C1.csv,A-3,96.0,-86.0,96.0,0.0,True
SSE,C1,PL_SSE_C1.csv,B-3,92.0,-82.0,92.0,0.0,True
SSE,C1,PL_SSE_C1.csv,C-3,97.0,-87.0,97.0,0.0,True
SSE,C1,PL_SSE_C1.csv,D-3,94.0,-84.0,94.0,0.0,True
SSE,C1,PL_SSE_C1.csv,E-3,89.0,-79.0,89.0,0.0,True
SSE,C1,PL_SSE_C1.csv,F-3,86.0,-76.0,86.0,0.0,True
SSE,C1,PL_SSE_C1.csv,H-3,95.0,-85.0,95.0,0.0,True
SSE,C1,PL_SSE_C1.csv,I-3,89.0,-79.0,89.0,0.0,True
SSE,C1,PL_SSE_C1.csv,K-3,75.0,-65.0,75.0,0.0,True
SSE,C1,PL_SSE_C1.csv,L-3,72.0,-62.0,72.0,0.0,True
SSE,C1,PL_SSE_C1.csv,M-3,69.0,-59.0,69.0,0.0,True
SSE,C1,PL_SSE_C1.csv,N-3,71.0,-61.0,71.0,0.0,True
SSE,C1,PL_SSE_C1.csv,A-4,90.0,-80.0,90.0,0.0,True
SSE,C1,PL_SSE_C1.csv,B-4,97.0,-87.0,97.0,0.0,True
SSE,C1,PL_SSE_C1.csv,C-4,100.0,-90.0,100.0,0.0,True
SSE,C1,PL_SSE_C1.csv,D-4,98.0,-88.0,98.0,0.0,True
SSE,C1,PL_SSE_C1.csv,E-4,95.0,-85.0,95.0,0.0,True
SSE,C1,PL_SSE_C1.csv,F-4,85.0,-75.0,85.0,0.0,True
SSE,C1,PL_SSE_C1.csv,G-4,81.0,-71.0,81.0,0.0,True
SSE,C1,PL_SSE_C1.csv,H-4,81.0,-71.0,81.0,0.0,True
SSE,C1,PL_SSE_C1.csv,I-4,97.0,-87.0,97.0,0.0,True
SSE,C1,PL_SSE_C1.csv,K-4,69.0,-59.0,69.0,0.0,True
SSE,C1,PL_SSE_C1.csv,L-4,71.0,-61.0,71.0,0.0,True
SSE,C1,PL_SSE_C1.csv,M-4,78.0,-68.0,78.0,0.0,True
SSE,C1,PL_SSE_C1.csv,N-4,75.0,-65.0,75.0,0.0,True
SSE,C1,PL_SSE_C1.csv,A-5,99.0,-89.0,99.0,0.0,True
SSE,C1,PL_SSE_C1.csv,B-5,97.0,-87.0,97.0,0.0,True
SSE,C1,PL_SSE_C1.csv,C-5,87.0,-77.0,87.0,0.0,True
SSE,C1,PL_SSE_C1.csv,D-5,98.0,-88.0,98.0,0.0,True
SSE,C1,PL_SSE_C1.csv,E-5,96.0,-86.0,96.0,0.0,True
SSE,C1,PL_SSE_C1.csv,F-5,83.0,-73.0,83.0,0.0,True
SSE,C1,PL_SSE_C1.csv,G-5,82.0,-72.0,82.0,0.0,True
SSE,C1,PL_SSE_C1.csv,H-5,79.0,-69.0,79.0,0.0,True
SSE,C1,PL_SSE_C1.csv,I-5,86.0,-76.0,86.0,0.0,True
SSE,C1,PL_SSE_C1.csv,K-5,80.0,-70.0,80.0,0.0,True
SSE,C1,PL_SSE_C1.csv,L-5,72.0,-62.0,72.0,0.0,True
SSE,C1,PL_SSE_C1.csv,M-5,72.0,-62.0,72.0,0.0,True
SSE,C1,PL_SSE_C1.csv,N-5,72.0,-62.0,72.0,0.0,True
SSE,C1,PL_SSE_C1.csv,A-6,96.0,-86.0,96.0,0.0,True
SSE,C1,PL_SSE_C1.csv,B-6,93.0,-83.0,93.0,0.0,True
SSE,C1,PL_SSE_C1.csv,C-6,90.0,-80.0,90.0,0.0,True
SSE,C1,PL_SSE_C1.csv,D-6,89.0,-79.0,89.0,0.0,True
SSE,C1,PL_SSE_C1.csv,E-6,92.0,-82.0,92.0,0.0,True
SSE,C1,PL_SSE_C1.csv,F-6,83.0,-73.0,83.0,0.0,True
SSE,C1,PL_SSE_C1.csv,G-6,84.0,-74.0,84.0,0.0,True
SSE,C1,PL_SSE_C1.csv,H-6,87.0,-77.0,87.0,0.0,True
SSE,C1,PL_SSE_C1.csv,I-6,81.0,-71.0,81.0,0.0,True
SSE,C1,PL_SSE_C1.csv,K-6,70.0,-60.0,70.0,0.0,True
SSE,C1,PL_SSE_C1.csv,L-6,74.0,-64.0,74.0,0.0,True
SSE,C1,PL_SSE_C1.csv,M-6,73.0,-63.0,73.0,0.0,True
SSE,C1,PL_SSE_C1.csv,N-6,67.0,-57.0,67.0,0.0,True
SSE,C1,PL_SSE_C1.csv,A-7,106.0,-96.0,106.0,0.0,True
SSE,C1,PL_SSE_C1.csv,B-7,105.0,-95.0,105.0,0.0,True
SSE,C1,PL_SSE_C1.csv,C-7,98.0,-88.0,98.0,0.0,True
SSE,C1,PL_SSE_C1.csv,D-7,101.0,-91.0,101.0,0.0,True
SSE,C1,PL_SSE_C1.csv,E-7,97.0,-87.0,97.0,0.0,True
SSE,C1,PL_SSE_C1.csv,H-7,80.0,-70.0,80.0,0.0,True
SSE,C1,PL_SSE_C1.csv,I-7,79.0,-69.0,79.0,0.0,True
SSE,C1,PL_SSE_C1.csv,K-7,81.0,-71.0,81.0,0.0,True
SSE,C1,PL_SSE_C1.csv,L-7,79.0,-69.0,79.0,0.0,True
SSE,C1,PL_SSE_C1.csv,M-7,71.0,-61.0,71.0,0.0,True
SSE,C1,PL_SSE_C1.csv,N-7,67.0,-57.0,67.0,0.0,True
SSE,C1,PL_SSE_C1.csv,D-8,77.0,-67.0,77.0,0.0,True
SSE,C1,PL_SSE_C1.csv,E-8,73.0,-63.0,73.0,0.0,True
SSE,C1,PL_SSE_C1.csv,F-8,80.0,-70.0,80.0,0.0,True
SSE,C1,PL_SSE_C1.csv,G-8,80.0,-70.0,80.0,0.0,True
SSE,C1,PL_SSE_C1.csv,H-8,73.0,-63.0,73.0,0.0,True
SSE,C1,PL_SSE_C1.csv,I-8,68.0,-58.0,68.0,0.0,True
SSE,C1,PL_SSE_C1.csv,J-8,70.0,-60.0,70.0,0.0,True
SSE,C1,PL_SSE_C1.csv,K-8,76.0,-66.0,76.0,0.0,True
SSE,C1,PL_SSE_C1.csv,L-8,61.0,-51.0,61.0,0.0,True
SSE,C1,PL_SSE_C1.csv,M-8,53.0,-43.0,53.0,0.0,True
SSE,C1,PL_SSE_C1.csv,N-8,63.0,-53.0,63.0,0.0,True
SSE,C1,PL_SSE_C1.csv,D-9,98.0,-88.0,98.0,0.0,True
SSE,C1,PL_SSE_C1.csv,E-9,89.0,-79.0,89.0,0.0,True
SSE,C1,PL_SSE_C1.csv,G-9,75.0,-65.0,75.0,0.0,True
SSE,C1,PL_SSE_C1.csv,L-9,60.0,-50.0,60.0,0.0,True
SSE,C1,PL_SSE_C1.csv,M-9,54.0,-44.0,54.0,0.0,True
SSE,C1,PL_SSE_C1.csv,N-9,52.0,-42.0,52.0,0.0,True
SSE,C1,PL_SSE_C1.csv,D-10,95.0,-85.0,95.0,0.0,True
SSE,C1,PL_SSE_C1.csv,E-10,90.0,-80.0,90.0,0.0,True
SSE,C1,PL_SSE_C1.csv,L-10,53.0,-43.0,53.0,0.0,True
SSE,C1,PL_SSE_C1.csv,M-10,53.0,-43.0,53.0,0.0,True
SSE,C2,PL_SSE_C2.csv,A-1,94.0,-84.0,94.0,0.0,True
SSE,C2,PL_SSE_C2.csv,B-1,109.0,-99.0,109.0,0.0,True
SSE,C2,PL_SSE_C2.csv,C-1,99.0,-89.0,99.0,0.0,True
SSE,C2,PL_SSE_C2.csv,D-1,95.0,-85.0,95.0,0.0,True
SSE,C2,PL_SSE_C2.csv,E-1,97.0,-87.0,97.0,0.0,True
SSE,C2,PL_SSE_C2.csv,F-1,93.0,-83.0,93.0,0.0,True
SSE,C2,PL_SSE_C2.csv,H-1,84.0,-74.0,84.0,0.0,True
SSE,C2,PL_SSE_C2.csv,I-1,86.0,-76.0,86.0,0.0,True
SSE,C2,PL_SSE_C2.csv,K-1,82.0,-72.0,82.0,0.0,True
SSE,C2,PL_SSE_C2.csv,L-1,79.0,-69.0,79.0,0.0,True
SSE,C2,PL_SSE_C2.csv,M-1,73.0,-63.0,73.0,0.0,True
SSE,C2,PL_SSE_C2.csv,N-1,85.0,-75.0,85.0,0.0,True
SSE,C2,PL_SSE_C2.csv,A-2,104.0,-94.0,104.0,0.0,True
SSE,C2,PL_SSE_C2.csv,B-2,102.0,-92.0,102.0,0.0,True
SSE,C2,PL_SSE_C2.csv,C-2,92.0,-82.0,92.0,0.0,True
SSE,C2,PL_SSE_C2.csv,D-2,102.0,-92.0,102.0,0.0,True
SSE,C2,PL_SSE_C2.csv,E-2,89.0,-79.0,89.0,0.0,True
SSE,C2,PL_SSE_C2.csv,F-2,91.0,-81.0,91.0,0.0,True
SSE,C2,PL_SSE_C2.csv,H-2,86.0,-76.0,86.0,0.0,True
SSE,C2,PL_SSE_C2.csv,I-2,93.0,-83.0,93.0,0.0,True
SSE,C2,PL_SSE_C2.csv,K-2,88.0,-78.0,88.0,0.0,True
SSE,C2,PL_SSE_C2.csv,L-2,83.0,-73.0,83.0,0.0,True
SSE,C2,PL_SSE_C2.csv,M-2,70.0,-60.0,70.0,0.0,True
SSE,C2,PL_SSE_C2.csv,N-2,87.0,-77.0,87.0,0.0,True
SSE,C2,PL_SSE_C2.csv,A-3,98.0,-88.0,98.0,0.0,True
SSE,C2,PL_SSE_C2.csv,B-3,98.0,-88.0,98.0,0.0,True
SSE,C2,PL_SSE_C2.csv,C-3,97.0,-87.0,97.0,0.0,True
SSE,C2,PL_SSE_C2.csv,D-3,96.0,-86.0,96.0,0.0,True
SSE,C2,PL_SSE_C2.csv,E-3,96.0,-86.0,96.0,0.0,True
SSE,C2,PL_SSE_C2.csv,F-3,84.0,-74.0,84.0,0.0,True
SSE,C2,PL_SSE_C2.csv,H-3,90.0,-80.0,90.0,0.0,True
SSE,C2,PL_SSE_C2.csv,I-3,79.0,-69.0,79.0,0.0,True
SSE,C2,PL_SSE_C2.csv,K-3,80.0,-70.0,80.0,0.0,True
SSE,C2,PL_SSE_C2.csv,L-3,73.0,-63.0,73.0,0.0,True
SSE,C2,PL_SSE_C2.csv,M-3,68.0,-58.0,68.0,0.0,True
SSE,C2,PL_SSE_C2.csv,N-3,69.0,-59.0,69.0,0.0,True
SSE,C2,PL_SSE_C2.csv,A-4,102.0,-92.0,102.0,0.0,True
SSE,C2,PL_SSE_C2.csv,B-4,103.0,-93.0,103.0,0.0,True
SSE,C2,PL_SSE_C2.csv,C-4,96.0,-86.0,96.0,0.0,True
SSE,C2,PL_SSE_C2.csv,D-4,97.0,-87.0,97.0,0.0,True
SSE,C2,PL_SSE_C2.csv,E-4,95.0,-85.0,95.0,0.0,True
SSE,C2,PL_SSE_C2.csv,F-4,82.0,-72.0,82.0,0.0,True
SSE,C2,PL_SSE_C2.csv,G-4,76.0,-66.0,76.0,0.0,True
SSE,C2,PL_SSE_C2.csv,H-4,82.0,-72.0,82.0,0.0,True
SSE,C2,PL_SSE_C2.csv,I-4,82.0,-72.0,82.0,0.0,True
SSE,C2,PL_SSE_C2.csv,K-4,88.0,-78.0,88.0,0.0,True
SSE,C2,PL_SSE_C2.csv,L-4,73.0,-63.0,73.0,0.0,True
SSE,C2,PL_SSE_C2.csv,M-4,69.0,-59.0,69.0,0.0,True
SSE,C2,PL_SSE_C2.csv,N-4,74.0,-64.0,74.0,0.0,True
SSE,C2,PL_SSE_C2.csv,A-5,112.0,-102.0,112.0,0.0,True
SSE,C2,PL_SSE_C2.csv,B-5,100.0,-90.0,100.0,0.0,True
SSE,C2,PL_SSE_C2.csv,C-5,101.0,-91.0,101.0,0.0,True
SSE,C2,PL_SSE_C2.csv,D-5,98.0,-88.0,98.0,0.0,True
SSE,C2,PL_SSE_C2.csv,E-5,86.0,-76.0,86.0,0.0,True
SSE,C2,PL_SSE_C2.csv,F-5,86.0,-76.0,86.0,0.0,True
SSE,C2,PL_SSE_C2.csv,G-5,78.0,-68.0,78.0,0.0,True
SSE,C2,PL_SSE_C2.csv,H-5,80.0,-70.0,80.0,0.0,True
SSE,C2,PL_SSE_C2.csv,I-5,85.0,-75.0,85.0,0.0,True
SSE,C2,PL_SSE_C2.csv,K-5,83.0,-73.0,83.0,0.0,True
SSE,C2,PL_SSE_C2.csv,L-5,82.0,-72.0,82.0,0.0,True
SSE,C2,PL_SSE_C2.csv,M-5,77.0,-67.0,77.0,0.0,True
SSE,C2,PL_SSE_C2.csv,N-5,69.0,-59.0,69.0,0.0,True
SSE,C2,PL_SSE_C2.csv,A-6,106.0,-96.0,106.0,0.0,True
SSE,C2,PL_SSE_C2.csv,B-6,96.0,-86.0,96.0,0.0,True
SSE,C2,PL_SSE_C2.csv,C-6,95.0,-85.0,95.0,0.0,True
SSE,C2,PL_SSE_C2.csv,D-6,94.0,-84.0,94.0,0.0,True
SSE,C2,PL_SSE_C2.csv,E-6,93.0,-83.0,93.0,0.0,True
SSE,C2,PL_SSE_C2.csv,F-6,96.0,-86.0,96.0,0.0,True
SSE,C2,PL_SSE_C2.csv,G-6,87.0,-77.0,87.0,0.0,True
SSE,C2,PL_SSE_C2.csv,H-6,80.0,-70.0,80.0,0.0,True
SSE,C2,PL_SSE_C2.csv,I-6,78.0,-68.0,78.0,0.0,True
SSE,C2,PL_SSE_C2.csv,K-6,73.0,-63.0,73.0,0.0,True
SSE,C2,PL_SSE_C2.csv,L-6,70.0,-60.0,70.0,0.0,True
SSE,C2,PL_SSE_C2.csv,M-6,69.0,-59.0,69.0,0.0,True
SSE,C2,PL_SSE_C2.csv,N-6,72.0,-62.0,72.0,0.0,True
SSE,C2,PL_SSE_C2.csv,A-7,106.0,-96.0,106.0,0.0,True
SSE,C2,PL_SSE_C2.csv,B-7,107.0,-97.0,107.0,0.0,True
SSE,C2,PL_SSE_C2.csv,C-7,91.0,-81.0,91.0,0.0,True
SSE,C2,PL_SSE_C2.csv,D-7,92.0,-82.0,92.0,0.0,True
SSE,C2,PL_SSE_C2.csv,E-7,94.0,-84.0,94.0,0.0,True
SSE,C2,PL_SSE_C2.csv,H-7,83.0,-73.0,83.0,0.0,True
SSE,C2,PL_SSE_C2.csv,I-7,79.0,-69.0,79.0,0.0,True
SSE,C2,PL_SSE_C2.csv,K-7,80.0,-70.0,80.0,0.0,True
SSE,C2,PL_SSE_C2.csv,L-7,83.0,-73.0,83.0,0.0,True
SSE,C2,PL_SSE_C2.csv,M-7,80.0,-70.0,80.0,0.0,True
SSE,C2,PL_SSE_C2.csv,N-7,69.0,-59.0,69.0,0.0,True
SSE,C2,PL_SSE_C2.csv,D-8,80.0,-70.0,80.0,0.0,True
SSE,C2,PL_SSE_C2.csv,E-8,82.0,-72.0,82.0,0.0,True
SSE,C2,PL_SSE_C2.csv,F-8,88.0,-78.0,88.0,0.0,True
SSE,C2,PL_SSE_C2.csv,G-8,90.0,-80.0,90.0,0.0,True
SSE,C2,PL_SSE_C2.csv,H-8,80.0,-70.0,80.0,0.0,True
SSE,C2,PL_SSE_C2.csv,I-8,76.0,-66.0,76.0,0.0,True
SSE,C2,PL_SSE_C2.csv,J-8,86.0,-76.0,86.0,0.0,True
SSE,C2,PL_SSE_C2.csv,K-8,83.0,-73.0,83.0,0.0,True
SSE,C2,PL_SSE_C2.csv,L-8,73.0,-63.0,73.0,0.0,True
SSE,C2,PL_SSE_C2.csv,M-8,76.0,-66.0,76.0,0.0,True
SSE,C2,PL_SSE_C2.csv,N-8,66.0,-56.0,66.0,0.0,True
SSE,C2,PL_SSE_C2.csv,D-9,92.0,-82.0,92.0,0.0,True
SSE,C2,PL_SSE_C2.csv,E-9,93.0,-83.0,93.0,0.0,True
SSE,C2,PL_SSE_C2.csv,G-9,84.0,-74.0,84.0,0.0,True
SSE,C2,PL_SSE_C2.csv,L-9,74.0,-64.0,74.0,0.0,True
SSE,C2,PL_SSE_C2.csv,M-9,68.0,-58.0,68.0,0.0,True
SSE,C2,PL_SSE_C2.csv,N-9,65.0,-55.0,65.0,0.0,True
SSE,C2,PL_SSE_C2.csv,D-10,106.0,-96.0,106.0,0.0,True
SSE,C2,PL_SSE_C2.csv,E-10,91.0,-81.0,91.0,0.0,True
SSE,C2,PL_SSE_C2.csv,L-10,73.0,-63.0,73.0,0.0,True
SSE,C2,PL_SSE_C2.csv,M-10,70.0,-60.0,70.0,0.0,True
