row_uid,scenario,config,source_file,coord,distance_m,target_pl_db,method,pred_pl_db,error_db,abs_error_db,split,random_seed,fold
PL_Comms_C2.csv::F-30,Comms,C2,PL_Comms_C2.csv,F-30,1.86446373,69.0,log_distance,57.068316665266046,-11.931683334733954,11.931683334733954,random,33,random
PL_Library_C1.csv::D-16,Library,C1,PL_Library_C1.csv,D-16,13.55,79.0,log_distance,91.6712541177791,12.6712541177791,12.6712541177791,random,33,random
PL_Comms_C2.csv::K-47,Comms,C2,PL_Comms_C2.csv,K-47,19.01252811,115.0,log_distance,97.58046992338677,-17.419530076613228,17.419530076613228,random,33,random
PL_Comms_C2.csv::B-34,Comms,C2,PL_Comms_C2.csv,B-34,5.956192156,84.0,log_distance,77.33129455983998,-6.668705440160025,6.668705440160025,random,33,random
PL_Library_C2.csv::V-14,Library,C2,PL_Library_C2.csv,V-14,11.23948064,75.0,log_distance,88.40962670813519,13.409626708135193,13.409626708135193,random,33,random
PL_SSE_C2.csv::N-6,SSE,C2,PL_SSE_C2.csv,N-6,4.180457511,72.0,log_distance,71.15516832620054,-0.8448316737994617,0.8448316737994617,random,33,random
PL_Library_C2.csv::O-4,Library,C2,PL_Library_C2.csv,O-4,16.36153569,92.0,log_distance,94.96066868043506,2.960668680435063,2.960668680435063,random,33,random
PL_Comms_C2.csv::I-35,Comms,C2,PL_Comms_C2.csv,I-35,7.312744013,89.0,log_distance,80.9110228939924,-8.088977106007604,8.088977106007604,random,33,random
PL_Comms_C1.csv::B-47,Comms,C1,PL_Comms_C1.csv,B-47,18.24828759,102.0,log_distance,96.8647083089361,-5.135291691063898,5.135291691063898,random,33,random
PL_Comms_C1.csv::C-25,Comms,C1,PL_Comms_C1.csv,C-25,4.472135955,70.0,log_distance,72.33183217818342,2.3318321781834186,2.3318321781834186,random,33,random
PL_Comms_C1.csv::H-48,Comms,C1,PL_Comms_C1.csv,H-48,19.23538406,86.0,log_distance,97.78377639610248,11.783776396102482,11.783776396102482,random,33,random
PL_Comms_C1.csv::G-50,Comms,C1,PL_Comms_C1.csv,G-50,21.09502311,90.0,log_distance,99.3938062000622,9.393806200062201,9.393806200062201,random,33,random
PL_SSE_C2.csv::E-7,SSE,C2,PL_SSE_C2.csv,E-7,9.564320415,94.0,log_distance,85.59393747591469,-8.406062524085314,8.406062524085314,random,33,random
PL_Library_C1.csv::V-20,Library,C1,PL_Library_C1.csv,V-20,12.1195,73.0,log_distance,89.7247719639862,16.7247719639862,16.7247719639862,random,33,random
PL_Comms_C1.csv::O-23,Comms,C1,PL_Comms_C1.csv,O-23,11.66190379,96.0,log_distance,89.05329931166446,-6.9467006883355396,6.9467006883355396,random,33,random
PL_Comms_C1.csv::F-27,Comms,C1,PL_Comms_C1.csv,F-27,2.236067977,76.0,log_distance,60.23907712572573,-15.760922874274272,15.760922874274272,random,33,random
PL_Comms_C2.csv::K-36,Comms,C2,PL_Comms_C2.csv,K-36,9.299259379,82.0,log_distance,85.10361686048361,3.103616860483612,3.103616860483612,random,33,random
PL_Library_C1.csv::R-13,Library,C1,PL_Library_C1.csv,R-13,6.775,74.0,log_distance,79.57849906922247,5.578499069222474,5.578499069222474,random,33,random
PL_Comms_C2.csv::H-49,Comms,C2,PL_Comms_C2.csv,H-49,20.26021286,94.0,log_distance,98.68936287168953,4.689362871689525,4.689362871689525,random,33,random
PL_Comms_C1.csv::M-57,Comms,C1,PL_Comms_C1.csv,M-57,29.12043956,104.0,log_distance,105.01850287987023,1.0185028798702263,1.0185028798702263,random,33,random
PL_Comms_C2.csv::E-16,Comms,C2,PL_Comms_C2.csv,E-16,13.05665443,94.0,log_distance,91.02420010674163,-2.975799893258369,2.975799893258369,random,33,random
PL_Library_C2.csv::M-26,Library,C2,PL_Library_C2.csv,M-26,13.67167693,80.0,log_distance,91.82721872327815,11.82721872327815,11.82721872327815,random,33,random
PL_Comms_C2.csv::C-56,Comms,C2,PL_Comms_C2.csv,C-56,27.10122184,118.0,log_distance,103.76479573212343,-14.235204267876568,14.235204267876568,random,33,random
PL_Library_C1.csv::V-13,Library,C1,PL_Library_C1.csv,V-13,11.5771,77.0,log_distance,88.92596968273679,11.925969682736792,11.925969682736792,random,33,random
PL_Comms_C2.csv::A-24,Comms,C2,PL_Comms_C2.csv,A-24,6.517378691,91.0,log_distance,78.90216190203589,-12.097838097964114,12.097838097964114,random,33,random
PL_Library_C2.csv::P-19,Library,C2,PL_Library_C2.csv,P-19,5.034337096,70.0,log_distance,74.39773153497424,4.397731534974241,4.397731534974241,random,33,random
PL_Comms_C1.csv::K-47,Comms,C1,PL_Comms_C1.csv,K-47,18.97366596,104.0,log_distance,97.54477298389986,-6.455227016100139,6.455227016100139,random,33,random
PL_Comms_C1.csv::N-24,Comms,C1,PL_Comms_C1.csv,N-24,10.29563014,90.0,log_distance,86.87937030363861,-3.120629696361391,3.120629696361391,random,33,random
PL_Library_C2.csv::A-8,Library,C2,PL_Library_C2.csv,A-8,20.71883322,90.0,log_distance,99.0798793910376,9.079879391037593,9.079879391037593,random,33,random
PL_Library_C2.csv::T-11,Library,C2,PL_Library_C2.csv,T-11,10.65240583,75.0,log_distance,87.4736949376312,12.473694937631194,12.473694937631194,random,33,random
PL_Library_C2.csv::C-15,Library,C2,PL_Library_C2.csv,C-15,15.01570095,82.0,log_distance,93.46314612387931,11.463146123879312,11.463146123879312,random,33,random
PL_Comms_C1.csv::K-39,Comms,C1,PL_Comms_C1.csv,K-39,11.66190379,92.0,log_distance,89.05329931166446,-2.9467006883355396,2.9467006883355396,random,33,random
PL_Comms_C1.csv::K-36,Comms,C1,PL_Comms_C1.csv,K-36,9.219544457,86.0,log_distance,84.95342058372975,-1.046579416270248,1.046579416270248,random,33,random
PL_Comms_C2.csv::I-6,Comms,C2,PL_Comms_C2.csv,I-6,23.37683094,100.0,log_distance,101.18567070506083,1.1856707050608293,1.1856707050608293,random,33,random
PL_Comms_C2.csv::M-28,Comms,C2,PL_Comms_C2.csv,M-28,8.153295346,77.0,log_distance,82.80922768247501,5.8092276824750115,5.8092276824750115,random,33,random
PL_Comms_C2.csv::M-40,Comms,C2,PL_Comms_C2.csv,M-40,13.65562979,97.0,log_distance,91.80672925677115,-5.193270743228851,5.193270743228851,random,33,random
PL_Library_C2.csv::G-10,Library,C2,PL_Library_C2.csv,G-10,12.55142821,83.0,log_distance,90.33571433917825,7.335714339178253,7.335714339178253,random,33,random
PL_Comms_C1.csv::B-12,Comms,C1,PL_Comms_C1.csv,B-12,17.2626765,114.0,log_distance,95.89601909243667,-18.103980907563326,18.103980907563326,random,33,random
PL_Comms_C2.csv::N-52,Comms,C2,PL_Comms_C2.csv,N-52,24.72804531,106.0,log_distance,102.16601629777043,-3.833983702229574,3.833983702229574,random,33,random
PL_Comms_C1.csv::E-40,Comms,C1,PL_Comms_C1.csv,E-40,11.0,99.0,log_distance,88.03388245512045,-10.966117544879552,10.966117544879552,random,33,random
PL_Comms_C1.csv::G-44,Comms,C1,PL_Comms_C1.csv,G-44,15.13274595,87.0,log_distance,93.59860887580862,6.5986088758086225,6.5986088758086225,random,33,random
PL_Library_C2.csv::V-8,Library,C2,PL_Library_C2.csv,V-8,15.37814765,89.0,log_distance,93.87925677479043,4.879256774790434,4.879256774790434,random,33,random
PL_Comms_C2.csv::D-37,Comms,C2,PL_Comms_C2.csv,D-37,8.153295346,86.0,log_distance,82.80922768247501,-3.1907723175249885,3.1907723175249885,random,33,random
PL_Comms_C2.csv::F-54,Comms,C2,PL_Comms_C2.csv,F-54,25.04947554,89.0,log_distance,102.39133087121817,13.391330871218173,13.391330871218173,random,33,random
PL_Library_C1.csv::Q-5,Library,C1,PL_Library_C1.csv,Q-5,15.4494,88.0,log_distance,93.9599042505551,5.959904250555098,5.959904250555098,random,33,random
PL_Comms_C2.csv::O-53,Comms,C2,PL_Comms_C2.csv,O-53,26.02837346,116.0,log_distance,103.06011779866802,-12.939882201331983,12.939882201331983,random,33,random
PL_Comms_C1.csv::J-22,Comms,C1,PL_Comms_C1.csv,J-22,8.602325267,78.0,log_distance,83.74452255161461,5.744522551614608,5.744522551614608,random,33,random
PL_Comms_C1.csv::B-29,Comms,C1,PL_Comms_C1.csv,B-29,3.0,68.0,log_distance,65.36638656607656,-2.6336134339234434,2.6336134339234434,random,33,random
PL_Comms_C2.csv::I-21,Comms,C2,PL_Comms_C2.csv,I-21,9.026418171,95.0,log_distance,84.58408545442548,-10.415914545574523,10.415914545574523,random,33,random
PL_Comms_C1.csv::C-42,Comms,C1,PL_Comms_C1.csv,C-42,13.15294644,105.0,log_distance,91.15239230335368,-13.847607696646321,13.847607696646321,random,33,random
PL_Library_C1.csv::P-21,Library,C1,PL_Library_C1.csv,P-21,7.2969,72.0,log_distance,80.87318251155173,8.873182511551732,8.873182511551732,random,33,random
PL_Library_C1.csv::B-9,Library,C1,PL_Library_C1.csv,B-9,18.8243,80.0,log_distance,97.4068885450286,17.406888545028593,17.406888545028593,random,33,random
PL_Library_C2.csv::N-23,Library,C2,PL_Library_C2.csv,N-23,9.562502288,90.0,log_distance,85.5906207378427,-4.409379262157302,4.409379262157302,random,33,random
PL_Comms_C1.csv::E-41,Comms,C1,PL_Comms_C1.csv,E-41,12.0,97.0,log_distance,89.5518966631898,-7.448103336810206,7.448103336810206,random,33,random
PL_Comms_C1.csv::F-42,Comms,C1,PL_Comms_C1.csv,F-42,13.03840481,95.0,log_distance,90.99979810801997,-4.000201891980026,4.000201891980026,random,33,random
PL_SSE_C1.csv::D-2,SSE,C1,PL_SSE_C1.csv,D-2,12.80624847,91.0,log_distance,90.68636035151086,-0.3136396484891435,0.3136396484891435,random,33,random
PL_Library_C2.csv::C-7,Library,C2,PL_Library_C2.csv,C-7,19.29645758,85.0,log_distance,97.83908126140531,12.839081261405312,12.839081261405312,random,33,random
PL_Comms_C2.csv::A-25,Comms,C2,PL_Comms_C2.csv,A-25,5.78586424,82.0,log_distance,76.8251181219111,-5.174881878088897,5.174881878088897,random,33,random
PL_Comms_C2.csv::F-41,Comms,C2,PL_Comms_C2.csv,F-41,12.10273626,88.0,log_distance,89.70062366521687,1.7006236652168667,1.7006236652168667,random,33,random
PL_Comms_C2.csv::G-52,Comms,C2,PL_Comms_C2.csv,G-52,23.11874186,91.0,log_distance,100.9919873595252,9.991987359525197,9.991987359525197,random,33,random
PL_Library_C1.csv::M-15,Library,C1,PL_Library_C1.csv,M-15,1.9163,72.0,log_distance,57.54673874068234,-14.453261259317657,14.453261259317657,random,33,random
PL_Library_C1.csv::W-15,Library,C1,PL_Library_C1.csv,W-15,12.27,69.0,log_distance,89.94008429646075,20.940084296460753,20.940084296460753,random,33,random
PL_SSE_C2.csv::D-3,SSE,C2,PL_SSE_C2.csv,D-3,12.26687511,96.0,log_distance,89.93564059090264,-6.064359409097364,6.064359409097364,random,33,random
PL_Library_C1.csv::V-19,Library,C1,PL_Library_C1.csv,V-19,11.5771,71.0,log_distance,88.92596968273679,17.925969682736792,17.925969682736792,random,33,random
PL_SSE_C1.csv::H-1,SSE,C1,PL_SSE_C1.csv,H-1,10.81665383,89.0,log_distance,87.740642113611,-1.2593578863889974,1.2593578863889974,random,33,random
PL_Comms_C1.csv::B-13,Comms,C1,PL_Comms_C1.csv,B-13,16.2788206,94.0,log_distance,94.87224663113008,0.872246631130082,0.872246631130082,random,33,random
PL_Comms_C1.csv::O-43,Comms,C1,PL_Comms_C1.csv,O-43,17.20465053,109.0,log_distance,95.83727759611509,-13.162722403884914,13.162722403884914,random,33,random
PL_Comms_C1.csv::J-46,Comms,C1,PL_Comms_C1.csv,J-46,17.72004515,105.0,log_distance,96.3522317554979,-8.647768244502103,8.647768244502103,random,33,random
PL_Comms_C2.csv::K-21,Comms,C2,PL_Comms_C2.csv,K-21,10.07354084,87.0,log_distance,86.49891706748575,-0.501082932514251,0.501082932514251,random,33,random
PL_Comms_C1.csv::J-13,Comms,C1,PL_Comms_C1.csv,J-13,16.76305461,99.0,log_distance,95.3836357547766,-3.6163642452233944,3.6163642452233944,random,33,random
PL_Library_C2.csv::Q-18,Library,C2,PL_Library_C2.csv,Q-18,5.034337096,66.0,log_distance,74.39773153497424,8.397731534974241,8.397731534974241,random,33,random
PL_Comms_C1.csv::C-57,Comms,C1,PL_Comms_C1.csv,C-57,28.0713377,110.0,log_distance,104.37838114527068,-5.62161885472932,5.62161885472932,random,33,random
PL_Library_C2.csv::A-4,Library,C2,PL_Library_C2.csv,A-4,24.0031675,91.0,log_distance,101.64695408917679,10.646954089176788,10.646954089176788,random,33,random
PL_Library_C1.csv::M-14,Library,C1,PL_Library_C1.csv,M-14,3.0299,72.0,log_distance,65.53940581741351,-6.46059418258649,6.46059418258649,random,33,random
PL_SSE_C1.csv::K-6,SSE,C1,PL_SSE_C1.csv,K-6,5.0,70.0,log_distance,74.27833097554247,4.278330975542474,4.278330975542474,random,33,random
PL_Comms_C2.csv::G-19,Comms,C2,PL_Comms_C2.csv,G-19,10.27016188,88.0,log_distance,86.83616034527593,-1.1638396547240717,1.1638396547240717,random,33,random
PL_Comms_C1.csv::H-20,Comms,C1,PL_Comms_C1.csv,H-20,9.486832981,83.0,log_distance,85.4520179371822,2.4520179371822053,2.4520179371822053,random,33,random
PL_Comms_C1.csv::C-18,Comms,C1,PL_Comms_C1.csv,C-18,11.18033989,89.0,log_distance,88.3175848253625,-0.682415174637498,0.682415174637498,random,33,random
PL_SSE_C1.csv::E-7,SSE,C1,PL_SSE_C1.csv,E-7,9.486832981,97.0,log_distance,85.4520179371822,-11.547982062817795,11.547982062817795,random,33,random
PL_Comms_C2.csv::L-13,Comms,C2,PL_Comms_C2.csv,L-13,17.50646238,116.0,log_distance,96.14067264173346,-19.85932735826654,19.85932735826654,random,33,random
PL_Library_C2.csv::C-16,Library,C2,PL_Library_C2.csv,C-16,14.95443914,81.0,log_distance,93.39182282101723,12.391822821017229,12.391822821017229,random,33,random
PL_Comms_C2.csv::A-28,Comms,C2,PL_Comms_C2.csv,A-28,4.298397957,65.0,log_distance,71.64054995688895,6.640549956888947,6.640549956888947,random,33,random
PL_SSE_C2.csv::C-5,SSE,C2,PL_SSE_C2.csv,C-5,12.14397896,101.0,log_distance,89.75997416586753,-11.240025834132467,11.240025834132467,random,33,random
PL_Comms_C1.csv::L-49,Comms,C1,PL_Comms_C1.csv,L-49,21.1896201,112.0,log_distance,99.47186559170734,-12.528134408292658,12.528134408292658,random,33,random
PL_SSE_C1.csv::N-6,SSE,C1,PL_SSE_C1.csv,N-6,4.0,67.0,log_distance,70.38533338082111,3.385333380821109,3.385333380821109,random,33,random
PL_Comms_C1.csv::E-56,Comms,C1,PL_Comms_C1.csv,E-56,27.0,107.0,log_distance,103.69951313081393,-3.3004868691860736,3.3004868691860736,random,33,random
PL_Comms_C1.csv::B-20,Comms,C1,PL_Comms_C1.csv,B-20,9.486832981,93.0,log_distance,85.4520179371822,-7.547982062817795,7.547982062817795,random,33,random
PL_Comms_C1.csv::F-34,Comms,C1,PL_Comms_C1.csv,F-34,5.099019514,91.0,log_distance,74.62045635109452,-16.379543648905482,16.379543648905482,random,33,random
PL_Library_C1.csv::O-26,Library,C1,PL_Library_C1.csv,O-26,13.6176,88.0,log_distance,91.75807538260605,3.7580753826060516,3.7580753826060516,random,33,random
PL_Comms_C2.csv::G-23,Comms,C2,PL_Comms_C2.csv,G-23,6.440203801,80.0,log_distance,78.69434208283903,-1.3056579171609712,1.3056579171609712,random,33,random
PL_Comms_C1.csv::H-2,Comms,C1,PL_Comms_C1.csv,H-2,27.16615541,101.0,log_distance,103.8065461133963,2.806546113396294,2.806546113396294,random,33,random
PL_Library_C2.csv::R-9,Library,C2,PL_Library_C2.csv,R-9,10.99171734,71.0,log_distance,88.02074108944547,17.020741089445465,17.020741089445465,random,33,random
PL_Comms_C1.csv::N-27,Comms,C1,PL_Comms_C1.csv,N-27,9.219544457,82.0,log_distance,84.95342058372975,2.953420583729752,2.953420583729752,random,33,random
PL_Comms_C2.csv::K-25,Comms,C2,PL_Comms_C2.csv,K-25,7.312744013,79.0,log_distance,80.9110228939924,1.9110228939923957,1.9110228939923957,random,33,random
PL_SSE_C1.csv::L-1,SSE,C1,PL_SSE_C1.csv,L-1,9.219544457,71.0,log_distance,84.95342058372975,13.953420583729752,13.953420583729752,random,33,random
PL_SSE_C1.csv::E-2,SSE,C1,PL_SSE_C1.csv,E-2,12.04159458,96.0,log_distance,89.61226423368545,-6.387735766314549,6.387735766314549,random,33,random
PL_Library_C2.csv::U-18,Library,C2,PL_Library_C2.csv,U-18,9.939092011,75.0,log_distance,86.26450005837393,11.264500058373926,11.264500058373926,random,33,random
PL_SSE_C2.csv::I-1,SSE,C2,PL_SSE_C2.csv,I-1,10.36707408,86.0,log_distance,87.00001542352118,1.0000154235211767,1.0000154235211767,random,33,random
PL_Comms_C2.csv::K-33,Comms,C2,PL_Comms_C2.csv,K-33,7.312744013,82.0,log_distance,80.9110228939924,-1.0889771060076043,1.0889771060076043,random,33,random
PL_Comms_C1.csv::O-37,Comms,C1,PL_Comms_C1.csv,O-37,12.80624847,90.0,log_distance,90.68636035151086,0.6863603515108565,0.6863603515108565,random,33,random
PL_Library_C2.csv::H-13,Library,C2,PL_Library_C2.csv,H-13,9.17046073,74.0,log_distance,84.86029124870299,10.860291248702993,10.860291248702993,random,33,random
PL_Library_C1.csv::G-6,Library,C1,PL_Library_C1.csv,G-6,16.5399,82.0,log_distance,95.14982774335382,13.149827743353825,13.149827743353825,random,33,random
PL_Comms_C1.csv::A-45,Comms,C1,PL_Comms_C1.csv,A-45,16.4924225,105.0,log_distance,95.09967683286641,-9.900323167133593,9.900323167133593,random,33,random
PL_Comms_C1.csv::C-38,Comms,C1,PL_Comms_C1.csv,C-38,9.219544457,90.0,log_distance,84.95342058372975,-5.046579416270248,5.046579416270248,random,33,random
PL_Comms_C1.csv::O-28,Comms,C1,PL_Comms_C1.csv,O-28,10.04987562,82.0,log_distance,86.45788354296425,4.457883542964254,4.457883542964254,random,33,random
PL_Library_C1.csv::J-2,Library,C1,PL_Library_C1.csv,J-2,19.7291,82.0,log_distance,98.22591786874173,16.225917868741732,16.225917868741732,random,33,random
PL_Comms_C1.csv::I-22,Comms,C1,PL_Comms_C1.csv,I-22,8.062257748,88.0,log_distance,82.6133326706942,-5.386667329305794,5.386667329305794,random,33,random
PL_Comms_C2.csv::G-43,Comms,C2,PL_Comms_C2.csv,G-43,14.1942321,89.0,log_distance,92.48161322172635,3.4816132217263487,3.4816132217263487,random,33,random
PL_Comms_C2.csv::I-8,Comms,C2,PL_Comms_C2.csv,I-8,21.41205793,112.0,log_distance,99.65405187708237,-12.345948122917633,12.345948122917633,random,33,random
PL_Comms_C2.csv::G-28,Comms,C2,PL_Comms_C2.csv,G-28,2.544842824,72.0,log_distance,62.49573646666962,-9.50426353333038,9.50426353333038,random,33,random
PL_Comms_C2.csv::D-27,Comms,C2,PL_Comms_C2.csv,D-27,2.544842824,72.0,log_distance,62.49573646666962,-9.50426353333038,9.50426353333038,random,33,random
PL_Library_C2.csv::T-18,Library,C2,PL_Library_C2.csv,T-18,8.655473702,80.0,log_distance,83.85197992943127,3.851979929431266,3.851979929431266,random,33,random
PL_Comms_C1.csv::G-49,Comms,C1,PL_Comms_C1.csv,G-49,20.09975124,95.0,log_distance,98.55063859152088,3.5506385915208796,3.5506385915208796,random,33,random
PL_Comms_C2.csv::G-6,Comms,C2,PL_Comms_C2.csv,G-6,23.11874186,91.0,log_distance,100.9919873595252,9.991987359525197,9.991987359525197,random,33,random
PL_Comms_C1.csv::A-24,Comms,C1,PL_Comms_C1.csv,A-24,6.403124237,87.0,log_distance,78.59360530840351,-8.406394691596489,8.406394691596489,random,33,random
PL_Library_C2.csv::F-2,Library,C2,PL_Library_C2.csv,F-2,21.88247529,94.0,log_distance,100.03318974269692,6.033189742696919,6.033189742696919,random,33,random
PL_Library_C1.csv::C-5,Library,C1,PL_Library_C1.csv,C-5,21.0789,74.0,log_distance,99.38046685132402,25.380466851324016,25.380466851324016,random,33,random
PL_Comms_C1.csv::F-3,Comms,C1,PL_Comms_C1.csv,F-3,26.01922366,95.0,log_distance,103.05398384188385,8.053983841883849,8.053983841883849,random,33,random
PL_Library_C1.csv::R-9,Library,C1,PL_Library_C1.csv,R-9,10.9244,77.0,log_distance,87.91356584417038,10.913565844170378,10.913565844170378,random,33,random
PL_Library_C2.csv::L-15,Library,C2,PL_Library_C2.csv,L-15,3.264406531,71.0,log_distance,66.83998832813049,-4.160011671869512,4.160011671869512,random,33,random
PL_Library_C2.csv::N-17,Library,C2,PL_Library_C2.csv,N-17,1.819958791,57.0,log_distance,56.64682431597078,-0.3531756840292175,0.3531756840292175,random,33,random
PL_SSE_C2.csv::G-9,SSE,C2,PL_SSE_C2.csv,G-9,7.174693373,84.0,log_distance,80.57852431906679,-3.421475680933213,3.421475680933213,random,33,random
PL_Library_C2.csv::C-4,Library,C2,PL_Library_C2.csv,C-4,22.09123921,86.0,log_distance,100.19884123168484,14.198841231684838,14.198841231684838,random,33,random
PL_Library_C1.csv::P-6,Library,C1,PL_Library_C1.csv,P-6,13.8183,87.0,log_distance,92.01332535198418,5.013325351984179,5.013325351984179,random,33,random
PL_Library_C1.csv::R-6,Library,C1,PL_Library_C1.csv,R-6,14.5938,76.0,log_distance,92.96593756010834,16.965937560108344,16.965937560108344,random,33,random
PL_Comms_C2.csv::J-11,Comms,C2,PL_Comms_C2.csv,J-11,18.72101026,103.0,log_distance,97.31089713462214,-5.689102865377862,5.689102865377862,random,33,random
PL_Comms_C1.csv::C-39,Comms,C1,PL_Comms_C1.csv,C-39,10.19803903,85.0,log_distance,86.71321140307262,1.71321140307262,1.71321140307262,random,33,random
PL_Library_C2.csv::Q-12,Library,C2,PL_Library_C2.csv,Q-12,6.883084338,75.0,log_distance,79.85462795049429,4.85462795049429,4.85462795049429,random,33,random
PL_Library_C2.csv::Q-21,Library,C2,PL_Library_C2.csv,Q-21,7.993814796,78.0,log_distance,82.46459470678694,4.46459470678694,4.46459470678694,random,33,random
PL_Comms_C2.csv::I-2,Comms,C2,PL_Comms_C2.csv,I-2,27.32171709,106.0,log_distance,103.90616317887148,-2.0938368211285194,2.0938368211285194,random,33,random
PL_Comms_C2.csv::M-51,Comms,C2,PL_Comms_C2.csv,M-51,23.44090922,117.0,log_distance,101.23342698183862,-15.766573018161381,15.766573018161381,random,33,random
PL_SSE_C2.csv::L-3,SSE,C2,PL_SSE_C2.csv,L-3,7.380801108,73.0,log_distance,81.07263716688797,8.072637166887972,8.072637166887972,random,33,random
PL_Comms_C1.csv::B-43,Comms,C1,PL_Comms_C1.csv,B-43,14.31782106,97.0,log_distance,92.63285915150794,-4.367140848492056,4.367140848492056,random,33,random
PL_SSE_C1.csv::M-3,SSE,C1,PL_SSE_C1.csv,M-3,7.071067812,69.0,log_distance,80.3247085001527,11.324708500152695,11.324708500152695,random,33,random
PL_Library_C2.csv::I-4,Library,C2,PL_Library_C2.csv,I-4,17.65685278,82.0,log_distance,96.28990490990084,14.28990490990084,14.28990490990084,random,33,random
PL_Comms_C2.csv::B-35,Comms,C2,PL_Comms_C2.csv,B-35,6.817347358,78.0,log_distance,79.68720745614816,1.6872074561481583,1.6872074561481583,random,33,random
PL_Library_C1.csv::V-21,Library,C1,PL_Library_C1.csv,V-21,12.783,79.0,log_distance,90.65465980454974,11.654659804549738,11.654659804549738,random,33,random
PL_Comms_C1.csv::G-28,Comms,C1,PL_Comms_C1.csv,G-28,2.236067977,62.0,log_distance,60.23907712572573,-1.7609228742742715,1.7609228742742715,random,33,random
PL_Comms_C1.csv::H-50,Comms,C1,PL_Comms_C1.csv,H-50,21.21320344,87.0,log_distance,99.49127178581105,12.491271785811051,12.491271785811051,random,33,random
PL_SSE_C1.csv::H-8,SSE,C1,PL_SSE_C1.csv,H-8,6.32455532,73.0,log_distance,78.37820970153115,5.378209701531148,5.378209701531148,random,33,random
PL_Comms_C2.csv::C-42,Comms,C2,PL_Comms_C2.csv,C-42,13.20894489,107.0,log_distance,91.22651136022047,-15.77348863977953,15.77348863977953,random,33,random
PL_Comms_C2.csv::C-23,Comms,C2,PL_Comms_C2.csv,C-23,6.440203801,84.0,log_distance,78.69434208283903,-5.305657917160971,5.305657917160971,random,33,random
PL_Comms_C2.csv::L-48,Comms,C2,PL_Comms_C2.csv,L-48,20.28487676,119.0,log_distance,98.71058814690645,-20.289411853093554,20.289411853093554,random,33,random
PL_Library_C2.csv::C-8,Library,C2,PL_Library_C2.csv,C-8,18.46999865,83.0,log_distance,97.0753964172795,14.075396417279507,14.075396417279507,random,33,random
PL_Comms_C1.csv::A-54,Comms,C1,PL_Comms_C1.csv,A-54,25.3179778,114.0,log_distance,102.57733897148103,-11.422661028518974,11.422661028518974,random,33,random
PL_SSE_C2.csv::A-7,SSE,C2,PL_SSE_C2.csv,A-7,13.3968737,106.0,log_distance,91.47297550713384,-14.527024492866161,14.527024492866161,random,33,random
PL_Library_C1.csv::S-12,Library,C1,PL_Library_C1.csv,S-12,8.6762,76.0,log_distance,83.89370635964755,7.8937063596475525,7.8937063596475525,random,33,random
PL_Comms_C2.csv::H-56,Comms,C2,PL_Comms_C2.csv,H-56,27.19331214,94.0,log_distance,103.82397750689701,9.823977506897009,9.823977506897009,random,33,random
PL_Comms_C1.csv::E-22,Comms,C1,PL_Comms_C1.csv,E-22,7.0,87.0,log_distance,80.14847869051023,-6.851521309489769,6.851521309489769,random,33,random
PL_Library_C2.csv::U-20,Library,C2,PL_Library_C2.csv,U-20,10.99171734,73.0,log_distance,88.02074108944547,15.020741089445465,15.020741089445465,random,33,random
PL_Library_C2.csv::J-6,Library,C2,PL_Library_C2.csv,J-6,14.64428643,96.0,log_distance,93.02618740573196,-2.97381259426804,2.97381259426804,random,33,random
PL_Comms_C1.csv::I-21,Comms,C1,PL_Comms_C1.csv,I-21,8.94427191,87.0,log_distance,84.42458722674004,-2.5754127732599557,2.5754127732599557,random,33,random
PL_Comms_C2.csv::D-13,Comms,C2,PL_Comms_C2.csv,D-13,16.07719581,93.0,log_distance,94.65481421440495,1.6548142144049507,1.6548142144049507,random,33,random
PL_Comms_C1.csv::D-38,Comms,C1,PL_Comms_C1.csv,D-38,9.055385138,92.0,log_distance,84.6399828335964,-7.360017166403594,7.360017166403594,random,33,random
PL_Comms_C2.csv::N-51,Comms,C2,PL_Comms_C2.csv,N-51,23.80076102,115.0,log_distance,101.4992157509638,-13.500784249036201,13.500784249036201,random,33,random
PL_Library_C1.csv::A-8,Library,C1,PL_Library_C1.csv,A-8,20.6832,88.0,log_distance,99.04984884026388,11.049848840263877,11.049848840263877,random,33,random
PL_Library_C2.csv::L-9,Library,C2,PL_Library_C2.csv,L-9,9.939092011,70.0,log_distance,86.26450005837393,16.264500058373926,16.264500058373926,random,33,random
PL_Library_C2.csv::D-2,Library,C2,PL_Library_C2.csv,D-2,23.34394193,97.0,log_distance,101.16110831382119,4.161108313821188,4.161108313821188,random,33,random
PL_SSE_C1.csv::M-7,SSE,C1,PL_SSE_C1.csv,M-7,3.16227766,71.0,log_distance,66.28545465297454,-4.714545347025464,4.714545347025464,random,33,random
PL_Library_C1.csv::I-9,Library,C1,PL_Library_C1.csv,I-9,11.6562,68.0,log_distance,89.04476437907027,21.044764379070273,21.044764379070273,random,33,random
PL_Comms_C2.csv::J-44,Comms,C2,PL_Comms_C2.csv,J-44,15.85800192,105.0,log_distance,94.41531976905623,-10.584680230943775,10.584680230943775,random,33,random
PL_Comms_C2.csv::D-12,Comms,C2,PL_Comms_C2.csv,D-12,17.07267481,105.0,log_distance,95.70293335638044,-9.297066643619559,9.297066643619559,random,33,random
PL_Comms_C1.csv::M-28,Comms,C1,PL_Comms_C1.csv,M-28,8.062257748,76.0,log_distance,82.6133326706942,6.613332670694206,6.613332670694206,random,33,random
PL_Comms_C1.csv::D-33,Comms,C1,PL_Comms_C1.csv,D-33,4.123105626,79.0,log_distance,70.91416673998448,-8.08583326001552,8.08583326001552,random,33,random
PL_Library_C1.csv::Q-4,Library,C1,PL_Library_C1.csv,Q-4,16.7604,78.0,log_distance,95.38087274926707,17.38087274926707,17.38087274926707,random,33,random
PL_Comms_C2.csv::A-12,Comms,C2,PL_Comms_C2.csv,A-12,17.50646238,116.0,log_distance,96.14067264173346,-19.85932735826654,19.85932735826654,random,33,random
PL_Comms_C2.csv::H-44,Comms,C2,PL_Comms_C2.csv,H-44,15.3452346,87.0,log_distance,93.84187765572314,6.841877655723138,6.841877655723138,random,33,random
PL_Comms_C1.csv::J-39,Comms,C1,PL_Comms_C1.csv,J-39,11.18033989,96.0,log_distance,88.3175848253625,-7.682415174637498,7.682415174637498,random,33,random
PL_Comms_C1.csv::E-54,Comms,C1,PL_Comms_C1.csv,E-54,25.0,106.0,log_distance,102.35683866737708,-3.643161332622924,3.643161332622924,random,33,random
PL_Comms_C2.csv::F-28,Comms,C2,PL_Comms_C2.csv,F-28,1.86446373,77.0,log_distance,57.068316665266046,-19.931683334733954,19.931683334733954,random,33,random
PL_Comms_C1.csv::I-35,Comms,C1,PL_Comms_C1.csv,I-35,7.211102551,81.0,log_distance,80.6668338741538,-0.33316612584620486,0.33316612584620486,random,33,random
PL_Library_C1.csv::A-4,Library,C1,PL_Library_C1.csv,A-4,23.9724,83.0,log_distance,101.62457708522237,18.62457708522237,18.62457708522237,random,33,random
PL_Comms_C2.csv::E-23,Comms,C2,PL_Comms_C2.csv,E-23,6.121782829,80.0,log_distance,77.80970290782292,-2.190297092177076,2.190297092177076,random,33,random
PL_Library_C2.csv::Q-23,Library,C2,PL_Library_C2.csv,Q-23,10.39065325,75.0,log_distance,87.03965040759931,12.03965040759931,12.03965040759931,random,33,random
PL_SSE_C1.csv::D-6,SSE,C1,PL_SSE_C1.csv,D-6,10.77032961,89.0,log_distance,87.66576542765992,-1.3342345723400797,1.3342345723400797,random,33,random
PL_Comms_C1.csv::G-34,Comms,C1,PL_Comms_C1.csv,G-34,5.385164807,78.0,log_distance,75.57301038558265,-2.4269896144173515,2.4269896144173515,random,33,random
PL_Comms_C1.csv::C-51,Comms,C1,PL_Comms_C1.csv,C-51,22.09072203,115.0,log_distance,100.19843279332645,-14.801567206673553,14.801567206673553,random,33,random
PL_Comms_C1.csv::B-44,Comms,C1,PL_Comms_C1.csv,B-44,15.29705854,104.0,log_distance,93.78701963118223,-10.212980368817767,10.212980368817767,random,33,random
PL_Comms_C2.csv::N-35,Comms,C2,PL_Comms_C2.csv,N-35,10.88467845,100.0,log_distance,87.85001531911647,-12.149984680883534,12.149984680883534,random,33,random
PL_Comms_C2.csv::D-33,Comms,C2,PL_Comms_C2.csv,D-33,4.298397957,86.0,log_distance,71.64054995688895,-14.359450043111053,14.359450043111053,random,33,random
PL_Comms_C2.csv::O-22,Comms,C2,PL_Comms_C2.csv,O-22,12.26687511,95.0,log_distance,89.93564059090264,-5.064359409097364,5.064359409097364,random,33,random
PL_Library_C2.csv::C-12,Library,C2,PL_Library_C2.csv,C-12,15.90633993,87.0,log_distance,94.4684178752421,7.468417875242096,7.468417875242096,random,33,random
PL_Library_C2.csv::V-10,Library,C2,PL_Library_C2.csv,V-10,13.60436419,87.0,log_distance,91.74111010812022,4.741110108120225,4.741110108120225,random,33,random
PL_Comms_C2.csv::F-44,Comms,C2,PL_Comms_C2.csv,F-44,15.08231497,84.0,log_distance,93.54037118756708,9.540371187567075,9.540371187567075,random,33,random
PL_Comms_C2.csv::C-34,Comms,C2,PL_Comms_C2.csv,C-34,5.520527602,80.0,log_distance,76.00612033786695,-3.993879662133054,3.993879662133054,random,33,random
PL_Library_C2.csv::N-20,Library,C2,PL_Library_C2.csv,N-20,5.55451393,79.0,log_distance,76.11319581903692,-2.8868041809630824,2.8868041809630824,random,33,random
PL_Library_C1.csv::G-4,Library,C1,PL_Library_C1.csv,G-4,18.8243,87.0,log_distance,97.4068885450286,10.406888545028593,10.406888545028593,random,33,random
PL_Library_C2.csv::D-8,Library,C2,PL_Library_C2.csv,D-8,17.39495114,80.0,log_distance,96.02919009094691,16.029190090946912,16.029190090946912,random,33,random
PL_Comms_C2.csv::B-21,Comms,C2,PL_Comms_C2.csv,B-21,8.629960892,86.0,log_distance,83.80047982644837,-2.199520173551633,2.199520173551633,random,33,random
PL_Comms_C1.csv::G-57,Comms,C1,PL_Comms_C1.csv,G-57,28.0713377,96.0,log_distance,104.37838114527068,8.37838114527068,8.37838114527068,random,33,random
PL_Comms_C2.csv::M-31,Comms,C2,PL_Comms_C2.csv,M-31,8.335239949,94.0,log_distance,83.19426650257441,-10.805733497425592,10.805733497425592,random,33,random
PL_Library_C2.csv::C-9,Library,C2,PL_Library_C2.csv,C-9,17.70876831,81.0,log_distance,96.34112568013884,15.341125680138845,15.341125680138845,random,33,random
PL_Comms_C1.csv::O-24,Comms,C1,PL_Comms_C1.csv,O-24,11.18033989,90.0,log_distance,88.3175848253625,-1.682415174637498,1.682415174637498,random,33,random
PL_Comms_C1.csv::H-17,Comms,C1,PL_Comms_C1.csv,H-17,12.36931688,85.0,log_distance,90.08073002517405,5.080730025174049,5.080730025174049,random,33,random
PL_Comms_C2.csv::K-44,Comms,C2,PL_Comms_C2.csv,K-44,16.20111802,110.0,log_distance,94.78877270161013,-15.211227298389872,15.211227298389872,random,33,random
PL_Comms_C2.csv::F-45,Comms,C2,PL_Comms_C2.csv,F-45,16.07719581,93.0,log_distance,94.65481421440495,1.6548142144049507,1.6548142144049507,random,33,random
PL_Library_C1.csv::M-24,Library,C1,PL_Library_C1.csv,M-24,10.9244,78.0,log_distance,87.91356584417038,9.913565844170378,9.913565844170378,random,33,random
PL_SSE_C1.csv::I-5,SSE,C1,PL_SSE_C1.csv,I-5,7.071067812,86.0,log_distance,80.3247085001527,-5.6752914998473045,5.6752914998473045,random,33,random
PL_Comms_C1.csv::H-21,Comms,C1,PL_Comms_C1.csv,H-21,8.544003745,80.0,log_distance,83.62583937509754,3.6258393750975415,3.6258393750975415,random,33,random
PL_Comms_C1.csv::I-4,Comms,C1,PL_Comms_C1.csv,I-4,25.3179778,115.0,log_distance,102.57733897148103,-12.422661028518974,12.422661028518974,random,33,random
PL_Comms_C1.csv::O-19,Comms,C1,PL_Comms_C1.csv,O-19,14.14213562,88.0,log_distance,92.41746354377479,4.417463543774787,4.417463543774787,random,33,random
PL_Library_C2.csv::E-15,Library,C2,PL_Library_C2.csv,E-15,12.33005576,76.0,log_distance,90.02526657033931,14.025266570339312,14.025266570339312,random,33,random
PL_Comms_C1.csv::D-30,Comms,C1,PL_Comms_C1.csv,D-30,1.414213562,69.0,log_distance,52.246200803383566,-16.753799196616434,16.753799196616434,random,33,random
PL_SSE_C1.csv::A-2,SSE,C1,PL_SSE_C1.csv,A-2,15.26433752,106.0,log_distance,93.74966163265907,-12.25033836734093,12.25033836734093,random,33,random
PL_Comms_C2.csv::H-53,Comms,C2,PL_Comms_C2.csv,H-53,24.21727121,94.0,log_distance,101.80188057860286,7.801880578602862,7.801880578602862,random,33,random
PL_Comms_C1.csv::D-44,Comms,C1,PL_Comms_C1.csv,D-44,15.03329638,105.0,log_distance,93.48357759977738,-11.516422400222623,11.516422400222623,random,33,random
PL_Comms_C2.csv::N-19,Comms,C2,PL_Comms_C2.csv,N-19,13.50837611,92.0,log_distance,91.61757923939693,-0.3824207606030683,0.3824207606030683,random,33,random
PL_Comms_C2.csv::E-35,Comms,C2,PL_Comms_C2.csv,E-35,6.121782829,88.0,log_distance,77.80970290782292,-10.190297092177076,10.190297092177076,random,33,random
PL_Comms_C2.csv::B-14,Comms,C2,PL_Comms_C2.csv,B-14,15.3452346,100.0,log_distance,93.84187765572314,-6.158122344276862,6.158122344276862,random,33,random
PL_SSE_C1.csv::L-8,SSE,C1,PL_SSE_C1.csv,L-8,2.828427125,61.0,log_distance,64.33895585810833,3.338955858108335,3.338955858108335,random,33,random
PL_Comms_C2.csv::K-39,Comms,C2,PL_Comms_C2.csv,K-39,11.72502559,107.0,log_distance,89.14747461238544,-17.852525387614563,17.852525387614563,random,33,random
PL_Comms_C2.csv::L-46,Comms,C2,PL_Comms_C2.csv,L-46,18.4248806,110.0,log_distance,97.03272724336924,-12.967272756630763,12.967272756630763,random,33,random
PL_Library_C2.csv::F-9,Library,C2,PL_Library_C2.csv,F-9,14.45500086,91.0,log_distance,92.7992160399593,1.7992160399593047,1.7992160399593047,random,33,random
PL_Comms_C2.csv::G-3,Comms,C2,PL_Comms_C2.csv,G-3,26.1050996,89.0,log_distance,103.11146973165987,14.111469731659867,14.111469731659867,random,33,random
PL_Comms_C2.csv::A-3,Comms,C2,PL_Comms_C2.csv,A-3,26.33393675,122.0,log_distance,103.26373623524694,-18.736263764753062,18.736263764753062,random,33,random
PL_Comms_C2.csv::I-53,Comms,C2,PL_Comms_C2.csv,I-53,24.36136747,112.0,log_distance,101.90538012173428,-10.094619878265718,10.094619878265718,random,33,random
PL_SSE_C1.csv::A-6,SSE,C1,PL_SSE_C1.csv,A-6,13.60147051,96.0,log_distance,91.73739887496205,-4.262601125037946,4.262601125037946,random,33,random
PL_Comms_C2.csv::G-37,Comms,C2,PL_Comms_C2.csv,G-37,8.335239949,88.0,log_distance,83.19426650257441,-4.805733497425592,4.805733497425592,random,33,random
PL_Comms_C1.csv::J-18,Comms,C1,PL_Comms_C1.csv,J-18,12.08304597,91.0,log_distance,89.67221689483418,-1.327783105165821,1.327783105165821,random,33,random
PL_Comms_C2.csv::C-29,Comms,C2,PL_Comms_C2.csv,C-29,2.340133543,77.0,log_distance,61.032686117497704,-15.967313882502296,15.967313882502296,random,33,random
PL_Library_C1.csv::N-15,Library,C1,PL_Library_C1.csv,N-15,1.355,59.0,log_distance,51.49999137738787,-7.500008622612128,7.500008622612128,random,33,random
PL_Comms_C2.csv::H-43,Comms,C2,PL_Comms_C2.csv,H-43,14.3692806,87.0,log_distance,92.69544980466064,5.69544980466064,5.69544980466064,random,33,random
PL_Library_C1.csv::F-9,Library,C1,PL_Library_C1.csv,F-9,14.4038,76.0,log_distance,92.73731054211648,16.737310542116475,16.737310542116475,random,33,random
PL_SSE_C2.csv::I-6,SSE,C2,PL_SSE_C2.csv,I-6,6.517378691,78.0,log_distance,78.90216190203589,0.9021619020358855,0.9021619020358855,random,33,random
PL_Comms_C1.csv::B-30,Comms,C1,PL_Comms_C1.csv,B-30,3.16227766,71.0,log_distance,66.28545465297454,-4.714545347025464,4.714545347025464,random,33,random
PL_Comms_C1.csv::D-24,Comms,C1,PL_Comms_C1.csv,D-24,5.099019514,84.0,log_distance,74.62045635109452,-9.379543648905482,9.379543648905482,random,33,random
PL_Comms_C1.csv::J-21,Comms,C1,PL_Comms_C1.csv,J-21,9.433981132,81.0,log_distance,85.35455235381608,4.354552353816075,4.354552353816075,random,33,random
PL_Library_C2.csv::H-14,Library,C2,PL_Library_C2.csv,H-14,8.655473702,73.0,log_distance,83.85197992943127,10.851979929431266,10.851979929431266,random,33,random
PL_Comms_C1.csv::O-41,Comms,C1,PL_Comms_C1.csv,O-41,15.62049935,97.0,log_distance,94.15205527047766,-2.8479447295223395,2.8479447295223395,random,33,random
PL_Comms_C2.csv::P-35,Comms,C2,PL_Comms_C2.csv,P-35,12.58873405,94.0,log_distance,90.38749157436264,-3.6125084256373583,3.6125084256373583,random,33,random
PL_Library_C1.csv::N-18,Library,C1,PL_Library_C1.csv,N-18,2.71,54.0,log_distance,63.59274642594449,9.59274642594449,9.59274642594449,random,33,random
PL_Comms_C2.csv::M-13,Comms,C2,PL_Comms_C2.csv,M-13,17.92975809,120.0,log_distance,96.55749107825582,-23.442508921744178,23.442508921744178,random,33,random
PL_Comms_C2.csv::I-56,Comms,C2,PL_Comms_C2.csv,I-56,27.32171709,113.0,log_distance,103.90616317887148,-9.09383682112852,9.09383682112852,random,33,random
PL_Comms_C1.csv::F-21,Comms,C1,PL_Comms_C1.csv,F-21,8.062257748,74.0,log_distance,82.6133326706942,8.613332670694206,8.613332670694206,random,33,random
PL_Library_C1.csv::O-8,Library,C1,PL_Library_C1.csv,O-8,10.9244,69.0,log_distance,87.91356584417038,18.91356584417038,18.91356584417038,random,33,random
PL_Comms_C1.csv::B-38,Comms,C1,PL_Comms_C1.csv,B-38,9.486832981,78.0,log_distance,85.4520179371822,7.452017937182205,7.452017937182205,random,33,random
PL_Library_C1.csv::G-5,Library,C1,PL_Library_C1.csv,G-5,17.667,84.0,log_distance,96.29992816567122,12.299928165671218,12.299928165671218,random,33,random
PL_Library_C1.csv::Q-8,Library,C1,PL_Library_C1.csv,Q-8,11.5771,71.0,log_distance,88.92596968273679,17.925969682736792,17.925969682736792,random,33,random
PL_Library_C2.csv::G-12,Library,C2,PL_Library_C2.csv,G-12,10.99171734,80.0,log_distance,88.02074108944547,8.020741089445465,8.020741089445465,random,33,random
PL_Comms_C2.csv::C-15,Comms,C2,PL_Comms_C2.csv,C-15,14.1942321,96.0,log_distance,92.48161322172635,-3.5183867782736513,3.5183867782736513,random,33,random
PL_Comms_C1.csv::K-53,Comms,C1,PL_Comms_C1.csv,K-53,24.73863375,113.0,log_distance,102.17348506667847,-10.826514933321533,10.826514933321533,random,33,random
PL_Comms_C2.csv::D-42,Comms,C2,PL_Comms_C2.csv,D-42,13.09489309,106.0,log_distance,91.07521950962959,-14.92478049037041,14.92478049037041,random,33,random
PL_Library_C2.csv::G-2,Library,C2,PL_Library_C2.csv,G-2,21.24387794,93.0,log_distance,99.5164808789136,6.5164808789135975,6.5164808789135975,random,33,random
PL_Library_C1.csv::I-16,Library,C1,PL_Library_C1.csv,I-16,6.775,80.0,log_distance,79.57849906922247,-0.42150093077752615,0.42150093077752615,random,33,random
PL_Comms_C2.csv::L-37,Comms,C2,PL_Comms_C2.csv,L-37,10.69935629,90.0,log_distance,87.55041988863641,-2.4495801113635878,2.4495801113635878,random,33,random
PL_Comms_C2.csv::J-10,Comms,C2,PL_Comms_C2.csv,J-10,19.68441579,111.0,log_distance,98.18635945358943,-12.813640546410568,12.813640546410568,random,33,random
PL_Comms_C1.csv::O-20,Comms,C1,PL_Comms_C1.csv,O-20,13.45362405,94.0,log_distance,91.54672289471358,-2.4532771052864177,2.4532771052864177,random,33,random
PL_Comms_C1.csv::B-15,Comms,C1,PL_Comms_C1.csv,B-15,14.31782106,99.0,log_distance,92.63285915150794,-6.367140848492056,6.367140848492056,random,33,random
PL_Comms_C2.csv::A-15,Comms,C2,PL_Comms_C2.csv,A-15,14.61082561,98.0,log_distance,92.9862789618632,-5.013721038136794,5.013721038136794,random,33,random
PL_Library_C1.csv::J-13,Library,C1,PL_Library_C1.csv,J-13,6.775,87.0,log_distance,79.57849906922247,-7.421500930777526,7.421500930777526,random,33,random
PL_Comms_C1.csv::C-30,Comms,C1,PL_Comms_C1.csv,C-30,2.236067977,68.0,log_distance,60.23907712572573,-7.7609228742742715,7.7609228742742715,random,33,random
PL_Comms_C2.csv::B-50,Comms,C2,PL_Comms_C2.csv,B-50,21.2479699,106.0,log_distance,99.51984100484233,-6.480158995157666,6.480158995157666,random,33,random
PL_Comms_C1.csv::G-3,Comms,C1,PL_Comms_C1.csv,G-3,26.07680962,100.0,log_distance,103.0925531565766,3.0925531565765993,3.0925531565765993,random,33,random
PL_Comms_C2.csv::B-18,Comms,C2,PL_Comms_C2.csv,B-18,11.46630826,91.0,log_distance,88.75820760132055,-2.2417923986794506,2.2417923986794506,random,33,random
PL_Comms_C1.csv::C-41,Comms,C1,PL_Comms_C1.csv,C-41,12.16552506,96.0,log_distance,89.79090007512403,-6.2090999248759715,6.2090999248759715,random,33,random
PL_Library_C2.csv::V-19,Library,C2,PL_Library_C2.csv,V-19,11.64070659,80.0,log_distance,89.0215595373816,9.021559537381606,9.021559537381606,random,33,random
PL_Comms_C2.csv::G-10,Comms,C2,PL_Comms_C2.csv,G-10,19.14356876,90.0,log_distance,97.70030214029947,7.7003021402994705,7.7003021402994705,random,33,random
PL_Comms_C1.csv::H-15,Comms,C1,PL_Comms_C1.csv,H-15,14.31782106,86.0,log_distance,92.63285915150794,6.632859151507944,6.632859151507944,random,33,random
PL_Comms_C2.csv::N-21,Comms,C2,PL_Comms_C2.csv,N-21,12.10273626,95.0,log_distance,89.70062366521687,-5.299376334783133,5.299376334783133,random,33,random
PL_Comms_C2.csv::P-20,Comms,C2,PL_Comms_C2.csv,P-20,14.26450928,99.0,log_distance,92.56777790790329,-6.432222092096708,6.432222092096708,random,33,random
PL_Comms_C2.csv::D-36,Comms,C2,PL_Comms_C2.csv,D-36,7.174693373,87.0,log_distance,80.57852431906679,-6.421475680933213,6.421475680933213,random,33,random
PL_Library_C1.csv::Y-19,Library,C1,PL_Library_C1.csv,Y-19,15.4494,74.0,log_distance,93.9599042505551,19.9599042505551,19.9599042505551,random,33,random
PL_Library_C1.csv::O-5,Library,C1,PL_Library_C1.csv,O-5,14.9665,77.0,log_distance,93.40588759862615,16.40588759862615,16.40588759862615,random,33,random
PL_Library_C2.csv::J-13,Library,C2,PL_Library_C2.csv,J-13,6.883084338,82.0,log_distance,79.85462795049429,-2.14537204950571,2.14537204950571,random,33,random
PL_SSE_C1.csv::C-1,SSE,C1,PL_SSE_C1.csv,C-1,14.2126704,89.0,log_distance,92.50426106482841,3.5042610648284125,3.5042610648284125,random,33,random
PL_Comms_C1.csv::O-35,Comms,C1,PL_Comms_C1.csv,O-35,11.66190379,95.0,log_distance,89.05329931166446,-5.9467006883355396,5.9467006883355396,random,33,random
PL_Comms_C2.csv::I-15,Comms,C2,PL_Comms_C2.csv,I-15,14.61082561,108.0,log_distance,92.9862789618632,-15.013721038136794,15.013721038136794,random,33,random
PL_Comms_C1.csv::I-45,Comms,C1,PL_Comms_C1.csv,I-45,16.4924225,104.0,log_distance,95.09967683286641,-8.900323167133593,8.900323167133593,random,33,random
PL_Comms_C1.csv::H-52,Comms,C1,PL_Comms_C1.csv,H-52,23.19482701,115.0,log_distance,101.04930942539316,-13.950690574606838,13.950690574606838,random,33,random
PL_Comms_C1.csv::E-15,Comms,C1,PL_Comms_C1.csv,E-15,14.0,98.0,log_distance,92.24123373906684,-5.758766260933157,5.758766260933157,random,33,random
PL_Comms_C2.csv::C-11,Comms,C2,PL_Comms_C2.csv,C-11,18.15147997,109.0,log_distance,96.77190963992302,-12.228090360076976,12.228090360076976,random,33,random
PL_Library_C2.csv::S-13,Library,C2,PL_Library_C2.csv,S-13,7.993814796,77.0,log_distance,82.46459470678694,5.46459470678694,5.46459470678694,random,33,random
PL_Comms_C1.csv::J-40,Comms,C1,PL_Comms_C1.csv,J-40,12.08304597,91.0,log_distance,89.67221689483418,-1.327783105165821,1.327783105165821,random,33,random
PL_Comms_C2.csv::K-35,Comms,C2,PL_Comms_C2.csv,K-35,8.571827401,84.0,log_distance,83.68256070109169,-0.3174392989083117,0.3174392989083117,random,33,random
PL_Library_C2.csv::N-9,Library,C2,PL_Library_C2.csv,N-9,9.562502288,78.0,log_distance,85.5906207378427,7.590620737842698,7.590620737842698,random,33,random
PL_Comms_C1.csv::I-57,Comms,C1,PL_Comms_C1.csv,I-57,28.28427125,104.0,log_distance,104.51021859849956,0.5102185984995629,0.5102185984995629,random,33,random
PL_Comms_C1.csv::M-29,Comms,C1,PL_Comms_C1.csv,M-29,8.0,78.0,log_distance,82.47808842937772,4.478088429377721,4.478088429377721,random,33,random
PL_Comms_C1.csv::J-57,Comms,C1,PL_Comms_C1.csv,J-57,28.44292531,113.0,log_distance,104.60780533436852,-8.392194665631479,8.392194665631479,random,33,random
PL_Comms_C2.csv::F-3,Comms,C2,PL_Comms_C2.csv,F-3,26.04757618,110.0,log_distance,103.07298414866807,-6.92701585133193,6.92701585133193,random,33,random
PL_Comms_C1.csv::D-41,Comms,C1,PL_Comms_C1.csv,D-41,12.04159458,98.0,log_distance,89.61226423368545,-8.387735766314549,8.387735766314549,random,33,random
PL_Library_C2.csv::H-12,Library,C2,PL_Library_C2.csv,H-12,9.846294988,80.0,log_distance,86.1008476241461,6.100847624146098,6.100847624146098,random,33,random
PL_SSE_C2.csv::I-4,SSE,C2,PL_SSE_C2.csv,I-4,7.904190344,82.0,log_distance,82.26788840587426,0.26788840587425966,0.26788840587425966,random,33,random
PL_Comms_C2.csv::M-25,Comms,C2,PL_Comms_C2.csv,M-25,9.026418171,87.0,log_distance,84.58408545442548,-2.4159145455745232,2.4159145455745232,random,33,random
PL_Comms_C1.csv::O-36,Comms,C1,PL_Comms_C1.csv,O-36,12.20655562,91.0,log_distance,89.84964157590537,-1.1503584240946338,1.1503584240946338,random,33,random
PL_Library_C2.csv::T-16,Library,C2,PL_Library_C2.csv,T-16,8.220287404,72.0,log_distance,82.95198941651435,10.951989416514351,10.951989416514351,random,33,random
PL_Library_C2.csv::E-3,Library,C2,PL_Library_C2.csv,E-3,21.4588554,83.0,log_distance,99.69214000277324,16.692140002773243,16.692140002773243,random,33,random
PL_Comms_C2.csv::O-39,Comms,C2,PL_Comms_C2.csv,O-39,14.1942321,103.0,log_distance,92.48161322172635,-10.518386778273651,10.518386778273651,random,33,random
PL_Comms_C1.csv::M-42,Comms,C1,PL_Comms_C1.csv,M-42,15.26433752,100.0,log_distance,93.74966163265907,-6.25033836734093,6.25033836734093,random,33,random
PL_Comms_C2.csv::H-5,Comms,C2,PL_Comms_C2.csv,H-5,24.21727121,96.0,log_distance,101.80188057860286,5.801880578602862,5.801880578602862,random,33,random
PL_Library_C1.csv::K-12,Library,C1,PL_Library_C1.csv,K-12,6.775,81.0,log_distance,79.57849906922247,-1.4215009307775262,1.4215009307775262,random,33,random
PL_SSE_C1.csv::H-7,SSE,C1,PL_SSE_C1.csv,H-7,6.708203932,80.0,log_distance,79.40564041069513,-0.5943595893048723,0.5943595893048723,random,33,random
PL_Comms_C1.csv::N-42,Comms,C1,PL_Comms_C1.csv,N-42,15.8113883,102.0,log_distance,94.36396234480915,-7.636037655190847,7.636037655190847,random,33,random
PL_Comms_C1.csv::G-25,Comms,C1,PL_Comms_C1.csv,G-25,4.472135955,81.0,log_distance,72.33183217818342,-8.668167821816581,8.668167821816581,random,33,random
PL_Library_C2.csv::F-4,Library,C2,PL_Library_C2.csv,F-4,19.57982188,80.0,log_distance,98.0934114542422,18.0934114542422,18.0934114542422,random,33,random
PL_Library_C1.csv::Q-14,Library,C1,PL_Library_C1.csv,Q-14,4.8855,71.0,log_distance,73.87416843476797,2.8741684347679666,2.8741684347679666,random,33,random
PL_Library_C1.csv::N-8,Library,C1,PL_Library_C1.csv,N-8,10.84,82.0,log_distance,87.77825652305773,5.778256523057735,5.778256523057735,random,33,random
PL_Comms_C2.csv::E-43,Comms,C2,PL_Comms_C2.csv,E-43,14.05262342,105.0,log_distance,92.3066876931758,-12.693312306824197,12.693312306824197,random,33,random
PL_Comms_C2.csv::N-41,Comms,C2,PL_Comms_C2.csv,N-41,15.04912705,103.0,log_distance,93.50193944433256,-9.498060555667436,9.498060555667436,random,33,random
PL_Library_C1.csv::A-7,Library,C1,PL_Library_C1.csv,A-7,21.4244,82.0,log_distance,99.66410507552183,17.66410507552183,17.66410507552183,random,33,random
PL_Comms_C2.csv::J-34,Comms,C2,PL_Comms_C2.csv,J-34,7.174693373,79.0,log_distance,80.57852431906679,1.578524319066787,1.578524319066787,random,33,random
PL_Comms_C2.csv::O-42,Comms,C2,PL_Comms_C2.csv,O-42,16.44616141,112.0,log_distance,95.05067176293414,-16.949328237065856,16.949328237065856,random,33,random
PL_Library_C2.csv::I-8,Library,C2,PL_Library_C2.csv,I-8,12.84065614,79.0,log_distance,90.7331716145097,11.7331716145097,11.7331716145097,random,33,random
PL_SSE_C1.csv::C-3,SSE,C1,PL_SSE_C1.csv,C-3,13.03840481,97.0,log_distance,90.99979810801997,-6.000201891980026,6.000201891980026,random,33,random
PL_Comms_C2.csv::K-13,Comms,C2,PL_Comms_C2.csv,K-13,17.1311478,113.0,log_distance,95.76258341435494,-17.237416585645065,17.237416585645065,random,33,random
PL_Comms_C1.csv::I-39,Comms,C1,PL_Comms_C1.csv,I-39,10.77032961,92.0,log_distance,87.66576542765992,-4.33423457234008,4.33423457234008,random,33,random
PL_Comms_C1.csv::F-40,Comms,C1,PL_Comms_C1.csv,F-40,11.04536102,91.0,log_distance,88.10567775266732,-2.8943222473326813,2.8943222473326813,random,33,random
PL_Comms_C1.csv::G-8,Comms,C1,PL_Comms_C1.csv,G-8,21.09502311,89.0,log_distance,99.3938062000622,10.393806200062201,10.393806200062201,random,33,random
PL_Library_C1.csv::G-2,Library,C1,PL_Library_C1.csv,G-2,21.2091,85.0,log_distance,99.48789670921542,14.48789670921542,14.48789670921542,random,33,random
PL_Comms_C2.csv::K-34,Comms,C2,PL_Comms_C2.csv,K-34,7.904190344,82.0,log_distance,82.26788840587426,0.26788840587425966,0.26788840587425966,random,33,random
PL_Comms_C2.csv::A-43,Comms,C2,PL_Comms_C2.csv,A-43,14.61082561,100.0,log_distance,92.9862789618632,-7.013721038136794,7.013721038136794,random,33,random
PL_SSE_C1.csv::N-2,SSE,C1,PL_SSE_C1.csv,N-2,8.0,67.0,log_distance,82.47808842937772,15.47808842937772,15.47808842937772,random,33,random
PL_Comms_C1.csv::A-31,Comms,C1,PL_Comms_C1.csv,A-31,4.472135955,68.0,log_distance,72.33183217818342,4.331832178183419,4.331832178183419,random,33,random
PL_Library_C2.csv::H-9,Library,C2,PL_Library_C2.csv,H-9,12.55142821,76.0,log_distance,90.33571433917825,14.335714339178253,14.335714339178253,random,33,random
PL_Comms_C1.csv::E-30,Comms,C1,PL_Comms_C1.csv,E-30,1.0,69.0,log_distance,46.199823283707865,-22.800176716292135,22.800176716292135,random,33,random
PL_Library_C2.csv::V-9,Library,C2,PL_Library_C2.csv,V-9,14.45500086,82.0,log_distance,92.7992160399593,10.799216039959305,10.799216039959305,random,33,random
PL_SSE_C2.csv::F-4,SSE,C2,PL_SSE_C2.csv,F-4,10.07354084,82.0,log_distance,86.49891706748575,4.498917067485749,4.498917067485749,random,33,random
PL_SSE_C1.csv::M-9,SSE,C1,PL_SSE_C1.csv,M-9,1.414213562,54.0,log_distance,52.246200803383566,-1.7537991966164341,1.7537991966164341,random,33,random
PL_Comms_C1.csv::I-20,Comms,C1,PL_Comms_C1.csv,I-20,9.848857802,92.0,log_distance,86.10538795526507,-5.894612044734927,5.894612044734927,random,33,random
PL_Comms_C1.csv::A-36,Comms,C1,PL_Comms_C1.csv,A-36,8.062257748,79.0,log_distance,82.6133326706942,3.6133326706942057,3.6133326706942057,random,33,random
PL_Comms_C2.csv::J-51,Comms,C2,PL_Comms_C2.csv,J-51,22.59372092,114.0,log_distance,100.59122133801503,-13.408778661984968,13.408778661984968,random,33,random
PL_SSE_C2.csv::K-6,SSE,C2,PL_SSE_C2.csv,K-6,5.14550532,73.0,log_distance,74.77878566035692,1.7787856603569168,1.7787856603569168,random,33,random
PL_Library_C2.csv::M-25,Library,C2,PL_Library_C2.csv,M-25,12.33005576,85.0,log_distance,90.02526657033931,5.025266570339312,5.025266570339312,random,33,random
PL_Library_C2.csv::J-11,Library,C2,PL_Library_C2.csv,J-11,8.760893219,78.0,log_distance,84.06318218442249,6.063182184422487,6.063182184422487,random,33,random
PL_Comms_C1.csv::F-8,Comms,C1,PL_Comms_C1.csv,F-8,21.02379604,85.0,log_distance,99.33479980300856,14.334799803008565,14.334799803008565,random,33,random
PL_Comms_C1.csv::K-10,Comms,C1,PL_Comms_C1.csv,K-10,19.92485885,104.0,log_distance,98.39817141514366,-5.601828584856335,5.601828584856335,random,33,random
PL_Comms_C2.csv::G-27,Comms,C2,PL_Comms_C2.csv,G-27,3.078347771,76.0,log_distance,65.81616118541376,-10.183838814586238,10.183838814586238,random,33,random
PL_Library_C1.csv::N-12,Library,C1,PL_Library_C1.csv,N-12,5.42,70.0,log_distance,75.68550147450111,5.685501474501109,5.685501474501109,random,33,random
PL_Library_C2.csv::N-24,Library,C2,PL_Library_C2.csv,N-24,10.90787903,82.0,log_distance,87.8871620497479,5.8871620497479,5.8871620497479,random,33,random
PL_SSE_C1.csv::M-6,SSE,C1,PL_SSE_C1.csv,M-6,4.123105626,73.0,log_distance,70.91416673998448,-2.0858332600155194,2.0858332600155194,random,33,random
PL_Comms_C1.csv::G-33,Comms,C1,PL_Comms_C1.csv,G-33,4.472135955,75.0,log_distance,72.33183217818342,-2.6681678218165814,2.6681678218165814,random,33,random
PL_Comms_C2.csv::N-53,Comms,C2,PL_Comms_C2.csv,N-53,25.66079159,113.0,log_distance,102.81198071279408,-10.188019287205918,10.188019287205918,random,33,random
PL_Comms_C1.csv::I-49,Comms,C1,PL_Comms_C1.csv,I-49,20.39607805,109.0,log_distance,98.80596644307555,-10.194033556924452,10.194033556924452,random,33,random
PL_Library_C1.csv::R-17,Library,C1,PL_Library_C1.csv,R-17,5.5868,66.0,log_distance,76.21430946689837,10.21430946689837,10.21430946689837,random,33,random
PL_Library_C1.csv::A-5,Library,C1,PL_Library_C1.csv,A-5,23.0748,75.0,log_distance,100.9587958430802,25.958795843080196,25.958795843080196,random,33,random
PL_Library_C1.csv::L-23,Library,C1,PL_Library_C1.csv,L-23,9.8645,83.0,log_distance,86.13307439140755,3.133074391407547,3.133074391407547,random,33,random
PL_Comms_C2.csv::D-39,Comms,C2,PL_Comms_C2.csv,D-39,10.12305413,88.0,log_distance,86.58445806084444,-1.4155419391555597,1.4155419391555597,random,33,random
PL_Comms_C2.csv::N-40,Comms,C2,PL_Comms_C2.csv,N-40,14.26450928,100.0,log_distance,92.56777790790329,-7.432222092096708,7.432222092096708,random,33,random
PL_Library_C1.csv::V-16,Library,C1,PL_Library_C1.csv,V-16,10.84,74.0,log_distance,87.77825652305773,13.778256523057735,13.778256523057735,random,33,random
PL_Comms_C1.csv::J-19,Comms,C1,PL_Comms_C1.csv,J-19,11.18033989,90.0,log_distance,88.3175848253625,-1.682415174637498,1.682415174637498,random,33,random
PL_Library_C2.csv::L-14,Library,C2,PL_Library_C2.csv,L-14,4.020500591,77.0,log_distance,70.47451916646284,-6.525480833537159,6.525480833537159,random,33,random
PL_Comms_C2.csv::J-22,Comms,C2,PL_Comms_C2.csv,J-22,8.687705393,80.0,log_distance,83.91682615049675,3.916826150496746,3.916826150496746,random,33,random
PL_Comms_C1.csv::P-42,Comms,C1,PL_Comms_C1.csv,P-42,17.02938637,110.0,log_distance,95.6586417603873,-14.341358239612703,14.341358239612703,random,33,random
PL_Library_C1.csv::Q-10,Library,C1,PL_Library_C1.csv,Q-10,9.0896,73.0,log_distance,84.70577716546416,11.705777165464156,11.705777165464156,random,33,random
PL_Comms_C1.csv::L-30,Comms,C1,PL_Comms_C1.csv,L-30,7.071067812,94.0,log_distance,80.3247085001527,-13.675291499847305,13.675291499847305,random,33,random
PL_Library_C1.csv::T-10,Library,C1,PL_Library_C1.csv,T-10,11.4976,78.0,log_distance,88.80575359947427,10.805753599474272,10.805753599474272,random,33,random
PL_Library_C1.csv::H-12,Library,C1,PL_Library_C1.csv,H-12,9.771,78.0,log_distance,85.96692348332459,7.966923483324592,7.966923483324592,random,33,random
PL_Comms_C1.csv::E-16,Comms,C1,PL_Comms_C1.csv,E-16,13.0,88.0,log_distance,90.94833436713799,2.9483343671379885,2.9483343671379885,random,33,random
PL_Comms_C1.csv::M-52,Comms,C1,PL_Comms_C1.csv,M-52,24.35159132,108.0,log_distance,101.89837762131103,-6.1016223786889725,6.1016223786889725,random,33,random
PL_Comms_C2.csv::H-24,Comms,C2,PL_Comms_C2.csv,H-24,5.956192156,77.0,log_distance,77.33129455983998,0.331294559839975,0.331294559839975,random,33,random
PL_SSE_C1.csv::D-7,SSE,C1,PL_SSE_C1.csv,D-7,10.44030651,101.0,log_distance,87.12282086703235,-13.877179132967655,13.877179132967655,random,33,random
PL_Comms_C2.csv::F-35,Comms,C2,PL_Comms_C2.csv,F-35,6.202920683,96.0,log_distance,78.03941460008286,-17.960585399917136,17.960585399917136,random,33,random
PL_Comms_C1.csv::H-29,Comms,C1,PL_Comms_C1.csv,H-29,3.0,73.0,log_distance,65.36638656607656,-7.633613433923443,7.633613433923443,random,33,random
PL_Library_C1.csv::Q-22,Library,C1,PL_Library_C1.csv,Q-22,9.0896,72.0,log_distance,84.70577716546416,12.705777165464156,12.705777165464156,random,33,random
PL_Comms_C2.csv::L-31,Comms,C2,PL_Comms_C2.csv,L-31,7.380801108,91.0,log_distance,81.07263716688797,-9.927362833112028,9.927362833112028,random,33,random
PL_Comms_C1.csv::C-54,Comms,C1,PL_Comms_C1.csv,C-54,25.07987241,113.0,log_distance,102.41248848349443,-10.587511516505572,10.587511516505572,random,33,random
PL_Library_C2.csv::L-16,Library,C2,PL_Library_C2.csv,L-16,2.969903197,74.0,log_distance,65.19047817904307,-8.809521820956931,8.809521820956931,random,33,random
PL_Library_C2.csv::K-7,Library,C2,PL_Library_C2.csv,K-7,12.91195086,65.0,log_distance,90.82976937711878,25.82976937711878,25.82976937711878,random,33,random
PL_SSE_C1.csv::N-7,SSE,C1,PL_SSE_C1.csv,N-7,3.0,67.0,log_distance,65.36638656607656,-1.6336134339234434,1.6336134339234434,random,33,random
PL_Library_C1.csv::J-7,Library,C1,PL_Library_C1.csv,J-7,13.3452,88.0,log_distance,91.40555301377773,3.405553013777734,3.405553013777734,random,33,random
PL_Library_C2.csv::V-5,Library,C2,PL_Library_C2.csv,V-5,18.46999865,84.0,log_distance,97.0753964172795,13.075396417279507,13.075396417279507,random,33,random
PL_Library_C2.csv::F-8,Library,C2,PL_Library_C2.csv,F-8,15.37814765,75.0,log_distance,93.87925677479043,18.879256774790434,18.879256774790434,random,33,random
PL_Comms_C2.csv::G-4,Comms,C2,PL_Comms_C2.csv,G-4,25.10928563,92.0,log_distance,102.43293703272403,10.432937032724027,10.432937032724027,random,33,random
PL_Comms_C1.csv::K-32,Comms,C1,PL_Comms_C1.csv,K-32,6.708203932,84.0,log_distance,79.40564041069513,-4.594359589304872,4.594359589304872,random,33,random
PL_Comms_C1.csv::D-22,Comms,C1,PL_Comms_C1.csv,D-22,7.071067812,83.0,log_distance,80.3247085001527,-2.6752914998473045,2.6752914998473045,random,33,random
PL_Library_C1.csv::P-11,Library,C1,PL_Library_C1.csv,P-11,7.2969,80.0,log_distance,80.87318251155173,0.8731825115517324,0.8731825115517324,random,33,random
PL_Library_C2.csv::O-13,Library,C2,PL_Library_C2.csv,O-13,4.45381578,72.0,log_distance,72.26021693285021,0.26021693285021286,0.26021693285021286,random,33,random
PL_Comms_C1.csv::C-14,Comms,C1,PL_Comms_C1.csv,C-14,15.13274595,95.0,log_distance,93.59860887580862,-1.4013911241913775,1.4013911241913775,random,33,random
PL_Comms_C1.csv::A-20,Comms,C1,PL_Comms_C1.csv,A-20,9.848857802,87.0,log_distance,86.10538795526507,-0.8946120447349273,0.8946120447349273,random,33,random
PL_Comms_C1.csv::K-23,Comms,C1,PL_Comms_C1.csv,K-23,8.485281374,90.0,log_distance,83.50551913842096,-6.494480861579035,6.494480861579035,random,33,random
PL_Comms_C2.csv::L-23,Comms,C2,PL_Comms_C2.csv,L-23,9.299259379,89.0,log_distance,85.10361686048361,-3.896383139516388,3.896383139516388,random,33,random
PL_SSE_C2.csv::M-5,SSE,C2,PL_SSE_C2.csv,M-5,5.241776893,77.0,log_distance,75.10218442972915,-1.8978155702708506,1.8978155702708506,random,33,random
PL_Library_C1.csv::P-14,Library,C1,PL_Library_C1.csv,P-14,3.8325,80.0,log_distance,69.63903857905932,-10.360961420940683,10.360961420940683,random,33,random
PL_Comms_C2.csv::F-21,Comms,C2,PL_Comms_C2.csv,F-21,8.153295346,82.0,log_distance,82.80922768247501,0.8092276824750115,0.8092276824750115,random,33,random
PL_Library_C2.csv::N-10,Library,C2,PL_Library_C2.csv,N-10,8.220287404,71.0,log_distance,82.95198941651435,11.951989416514351,11.951989416514351,random,33,random
PL_Comms_C2.csv::G-7,Comms,C2,PL_Comms_C2.csv,G-7,22.12410959,92.0,log_distance,100.22478072806503,8.224780728065028,8.224780728065028,random,33,random
PL_Library_C2.csv::M-24,Library,C2,PL_Library_C2.csv,M-24,10.99171734,78.0,log_distance,88.02074108944547,10.020741089445465,10.020741089445465,random,33,random
PL_Comms_C2.csv::E-3,Comms,C2,PL_Comms_C2.csv,E-3,26.02837346,110.0,log_distance,103.06011779866802,-6.939882201331983,6.939882201331983,random,33,random
PL_Comms_C1.csv::M-38,Comms,C1,PL_Comms_C1.csv,M-38,12.04159458,100.0,log_distance,89.61226423368545,-10.387735766314549,10.387735766314549,random,33,random
PL_SSE_C2.csv::G-6,SSE,C2,PL_SSE_C2.csv,G-6,8.153295346,87.0,log_distance,82.80922768247501,-4.1907723175249885,4.1907723175249885,random,33,random
PL_Comms_C1.csv::P-43,Comms,C1,PL_Comms_C1.csv,P-43,17.80449381,105.0,log_distance,96.43517765495807,-8.564822345041932,8.564822345041932,random,33,random
PL_Comms_C1.csv::A-15,Comms,C1,PL_Comms_C1.csv,A-15,14.56021978,90.0,log_distance,92.9257478313136,2.9257478313136005,2.9257478313136005,random,33,random
PL_Comms_C2.csv::N-17,Comms,C2,PL_Comms_C2.csv,N-17,15.04912705,93.0,log_distance,93.50193944433256,0.5019394443325638,0.5019394443325638,random,33,random
PL_Comms_C1.csv::K-46,Comms,C1,PL_Comms_C1.csv,K-46,18.02775638,106.0,log_distance,96.65258651985113,-9.347413480148873,9.347413480148873,random,33,random
PL_SSE_C2.csv::L-5,SSE,C2,PL_SSE_C2.csv,L-5,5.520527602,82.0,log_distance,76.00612033786695,-5.993879662133054,5.993879662133054,random,33,random
PL_SSE_C1.csv::F-1,SSE,C1,PL_SSE_C1.csv,F-1,12.04159458,86.0,log_distance,89.61226423368545,3.612264233685451,3.612264233685451,random,33,random
PL_Comms_C2.csv::D-55,Comms,C2,PL_Comms_C2.csv,D-55,26.04757618,118.0,log_distance,103.07298414866807,-14.92701585133193,14.92701585133193,random,33,random
PL_Comms_C2.csv::G-46,Comms,C2,PL_Comms_C2.csv,G-46,17.16030958,96.0,log_distance,95.79225617692339,-0.207743823076612,0.207743823076612,random,33,random
PL_SSE_C1.csv::A-7,SSE,C1,PL_SSE_C1.csv,A-7,13.34166406,106.0,log_distance,91.40092987280329,-14.599070127196711,14.599070127196711,random,33,random
PL_Comms_C2.csv::C-47,Comms,C2,PL_Comms_C2.csv,C-47,18.15147997,102.0,log_distance,96.77190963992302,-5.228090360076976,5.228090360076976,random,33,random
PL_Library_C2.csv::O-14,Library,C2,PL_Library_C2.csv,O-14,3.264406531,81.0,log_distance,66.83998832813049,-14.160011671869512,14.160011671869512,random,33,random
PL_Comms_C2.csv::G-30,Comms,C2,PL_Comms_C2.csv,G-30,2.544842824,84.0,log_distance,62.49573646666962,-21.50426353333038,21.50426353333038,random,33,random
PL_Library_C1.csv::T-14,Library,C1,PL_Library_C1.csv,T-14,8.5698,71.0,log_distance,83.67843386330854,12.678433863308541,12.678433863308541,random,33,random
PL_Comms_C2.csv::O-20,Comms,C2,PL_Comms_C2.csv,O-20,13.50837611,89.0,log_distance,91.61757923939693,2.6175792393969317,2.6175792393969317,random,33,random
PL_Comms_C1.csv::I-11,Comms,C1,PL_Comms_C1.csv,I-11,18.43908891,104.0,log_distance,97.04617562850177,-6.953824371498229,6.953824371498229,random,33,random
PL_Comms_C2.csv::K-38,Comms,C2,PL_Comms_C2.csv,K-38,10.88467845,99.0,log_distance,87.85001531911647,-11.149984680883534,11.149984680883534,random,33,random
PL_Comms_C1.csv::I-23,Comms,C1,PL_Comms_C1.csv,I-23,7.211102551,82.0,log_distance,80.6668338741538,-1.3331661258462049,1.3331661258462049,random,33,random
PL_Comms_C2.csv::D-54,Comms,C2,PL_Comms_C2.csv,D-54,25.04947554,111.0,log_distance,102.39133087121817,-8.608669128781827,8.608669128781827,random,33,random
PL_Comms_C2.csv::K-24,Comms,C2,PL_Comms_C2.csv,K-24,7.904190344,92.0,log_distance,82.26788840587426,-9.73211159412574,9.73211159412574,random,33,random
PL_Comms_C2.csv::D-57,Comms,C2,PL_Comms_C2.csv,D-57,28.04418344,110.0,log_distance,104.36149677778714,-5.6385032222128615,5.6385032222128615,random,33,random
PL_Comms_C2.csv::F-34,Comms,C2,PL_Comms_C2.csv,F-34,5.241776893,93.0,log_distance,75.10218442972915,-17.89781557027085,17.89781557027085,random,33,random
PL_Library_C2.csv::M-19,Library,C2,PL_Library_C2.csv,M-19,4.45381578,76.0,log_distance,72.26021693285021,-3.739783067149787,3.739783067149787,random,33,random
PL_Comms_C1.csv::A-11,Comms,C1,PL_Comms_C1.csv,A-11,18.43908891,105.0,log_distance,97.04617562850177,-7.953824371498229,7.953824371498229,random,33,random
PL_Library_C1.csv::B-10,Library,C1,PL_Library_C1.csv,B-10,18.1792,93.0,log_distance,96.79853221402078,3.7985322140207813,3.7985322140207813,random,33,random
PL_Library_C2.csv::M-14,Library,C2,PL_Library_C2.csv,M-14,3.264406531,83.0,log_distance,66.83998832813049,-16.160011671869512,16.160011671869512,random,33,random
PL_Comms_C2.csv::B-22,Comms,C2,PL_Comms_C2.csv,B-22,7.712083052,83.0,log_distance,81.83863065467301,-1.1613693453269889,1.1613693453269889,random,33,random
PL_SSE_C2.csv::A-6,SSE,C2,PL_SSE_C2.csv,A-6,13.65562979,106.0,log_distance,91.80672925677115,-14.193270743228851,14.193270743228851,random,33,random
PL_Comms_C1.csv::D-25,Comms,C1,PL_Comms_C1.csv,D-25,4.123105626,75.0,log_distance,70.91416673998448,-4.085833260015519,4.085833260015519,random,33,random
PL_Comms_C1.csv::B-14,Comms,C1,PL_Comms_C1.csv,B-14,15.29705854,98.0,log_distance,93.78701963118223,-4.212980368817767,4.212980368817767,random,33,random
PL_Library_C2.csv::T-19,Library,C2,PL_Library_C2.csv,T-19,9.17046073,73.0,log_distance,84.86029124870299,11.860291248702993,11.860291248702993,random,33,random
PL_SSE_C2.csv::B-5,SSE,C2,PL_SSE_C2.csv,B-5,13.05665443,100.0,log_distance,91.02420010674163,-8.975799893258369,8.975799893258369,random,33,random
PL_Comms_C1.csv::D-45,Comms,C1,PL_Comms_C1.csv,D-45,16.03121954,114.0,log_distance,94.60485162371697,-19.395148376283032,19.395148376283032,random,33,random
PL_Comms_C2.csv::P-56,Comms,C2,PL_Comms_C2.csv,P-56,29.18006554,123.0,log_distance,105.05418849231376,-17.945811507686244,17.945811507686244,random,33,random
PL_Library_C1.csv::E-1,Library,C1,PL_Library_C1.csv,E-1,23.7028,80.0,log_distance,101.4272613208895,21.4272613208895,21.4272613208895,random,33,random
PL_Comms_C2.csv::F-26,Comms,C2,PL_Comms_C2.csv,F-26,3.387657745,77.0,log_distance,67.4865564133087,-9.513443586691295,9.513443586691295,random,33,random
PL_Comms_C1.csv::L-32,Comms,C1,PL_Comms_C1.csv,L-32,7.615773106,100.0,log_distance,81.61938791060847,-18.380612089391533,18.380612089391533,random,33,random
PL_Comms_C2.csv::P-52,Comms,C2,PL_Comms_C2.csv,P-52,25.5240323,117.0,log_distance,102.71875269550435,-14.28124730449565,14.28124730449565,random,33,random
PL_Comms_C2.csv::O-57,Comms,C2,PL_Comms_C2.csv,O-57,29.75695255,123.0,log_distance,105.39573217877832,-17.604267821221683,17.604267821221683,random,33,random
PL_Comms_C1.csv::K-41,Comms,C1,PL_Comms_C1.csv,K-41,13.41640786,94.0,log_distance,91.49839545405032,-2.501604545949675,2.501604545949675,random,33,random
PL_Comms_C2.csv::O-38,Comms,C2,PL_Comms_C2.csv,O-38,13.50837611,106.0,log_distance,91.61757923939693,-14.382420760603068,14.382420760603068,random,33,random
PL_Comms_C1.csv::J-29,Comms,C1,PL_Comms_C1.csv,J-29,5.0,76.0,log_distance,74.27833097554247,-1.7216690244575261,1.7216690244575261,random,33,random
PL_Comms_C2.csv::D-16,Comms,C2,PL_Comms_C2.csv,D-16,13.09489309,92.0,log_distance,91.07521950962959,-0.9247804903704093,0.9247804903704093,random,33,random
PL_Library_C2.csv::Q-7,Library,C2,PL_Library_C2.csv,Q-7,12.91195086,93.0,log_distance,90.82976937711878,-2.1702306228812205,2.1702306228812205,random,33,random
PL_Library_C2.csv::Q-14,Library,C2,PL_Library_C2.csv,Q-14,5.034337096,65.0,log_distance,74.39773153497424,9.397731534974241,9.397731534974241,random,33,random
PL_Comms_C2.csv::C-22,Comms,C2,PL_Comms_C2.csv,C-22,7.380801108,86.0,log_distance,81.07263716688797,-4.927362833112028,4.927362833112028,random,33,random
PL_SSE_C2.csv::M-8,SSE,C2,PL_SSE_C2.csv,M-8,2.544842824,76.0,log_distance,62.49573646666962,-13.50426353333038,13.50426353333038,random,33,random
PL_Comms_C2.csv::E-49,Comms,C2,PL_Comms_C2.csv,E-49,20.03687164,101.0,log_distance,98.4959748834683,-2.504025116531693,2.504025116531693,random,33,random
PL_Comms_C2.csv::M-36,Comms,C2,PL_Comms_C2.csv,M-36,10.69935629,91.0,log_distance,87.55041988863641,-3.4495801113635878,3.4495801113635878,random,33,random
PL_SSE_C1.csv::N-8,SSE,C1,PL_SSE_C1.csv,N-8,2.0,63.0,log_distance,58.29257833226448,-4.707421667735517,4.707421667735517,random,33,random
PL_Comms_C1.csv::O-26,Comms,C1,PL_Comms_C1.csv,O-26,10.44030651,95.0,log_distance,87.12282086703235,-7.877179132967655,7.877179132967655,random,33,random
PL_Library_C1.csv::P-8,Library,C1,PL_Library_C1.csv,P-8,11.1736,74.0,log_distance,88.307064515455,14.307064515454996,14.307064515454996,random,33,random
PL_Comms_C2.csv::L-20,Comms,C2,PL_Comms_C2.csv,L-20,11.46630826,93.0,log_distance,88.75820760132055,-4.241792398679451,4.241792398679451,random,33,random
PL_Library_C2.csv::K-11,Library,C2,PL_Library_C2.csv,K-11,7.993814796,80.0,log_distance,82.46459470678694,2.46459470678694,2.46459470678694,random,33,random
PL_Comms_C2.csv::M-42,Comms,C2,PL_Comms_C2.csv,M-42,15.31261653,110.0,log_distance,93.8047543618122,-16.1952456381878,16.1952456381878,random,33,random
PL_Comms_C2.csv::G-44,Comms,C2,PL_Comms_C2.csv,G-44,15.18144344,86.0,log_distance,93.65466083299137,7.654660832991368,7.654660832991368,random,33,random
PL_Library_C1.csv::P-18,Library,C1,PL_Library_C1.csv,P-18,3.8325,64.0,log_distance,69.63903857905932,5.639038579059317,5.639038579059317,random,33,random
PL_Comms_C2.csv::F-33,Comms,C2,PL_Comms_C2.csv,F-33,4.298397957,75.0,log_distance,71.64054995688895,-3.359450043111053,3.359450043111053,random,33,random
PL_Library_C2.csv::O-5,Library,C2,PL_Library_C2.csv,O-5,15.01570095,81.0,log_distance,93.46314612387931,12.463146123879312,12.463146123879312,random,33,random
PL_Comms_C1.csv::J-55,Comms,C1,PL_Comms_C1.csv,J-55,26.47640459,104.0,log_distance,103.35786637627629,-0.6421336237237085,0.6421336237237085,random,33,random
PL_Comms_C2.csv::N-24,Comms,C2,PL_Comms_C2.csv,N-24,10.36707408,80.0,log_distance,87.00001542352118,7.000015423521177,7.000015423521177,random,33,random
PL_Library_C1.csv::D-9,Library,C1,PL_Library_C1.csv,D-9,16.5399,83.0,log_distance,95.14982774335382,12.149827743353825,12.149827743353825,random,33,random
PL_Comms_C2.csv::A-32,Comms,C2,PL_Comms_C2.csv,A-32,5.14550532,78.0,log_distance,74.77878566035692,-3.2212143396430832,3.2212143396430832,random,33,random
PL_Comms_C2.csv::A-31,Comms,C2,PL_Comms_C2.csv,A-31,4.634244814,73.0,log_distance,72.9530395717903,-0.04696042820970092,0.04696042820970092,random,33,random
PL_Library_C1.csv::I-5,Library,C1,PL_Library_C1.csv,I-5,16.3725,87.0,log_distance,94.97235590963754,7.9723559096375425,7.9723559096375425,random,33,random
PL_SSE_C2.csv::K-5,SSE,C2,PL_SSE_C2.csv,K-5,5.956192156,83.0,log_distance,77.33129455983998,-5.668705440160025,5.668705440160025,random,33,random
PL_Comms_C2.csv::D-51,Comms,C2,PL_Comms_C2.csv,D-51,22.05620604,112.0,log_distance,100.17115245672818,-11.82884754327182,11.82884754327182,random,33,random
PL_Comms_C1.csv::N-53,Comms,C1,PL_Comms_C1.csv,N-53,25.63201124,108.0,log_distance,102.79240266086941,-5.2075973391305865,5.2075973391305865,random,33,random
PL_Comms_C2.csv::B-11,Comms,C2,PL_Comms_C2.csv,B-11,18.28869118,111.0,log_distance,96.90329320103316,-14.096706798966835,14.096706798966835,random,33,random
PL_Comms_C1.csv::F-7,Comms,C1,PL_Comms_C1.csv,F-7,22.02271555,97.0,log_distance,100.14464180435021,3.144641804350215,3.144641804350215,random,33,random
PL_Comms_C2.csv::F-29,Comms,C2,PL_Comms_C2.csv,F-29,1.573602555,71.0,log_distance,54.109346152279734,-16.890653847720266,16.890653847720266,random,33,random
PL_Comms_C2.csv::C-51,Comms,C2,PL_Comms_C2.csv,C-51,22.12410959,109.0,log_distance,100.22478072806503,-8.775219271934972,8.775219271934972,random,33,random
PL_Comms_C2.csv::G-39,Comms,C2,PL_Comms_C2.csv,G-39,10.27016188,85.0,log_distance,86.83616034527593,1.8361603452759283,1.8361603452759283,random,33,random
PL_SSE_C2.csv::E-1,SSE,C2,PL_SSE_C2.csv,E-1,12.78578214,97.0,log_distance,90.6584564385246,-6.3415435614754045,6.3415435614754045,random,33,random
PL_Comms_C1.csv::B-37,Comms,C1,PL_Comms_C1.csv,B-37,8.544003745,86.0,log_distance,83.62583937509754,-2.3741606249024585,2.3741606249024585,random,33,random
PL_Library_C2.csv::R-12,Library,C2,PL_Library_C2.csv,R-12,7.760736112,71.0,log_distance,81.94834715142471,10.948347151424713,10.948347151424713,random,33,random
PL_Comms_C1.csv::P-55,Comms,C1,PL_Comms_C1.csv,P-55,28.23118843,114.0,log_distance,104.47744556511918,-9.522554434880817,9.522554434880817,random,33,random
PL_Comms_C1.csv::J-50,Comms,C1,PL_Comms_C1.csv,J-50,21.58703314,107.0,log_distance,99.79603915578613,-7.203960844213867,7.203960844213867,random,33,random
PL_Comms_C2.csv::J-46,Comms,C2,PL_Comms_C2.csv,J-46,17.7616504,115.0,log_distance,96.393145926915,-18.606854073085003,18.606854073085003,random,33,random
PL_Library_C1.csv::A-10,Library,C1,PL_Library_C1.csv,A-10,19.4006,84.0,log_distance,97.93298449781044,13.932984497810438,13.932984497810438,random,33,random
PL_Comms_C2.csv::F-30,Comms,C2,PL_Comms_C2.csv,F-30,1.86446373,69.0,multi_wall_linear,70.22653595024106,1.2265359502410575,1.2265359502410575,random,33,random
PL_Library_C1.csv::D-16,Library,C1,PL_Library_C1.csv,D-16,13.55,79.0,multi_wall_linear,85.20095988749836,6.200959887498357,6.200959887498357,random,33,random
PL_Comms_C2.csv::K-47,Comms,C2,PL_Comms_C2.csv,K-47,19.01252811,115.0,multi_wall_linear,105.23713906024253,-9.762860939757473,9.762860939757473,random,33,random
PL_Comms_C2.csv::B-34,Comms,C2,PL_Comms_C2.csv,B-34,5.956192156,84.0,multi_wall_linear,79.63765455454731,-4.362345445452689,4.362345445452689,random,33,random
PL_Library_C2.csv::V-14,Library,C2,PL_Library_C2.csv,V-14,11.23948064,75.0,multi_wall_linear,78.36619259523923,3.3661925952392266,3.3661925952392266,random,33,random
PL_SSE_C2.csv::N-6,SSE,C2,PL_SSE_C2.csv,N-6,4.180457511,72.0,multi_wall_linear,74.10664751939312,2.106647519393121,2.106647519393121,random,33,random
PL_Library_C2.csv::O-4,Library,C2,PL_Library_C2.csv,O-4,16.36153569,92.0,multi_wall_linear,85.00835466708665,-6.99164533291335,6.99164533291335,random,33,random
PL_Comms_C2.csv::I-35,Comms,C2,PL_Comms_C2.csv,I-35,7.312744013,89.0,multi_wall_linear,85.71447857821255,-3.2855214217874504,3.2855214217874504,random,33,random
PL_Comms_C1.csv::B-47,Comms,C1,PL_Comms_C1.csv,B-47,18.24828759,102.0,multi_wall_linear,104.8337337437139,2.833733743713907,2.833733743713907,random,33,random
PL_Comms_C1.csv::C-25,Comms,C1,PL_Comms_C1.csv,C-25,4.472135955,70.0,multi_wall_linear,74.76981867033734,4.769818670337344,4.769818670337344,random,33,random
PL_Comms_C1.csv::H-48,Comms,C1,PL_Comms_C1.csv,H-48,19.23538406,86.0,multi_wall_linear,93.1738868401489,7.173886840148896,7.173886840148896,random,33,random
PL_Comms_C1.csv::G-50,Comms,C1,PL_Comms_C1.csv,G-50,21.09502311,90.0,multi_wall_linear,98.14058307406367,8.14058307406367,8.14058307406367,random,33,random
PL_SSE_C2.csv::E-7,SSE,C2,PL_SSE_C2.csv,E-7,9.564320415,94.0,multi_wall_linear,79.03365877761316,-14.966341222386845,14.966341222386845,random,33,random
PL_Library_C1.csv::V-20,Library,C1,PL_Library_C1.csv,V-20,12.1195,73.0,multi_wall_linear,79.10741226601587,6.107412266015871,6.107412266015871,random,33,random
PL_Comms_C1.csv::O-23,Comms,C1,PL_Comms_C1.csv,O-23,11.66190379,96.0,multi_wall_linear,92.31264347774716,-3.6873565222528413,3.6873565222528413,random,33,random
PL_Comms_C1.csv::F-27,Comms,C1,PL_Comms_C1.csv,F-27,2.236067977,76.0,multi_wall_linear,67.95430693968417,-8.045693060315827,8.045693060315827,random,33,random
PL_Comms_C2.csv::K-36,Comms,C2,PL_Comms_C2.csv,K-36,9.299259379,82.0,multi_wall_linear,93.92249928943156,11.922499289431556,11.922499289431556,random,33,random
PL_Library_C1.csv::R-13,Library,C1,PL_Library_C1.csv,R-13,6.775,74.0,multi_wall_linear,74.32616938029024,0.32616938029023856,0.32616938029023856,random,33,random
PL_Comms_C2.csv::H-49,Comms,C2,PL_Comms_C2.csv,H-49,20.26021286,94.0,multi_wall_linear,97.74355677631124,3.7435567763112374,3.7435567763112374,random,33,random
PL_Comms_C1.csv::M-57,Comms,C1,PL_Comms_C1.csv,M-57,29.12043956,104.0,multi_wall_linear,109.42923595197564,5.429235951975642,5.429235951975642,random,33,random
PL_Comms_C2.csv::E-16,Comms,C2,PL_Comms_C2.csv,E-16,13.05665443,94.0,multi_wall_linear,95.47357329044596,1.4735732904459553,1.4735732904459553,random,33,random
PL_Library_C2.csv::M-26,Library,C2,PL_Library_C2.csv,M-26,13.67167693,80.0,multi_wall_linear,89.34814076910067,9.348140769100667,9.348140769100667,random,33,random
PL_Comms_C2.csv::C-56,Comms,C2,PL_Comms_C2.csv,C-56,27.10122184,118.0,multi_wall_linear,116.84120053416781,-1.158799465832189,1.158799465832189,random,33,random
PL_Library_C1.csv::V-13,Library,C1,PL_Library_C1.csv,V-13,11.5771,77.0,multi_wall_linear,78.65720498945144,1.6572049894514436,1.6572049894514436,random,33,random
PL_Comms_C2.csv::A-24,Comms,C2,PL_Comms_C2.csv,A-24,6.517378691,91.0,multi_wall_linear,78.47287550998405,-12.52712449001595,12.52712449001595,random,33,random
PL_Library_C2.csv::P-19,Library,C2,PL_Library_C2.csv,P-19,5.034337096,70.0,multi_wall_linear,71.87488674550394,1.874886745503943,1.874886745503943,random,33,random
PL_Comms_C1.csv::K-47,Comms,C1,PL_Comms_C1.csv,K-47,18.97366596,104.0,multi_wall_linear,105.21702016188016,1.217020161880157,1.217020161880157,random,33,random
PL_Comms_C1.csv::N-24,Comms,C1,PL_Comms_C1.csv,N-24,10.29563014,90.0,multi_wall_linear,91.08741079987232,1.0874107998723161,1.0874107998723161,random,33,random
PL_Library_C2.csv::A-8,Library,C2,PL_Library_C2.csv,A-8,20.71883322,90.0,multi_wall_linear,89.13483573963507,-0.865164260364935,0.865164260364935,random,33,random
PL_Library_C2.csv::T-11,Library,C2,PL_Library_C2.csv,T-11,10.65240583,75.0,multi_wall_linear,78.77592461170939,3.775924611709385,3.775924611709385,random,33,random
PL_Library_C2.csv::C-15,Library,C2,PL_Library_C2.csv,C-15,15.01570095,82.0,multi_wall_linear,82.15159662714083,0.1515966271408331,0.1515966271408331,random,33,random
PL_Comms_C1.csv::K-39,Comms,C1,PL_Comms_C1.csv,K-39,11.66190379,92.0,multi_wall_linear,96.37192225650077,4.371922256500767,4.371922256500767,random,33,random
PL_Comms_C1.csv::K-36,Comms,C1,PL_Comms_C1.csv,K-36,9.219544457,86.0,multi_wall_linear,93.83784823335081,7.837848233350812,7.837848233350812,random,33,random
PL_Comms_C2.csv::I-6,Comms,C2,PL_Comms_C2.csv,I-6,23.37683094,100.0,multi_wall_linear,95.09120431400575,-4.908795685994249,4.908795685994249,random,33,random
PL_Comms_C2.csv::M-28,Comms,C2,PL_Comms_C2.csv,M-28,8.153295346,77.0,multi_wall_linear,80.6749090865762,3.674909086576207,3.674909086576207,random,33,random
PL_Comms_C2.csv::M-40,Comms,C2,PL_Comms_C2.csv,M-40,13.65562979,97.0,multi_wall_linear,93.90545462740619,-3.0945453725938137,3.0945453725938137,random,33,random
PL_Library_C2.csv::G-10,Library,C2,PL_Library_C2.csv,G-10,12.55142821,83.0,multi_wall_linear,80.14732024168961,-2.852679758310387,2.852679758310387,random,33,random
PL_Comms_C1.csv::B-12,Comms,C1,PL_Comms_C1.csv,B-12,17.2626765,114.0,multi_wall_linear,104.32874776618648,-9.671252233813519,9.671252233813519,random,33,random
PL_Comms_C2.csv::N-52,Comms,C2,PL_Comms_C2.csv,N-52,24.72804531,106.0,multi_wall_linear,115.94012381986313,9.940123819863132,9.940123819863132,random,33,random
PL_Comms_C1.csv::E-40,Comms,C1,PL_Comms_C1.csv,E-40,11.0,99.0,multi_wall_linear,91.73809718833155,-7.261902811668449,7.261902811668449,random,33,random
PL_Comms_C1.csv::G-44,Comms,C1,PL_Comms_C1.csv,G-44,15.13274595,87.0,multi_wall_linear,94.87439309720865,7.874393097208653,7.874393097208653,random,33,random
PL_Library_C2.csv::V-8,Library,C2,PL_Library_C2.csv,V-8,15.37814765,89.0,multi_wall_linear,83.70328870303022,-5.296711296969775,5.296711296969775,random,33,random
PL_Comms_C2.csv::D-37,Comms,C2,PL_Comms_C2.csv,D-37,8.153295346,86.0,multi_wall_linear,88.79346664408341,2.7934666440834093,2.7934666440834093,random,33,random
PL_Comms_C2.csv::F-54,Comms,C2,PL_Comms_C2.csv,F-54,25.04947554,89.0,multi_wall_linear,107.94855420776281,18.94855420776281,18.94855420776281,random,33,random
PL_Library_C1.csv::Q-5,Library,C1,PL_Library_C1.csv,Q-5,15.4494,88.0,multi_wall_linear,84.68596772355588,-3.3140322764441237,3.3140322764441237,random,33,random
PL_Comms_C2.csv::O-53,Comms,C2,PL_Comms_C2.csv,O-53,26.02837346,116.0,multi_wall_linear,118.49416643529347,2.494166435293465,2.494166435293465,random,33,random
PL_Comms_C1.csv::J-22,Comms,C1,PL_Comms_C1.csv,J-22,8.602325267,78.0,multi_wall_linear,83.2521684035159,5.2521684035158955,5.2521684035158955,random,33,random
PL_Comms_C1.csv::B-29,Comms,C1,PL_Comms_C1.csv,B-29,3.0,68.0,multi_wall_linear,66.78479459428752,-1.2152054057124815,1.2152054057124815,random,33,random
PL_Comms_C2.csv::I-21,Comms,C2,PL_Comms_C2.csv,I-21,9.026418171,95.0,multi_wall_linear,85.73450284008082,-9.265497159919178,9.265497159919178,random,33,random
PL_Comms_C1.csv::C-42,Comms,C1,PL_Comms_C1.csv,C-42,13.15294644,105.0,multi_wall_linear,97.55497713907545,-7.445022860924553,7.445022860924553,random,33,random
PL_Library_C1.csv::P-21,Library,C1,PL_Library_C1.csv,P-21,7.2969,72.0,multi_wall_linear,74.11863084389222,2.1186308438922197,2.1186308438922197,random,33,random
PL_Library_C1.csv::B-9,Library,C1,PL_Library_C1.csv,B-9,18.8243,80.0,multi_wall_linear,89.38638758217684,9.386387582176837,9.386387582176837,random,33,random
PL_Library_C2.csv::N-23,Library,C2,PL_Library_C2.csv,N-23,9.562502288,90.0,multi_wall_linear,77.71461854516996,-12.285381454830045,12.285381454830045,random,33,random
PL_Comms_C1.csv::E-41,Comms,C1,PL_Comms_C1.csv,E-41,12.0,97.0,multi_wall_linear,96.65293316621094,-0.3470668337890572,0.3470668337890572,random,33,random
PL_Comms_C1.csv::F-42,Comms,C1,PL_Comms_C1.csv,F-42,13.03840481,95.0,multi_wall_linear,97.46897460914616,2.4689746091461586,2.4689746091461586,random,33,random
PL_SSE_C1.csv::D-2,SSE,C1,PL_SSE_C1.csv,D-2,12.80624847,91.0,multi_wall_linear,91.22388704830887,0.22388704830886752,0.22388704830886752,random,33,random
PL_Library_C2.csv::C-7,Library,C2,PL_Library_C2.csv,C-7,19.29645758,85.0,multi_wall_linear,84.3762395455202,-0.6237604544797932,0.6237604544797932,random,33,random
PL_Comms_C2.csv::A-25,Comms,C2,PL_Comms_C2.csv,A-25,5.78586424,82.0,multi_wall_linear,77.30224762683316,-4.697752373166836,4.697752373166836,random,33,random
PL_Comms_C2.csv::F-41,Comms,C2,PL_Comms_C2.csv,F-41,12.10273626,88.0,multi_wall_linear,92.67747735605161,4.677477356051611,4.677477356051611,random,33,random
PL_Comms_C2.csv::G-52,Comms,C2,PL_Comms_C2.csv,G-52,23.11874186,91.0,multi_wall_linear,99.0413225989096,8.041322598909602,8.041322598909602,random,33,random
PL_Library_C1.csv::M-15,Library,C1,PL_Library_C1.csv,M-15,1.9163,72.0,multi_wall_linear,61.90900552352405,-10.090994476475949,10.090994476475949,random,33,random
PL_Library_C1.csv::W-15,Library,C1,PL_Library_C1.csv,W-15,12.27,69.0,multi_wall_linear,79.69737585441477,10.697375854414773,10.697375854414773,random,33,random
PL_SSE_C2.csv::D-3,SSE,C2,PL_SSE_C2.csv,D-3,12.26687511,96.0,multi_wall_linear,88.28204186155418,-7.717958138445823,7.717958138445823,random,33,random
PL_Library_C1.csv::V-19,Library,C1,PL_Library_C1.csv,V-19,11.5771,71.0,multi_wall_linear,81.64455528231275,10.644555282312751,10.644555282312751,random,33,random
PL_SSE_C1.csv::H-1,SSE,C1,PL_SSE_C1.csv,H-1,10.81665383,89.0,multi_wall_linear,89.56367172777071,0.5636717277707106,0.5636717277707106,random,33,random
PL_Comms_C1.csv::B-13,Comms,C1,PL_Comms_C1.csv,B-13,16.2788206,94.0,multi_wall_linear,97.64234344359136,3.6423434435913578,3.6423434435913578,random,33,random
PL_Comms_C1.csv::O-43,Comms,C1,PL_Comms_C1.csv,O-43,17.20465053,109.0,multi_wall_linear,100.23636211017296,-8.763637889827038,8.763637889827038,random,33,random
PL_Comms_C1.csv::J-46,Comms,C1,PL_Comms_C1.csv,J-46,17.72004515,105.0,multi_wall_linear,104.54490047565454,-0.45509952434545653,0.45509952434545653,random,33,random
PL_Comms_C2.csv::K-21,Comms,C2,PL_Comms_C2.csv,K-21,10.07354084,87.0,multi_wall_linear,84.80455312083896,-2.1954468791610395,2.1954468791610395,random,33,random
PL_Comms_C1.csv::J-13,Comms,C1,PL_Comms_C1.csv,J-13,16.76305461,99.0,multi_wall_linear,97.93056383307432,-1.0694361669256836,1.0694361669256836,random,33,random
PL_Library_C2.csv::Q-18,Library,C2,PL_Library_C2.csv,Q-18,5.034337096,66.0,multi_wall_linear,71.40627381056399,5.406273810563988,5.406273810563988,random,33,random
PL_Comms_C1.csv::C-57,Comms,C1,PL_Comms_C1.csv,C-57,28.0713377,110.0,multi_wall_linear,117.18701904805665,7.187019048056655,7.187019048056655,random,33,random
PL_Library_C2.csv::A-4,Library,C2,PL_Library_C2.csv,A-4,24.0031675,91.0,multi_wall_linear,86.52236768703395,-4.477632312966051,4.477632312966051,random,33,random
PL_Library_C1.csv::M-14,Library,C1,PL_Library_C1.csv,M-14,3.0299,72.0,multi_wall_linear,66.41369580992784,-5.5863041900721555,5.5863041900721555,random,33,random
PL_SSE_C1.csv::K-6,SSE,C1,PL_SSE_C1.csv,K-6,5.0,70.0,multi_wall_linear,75.86687102354834,5.866871023548342,5.866871023548342,random,33,random
PL_Comms_C2.csv::G-19,Comms,C2,PL_Comms_C2.csv,G-19,10.27016188,88.0,multi_wall_linear,87.00377876358357,-0.9962212364164316,0.9962212364164316,random,33,random
PL_Comms_C1.csv::H-20,Comms,C1,PL_Comms_C1.csv,H-20,9.486832981,83.0,multi_wall_linear,82.1643933194477,-0.8356066805523028,0.8356066805523028,random,33,random
PL_Comms_C1.csv::C-18,Comms,C1,PL_Comms_C1.csv,C-18,11.18033989,89.0,multi_wall_linear,93.94811708790297,4.948117087902972,4.948117087902972,random,33,random
PL_SSE_C1.csv::E-7,SSE,C1,PL_SSE_C1.csv,E-7,9.486832981,97.0,multi_wall_linear,78.953672515025,-18.046327484974995,18.046327484974995,random,33,random
PL_Comms_C2.csv::L-13,Comms,C2,PL_Comms_C2.csv,L-13,17.50646238,116.0,multi_wall_linear,96.3071075896111,-19.692892410388893,19.692892410388893,random,33,random
PL_Library_C2.csv::C-16,Library,C2,PL_Library_C2.csv,C-16,14.95443914,81.0,multi_wall_linear,86.17067738607042,5.170677386070423,5.170677386070423,random,33,random
PL_Comms_C2.csv::A-28,Comms,C2,PL_Comms_C2.csv,A-28,4.298397957,65.0,multi_wall_linear,70.3209312318543,5.320931231854303,5.320931231854303,random,33,random
PL_SSE_C2.csv::C-5,SSE,C2,PL_SSE_C2.csv,C-5,12.14397896,101.0,multi_wall_linear,89.96881960043044,-11.031180399569564,11.031180399569564,random,33,random
PL_Comms_C1.csv::L-49,Comms,C1,PL_Comms_C1.csv,L-49,21.1896201,112.0,multi_wall_linear,106.3031351305198,-5.696864869480194,5.696864869480194,random,33,random
PL_SSE_C1.csv::N-6,SSE,C1,PL_SSE_C1.csv,N-6,4.0,67.0,multi_wall_linear,73.67276631712451,6.672766317124513,6.672766317124513,random,33,random
PL_Comms_C1.csv::E-56,Comms,C1,PL_Comms_C1.csv,E-56,27.0,107.0,multi_wall_linear,116.80440707121397,9.804407071213973,9.804407071213973,random,33,random
PL_Comms_C1.csv::B-20,Comms,C1,PL_Comms_C1.csv,B-20,9.486832981,93.0,multi_wall_linear,86.2236720982013,-6.776327901798695,6.776327901798695,random,33,random
PL_Comms_C1.csv::F-34,Comms,C1,PL_Comms_C1.csv,F-34,5.099019514,91.0,multi_wall_linear,76.05969387494275,-14.940306125057248,14.940306125057248,random,33,random
PL_Library_C1.csv::O-26,Library,C1,PL_Library_C1.csv,O-26,13.6176,88.0,multi_wall_linear,80.7220008898262,-7.277999110173795,7.277999110173795,random,33,random
PL_Comms_C2.csv::G-23,Comms,C2,PL_Comms_C2.csv,G-23,6.440203801,80.0,multi_wall_linear,78.35574765868348,-1.6442523413165162,1.6442523413165162,random,33,random
PL_Comms_C1.csv::H-2,Comms,C1,PL_Comms_C1.csv,H-2,27.16615541,101.0,multi_wall_linear,98.35412112027555,-2.6458788797244495,2.6458788797244495,random,33,random
PL_Library_C2.csv::R-9,Library,C2,PL_Library_C2.csv,R-9,10.99171734,71.0,multi_wall_linear,81.33863818457054,10.338638184570542,10.338638184570542,random,33,random
PL_Comms_C1.csv::N-27,Comms,C1,PL_Comms_C1.csv,N-27,9.219544457,82.0,multi_wall_linear,81.66001189709002,-0.3399881029099845,0.3399881029099845,random,33,random
PL_Comms_C2.csv::K-25,Comms,C2,PL_Comms_C2.csv,K-25,7.312744013,79.0,multi_wall_linear,87.72363293398475,8.723632933984746,8.723632933984746,random,33,random
PL_SSE_C1.csv::L-1,SSE,C1,PL_SSE_C1.csv,L-1,9.219544457,71.0,multi_wall_linear,81.88338240865139,10.883382408651386,10.883382408651386,random,33,random
PL_SSE_C1.csv::E-2,SSE,C1,PL_SSE_C1.csv,E-2,12.04159458,96.0,multi_wall_linear,90.61852336905363,-5.381476630946366,5.381476630946366,random,33,random
PL_Library_C2.csv::U-18,Library,C2,PL_Library_C2.csv,U-18,9.939092011,75.0,multi_wall_linear,76.68858007486457,1.688580074864575,1.688580074864575,random,33,random
PL_SSE_C2.csv::I-1,SSE,C2,PL_SSE_C2.csv,I-1,10.36707408,86.0,multi_wall_linear,87.09612795969835,1.0961279596983502,1.0961279596983502,random,33,random
PL_Comms_C2.csv::K-33,Comms,C2,PL_Comms_C2.csv,K-33,7.312744013,82.0,multi_wall_linear,83.66435415523114,1.6643541552311376,1.6643541552311376,random,33,random
PL_Comms_C1.csv::O-37,Comms,C1,PL_Comms_C1.csv,O-37,12.80624847,90.0,multi_wall_linear,97.06894967127327,7.068949671273273,7.068949671273273,random,33,random
PL_Library_C2.csv::H-13,Library,C2,PL_Library_C2.csv,H-13,9.17046073,74.0,multi_wall_linear,77.30300273232324,3.303002732323236,3.303002732323236,random,33,random
PL_Library_C1.csv::G-6,Library,C1,PL_Library_C1.csv,G-6,16.5399,82.0,multi_wall_linear,83.10221526727193,1.10221526727193,1.10221526727193,random,33,random
PL_Comms_C1.csv::A-45,Comms,C1,PL_Comms_C1.csv,A-45,16.4924225,105.0,multi_wall_linear,103.83895689774776,-1.1610431022522363,1.1610431022522363,random,33,random
PL_Comms_C1.csv::C-38,Comms,C1,PL_Comms_C1.csv,C-38,9.219544457,90.0,multi_wall_linear,90.00193996615859,0.0019399661585879358,0.0019399661585879358,random,33,random
PL_Comms_C1.csv::O-28,Comms,C1,PL_Comms_C1.csv,O-28,10.04987562,82.0,multi_wall_linear,80.72214772895931,-1.277852271040686,1.277852271040686,random,33,random
PL_Library_C1.csv::J-2,Library,C1,PL_Library_C1.csv,J-2,19.7291,82.0,multi_wall_linear,84.83590856075071,2.8359085607507097,2.8359085607507097,random,33,random
PL_Comms_C1.csv::I-22,Comms,C1,PL_Comms_C1.csv,I-22,8.062257748,88.0,multi_wall_linear,84.62378086998616,-3.376219130013837,3.376219130013837,random,33,random
PL_Comms_C2.csv::G-43,Comms,C2,PL_Comms_C2.csv,G-43,14.1942321,89.0,multi_wall_linear,94.24485111521514,5.244851115215141,5.244851115215141,random,33,random
PL_Comms_C2.csv::I-8,Comms,C2,PL_Comms_C2.csv,I-8,21.41205793,112.0,multi_wall_linear,102.34653706924962,-9.65346293075038,9.65346293075038,random,33,random
PL_Comms_C2.csv::G-28,Comms,C2,PL_Comms_C2.csv,G-28,2.544842824,72.0,multi_wall_linear,69.22616667252193,-2.773833327478073,2.773833327478073,random,33,random
PL_Comms_C2.csv::D-27,Comms,C2,PL_Comms_C2.csv,D-27,2.544842824,72.0,multi_wall_linear,65.16688789376832,-6.833112106231681,6.833112106231681,random,33,random
PL_Library_C2.csv::T-18,Library,C2,PL_Library_C2.csv,T-18,8.655473702,80.0,multi_wall_linear,78.78483997882287,-1.2151600211771267,1.2151600211771267,random,33,random
PL_Comms_C1.csv::G-49,Comms,C1,PL_Comms_C1.csv,G-49,20.09975124,95.0,multi_wall_linear,97.66537137069321,2.665371370693208,2.665371370693208,random,33,random
PL_Comms_C2.csv::G-6,Comms,C2,PL_Comms_C2.csv,G-6,23.11874186,91.0,multi_wall_linear,101.09144702189101,10.091447021891014,10.091447021891014,random,33,random
PL_Comms_C1.csv::A-24,Comms,C1,PL_Comms_C1.csv,A-24,6.403124237,87.0,multi_wall_linear,78.29897212119056,-8.701027878809441,8.701027878809441,random,33,random
PL_Library_C2.csv::F-2,Library,C2,PL_Library_C2.csv,F-2,21.88247529,94.0,multi_wall_linear,85.85449221716222,-8.145507782837782,8.145507782837782,random,33,random
PL_Library_C1.csv::C-5,Library,C1,PL_Library_C1.csv,C-5,21.0789,74.0,multi_wall_linear,85.48661570732472,11.486615707324717,11.486615707324717,random,33,random
PL_Comms_C1.csv::F-3,Comms,C1,PL_Comms_C1.csv,F-3,26.01922366,95.0,multi_wall_linear,108.32202733901642,13.322027339016415,13.322027339016415,random,33,random
PL_Library_C1.csv::R-9,Library,C1,PL_Library_C1.csv,R-9,10.9244,77.0,multi_wall_linear,81.27823390628662,4.278233906286616,4.278233906286616,random,33,random
PL_Library_C2.csv::L-15,Library,C2,PL_Library_C2.csv,L-15,3.264406531,71.0,multi_wall_linear,67.14670787541844,-3.8532921245815572,3.8532921245815572,random,33,random
PL_Library_C2.csv::N-17,Library,C2,PL_Library_C2.csv,N-17,1.819958791,57.0,multi_wall_linear,61.87042408533733,4.8704240853373335,4.8704240853373335,random,33,random
PL_SSE_C2.csv::G-9,SSE,C2,PL_SSE_C2.csv,G-9,7.174693373,84.0,multi_wall_linear,78.72569477126419,-5.2743052287358125,5.2743052287358125,random,33,random
PL_Library_C2.csv::C-4,Library,C2,PL_Library_C2.csv,C-4,22.09123921,86.0,multi_wall_linear,85.94785387556841,-0.05214612443158728,0.05214612443158728,random,33,random
PL_Library_C1.csv::P-6,Library,C1,PL_Library_C1.csv,P-6,13.8183,87.0,multi_wall_linear,83.34722344081271,-3.652776559187288,3.652776559187288,random,33,random
PL_Library_C1.csv::R-6,Library,C1,PL_Library_C1.csv,R-6,14.5938,76.0,multi_wall_linear,84.12576522137739,8.125765221377392,8.125765221377392,random,33,random
PL_Comms_C2.csv::J-11,Comms,C2,PL_Comms_C2.csv,J-11,18.72101026,103.0,multi_wall_linear,96.96664949914143,-6.033350500858575,6.033350500858575,random,33,random
PL_Comms_C1.csv::C-39,Comms,C1,PL_Comms_C1.csv,C-39,10.19803903,85.0,multi_wall_linear,90.99376316283282,5.9937631628328205,5.9937631628328205,random,33,random
PL_Library_C2.csv::Q-12,Library,C2,PL_Library_C2.csv,Q-12,6.883084338,75.0,multi_wall_linear,76.73619319573805,1.7361931957380534,1.7361931957380534,random,33,random
PL_Library_C2.csv::Q-21,Library,C2,PL_Library_C2.csv,Q-21,7.993814796,78.0,multi_wall_linear,75.71113444653992,-2.2888655534600844,2.2888655534600844,random,33,random
PL_Comms_C2.csv::I-2,Comms,C2,PL_Comms_C2.csv,I-2,27.32171709,106.0,multi_wall_linear,98.41026558655922,-7.58973441344078,7.58973441344078,random,33,random
PL_Comms_C2.csv::M-51,Comms,C2,PL_Comms_C2.csv,M-51,23.44090922,117.0,multi_wall_linear,115.41451378351965,-1.5854862164803478,1.5854862164803478,random,33,random
PL_SSE_C2.csv::L-3,SSE,C2,PL_SSE_C2.csv,L-3,7.380801108,73.0,multi_wall_linear,79.69616164821484,6.69616164821484,6.69616164821484,random,33,random
PL_Comms_C1.csv::B-43,Comms,C1,PL_Comms_C1.csv,B-43,14.31782106,97.0,multi_wall_linear,98.38937253753245,1.3893725375324522,1.3893725375324522,random,33,random
PL_SSE_C1.csv::M-3,SSE,C1,PL_SSE_C1.csv,M-3,7.071067812,69.0,multi_wall_linear,79.27462688796265,10.274626887962654,10.274626887962654,random,33,random
PL_Library_C2.csv::I-4,Library,C2,PL_Library_C2.csv,I-4,17.65685278,82.0,multi_wall_linear,83.50311927220555,1.5031192722055522,1.5031192722055522,random,33,random
PL_Comms_C2.csv::B-35,Comms,C2,PL_Comms_C2.csv,B-35,6.817347358,78.0,multi_wall_linear,82.97460823409081,4.974608234090809,4.974608234090809,random,33,random
PL_Library_C1.csv::V-21,Library,C1,PL_Library_C1.csv,V-21,12.783,79.0,multi_wall_linear,79.63149974302671,0.6314997430267084,0.6314997430267084,random,33,random
PL_Comms_C1.csv::G-28,Comms,C1,PL_Comms_C1.csv,G-28,2.236067977,62.0,multi_wall_linear,67.95430693968417,5.954306939684173,5.954306939684173,random,33,random
PL_Comms_C1.csv::H-50,Comms,C1,PL_Comms_C1.csv,H-50,21.21320344,87.0,multi_wall_linear,98.19551496014957,11.195514960149566,11.195514960149566,random,33,random
PL_SSE_C1.csv::H-8,SSE,C1,PL_SSE_C1.csv,H-8,6.32455532,73.0,multi_wall_linear,74.96685372961743,1.9668537296174264,1.9668537296174264,random,33,random
PL_Comms_C2.csv::C-42,Comms,C2,PL_Comms_C2.csv,C-42,13.20894489,107.0,multi_wall_linear,97.59675085394431,-9.403249146055686,9.403249146055686,random,33,random
PL_Comms_C2.csv::C-23,Comms,C2,PL_Comms_C2.csv,C-23,6.440203801,84.0,multi_wall_linear,78.35574765868348,-5.644252341316516,5.644252341316516,random,33,random
PL_Comms_C2.csv::L-48,Comms,C2,PL_Comms_C2.csv,L-48,20.28487676,119.0,multi_wall_linear,105.87407696033321,-13.125923039666787,13.125923039666787,random,33,random
PL_Library_C2.csv::C-8,Library,C2,PL_Library_C2.csv,C-8,18.46999865,83.0,multi_wall_linear,83.94582455810975,0.9458245581097486,0.9458245581097486,random,33,random
PL_Comms_C1.csv::A-54,Comms,C1,PL_Comms_C1.csv,A-54,25.3179778,114.0,multi_wall_linear,116.17194646868032,2.171946468680318,2.171946468680318,random,33,random
PL_SSE_C2.csv::A-7,SSE,C2,PL_SSE_C2.csv,A-7,13.3968737,106.0,multi_wall_linear,88.92511775613141,-17.074882243868586,17.074882243868586,random,33,random
PL_Library_C1.csv::S-12,Library,C1,PL_Library_C1.csv,S-12,8.6762,76.0,multi_wall_linear,76.75823269262162,0.7582326926216183,0.7582326926216183,random,33,random
PL_Comms_C2.csv::H-56,Comms,C2,PL_Comms_C2.csv,H-56,27.19331214,94.0,multi_wall_linear,100.63744043862255,6.637440438622548,6.637440438622548,random,33,random
PL_Comms_C1.csv::E-22,Comms,C1,PL_Comms_C1.csv,E-22,7.0,87.0,multi_wall_linear,83.23458203618719,-3.7654179638128085,3.7654179638128085,random,33,random
PL_Library_C2.csv::U-20,Library,C2,PL_Library_C2.csv,U-20,10.99171734,73.0,multi_wall_linear,78.14701553553988,5.147015535539879,5.147015535539879,random,33,random
PL_Library_C2.csv::J-6,Library,C2,PL_Library_C2.csv,J-6,14.64428643,96.0,multi_wall_linear,81.66367864525922,-14.336321354740775,14.336321354740775,random,33,random
PL_Comms_C1.csv::I-21,Comms,C1,PL_Comms_C1.csv,I-21,8.94427191,87.0,multi_wall_linear,85.64460917754546,-1.3553908224545381,1.3553908224545381,random,33,random
PL_Comms_C2.csv::D-13,Comms,C2,PL_Comms_C2.csv,D-13,16.07719581,93.0,multi_wall_linear,97.51979790451563,4.519797904515627,4.519797904515627,random,33,random
PL_Comms_C1.csv::D-38,Comms,C1,PL_Comms_C1.csv,D-38,9.055385138,92.0,multi_wall_linear,89.82528554344049,-2.1747144565595136,2.1747144565595136,random,33,random
PL_Comms_C2.csv::N-51,Comms,C2,PL_Comms_C2.csv,N-51,23.80076102,115.0,multi_wall_linear,113.55515874692581,-1.4448412530741876,1.4448412530741876,random,33,random
PL_Library_C1.csv::A-8,Library,C1,PL_Library_C1.csv,A-8,20.6832,88.0,multi_wall_linear,89.11791043434371,1.1179104343437132,1.1179104343437132,random,33,random
PL_Library_C2.csv::L-9,Library,C2,PL_Library_C2.csv,L-9,9.939092011,70.0,multi_wall_linear,78.09441887968444,8.09441887968444,8.09441887968444,random,33,random
PL_Library_C2.csv::D-2,Library,C2,PL_Library_C2.csv,D-2,23.34394193,97.0,multi_wall_linear,86.49019038679947,-10.509809613200531,10.509809613200531,random,33,random
PL_SSE_C1.csv::M-7,SSE,C1,PL_SSE_C1.csv,M-7,3.16227766,71.0,multi_wall_linear,71.36206280558562,0.362062805585623,0.362062805585623,random,33,random
PL_Library_C1.csv::I-9,Library,C1,PL_Library_C1.csv,I-9,11.6562,68.0,multi_wall_linear,79.66138389384565,11.661383893845652,11.661383893845652,random,33,random
PL_Comms_C2.csv::J-44,Comms,C2,PL_Comms_C2.csv,J-44,15.85800192,105.0,multi_wall_linear,99.39397249805663,-5.606027501943373,5.606027501943373,random,33,random
PL_Comms_C2.csv::D-12,Comms,C2,PL_Comms_C2.csv,D-12,17.07267481,105.0,multi_wall_linear,104.21992408676815,-0.7800759132318547,0.7800759132318547,random,33,random
PL_Comms_C1.csv::M-28,Comms,C1,PL_Comms_C1.csv,M-28,8.062257748,76.0,multi_wall_linear,80.56450209123257,4.564502091232569,4.564502091232569,random,33,random
PL_Comms_C1.csv::D-33,Comms,C1,PL_Comms_C1.csv,D-33,4.123105626,79.0,multi_wall_linear,73.97081832820913,-5.029181671790866,5.029181671790866,random,33,random
PL_Library_C1.csv::Q-4,Library,C1,PL_Library_C1.csv,Q-4,16.7604,78.0,multi_wall_linear,85.48682968014465,7.486829680144652,7.486829680144652,random,33,random
PL_Comms_C2.csv::A-12,Comms,C2,PL_Comms_C2.csv,A-12,17.50646238,116.0,multi_wall_linear,104.46663521432754,-11.533364785672461,11.533364785672461,random,33,random
PL_Comms_C2.csv::H-44,Comms,C2,PL_Comms_C2.csv,H-44,15.3452346,87.0,multi_wall_linear,90.95222130656626,3.9522213065662584,3.9522213065662584,random,33,random
PL_Comms_C1.csv::J-39,Comms,C1,PL_Comms_C1.csv,J-39,11.18033989,96.0,multi_wall_linear,95.95727144367515,-0.04272855632484607,0.04272855632484607,random,33,random
PL_Comms_C1.csv::E-54,Comms,C1,PL_Comms_C1.csv,E-54,25.0,106.0,multi_wall_linear,116.0476718594028,10.047671859402797,10.047671859402797,random,33,random
PL_Comms_C2.csv::F-28,Comms,C2,PL_Comms_C2.csv,F-28,1.86446373,77.0,multi_wall_linear,66.16725717148746,-10.832742828512536,10.832742828512536,random,33,random
PL_Comms_C1.csv::I-35,Comms,C1,PL_Comms_C1.csv,I-35,7.211102551,81.0,multi_wall_linear,85.57685294021798,4.576852940217975,4.576852940217975,random,33,random
PL_Library_C1.csv::A-4,Library,C1,PL_Library_C1.csv,A-4,23.9724,83.0,multi_wall_linear,86.5097559428709,3.509755942870896,3.509755942870896,random,33,random
PL_Comms_C2.csv::E-23,Comms,C2,PL_Comms_C2.csv,E-23,6.121782829,80.0,multi_wall_linear,77.85716246047488,-2.142837539525118,2.142837539525118,random,33,random
PL_Library_C2.csv::Q-23,Library,C2,PL_Library_C2.csv,Q-23,10.39065325,75.0,multi_wall_linear,77.59406998905764,2.594069989057644,2.594069989057644,random,33,random
PL_SSE_C1.csv::D-6,SSE,C1,PL_SSE_C1.csv,D-6,10.77032961,89.0,multi_wall_linear,88.78851749724762,-0.211482502752375,0.211482502752375,random,33,random
PL_Comms_C1.csv::G-34,Comms,C1,PL_Comms_C1.csv,G-34,5.385164807,78.0,multi_wall_linear,80.65583486317404,2.655834863174036,2.655834863174036,random,33,random
PL_Comms_C1.csv::C-51,Comms,C1,PL_Comms_C1.csv,C-51,22.09072203,115.0,multi_wall_linear,110.7719092859896,-4.228090714010406,4.228090714010406,random,33,random
PL_Comms_C1.csv::B-44,Comms,C1,PL_Comms_C1.csv,B-44,15.29705854,104.0,multi_wall_linear,99.03986072274361,-4.960139277256388,4.960139277256388,random,33,random
PL_Comms_C2.csv::N-35,Comms,C2,PL_Comms_C2.csv,N-35,10.88467845,100.0,multi_wall_linear,95.47037740576336,-4.529622594236642,4.529622594236642,random,33,random
PL_Comms_C2.csv::D-33,Comms,C2,PL_Comms_C2.csv,D-33,4.298397957,86.0,multi_wall_linear,74.3802100106079,-11.619789989392103,11.619789989392103,random,33,random
PL_Comms_C2.csv::O-22,Comms,C2,PL_Comms_C2.csv,O-22,12.26687511,95.0,multi_wall_linear,92.80993357524774,-2.19006642475226,2.19006642475226,random,33,random
PL_Library_C2.csv::C-12,Library,C2,PL_Library_C2.csv,C-12,15.90633993,87.0,multi_wall_linear,87.73025701199383,0.7302570119938281,0.7302570119938281,random,33,random
PL_Library_C2.csv::V-10,Library,C2,PL_Library_C2.csv,V-10,13.60436419,87.0,multi_wall_linear,80.7124392120472,-6.287560787952799,6.287560787952799,random,33,random
PL_Comms_C2.csv::F-44,Comms,C2,PL_Comms_C2.csv,F-44,15.08231497,84.0,multi_wall_linear,98.90084894639372,14.900848946393722,14.900848946393722,random,33,random
PL_Comms_C2.csv::C-34,Comms,C2,PL_Comms_C2.csv,C-34,5.520527602,80.0,multi_wall_linear,80.89993688522371,0.8999368852237097,0.8999368852237097,random,33,random
PL_Library_C2.csv::N-20,Library,C2,PL_Library_C2.csv,N-20,5.55451393,79.0,multi_wall_linear,72.37311444372223,-6.62688555627777,6.62688555627777,random,33,random
PL_Library_C1.csv::G-4,Library,C1,PL_Library_C1.csv,G-4,18.8243,87.0,multi_wall_linear,84.37430126453897,-2.625698735461029,2.625698735461029,random,33,random
PL_Library_C2.csv::D-8,Library,C2,PL_Library_C2.csv,D-8,17.39495114,80.0,multi_wall_linear,83.35617964602214,3.3561796460221416,3.3561796460221416,random,33,random
PL_Comms_C2.csv::B-21,Comms,C2,PL_Comms_C2.csv,B-21,8.629960892,86.0,multi_wall_linear,85.29286044126299,-0.707139558737012,0.707139558737012,random,33,random
PL_Comms_C1.csv::G-57,Comms,C1,PL_Comms_C1.csv,G-57,28.0713377,96.0,multi_wall_linear,105.00918271179586,9.009182711795859,9.009182711795859,random,33,random
PL_Comms_C2.csv::M-31,Comms,C2,PL_Comms_C2.csv,M-31,8.335239949,94.0,multi_wall_linear,84.9921669254245,-9.007833074575501,9.007833074575501,random,33,random
PL_Library_C2.csv::C-9,Library,C2,PL_Library_C2.csv,C-9,17.70876831,81.0,multi_wall_linear,88.54407376412593,7.544073764125926,7.544073764125926,random,33,random
PL_Comms_C1.csv::O-24,Comms,C1,PL_Comms_C1.csv,O-24,11.18033989,90.0,multi_wall_linear,91.89799266492156,1.89799266492156,1.89799266492156,random,33,random
PL_Comms_C1.csv::H-17,Comms,C1,PL_Comms_C1.csv,H-17,12.36931688,85.0,multi_wall_linear,88.83242762137822,3.8324276213782156,3.8324276213782156,random,33,random
PL_Comms_C2.csv::K-44,Comms,C2,PL_Comms_C2.csv,K-44,16.20111802,110.0,multi_wall_linear,103.66373042995826,-6.336269570041736,6.336269570041736,random,33,random
PL_Comms_C2.csv::F-45,Comms,C2,PL_Comms_C2.csv,F-45,16.07719581,93.0,multi_wall_linear,99.52895226028781,6.528952260287809,6.528952260287809,random,33,random
PL_Library_C1.csv::M-24,Library,C1,PL_Library_C1.csv,M-24,10.9244,78.0,multi_wall_linear,87.14239468464305,9.142394684643051,9.142394684643051,random,33,random
PL_SSE_C1.csv::I-5,SSE,C1,PL_SSE_C1.csv,I-5,7.071067812,86.0,multi_wall_linear,82.86529273177631,-3.1347072682236927,3.1347072682236927,random,33,random
PL_Comms_C1.csv::H-21,Comms,C1,PL_Comms_C1.csv,H-21,8.544003745,80.0,multi_wall_linear,81.13515379891132,1.1351537989113183,1.1351537989113183,random,33,random
PL_Comms_C1.csv::I-4,Comms,C1,PL_Comms_C1.csv,I-4,25.3179778,115.0,multi_wall_linear,97.66133641912315,-17.338663580876855,17.338663580876855,random,33,random
PL_Comms_C1.csv::O-19,Comms,C1,PL_Comms_C1.csv,O-19,14.14213562,88.0,multi_wall_linear,90.14941739238967,2.1494173923896653,2.1494173923896653,random,33,random
PL_Library_C2.csv::E-15,Library,C2,PL_Library_C2.csv,E-15,12.33005576,76.0,multi_wall_linear,80.21399776533617,4.213997765336174,4.213997765336174,random,33,random
PL_Comms_C1.csv::D-30,Comms,C1,PL_Comms_C1.csv,D-30,1.414213562,69.0,multi_wall_linear,63.4494987218487,-5.550501278151302,5.550501278151302,random,33,random
PL_SSE_C1.csv::A-2,SSE,C1,PL_SSE_C1.csv,A-2,15.26433752,106.0,multi_wall_linear,94.95952686794955,-11.040473132050451,11.040473132050451,random,33,random
PL_Comms_C2.csv::H-53,Comms,C2,PL_Comms_C2.csv,H-53,24.21727121,94.0,multi_wall_linear,99.49778076011897,5.497780760118971,5.497780760118971,random,33,random
PL_Comms_C1.csv::D-44,Comms,C1,PL_Comms_C1.csv,D-44,15.03329638,105.0,multi_wall_linear,98.86883991601746,-6.131160083982536,6.131160083982536,random,33,random
PL_Comms_C2.csv::N-19,Comms,C2,PL_Comms_C2.csv,N-19,13.50837611,92.0,multi_wall_linear,85.63932150570625,-6.360678494293751,6.360678494293751,random,33,random
PL_Comms_C2.csv::E-35,Comms,C2,PL_Comms_C2.csv,E-35,6.121782829,88.0,multi_wall_linear,81.91644123922849,-6.08355876077151,6.08355876077151,random,33,random
PL_Comms_C2.csv::B-14,Comms,C2,PL_Comms_C2.csv,B-14,15.3452346,100.0,multi_wall_linear,97.06162450830126,-2.9383754916987357,2.9383754916987357,random,33,random
PL_SSE_C1.csv::L-8,SSE,C1,PL_SSE_C1.csv,L-8,2.828427125,61.0,multi_wall_linear,66.20573167502599,5.205731675025987,5.205731675025987,random,33,random
PL_Comms_C2.csv::K-39,Comms,C2,PL_Comms_C2.csv,K-39,11.72502559,107.0,multi_wall_linear,96.42499972842649,-10.575000271573515,10.575000271573515,random,33,random
PL_Comms_C2.csv::L-46,Comms,C2,PL_Comms_C2.csv,L-46,18.4248806,110.0,multi_wall_linear,104.9284297012218,-5.071570298778198,5.071570298778198,random,33,random
PL_Library_C2.csv::F-9,Library,C2,PL_Library_C2.csv,F-9,14.45500086,91.0,multi_wall_linear,81.29411014264767,-9.705889857352332,9.705889857352332,random,33,random
PL_Comms_C2.csv::G-3,Comms,C2,PL_Comms_C2.csv,G-3,26.1050996,89.0,multi_wall_linear,102.02165283949851,13.021652839498515,13.021652839498515,random,33,random
PL_Comms_C2.csv::A-3,Comms,C2,PL_Comms_C2.csv,A-3,26.33393675,122.0,multi_wall_linear,116.59977201942422,-5.400227980575778,5.400227980575778,random,33,random
PL_Comms_C2.csv::I-53,Comms,C2,PL_Comms_C2.csv,I-53,24.36136747,112.0,multi_wall_linear,103.6153921807949,-8.384607819205101,8.384607819205101,random,33,random
PL_SSE_C1.csv::A-6,SSE,C1,PL_SSE_C1.csv,A-6,13.60147051,96.0,multi_wall_linear,86.55541017326745,-9.444589826732553,9.444589826732553,random,33,random
PL_Comms_C2.csv::G-37,Comms,C2,PL_Comms_C2.csv,G-37,8.335239949,88.0,multi_wall_linear,84.95119685821527,-3.048803141784731,3.048803141784731,random,33,random
PL_Comms_C1.csv::J-18,Comms,C1,PL_Comms_C1.csv,J-18,12.08304597,91.0,multi_wall_linear,88.60218843933248,-2.3978115606675203,2.3978115606675203,random,33,random
PL_Comms_C2.csv::C-29,Comms,C2,PL_Comms_C2.csv,C-29,2.340133543,77.0,multi_wall_linear,64.3423084845219,-12.657691515478106,12.657691515478106,random,33,random
PL_Library_C1.csv::N-15,Library,C1,PL_Library_C1.csv,N-15,1.355,59.0,multi_wall_linear,60.75543799610814,1.7554379961081423,1.7554379961081423,random,33,random
PL_Comms_C2.csv::H-43,Comms,C2,PL_Comms_C2.csv,H-43,14.3692806,87.0,multi_wall_linear,90.3060912532104,3.306091253210397,3.306091253210397,random,33,random
PL_Library_C1.csv::F-9,Library,C1,PL_Library_C1.csv,F-9,14.4038,76.0,multi_wall_linear,81.25922002497725,5.259220024977253,5.259220024977253,random,33,random
PL_SSE_C2.csv::I-6,SSE,C2,PL_SSE_C2.csv,I-6,6.517378691,78.0,multi_wall_linear,78.47287550998405,0.4728755099840498,0.4728755099840498,random,33,random
PL_Comms_C1.csv::B-30,Comms,C1,PL_Comms_C1.csv,B-30,3.16227766,71.0,multi_wall_linear,71.36206280558562,0.362062805585623,0.362062805585623,random,33,random
PL_Comms_C1.csv::D-24,Comms,C1,PL_Comms_C1.csv,D-24,5.099019514,84.0,multi_wall_linear,76.05969387494275,-7.940306125057248,7.940306125057248,random,33,random
PL_Comms_C1.csv::J-21,Comms,C1,PL_Comms_C1.csv,J-21,9.433981132,81.0,multi_wall_linear,84.15958585768612,3.1595858576861247,3.1595858576861247,random,33,random
PL_Library_C2.csv::H-14,Library,C2,PL_Library_C2.csv,H-14,8.655473702,73.0,multi_wall_linear,76.73471555584146,3.7347155558414613,3.7347155558414613,random,33,random
PL_Comms_C1.csv::O-41,Comms,C1,PL_Comms_C1.csv,O-41,15.62049935,97.0,multi_wall_linear,103.08150413225306,6.081504132253059,6.081504132253059,random,33,random
PL_Comms_C2.csv::P-35,Comms,C2,PL_Comms_C2.csv,P-35,12.58873405,94.0,multi_wall_linear,90.83207322935033,-3.1679267706496717,3.1679267706496717,random,33,random
PL_Library_C1.csv::N-18,Library,C1,PL_Library_C1.csv,N-18,2.71,54.0,multi_wall_linear,65.78516588035184,11.78516588035184,11.78516588035184,random,33,random
PL_Comms_C2.csv::M-13,Comms,C2,PL_Comms_C2.csv,M-13,17.92975809,120.0,multi_wall_linear,100.6422765122105,-19.3577234877895,19.3577234877895,random,33,random
PL_Comms_C2.csv::I-56,Comms,C2,PL_Comms_C2.csv,I-56,27.32171709,113.0,multi_wall_linear,104.74303929985561,-8.25696070014439,8.25696070014439,random,33,random
PL_Comms_C1.csv::F-21,Comms,C1,PL_Comms_C1.csv,F-21,8.062257748,74.0,multi_wall_linear,84.62378086998616,10.623780869986163,10.623780869986163,random,33,random
PL_Library_C1.csv::O-8,Library,C1,PL_Library_C1.csv,O-8,10.9244,69.0,multi_wall_linear,81.03658712202918,12.036587122029175,12.036587122029175,random,33,random
PL_Comms_C1.csv::B-38,Comms,C1,PL_Comms_C1.csv,B-38,9.486832981,78.0,multi_wall_linear,90.2829508769549,12.2829508769549,12.2829508769549,random,33,random
PL_Library_C1.csv::G-5,Library,C1,PL_Library_C1.csv,G-5,17.667,84.0,multi_wall_linear,83.75041519241141,-0.24958480758859025,0.24958480758859025,random,33,random
PL_Library_C1.csv::Q-8,Library,C1,PL_Library_C1.csv,Q-8,11.5771,71.0,multi_wall_linear,81.8488276384821,10.848827638482106,10.848827638482106,random,33,random
PL_Library_C2.csv::G-12,Library,C2,PL_Library_C2.csv,G-12,10.99171734,80.0,multi_wall_linear,78.84259462116233,-1.157405378837666,1.157405378837666,random,33,random
PL_Comms_C2.csv::C-15,Comms,C2,PL_Comms_C2.csv,C-15,14.1942321,96.0,multi_wall_linear,96.29497553819655,0.2949755381965531,0.2949755381965531,random,33,random
PL_Comms_C1.csv::K-53,Comms,C1,PL_Comms_C1.csv,K-53,24.73863375,113.0,multi_wall_linear,111.88505446087248,-1.1149455391275183,1.1149455391275183,random,33,random
PL_Comms_C2.csv::D-42,Comms,C2,PL_Comms_C2.csv,D-42,13.09489309,106.0,multi_wall_linear,97.51148232927964,-8.488517670720356,8.488517670720356,random,33,random
PL_Library_C2.csv::G-2,Library,C2,PL_Library_C2.csv,G-2,21.24387794,93.0,multi_wall_linear,85.56327360674871,-7.436726393251291,7.436726393251291,random,33,random
PL_Library_C1.csv::I-16,Library,C1,PL_Library_C1.csv,I-16,6.775,80.0,multi_wall_linear,78.38544815904383,-1.6145518409561674,1.6145518409561674,random,33,random
PL_Comms_C2.csv::L-37,Comms,C2,PL_Comms_C2.csv,L-37,10.69935629,90.0,multi_wall_linear,95.30152455444625,5.301524554446246,5.301524554446246,random,33,random
PL_Comms_C2.csv::J-10,Comms,C2,PL_Comms_C2.csv,J-10,19.68441579,111.0,multi_wall_linear,97.46006259473322,-13.539937405266784,13.539937405266784,random,33,random
PL_Comms_C1.csv::O-20,Comms,C1,PL_Comms_C1.csv,O-20,13.45362405,94.0,multi_wall_linear,89.65866544361626,-4.341334556383742,4.341334556383742,random,33,random
PL_Comms_C1.csv::B-15,Comms,C1,PL_Comms_C1.csv,B-15,14.31782106,99.0,multi_wall_linear,96.38021818176026,-2.619781818239744,2.619781818239744,random,33,random
PL_Comms_C2.csv::A-15,Comms,C2,PL_Comms_C2.csv,A-15,14.61082561,98.0,multi_wall_linear,96.57940660928341,-1.42059339071659,1.42059339071659,random,33,random
PL_Library_C1.csv::J-13,Library,C1,PL_Library_C1.csv,J-13,6.775,87.0,multi_wall_linear,74.0845225960328,-12.915477403967202,12.915477403967202,random,33,random
PL_Comms_C1.csv::C-30,Comms,C1,PL_Comms_C1.csv,C-30,2.236067977,68.0,multi_wall_linear,67.95430693968417,-0.04569306031582698,0.04569306031582698,random,33,random
PL_Comms_C2.csv::B-50,Comms,C2,PL_Comms_C2.csv,B-50,21.2479699,106.0,multi_wall_linear,106.33017421215058,0.33017421215058107,0.33017421215058107,random,33,random
PL_Comms_C1.csv::G-3,Comms,C1,PL_Comms_C1.csv,G-3,26.07680962,100.0,multi_wall_linear,102.01099140305789,2.0109914030578864,2.0109914030578864,random,33,random
PL_Comms_C2.csv::B-18,Comms,C2,PL_Comms_C2.csv,B-18,11.46630826,91.0,multi_wall_linear,94.19645335910897,3.196453359108972,3.196453359108972,random,33,random
PL_Comms_C1.csv::C-41,Comms,C1,PL_Comms_C1.csv,C-41,12.16552506,96.0,multi_wall_linear,96.78763618058919,0.7876361805891889,0.7876361805891889,random,33,random
PL_Library_C2.csv::V-19,Library,C2,PL_Library_C2.csv,V-19,11.64070659,80.0,multi_wall_linear,81.69843000092212,1.6984300009221158,1.6984300009221158,random,33,random
PL_Comms_C2.csv::G-10,Comms,C2,PL_Comms_C2.csv,G-10,19.14356876,90.0,multi_wall_linear,97.18611928684953,7.186119286849532,7.186119286849532,random,33,random
PL_Comms_C1.csv::H-15,Comms,C1,PL_Comms_C1.csv,H-15,14.31782106,86.0,multi_wall_linear,90.27081498002525,4.27081498002525,4.27081498002525,random,33,random
PL_Comms_C2.csv::N-21,Comms,C2,PL_Comms_C2.csv,N-21,12.10273626,95.0,multi_wall_linear,88.61819857729802,-6.381801422701983,6.381801422701983,random,33,random
PL_Comms_C2.csv::P-20,Comms,C2,PL_Comms_C2.csv,P-20,14.26450928,99.0,multi_wall_linear,90.23413500285639,-8.76586499714361,8.76586499714361,random,33,random
PL_Comms_C2.csv::D-36,Comms,C2,PL_Comms_C2.csv,D-36,7.174693373,87.0,multi_wall_linear,83.47695699651912,-3.523043003480879,3.523043003480879,random,33,random
PL_Library_C1.csv::Y-19,Library,C1,PL_Library_C1.csv,Y-19,15.4494,74.0,multi_wall_linear,84.01308243244658,10.01308243244658,10.01308243244658,random,33,random
PL_Library_C1.csv::O-5,Library,C1,PL_Library_C1.csv,O-5,14.9665,77.0,multi_wall_linear,84.1320755515585,7.132075551558501,7.132075551558501,random,33,random
PL_Library_C2.csv::J-13,Library,C2,PL_Library_C2.csv,J-13,6.883084338,82.0,multi_wall_linear,74.24014963232985,-7.759850367670154,7.759850367670154,random,33,random
PL_SSE_C1.csv::C-1,SSE,C1,PL_SSE_C1.csv,C-1,14.2126704,89.0,multi_wall_linear,90.19833672635173,1.1983367263517266,1.1983367263517266,random,33,random
PL_Comms_C1.csv::O-35,Comms,C1,PL_Comms_C1.csv,O-35,11.66190379,95.0,multi_wall_linear,90.08011861041359,-4.919881389586408,4.919881389586408,random,33,random
PL_Comms_C2.csv::I-15,Comms,C2,PL_Comms_C2.csv,I-15,14.61082561,108.0,multi_wall_linear,94.529282186302,-13.470717813698002,13.470717813698002,random,33,random
PL_Comms_C1.csv::I-45,Comms,C1,PL_Comms_C1.csv,I-45,16.4924225,104.0,multi_wall_linear,103.83895689774776,-0.16104310225223628,0.16104310225223628,random,33,random
PL_Comms_C1.csv::H-52,Comms,C1,PL_Comms_C1.csv,H-52,23.19482701,115.0,multi_wall_linear,99.07362948105958,-15.926370518940416,15.926370518940416,random,33,random
PL_Comms_C1.csv::E-15,Comms,C1,PL_Comms_C1.csv,E-15,14.0,98.0,multi_wall_linear,96.15949696637671,-1.8405030336232926,1.8405030336232926,random,33,random
PL_Comms_C2.csv::C-11,Comms,C2,PL_Comms_C2.csv,C-11,18.15147997,109.0,multi_wall_linear,104.82240221261043,-4.177597787389573,4.177597787389573,random,33,random
PL_Library_C2.csv::S-13,Library,C2,PL_Library_C2.csv,S-13,7.993814796,77.0,multi_wall_linear,75.24252151159996,-1.7574784884000394,1.7574784884000394,random,33,random
PL_Comms_C1.csv::J-40,Comms,C1,PL_Comms_C1.csv,J-40,12.08304597,91.0,multi_wall_linear,96.72074599683968,5.720745996839682,5.720745996839682,random,33,random
PL_Comms_C2.csv::K-35,Comms,C2,PL_Comms_C2.csv,K-35,8.571827401,84.0,multi_wall_linear,93.12158792702998,9.121587927029978,9.121587927029978,random,33,random
PL_Library_C2.csv::N-9,Library,C2,PL_Library_C2.csv,N-9,9.562502288,78.0,multi_wall_linear,79.72736854006328,1.7273685400632814,1.7273685400632814,random,33,random
PL_Comms_C1.csv::I-57,Comms,C1,PL_Comms_C1.csv,I-57,28.28427125,104.0,multi_wall_linear,105.08348668182776,1.0834866818277646,1.0834866818277646,random,33,random
PL_Comms_C1.csv::M-29,Comms,C1,PL_Comms_C1.csv,M-29,8.0,78.0,multi_wall_linear,82.53840246856043,4.5384024685604345,4.5384024685604345,random,33,random
PL_Comms_C1.csv::J-57,Comms,C1,PL_Comms_C1.csv,J-57,28.44292531,113.0,multi_wall_linear,105.13848684847183,-7.861513151528172,7.861513151528172,random,33,random
PL_Comms_C2.csv::F-3,Comms,C2,PL_Comms_C2.csv,F-3,26.04757618,110.0,multi_wall_linear,108.3327359668859,-1.667264033114094,1.667264033114094,random,33,random
PL_Comms_C1.csv::D-41,Comms,C1,PL_Comms_C1.csv,D-41,12.04159458,98.0,multi_wall_linear,96.68695650357942,-1.3130434964205762,1.3130434964205762,random,33,random
PL_Library_C2.csv::H-12,Library,C2,PL_Library_C2.csv,H-12,9.846294988,80.0,multi_wall_linear,77.76053711006665,-2.2394628899333497,2.2394628899333497,random,33,random
PL_SSE_C2.csv::I-4,SSE,C2,PL_SSE_C2.csv,I-4,7.904190344,82.0,multi_wall_linear,84.42908748299917,2.429087482999165,2.429087482999165,random,33,random
PL_Comms_C2.csv::M-25,Comms,C2,PL_Comms_C2.csv,M-25,9.026418171,87.0,multi_wall_linear,89.79378161883442,2.793781618834416,2.793781618834416,random,33,random
PL_Comms_C1.csv::O-36,Comms,C1,PL_Comms_C1.csv,O-36,12.20655562,91.0,multi_wall_linear,90.52893941427547,-0.4710605857245298,0.4710605857245298,random,33,random
PL_Library_C2.csv::T-16,Library,C2,PL_Library_C2.csv,T-16,8.220287404,72.0,multi_wall_linear,75.29025242930224,3.2902524293022424,3.2902524293022424,random,33,random
PL_Library_C2.csv::E-3,Library,C2,PL_Library_C2.csv,E-3,21.4588554,83.0,multi_wall_linear,85.66227559711965,2.6622755971196455,2.6622755971196455,random,33,random
PL_Comms_C2.csv::O-39,Comms,C2,PL_Comms_C2.csv,O-39,14.1942321,103.0,multi_wall_linear,102.14003816116096,-0.8599618388390411,0.8599618388390411,random,33,random
PL_Comms_C1.csv::M-42,Comms,C1,PL_Comms_C1.csv,M-42,15.26433752,100.0,multi_wall_linear,99.01880564670314,-0.981194353296857,0.981194353296857,random,33,random
PL_Comms_C2.csv::H-5,Comms,C2,PL_Comms_C2.csv,H-5,24.21727121,96.0,multi_wall_linear,101.54790518310038,5.547905183100383,5.547905183100383,random,33,random
PL_Library_C1.csv::K-12,Library,C1,PL_Library_C1.csv,K-12,6.775,81.0,multi_wall_linear,74.32616938029024,-6.673830619709761,6.673830619709761,random,33,random
PL_SSE_C1.csv::H-7,SSE,C1,PL_SSE_C1.csv,H-7,6.708203932,80.0,multi_wall_linear,76.01452958449283,-3.985470415507166,3.985470415507166,random,33,random
PL_Comms_C1.csv::N-42,Comms,C1,PL_Comms_C1.csv,N-42,15.8113883,102.0,multi_wall_linear,99.4059973723885,-2.594002627611502,2.594002627611502,random,33,random
PL_Comms_C1.csv::G-25,Comms,C1,PL_Comms_C1.csv,G-25,4.472135955,81.0,multi_wall_linear,74.76981867033734,-6.230181329662656,6.230181329662656,random,33,random
PL_Library_C2.csv::F-4,Library,C2,PL_Library_C2.csv,F-4,19.57982188,80.0,multi_wall_linear,84.76122756221145,4.761227562211445,4.761227562211445,random,33,random
PL_Library_C1.csv::Q-14,Library,C1,PL_Library_C1.csv,Q-14,4.8855,71.0,multi_wall_linear,71.1111921326739,0.11119213267390649,0.11119213267390649,random,33,random
PL_Library_C1.csv::N-8,Library,C1,PL_Library_C1.csv,N-8,10.84,82.0,multi_wall_linear,80.96032639721423,-1.0396736027857685,1.0396736027857685,random,33,random
PL_Comms_C2.csv::E-43,Comms,C2,PL_Comms_C2.csv,E-43,14.05262342,105.0,multi_wall_linear,98.20554136003621,-6.794458639963793,6.794458639963793,random,33,random
PL_Comms_C2.csv::N-41,Comms,C2,PL_Comms_C2.csv,N-41,15.04912705,103.0,multi_wall_linear,98.92015877193691,-4.0798412280630885,4.0798412280630885,random,33,random
PL_Library_C1.csv::A-7,Library,C1,PL_Library_C1.csv,A-7,21.4244,82.0,multi_wall_linear,85.40482824676117,3.40482824676117,3.40482824676117,random,33,random
PL_Comms_C2.csv::J-34,Comms,C2,PL_Comms_C2.csv,J-34,7.174693373,79.0,multi_wall_linear,89.58636019825414,10.586360198254141,10.586360198254141,random,33,random
PL_Comms_C2.csv::O-42,Comms,C2,PL_Comms_C2.csv,O-42,16.44616141,112.0,multi_wall_linear,99.79302878702298,-12.206971212977024,12.206971212977024,random,33,random
PL_Library_C2.csv::I-8,Library,C2,PL_Library_C2.csv,I-8,12.84065614,79.0,multi_wall_linear,80.61297509612659,1.6129750961265898,1.6129750961265898,random,33,random
PL_SSE_C1.csv::C-3,SSE,C1,PL_SSE_C1.csv,C-3,13.03840481,97.0,multi_wall_linear,88.88180411669902,-8.118195883300984,8.118195883300984,random,33,random
PL_Comms_C2.csv::K-13,Comms,C2,PL_Comms_C2.csv,K-13,17.1311478,113.0,multi_wall_linear,96.09401540728759,-16.905984592712414,16.905984592712414,random,33,random
PL_Comms_C1.csv::I-39,Comms,C1,PL_Comms_C1.csv,I-39,10.77032961,92.0,multi_wall_linear,95.58990414548397,3.5899041454839704,3.5899041454839704,random,33,random
PL_Comms_C1.csv::F-40,Comms,C1,PL_Comms_C1.csv,F-40,11.04536102,91.0,multi_wall_linear,91.77856122572533,0.7785612257253263,0.7785612257253263,random,33,random
PL_Comms_C1.csv::G-8,Comms,C1,PL_Comms_C1.csv,G-8,21.09502311,89.0,multi_wall_linear,98.14058307406367,9.14058307406367,9.14058307406367,random,33,random
PL_Library_C1.csv::G-2,Library,C1,PL_Library_C1.csv,G-2,21.2091,85.0,multi_wall_linear,85.54716348601576,0.5471634860157621,0.5471634860157621,random,33,random
PL_Comms_C2.csv::K-34,Comms,C2,PL_Comms_C2.csv,K-34,7.904190344,82.0,multi_wall_linear,90.53849068473417,8.538490684734171,8.538490684734171,random,33,random
PL_Comms_C2.csv::A-43,Comms,C2,PL_Comms_C2.csv,A-43,14.61082561,100.0,multi_wall_linear,98.58856096505559,-1.411439034944408,1.411439034944408,random,33,random
PL_SSE_C1.csv::N-2,SSE,C1,PL_SSE_C1.csv,N-2,8.0,67.0,multi_wall_linear,80.48827804557902,13.488278045579023,13.488278045579023,random,33,random
PL_Comms_C1.csv::A-31,Comms,C1,PL_Comms_C1.csv,A-31,4.472135955,68.0,multi_wall_linear,74.76981867033734,6.769818670337344,6.769818670337344,random,33,random
PL_Library_C2.csv::H-9,Library,C2,PL_Library_C2.csv,H-9,12.55142821,76.0,multi_wall_linear,80.38896702594705,4.3889670259470535,4.3889670259470535,random,33,random
PL_Comms_C1.csv::E-30,Comms,C1,PL_Comms_C1.csv,E-30,1.0,69.0,multi_wall_linear,60.041742860215486,-8.958257139784514,8.958257139784514,random,33,random
PL_Library_C2.csv::V-9,Library,C2,PL_Library_C2.csv,V-9,14.45500086,82.0,multi_wall_linear,85.61331197835476,3.6133119783547585,3.6133119783547585,random,33,random
PL_SSE_C2.csv::F-4,SSE,C2,PL_SSE_C2.csv,F-4,10.07354084,82.0,multi_wall_linear,82.75442869785755,0.7544286978575485,0.7544286978575485,random,33,random
PL_SSE_C1.csv::M-9,SSE,C1,PL_SSE_C1.csv,M-9,1.414213562,54.0,multi_wall_linear,59.3902199430951,5.390219943095097,5.390219943095097,random,33,random
PL_Comms_C1.csv::I-20,Comms,C1,PL_Comms_C1.csv,I-20,9.848857802,92.0,multi_wall_linear,86.5919133305246,-5.408086669475395,5.408086669475395,random,33,random
PL_Comms_C1.csv::A-36,Comms,C1,PL_Comms_C1.csv,A-36,8.062257748,79.0,multi_wall_linear,82.61462651421398,3.614626514213981,3.614626514213981,random,33,random
PL_Comms_C2.csv::J-51,Comms,C2,PL_Comms_C2.csv,J-51,22.59372092,114.0,multi_wall_linear,102.87472848856547,-11.125271511434534,11.125271511434534,random,33,random
PL_SSE_C2.csv::K-6,SSE,C2,PL_SSE_C2.csv,K-6,5.14550532,73.0,multi_wall_linear,76.14892873167334,3.1489287316733368,3.1489287316733368,random,33,random
PL_Library_C2.csv::M-25,Library,C2,PL_Library_C2.csv,M-25,12.33005576,85.0,multi_wall_linear,88.33255532284338,3.332555322843376,3.332555322843376,random,33,random
PL_Library_C2.csv::J-11,Library,C2,PL_Library_C2.csv,J-11,8.760893219,78.0,multi_wall_linear,76.85374975774077,-1.146250242259228,1.146250242259228,random,33,random
PL_Comms_C1.csv::F-8,Comms,C1,PL_Comms_C1.csv,F-8,21.02379604,85.0,multi_wall_linear,106.26685452270127,21.266854522701266,21.266854522701266,random,33,random
PL_Comms_C1.csv::K-10,Comms,C1,PL_Comms_C1.csv,K-10,19.92485885,104.0,multi_wall_linear,99.62956485199666,-4.370435148003338,4.370435148003338,random,33,random
PL_Comms_C2.csv::G-27,Comms,C2,PL_Comms_C2.csv,G-27,3.078347771,76.0,multi_wall_linear,71.09756764965095,-4.902432350349045,4.902432350349045,random,33,random
PL_Library_C1.csv::N-12,Library,C1,PL_Library_C1.csv,N-12,5.42,70.0,multi_wall_linear,74.14481466875972,4.144814668759722,4.144814668759722,random,33,random
PL_Library_C2.csv::N-24,Library,C2,PL_Library_C2.csv,N-24,10.90787903,82.0,multi_wall_linear,83.0682346509695,1.0682346509695009,1.0682346509695009,random,33,random
PL_SSE_C1.csv::M-6,SSE,C1,PL_SSE_C1.csv,M-6,4.123105626,73.0,multi_wall_linear,73.97081832820913,0.970818328209134,0.970818328209134,random,33,random
PL_Comms_C1.csv::G-33,Comms,C1,PL_Comms_C1.csv,G-33,4.472135955,75.0,multi_wall_linear,78.82909744909094,3.8290974490909377,3.8290974490909377,random,33,random
PL_Comms_C2.csv::N-53,Comms,C2,PL_Comms_C2.csv,N-53,25.66079159,113.0,multi_wall_linear,114.29503687710644,1.2950368771064404,1.2950368771064404,random,33,random
PL_Comms_C1.csv::I-49,Comms,C1,PL_Comms_C1.csv,I-49,20.39607805,109.0,multi_wall_linear,97.80927488646645,-11.190725113533546,11.190725113533546,random,33,random
PL_Library_C1.csv::R-17,Library,C1,PL_Library_C1.csv,R-17,5.5868,66.0,multi_wall_linear,72.43010238816825,6.430102388168251,6.430102388168251,random,33,random
PL_Library_C1.csv::A-5,Library,C1,PL_Library_C1.csv,A-5,23.0748,75.0,multi_wall_linear,86.13451970876338,11.134519708763378,11.134519708763378,random,33,random
PL_Library_C1.csv::L-23,Library,C1,PL_Library_C1.csv,L-23,9.8645,83.0,multi_wall_linear,84.12975019531636,1.1297501953163618,1.1297501953163618,random,33,random
PL_Comms_C2.csv::D-39,Comms,C2,PL_Comms_C2.csv,D-39,10.12305413,88.0,multi_wall_linear,90.92119740668294,2.9211974066829356,2.9211974066829356,random,33,random
PL_Comms_C2.csv::N-40,Comms,C2,PL_Comms_C2.csv,N-40,14.26450928,100.0,multi_wall_linear,102.1886008275558,2.1886008275558027,2.1886008275558027,random,33,random
PL_Library_C1.csv::V-16,Library,C1,PL_Library_C1.csv,V-16,10.84,74.0,multi_wall_linear,78.01035053244101,4.010350532441009,4.010350532441009,random,33,random
PL_Comms_C1.csv::J-19,Comms,C1,PL_Comms_C1.csv,J-19,11.18033989,90.0,multi_wall_linear,87.83871388616795,-2.1612861138320483,2.1612861138320483,random,33,random
PL_Library_C2.csv::L-14,Library,C2,PL_Library_C2.csv,L-14,4.020500591,77.0,multi_wall_linear,69.19513997022388,-7.804860029776123,7.804860029776123,random,33,random
PL_Comms_C2.csv::J-22,Comms,C2,PL_Comms_C2.csv,J-22,8.687705393,80.0,multi_wall_linear,83.34927921030234,3.349279210302342,3.349279210302342,random,33,random
PL_Comms_C1.csv::P-42,Comms,C1,PL_Comms_C1.csv,P-42,17.02938637,110.0,multi_wall_linear,103.93062063636481,-6.069379363635193,6.069379363635193,random,33,random
PL_Library_C1.csv::Q-10,Library,C1,PL_Library_C1.csv,Q-10,9.0896,73.0,multi_wall_linear,79.47031492716735,6.470314927167351,6.470314927167351,random,33,random
PL_Comms_C1.csv::L-30,Comms,C1,PL_Comms_C1.csv,L-30,7.071067812,94.0,multi_wall_linear,83.37487573392549,-10.625124266074508,10.625124266074508,random,33,random
PL_Library_C1.csv::T-10,Library,C1,PL_Library_C1.csv,T-10,11.4976,78.0,multi_wall_linear,79.05806379209196,1.0580637920919571,1.0580637920919571,random,33,random
PL_Library_C1.csv::H-12,Library,C1,PL_Library_C1.csv,H-12,9.771,78.0,multi_wall_linear,77.68505707687098,-0.31494292312902417,0.31494292312902417,random,33,random
PL_Comms_C1.csv::E-16,Comms,C1,PL_Comms_C1.csv,E-16,13.0,88.0,multi_wall_linear,95.43081514013362,7.4308151401336175,7.4308151401336175,random,33,random
PL_Comms_C1.csv::M-52,Comms,C1,PL_Comms_C1.csv,M-52,24.35159132,108.0,multi_wall_linear,115.78928188755964,7.789281887559639,7.789281887559639,random,33,random
PL_Comms_C2.csv::H-24,Comms,C2,PL_Comms_C2.csv,H-24,5.956192156,77.0,multi_wall_linear,77.5875301315659,0.5875301315658987,0.5875301315658987,random,33,random
PL_SSE_C1.csv::D-7,SSE,C1,PL_SSE_C1.csv,D-7,10.44030651,101.0,multi_wall_linear,83.954620658502,-17.045379341498005,17.045379341498005,random,33,random
PL_Comms_C2.csv::F-35,Comms,C2,PL_Comms_C2.csv,F-35,6.202920683,96.0,multi_wall_linear,77.98662863476473,-18.013371365235272,18.013371365235272,random,33,random
PL_Comms_C1.csv::H-29,Comms,C1,PL_Comms_C1.csv,H-29,3.0,73.0,multi_wall_linear,68.83491901726893,-4.1650809827310695,4.1650809827310695,random,33,random
PL_Library_C1.csv::Q-22,Library,C1,PL_Library_C1.csv,Q-22,9.0896,72.0,multi_wall_linear,76.27869227813669,4.278692278136688,4.278692278136688,random,33,random
PL_Comms_C2.csv::L-31,Comms,C2,PL_Comms_C2.csv,L-31,7.380801108,91.0,multi_wall_linear,83.79641049417768,-7.203589505822322,7.203589505822322,random,33,random
PL_Comms_C1.csv::C-54,Comms,C1,PL_Comms_C1.csv,C-54,25.07987241,113.0,multi_wall_linear,116.0790362567557,3.0790362567556997,3.0790362567556997,random,33,random
PL_Library_C2.csv::L-16,Library,C2,PL_Library_C2.csv,L-16,2.969903197,74.0,multi_wall_linear,66.21703918353074,-7.782960816469256,7.782960816469256,random,33,random
PL_Library_C2.csv::K-7,Library,C2,PL_Library_C2.csv,K-7,12.91195086,65.0,multi_wall_linear,80.66741787458038,15.66741787458038,15.66741787458038,random,33,random
PL_SSE_C1.csv::N-7,SSE,C1,PL_SSE_C1.csv,N-7,3.0,67.0,multi_wall_linear,70.84407337304111,3.8440733730411125,3.8440733730411125,random,33,random
PL_Library_C1.csv::J-7,Library,C1,PL_Library_C1.csv,J-7,13.3452,88.0,multi_wall_linear,80.75028441362636,-7.2497155863736396,7.2497155863736396,random,33,random
PL_Library_C2.csv::V-5,Library,C2,PL_Library_C2.csv,V-5,18.46999865,84.0,multi_wall_linear,84.18747134236719,0.1874713423671892,0.1874713423671892,random,33,random
PL_Library_C2.csv::F-8,Library,C2,PL_Library_C2.csv,F-8,15.37814765,75.0,multi_wall_linear,82.38611779375937,7.386117793759368,7.386117793759368,random,33,random
PL_Comms_C2.csv::G-4,Comms,C2,PL_Comms_C2.csv,G-4,25.10928563,92.0,multi_wall_linear,103.68935427043485,11.689354270434848,11.689354270434848,random,33,random
PL_Comms_C1.csv::K-32,Comms,C1,PL_Comms_C1.csv,K-32,6.708203932,84.0,multi_wall_linear,82.8159162327292,-1.1840837672708062,1.1840837672708062,random,33,random
PL_Comms_C1.csv::D-22,Comms,C1,PL_Comms_C1.csv,D-22,7.071067812,83.0,multi_wall_linear,83.33390566671626,0.3339056667162623,0.3339056667162623,random,33,random
PL_Library_C1.csv::P-11,Library,C1,PL_Library_C1.csv,P-11,7.2969,80.0,multi_wall_linear,77.31025349292288,-2.6897465070771176,2.6897465070771176,random,33,random
PL_Library_C2.csv::O-13,Library,C2,PL_Library_C2.csv,O-13,4.45381578,72.0,multi_wall_linear,72.45596117634928,0.4559611763492768,0.4559611763492768,random,33,random
PL_Comms_C1.csv::C-14,Comms,C1,PL_Comms_C1.csv,C-14,15.13274595,95.0,multi_wall_linear,96.92451752019007,1.924517520190065,1.924517520190065,random,33,random
PL_Comms_C1.csv::A-20,Comms,C1,PL_Comms_C1.csv,A-20,9.848857802,87.0,multi_wall_linear,86.5919133305246,-0.40808666947539507,0.40808666947539507,random,33,random
PL_Comms_C1.csv::K-23,Comms,C1,PL_Comms_C1.csv,K-23,8.485281374,90.0,multi_wall_linear,85.12661974420003,-4.873380255799972,4.873380255799972,random,33,random
PL_Comms_C2.csv::L-23,Comms,C2,PL_Comms_C2.csv,L-23,9.299259379,89.0,multi_wall_linear,86.02731224348574,-2.9726877565142615,2.9726877565142615,random,33,random
PL_SSE_C2.csv::M-5,SSE,C2,PL_SSE_C2.csv,M-5,5.241776893,77.0,multi_wall_linear,76.33119721365068,-0.6688027863493176,0.6688027863493176,random,33,random
PL_Library_C1.csv::P-14,Library,C1,PL_Library_C1.csv,P-14,3.8325,80.0,multi_wall_linear,68.72426069420443,-11.275739305795568,11.275739305795568,random,33,random
PL_Comms_C2.csv::F-21,Comms,C2,PL_Comms_C2.csv,F-21,8.153295346,82.0,multi_wall_linear,84.73418786532982,2.7341878653298153,2.7341878653298153,random,33,random
PL_Library_C2.csv::N-10,Library,C2,PL_Library_C2.csv,N-10,8.220287404,71.0,multi_wall_linear,78.24022829407546,7.2402282940754645,7.2402282940754645,random,33,random
PL_Comms_C2.csv::G-7,Comms,C2,PL_Comms_C2.csv,G-7,22.12410959,92.0,multi_wall_linear,102.70917156793213,10.709171567932131,10.709171567932131,random,33,random
PL_Library_C2.csv::M-24,Library,C2,PL_Library_C2.csv,M-24,10.99171734,78.0,multi_wall_linear,87.20279896292698,9.202798962926977,9.202798962926977,random,33,random
PL_Comms_C2.csv::E-3,Comms,C2,PL_Comms_C2.csv,E-3,26.02837346,110.0,multi_wall_linear,116.48501207952128,6.485012079521283,6.485012079521283,random,33,random
PL_Comms_C1.csv::M-38,Comms,C1,PL_Comms_C1.csv,M-38,12.04159458,100.0,multi_wall_linear,100.52286477077165,0.5228647707716476,0.5228647707716476,random,33,random
PL_SSE_C2.csv::G-6,SSE,C2,PL_SSE_C2.csv,G-6,8.153295346,87.0,multi_wall_linear,77.93280121709347,-9.06719878290653,9.06719878290653,random,33,random
PL_Comms_C1.csv::P-43,Comms,C1,PL_Comms_C1.csv,P-43,17.80449381,105.0,multi_wall_linear,100.57334031299982,-4.426659687000182,4.426659687000182,random,33,random
PL_Comms_C1.csv::A-15,Comms,C1,PL_Comms_C1.csv,A-15,14.56021978,90.0,multi_wall_linear,96.54529108899536,6.545291088995356,6.545291088995356,random,33,random
PL_Comms_C2.csv::N-17,Comms,C2,PL_Comms_C2.csv,N-17,15.04912705,93.0,multi_wall_linear,88.75147679144831,-4.248523208551688,4.248523208551688,random,33,random
PL_Comms_C1.csv::K-46,Comms,C1,PL_Comms_C1.csv,K-46,18.02775638,106.0,multi_wall_linear,102.70502693396706,-3.294973066032938,3.294973066032938,random,33,random
PL_SSE_C2.csv::L-5,SSE,C2,PL_SSE_C2.csv,L-5,5.520527602,82.0,multi_wall_linear,76.8406581064701,-5.1593418935298985,5.1593418935298985,random,33,random
PL_SSE_C1.csv::F-1,SSE,C1,PL_SSE_C1.csv,F-1,12.04159458,86.0,multi_wall_linear,94.67780214780723,8.677802147807228,8.677802147807228,random,33,random
PL_Comms_C2.csv::D-55,Comms,C2,PL_Comms_C2.csv,D-55,26.04757618,118.0,multi_wall_linear,116.45129352439311,-1.5487064756068918,1.5487064756068918,random,33,random
PL_Comms_C2.csv::G-46,Comms,C2,PL_Comms_C2.csv,G-46,17.16030958,96.0,multi_wall_linear,96.1107390621114,0.11073906211140638,0.11073906211140638,random,33,random
PL_SSE_C1.csv::A-7,SSE,C1,PL_SSE_C1.csv,A-7,13.34166406,106.0,multi_wall_linear,88.88451262820216,-17.11548737179784,17.11548737179784,random,33,random
PL_Comms_C2.csv::C-47,Comms,C2,PL_Comms_C2.csv,C-47,18.15147997,102.0,multi_wall_linear,104.7814321454012,2.7814321454011974,2.7814321454011974,random,33,random
PL_Library_C2.csv::O-14,Library,C2,PL_Library_C2.csv,O-14,3.264406531,81.0,multi_wall_linear,69.40110465456921,-11.59889534543079,11.59889534543079,random,33,random
PL_Comms_C2.csv::G-30,Comms,C2,PL_Comms_C2.csv,G-30,2.544842824,84.0,multi_wall_linear,67.21701231674973,-16.78298768325027,16.78298768325027,random,33,random
PL_Library_C1.csv::T-14,Library,C1,PL_Library_C1.csv,T-14,8.5698,71.0,multi_wall_linear,75.699678621044,4.699678621044001,4.699678621044001,random,33,random
PL_Comms_C2.csv::O-20,Comms,C2,PL_Comms_C2.csv,O-20,13.50837611,89.0,multi_wall_linear,89.69860028445984,0.6986002844598431,0.6986002844598431,random,33,random
PL_Comms_C1.csv::I-11,Comms,C1,PL_Comms_C1.csv,I-11,18.43908891,104.0,multi_wall_linear,96.81745169248009,-7.182548307519909,7.182548307519909,random,33,random
PL_Comms_C2.csv::K-38,Comms,C2,PL_Comms_C2.csv,K-38,10.88467845,99.0,multi_wall_linear,95.69374791732473,-3.3062520826752717,3.3062520826752717,random,33,random
PL_Comms_C1.csv::I-23,Comms,C1,PL_Comms_C1.csv,I-23,7.211102551,82.0,multi_wall_linear,81.51757416146438,-0.4824258385356188,0.4824258385356188,random,33,random
PL_Comms_C2.csv::D-54,Comms,C2,PL_Comms_C2.csv,D-54,25.04947554,111.0,multi_wall_linear,116.06711176527,5.067111765269999,5.067111765269999,random,33,random
PL_Comms_C2.csv::K-24,Comms,C2,PL_Comms_C2.csv,K-24,7.904190344,92.0,multi_wall_linear,84.42908748299917,-7.570912517000835,7.570912517000835,random,33,random
PL_Comms_C2.csv::D-57,Comms,C2,PL_Comms_C2.csv,D-57,28.04418344,110.0,multi_wall_linear,117.17750296969821,7.17750296969821,7.17750296969821,random,33,random
PL_Comms_C2.csv::F-34,Comms,C2,PL_Comms_C2.csv,F-34,5.241776893,93.0,multi_wall_linear,76.33119721365068,-16.668802786349318,16.668802786349318,random,33,random
PL_Library_C2.csv::M-19,Library,C2,PL_Library_C2.csv,M-19,4.45381578,76.0,multi_wall_linear,70.20156439719851,-5.79843560280149,5.79843560280149,random,33,random
PL_Comms_C1.csv::A-11,Comms,C1,PL_Comms_C1.csv,A-11,18.43908891,105.0,multi_wall_linear,104.97697931719651,-0.0230206828034909,0.0230206828034909,random,33,random
PL_Library_C1.csv::B-10,Library,C1,PL_Library_C1.csv,B-10,18.1792,93.0,multi_wall_linear,89.04351619410897,-3.9564838058910254,3.9564838058910254,random,33,random
PL_Library_C2.csv::M-14,Library,C2,PL_Library_C2.csv,M-14,3.264406531,83.0,multi_wall_linear,67.14670787541844,-15.853292124581557,15.853292124581557,random,33,random
PL_Comms_C2.csv::B-22,Comms,C2,PL_Comms_C2.csv,B-22,7.712083052,83.0,multi_wall_linear,84.18715657262392,1.1871565726239197,1.1871565726239197,random,33,random
PL_SSE_C2.csv::A-6,SSE,C2,PL_SSE_C2.csv,A-6,13.65562979,106.0,multi_wall_linear,86.59448497702067,-19.40551502297933,19.40551502297933,random,33,random
PL_Comms_C1.csv::D-25,Comms,C1,PL_Comms_C1.csv,D-25,4.123105626,75.0,multi_wall_linear,73.97081832820913,-1.029181671790866,1.029181671790866,random,33,random
PL_Comms_C1.csv::B-14,Comms,C1,PL_Comms_C1.csv,B-14,15.29705854,98.0,multi_wall_linear,97.03070636697143,-0.9692936330285704,0.9692936330285704,random,33,random
PL_Library_C2.csv::T-19,Library,C2,PL_Library_C2.csv,T-19,9.17046073,73.0,multi_wall_linear,76.8343897973833,3.834389797383295,3.834389797383295,random,33,random
PL_SSE_C2.csv::B-5,SSE,C2,PL_SSE_C2.csv,B-5,13.05665443,100.0,multi_wall_linear,90.6813409979818,-9.318659002018194,9.318659002018194,random,33,random
PL_Comms_C1.csv::D-45,Comms,C1,PL_Comms_C1.csv,D-45,16.03121954,114.0,multi_wall_linear,103.56007197839305,-10.439928021606946,10.439928021606946,random,33,random
PL_Comms_C2.csv::P-56,Comms,C2,PL_Comms_C2.csv,P-56,29.18006554,123.0,multi_wall_linear,117.5679060238908,-5.432093976109201,5.432093976109201,random,33,random
PL_Library_C1.csv::E-1,Library,C1,PL_Library_C1.csv,E-1,23.7028,80.0,multi_wall_linear,86.64019499153625,6.640194991536248,6.640194991536248,random,33,random
PL_Comms_C2.csv::F-26,Comms,C2,PL_Comms_C2.csv,F-26,3.387657745,77.0,multi_wall_linear,72.03900723237295,-4.960992767627047,4.960992767627047,random,33,random
PL_Comms_C1.csv::L-32,Comms,C1,PL_Comms_C1.csv,L-32,7.615773106,100.0,multi_wall_linear,84.10456079503182,-15.895439204968184,15.895439204968184,random,33,random
PL_Comms_C2.csv::P-52,Comms,C2,PL_Comms_C2.csv,P-52,25.5240323,117.0,multi_wall_linear,114.24249329686293,-2.757506703137068,2.757506703137068,random,33,random
PL_Comms_C2.csv::O-57,Comms,C2,PL_Comms_C2.csv,O-57,29.75695255,123.0,multi_wall_linear,117.76040103363275,-5.239598966367254,5.239598966367254,random,33,random
PL_Comms_C1.csv::K-41,Comms,C1,PL_Comms_C1.csv,K-41,13.41640786,94.0,multi_wall_linear,97.74998551575935,3.7499855157593487,3.7499855157593487,random,33,random
PL_Comms_C2.csv::O-38,Comms,C2,PL_Comms_C2.csv,O-38,13.50837611,106.0,multi_wall_linear,101.65306610915927,-4.346933890840731,4.346933890840731,random,33,random
PL_Comms_C1.csv::J-29,Comms,C1,PL_Comms_C1.csv,J-29,5.0,76.0,multi_wall_linear,77.91699544652975,1.9169954465297536,1.9169954465297536,random,33,random
PL_Comms_C2.csv::D-16,Comms,C2,PL_Comms_C2.csv,D-16,13.09489309,92.0,multi_wall_linear,95.50232797350745,3.502327973507448,3.502327973507448,random,33,random
PL_Library_C2.csv::Q-7,Library,C2,PL_Library_C2.csv,Q-7,12.91195086,93.0,multi_wall_linear,82.92181465373115,-10.078185346268853,10.078185346268853,random,33,random
PL_Library_C2.csv::Q-14,Library,C2,PL_Library_C2.csv,Q-14,5.034337096,65.0,multi_wall_linear,71.40627381056399,6.406273810563988,6.406273810563988,random,33,random
PL_Comms_C2.csv::C-22,Comms,C2,PL_Comms_C2.csv,C-22,7.380801108,86.0,multi_wall_linear,83.75544042696845,-2.2445595730315517,2.2445595730315517,random,33,random
PL_SSE_C2.csv::M-8,SSE,C2,PL_SSE_C2.csv,M-8,2.544842824,76.0,multi_wall_linear,65.16688789376832,-10.833112106231681,10.833112106231681,random,33,random
PL_Comms_C2.csv::E-49,Comms,C2,PL_Comms_C2.csv,E-49,20.03687164,101.0,multi_wall_linear,105.75312030420552,4.753120304205524,4.753120304205524,random,33,random
PL_Comms_C2.csv::M-36,Comms,C2,PL_Comms_C2.csv,M-36,10.69935629,91.0,multi_wall_linear,95.30152455444625,4.301524554446246,4.301524554446246,random,33,random
PL_SSE_C1.csv::N-8,SSE,C1,PL_SSE_C1.csv,N-8,2.0,63.0,multi_wall_linear,62.797975809916394,-0.2020241900836055,0.2020241900836055,random,33,random
PL_Comms_C1.csv::O-26,Comms,C1,PL_Comms_C1.csv,O-26,10.44030651,95.0,multi_wall_linear,89.2154658859061,-5.784534114093901,5.784534114093901,random,33,random
PL_Library_C1.csv::P-8,Library,C1,PL_Library_C1.csv,P-8,11.1736,74.0,multi_wall_linear,81.50001089577353,7.500010895773528,7.500010895773528,random,33,random
PL_Comms_C2.csv::L-20,Comms,C2,PL_Comms_C2.csv,L-20,11.46630826,93.0,multi_wall_linear,86.07789580160178,-6.922104198398216,6.922104198398216,random,33,random
PL_Library_C2.csv::K-11,Library,C2,PL_Library_C2.csv,K-11,7.993814796,80.0,multi_wall_linear,75.95278123079736,-4.047218769202644,4.047218769202644,random,33,random
PL_Comms_C2.csv::M-42,Comms,C2,PL_Comms_C2.csv,M-42,15.31261653,110.0,multi_wall_linear,99.04985606823142,-10.95014393176858,10.95014393176858,random,33,random
PL_Comms_C2.csv::G-44,Comms,C2,PL_Comms_C2.csv,G-44,15.18144344,86.0,multi_wall_linear,94.90598414242936,8.90598414242936,8.90598414242936,random,33,random
PL_Library_C1.csv::P-18,Library,C1,PL_Library_C1.csv,P-18,3.8325,64.0,multi_wall_linear,69.19287362914439,5.192873629144387,5.192873629144387,random,33,random
PL_Comms_C2.csv::F-33,Comms,C2,PL_Comms_C2.csv,F-33,4.298397957,75.0,multi_wall_linear,78.4394887893615,3.439488789361505,3.439488789361505,random,33,random
PL_Library_C2.csv::O-5,Library,C2,PL_Library_C2.csv,O-5,15.01570095,81.0,multi_wall_linear,84.16434662203415,3.164346622034145,3.164346622034145,random,33,random
PL_Comms_C1.csv::J-55,Comms,C1,PL_Comms_C1.csv,J-55,26.47640459,104.0,multi_wall_linear,104.43401763574708,0.4340176357470824,0.4340176357470824,random,33,random
PL_Comms_C2.csv::N-24,Comms,C2,PL_Comms_C2.csv,N-24,10.36707408,80.0,multi_wall_linear,91.15540673845194,11.155406738451944,11.155406738451944,random,33,random
PL_Library_C1.csv::D-9,Library,C1,PL_Library_C1.csv,D-9,16.5399,83.0,multi_wall_linear,82.86056848301448,-0.1394315169855247,0.1394315169855247,random,33,random
PL_Comms_C2.csv::A-32,Comms,C2,PL_Comms_C2.csv,A-32,5.14550532,78.0,multi_wall_linear,76.14892873167334,-1.8510712683266632,1.8510712683266632,random,33,random
PL_Comms_C2.csv::A-31,Comms,C2,PL_Comms_C2.csv,A-31,4.634244814,73.0,multi_wall_linear,75.11993295446284,2.11993295446284,2.11993295446284,random,33,random
PL_Library_C1.csv::I-5,Library,C1,PL_Library_C1.csv,I-5,16.3725,87.0,multi_wall_linear,82.76054484412434,-4.23945515587566,4.23945515587566,random,33,random
PL_SSE_C2.csv::K-5,SSE,C2,PL_SSE_C2.csv,K-5,5.956192156,83.0,multi_wall_linear,77.5875301315659,-5.412469868434101,5.412469868434101,random,33,random
PL_Comms_C2.csv::D-51,Comms,C2,PL_Comms_C2.csv,D-51,22.05620604,112.0,multi_wall_linear,110.75653400936363,-1.2434659906363663,1.2434659906363663,random,33,random
PL_Comms_C1.csv::N-53,Comms,C1,PL_Comms_C1.csv,N-53,25.63201124,108.0,multi_wall_linear,114.28400263040442,6.284002630404416,6.284002630404416,random,33,random
PL_Comms_C2.csv::B-11,Comms,C2,PL_Comms_C2.csv,B-11,18.28869118,111.0,multi_wall_linear,104.89645036773113,-6.103549632268866,6.103549632268866,random,33,random
PL_Comms_C1.csv::F-7,Comms,C1,PL_Comms_C1.csv,F-7,22.02271555,97.0,multi_wall_linear,106.72328381744646,9.723283817446458,9.723283817446458,random,33,random
PL_Comms_C2.csv::F-29,Comms,C2,PL_Comms_C2.csv,F-29,1.573602555,71.0,multi_wall_linear,62.49041847460093,-8.50958152539907,8.50958152539907,random,33,random
PL_Comms_C2.csv::C-51,Comms,C2,PL_Comms_C2.csv,C-51,22.12410959,109.0,multi_wall_linear,110.7867590582301,1.7867590582301034,1.7867590582301034,random,33,random
PL_Comms_C2.csv::G-39,Comms,C2,PL_Comms_C2.csv,G-39,10.27016188,85.0,multi_wall_linear,87.00377876358357,2.0037787635835684,2.0037787635835684,random,33,random
PL_SSE_C2.csv::E-1,SSE,C2,PL_SSE_C2.csv,E-1,12.78578214,97.0,multi_wall_linear,93.21731467799887,-3.7826853220011287,3.7826853220011287,random,33,random
PL_Comms_C1.csv::B-37,Comms,C1,PL_Comms_C1.csv,B-37,8.544003745,86.0,multi_wall_linear,89.25371135641852,3.2537113564185205,3.2537113564185205,random,33,random
PL_Library_C2.csv::R-12,Library,C2,PL_Library_C2.csv,R-12,7.760736112,71.0,multi_wall_linear,75.6618226151445,4.6618226151445015,4.6618226151445015,random,33,random
PL_Comms_C1.csv::P-55,Comms,C1,PL_Comms_C1.csv,P-55,28.23118843,114.0,multi_wall_linear,119.29297646464778,5.292976464647779,5.292976464647779,random,33,random
PL_Comms_C1.csv::J-50,Comms,C1,PL_Comms_C1.csv,J-50,21.58703314,107.0,multi_wall_linear,102.42656151028156,-4.573438489718441,4.573438489718441,random,33,random
PL_Comms_C2.csv::J-46,Comms,C2,PL_Comms_C2.csv,J-46,17.7616504,115.0,multi_wall_linear,104.56795982102568,-10.432040178974319,10.432040178974319,random,33,random
PL_Library_C1.csv::A-10,Library,C1,PL_Library_C1.csv,A-10,19.4006,84.0,multi_wall_linear,89.68289678310578,5.682896783105775,5.682896783105775,random,33,random
PL_Comms_C2.csv::F-30,Comms,C2,PL_Comms_C2.csv,F-30,1.86446373,69.0,direct_rf,73.51193055555552,4.511930555555523,4.511930555555523,random,33,random
PL_Library_C1.csv::D-16,Library,C1,PL_Library_C1.csv,D-16,13.55,79.0,direct_rf,83.79763690476193,4.79763690476193,4.79763690476193,random,33,random
PL_Comms_C2.csv::K-47,Comms,C2,PL_Comms_C2.csv,K-47,19.01252811,115.0,direct_rf,106.68791468253968,-8.312085317460316,8.312085317460316,random,33,random
PL_Comms_C2.csv::B-34,Comms,C2,PL_Comms_C2.csv,B-34,5.956192156,84.0,direct_rf,81.15585335497835,-2.8441466450216524,2.8441466450216524,random,33,random
PL_Library_C2.csv::V-14,Library,C2,PL_Library_C2.csv,V-14,11.23948064,75.0,direct_rf,77.53600599074129,2.5360059907412875,2.5360059907412875,random,33,random
PL_SSE_C2.csv::N-6,SSE,C2,PL_SSE_C2.csv,N-6,4.180457511,72.0,direct_rf,76.71344719169718,4.713447191697185,4.713447191697185,random,33,random
PL_Library_C2.csv::O-4,Library,C2,PL_Library_C2.csv,O-4,16.36153569,92.0,direct_rf,81.4404365079365,-10.559563492063504,10.559563492063504,random,33,random
PL_Comms_C2.csv::I-35,Comms,C2,PL_Comms_C2.csv,I-35,7.312744013,89.0,direct_rf,86.45508928571431,-2.5449107142856917,2.5449107142856917,random,33,random
PL_Comms_C1.csv::B-47,Comms,C1,PL_Comms_C1.csv,B-47,18.24828759,102.0,direct_rf,106.74394047619052,4.743940476190517,4.743940476190517,random,33,random
PL_Comms_C1.csv::C-25,Comms,C1,PL_Comms_C1.csv,C-25,4.472135955,70.0,direct_rf,70.6171504329004,0.6171504329004023,0.6171504329004023,random,33,random
PL_Comms_C1.csv::H-48,Comms,C1,PL_Comms_C1.csv,H-48,19.23538406,86.0,direct_rf,86.68366923436041,0.6836692343604085,0.6836692343604085,random,33,random
PL_Comms_C1.csv::G-50,Comms,C1,PL_Comms_C1.csv,G-50,21.09502311,90.0,direct_rf,100.15917857142857,10.15917857142857,10.15917857142857,random,33,random
PL_SSE_C2.csv::E-7,SSE,C2,PL_SSE_C2.csv,E-7,9.564320415,94.0,direct_rf,88.81228373015874,-5.18771626984126,5.18771626984126,random,33,random
PL_Library_C1.csv::V-20,Library,C1,PL_Library_C1.csv,V-20,12.1195,73.0,direct_rf,73.23577645502647,0.2357764550264676,0.2357764550264676,random,33,random
PL_Comms_C1.csv::O-23,Comms,C1,PL_Comms_C1.csv,O-23,11.66190379,96.0,direct_rf,92.45792261904761,-3.542077380952392,3.542077380952392,random,33,random
PL_Comms_C1.csv::F-27,Comms,C1,PL_Comms_C1.csv,F-27,2.236067977,76.0,direct_rf,67.33003968253965,-8.669960317460351,8.669960317460351,random,33,random
PL_Comms_C2.csv::K-36,Comms,C2,PL_Comms_C2.csv,K-36,9.299259379,82.0,direct_rf,87.8216547619047,5.821654761904696,5.821654761904696,random,33,random
PL_Library_C1.csv::R-13,Library,C1,PL_Library_C1.csv,R-13,6.775,74.0,direct_rf,70.63089765278583,-3.3691023472141666,3.3691023472141666,random,33,random
PL_Comms_C2.csv::H-49,Comms,C2,PL_Comms_C2.csv,H-49,20.26021286,94.0,direct_rf,110.16164285714284,16.161642857142837,16.161642857142837,random,33,random
PL_Comms_C1.csv::M-57,Comms,C1,PL_Comms_C1.csv,M-57,29.12043956,104.0,direct_rf,104.65347582972585,0.6534758297258492,0.6534758297258492,random,33,random
PL_Comms_C2.csv::E-16,Comms,C2,PL_Comms_C2.csv,E-16,13.05665443,94.0,direct_rf,96.45459126984126,2.4545912698412593,2.4545912698412593,random,33,random
PL_Library_C2.csv::M-26,Library,C2,PL_Library_C2.csv,M-26,13.67167693,80.0,direct_rf,83.93742857142861,3.9374285714286117,3.9374285714286117,random,33,random
PL_Comms_C2.csv::C-56,Comms,C2,PL_Comms_C2.csv,C-56,27.10122184,118.0,direct_rf,115.7307123015873,-2.269287698412697,2.269287698412697,random,33,random
PL_Library_C1.csv::V-13,Library,C1,PL_Library_C1.csv,V-13,11.5771,77.0,direct_rf,73.50353602552131,-3.4964639744786865,3.4964639744786865,random,33,random
PL_Comms_C2.csv::A-24,Comms,C2,PL_Comms_C2.csv,A-24,6.517378691,91.0,direct_rf,77.74446428571429,-13.255535714285713,13.255535714285713,random,33,random
PL_Library_C2.csv::P-19,Library,C2,PL_Library_C2.csv,P-19,5.034337096,70.0,direct_rf,70.56703968253966,0.567039682539658,0.567039682539658,random,33,random
PL_Comms_C1.csv::K-47,Comms,C1,PL_Comms_C1.csv,K-47,18.97366596,104.0,direct_rf,104.33506944444443,0.33506944444442865,0.33506944444442865,random,33,random
PL_Comms_C1.csv::N-24,Comms,C1,PL_Comms_C1.csv,N-24,10.29563014,90.0,direct_rf,86.26803769841267,-3.7319623015873304,3.7319623015873304,random,33,random
PL_Library_C2.csv::A-8,Library,C2,PL_Library_C2.csv,A-8,20.71883322,90.0,direct_rf,88.87103174603176,-1.1289682539682389,1.1289682539682389,random,33,random
PL_Library_C2.csv::T-11,Library,C2,PL_Library_C2.csv,T-11,10.65240583,75.0,direct_rf,74.98180402236648,-0.018195977633524762,0.018195977633524762,random,33,random
PL_Library_C2.csv::C-15,Library,C2,PL_Library_C2.csv,C-15,15.01570095,82.0,direct_rf,80.62262283549784,-1.377377164502164,1.377377164502164,random,33,random
PL_Comms_C1.csv::K-39,Comms,C1,PL_Comms_C1.csv,K-39,11.66190379,92.0,direct_rf,95.44779761904759,3.4477976190475914,3.4477976190475914,random,33,random
PL_Comms_C1.csv::K-36,Comms,C1,PL_Comms_C1.csv,K-36,9.219544457,86.0,direct_rf,85.15999404761901,-0.8400059523809915,0.8400059523809915,random,33,random
PL_Comms_C2.csv::I-6,Comms,C2,PL_Comms_C2.csv,I-6,23.37683094,100.0,direct_rf,98.8984345238095,-1.1015654761905012,1.1015654761905012,random,33,random
PL_Comms_C2.csv::M-28,Comms,C2,PL_Comms_C2.csv,M-28,8.153295346,77.0,direct_rf,84.77963095238094,7.779630952380941,7.779630952380941,random,33,random
PL_Comms_C2.csv::M-40,Comms,C2,PL_Comms_C2.csv,M-40,13.65562979,97.0,direct_rf,94.2582738095238,-2.7417261904762,2.7417261904762,random,33,random
PL_Library_C2.csv::G-10,Library,C2,PL_Library_C2.csv,G-10,12.55142821,83.0,direct_rf,81.82722344322343,-1.1727765567765687,1.1727765567765687,random,33,random
PL_Comms_C1.csv::B-12,Comms,C1,PL_Comms_C1.csv,B-12,17.2626765,114.0,direct_rf,108.72891666666666,-5.271083333333337,5.271083333333337,random,33,random
PL_Comms_C2.csv::N-52,Comms,C2,PL_Comms_C2.csv,N-52,24.72804531,106.0,direct_rf,113.91694047619046,7.916940476190462,7.916940476190462,random,33,random
PL_Comms_C1.csv::E-40,Comms,C1,PL_Comms_C1.csv,E-40,11.0,99.0,direct_rf,90.40433928571427,-8.595660714285728,8.595660714285728,random,33,random
PL_Comms_C1.csv::G-44,Comms,C1,PL_Comms_C1.csv,G-44,15.13274595,87.0,direct_rf,95.37015476190477,8.370154761904772,8.370154761904772,random,33,random
PL_Library_C2.csv::V-8,Library,C2,PL_Library_C2.csv,V-8,15.37814765,89.0,direct_rf,83.95914087301584,-5.040859126984159,5.040859126984159,random,33,random
PL_Comms_C2.csv::D-37,Comms,C2,PL_Comms_C2.csv,D-37,8.153295346,86.0,direct_rf,91.32490674603179,5.324906746031786,5.324906746031786,random,33,random
PL_Comms_C2.csv::F-54,Comms,C2,PL_Comms_C2.csv,F-54,25.04947554,89.0,direct_rf,95.90863690476193,6.908636904761934,6.908636904761934,random,33,random
PL_Library_C1.csv::Q-5,Library,C1,PL_Library_C1.csv,Q-5,15.4494,88.0,direct_rf,86.99128571428571,-1.0087142857142908,1.0087142857142908,random,33,random
PL_Comms_C2.csv::O-53,Comms,C2,PL_Comms_C2.csv,O-53,26.02837346,116.0,direct_rf,115.27851388888887,-0.7214861111111333,0.7214861111111333,random,33,random
PL_Comms_C1.csv::J-22,Comms,C1,PL_Comms_C1.csv,J-22,8.602325267,78.0,direct_rf,85.62011111111114,7.620111111111143,7.620111111111143,random,33,random
PL_Comms_C1.csv::B-29,Comms,C1,PL_Comms_C1.csv,B-29,3.0,68.0,direct_rf,65.78071428571428,-2.219285714285718,2.219285714285718,random,33,random
PL_Comms_C2.csv::I-21,Comms,C2,PL_Comms_C2.csv,I-21,9.026418171,95.0,direct_rf,93.44211309523811,-1.5578869047618866,1.5578869047618866,random,33,random
PL_Comms_C1.csv::C-42,Comms,C1,PL_Comms_C1.csv,C-42,13.15294644,105.0,direct_rf,97.82072619047618,-7.179273809523821,7.179273809523821,random,33,random
PL_Library_C1.csv::P-21,Library,C1,PL_Library_C1.csv,P-21,7.2969,72.0,direct_rf,69.4487403846154,-2.551259615384595,2.551259615384595,random,33,random
PL_Library_C1.csv::B-9,Library,C1,PL_Library_C1.csv,B-9,18.8243,80.0,direct_rf,83.35739087301589,3.3573908730158877,3.3573908730158877,random,33,random
PL_Library_C2.csv::N-23,Library,C2,PL_Library_C2.csv,N-23,9.562502288,90.0,direct_rf,76.92305968010751,-13.076940319892486,13.076940319892486,random,33,random
PL_Comms_C1.csv::E-41,Comms,C1,PL_Comms_C1.csv,E-41,12.0,97.0,direct_rf,96.44065476190474,-0.5593452380952613,0.5593452380952613,random,33,random
PL_Comms_C1.csv::F-42,Comms,C1,PL_Comms_C1.csv,F-42,13.03840481,95.0,direct_rf,99.13703571428569,4.1370357142856875,4.1370357142856875,random,33,random
PL_SSE_C1.csv::D-2,SSE,C1,PL_SSE_C1.csv,D-2,12.80624847,91.0,direct_rf,95.91230952380951,4.912309523809512,4.912309523809512,random,33,random
PL_Library_C2.csv::C-7,Library,C2,PL_Library_C2.csv,C-7,19.29645758,85.0,direct_rf,90.18489141414142,5.184891414141418,5.184891414141418,random,33,random
PL_Comms_C2.csv::A-25,Comms,C2,PL_Comms_C2.csv,A-25,5.78586424,82.0,direct_rf,79.095496031746,-2.904503968254005,2.904503968254005,random,33,random
PL_Comms_C2.csv::F-41,Comms,C2,PL_Comms_C2.csv,F-41,12.10273626,88.0,direct_rf,87.83814682539679,-0.16185317460320903,0.16185317460320903,random,33,random
PL_Comms_C2.csv::G-52,Comms,C2,PL_Comms_C2.csv,G-52,23.11874186,91.0,direct_rf,92.96244642857143,1.9624464285714254,1.9624464285714254,random,33,random
PL_Library_C1.csv::M-15,Library,C1,PL_Library_C1.csv,M-15,1.9163,72.0,direct_rf,56.13224603174603,-15.867753968253972,15.867753968253972,random,33,random
PL_Library_C1.csv::W-15,Library,C1,PL_Library_C1.csv,W-15,12.27,69.0,direct_rf,81.60051785714286,12.600517857142862,12.600517857142862,random,33,random
PL_SSE_C2.csv::D-3,SSE,C2,PL_SSE_C2.csv,D-3,12.26687511,96.0,direct_rf,95.97746031746034,-0.022539682539658656,0.022539682539658656,random,33,random
PL_Library_C1.csv::V-19,Library,C1,PL_Library_C1.csv,V-19,11.5771,71.0,direct_rf,77.09467888266417,6.094678882664169,6.094678882664169,random,33,random
PL_SSE_C1.csv::H-1,SSE,C1,PL_SSE_C1.csv,H-1,10.81665383,89.0,direct_rf,88.14886372180452,-0.851136278195483,0.851136278195483,random,33,random
PL_Comms_C1.csv::B-13,Comms,C1,PL_Comms_C1.csv,B-13,16.2788206,94.0,direct_rf,95.20934668109672,1.2093466810967186,1.2093466810967186,random,33,random
PL_Comms_C1.csv::O-43,Comms,C1,PL_Comms_C1.csv,O-43,17.20465053,109.0,direct_rf,107.13786706349205,-1.8621329365079475,1.8621329365079475,random,33,random
PL_Comms_C1.csv::J-46,Comms,C1,PL_Comms_C1.csv,J-46,17.72004515,105.0,direct_rf,108.82259920634925,3.8225992063492527,3.8225992063492527,random,33,random
PL_Comms_C2.csv::K-21,Comms,C2,PL_Comms_C2.csv,K-21,10.07354084,87.0,direct_rf,84.89969047619046,-2.1003095238095426,2.1003095238095426,random,33,random
PL_Comms_C1.csv::J-13,Comms,C1,PL_Comms_C1.csv,J-13,16.76305461,99.0,direct_rf,99.51160263347764,0.5116026334776365,0.5116026334776365,random,33,random
PL_Library_C2.csv::Q-18,Library,C2,PL_Library_C2.csv,Q-18,5.034337096,66.0,direct_rf,75.27457925407927,9.27457925407927,9.27457925407927,random,33,random
PL_Comms_C1.csv::C-57,Comms,C1,PL_Comms_C1.csv,C-57,28.0713377,110.0,direct_rf,112.6332797619048,2.6332797619048023,2.6332797619048023,random,33,random
PL_Library_C2.csv::A-4,Library,C2,PL_Library_C2.csv,A-4,24.0031675,91.0,direct_rf,96.1048502886003,5.1048502886003035,5.1048502886003035,random,33,random
PL_Library_C1.csv::M-14,Library,C1,PL_Library_C1.csv,M-14,3.0299,72.0,direct_rf,64.82892460317461,-7.171075396825387,7.171075396825387,random,33,random
PL_SSE_C1.csv::K-6,SSE,C1,PL_SSE_C1.csv,K-6,5.0,70.0,direct_rf,73.36985551948054,3.369855519480538,3.369855519480538,random,33,random
PL_Comms_C2.csv::G-19,Comms,C2,PL_Comms_C2.csv,G-19,10.27016188,88.0,direct_rf,93.23948920401499,5.239489204014987,5.239489204014987,random,33,random
PL_Comms_C1.csv::H-20,Comms,C1,PL_Comms_C1.csv,H-20,9.486832981,83.0,direct_rf,82.33095238095237,-0.6690476190476318,0.6690476190476318,random,33,random
PL_Comms_C1.csv::C-18,Comms,C1,PL_Comms_C1.csv,C-18,11.18033989,89.0,direct_rf,91.78496049783551,2.784960497835513,2.784960497835513,random,33,random
PL_SSE_C1.csv::E-7,SSE,C1,PL_SSE_C1.csv,E-7,9.486832981,97.0,direct_rf,85.7224623015873,-11.2775376984127,11.2775376984127,random,33,random
PL_Comms_C2.csv::L-13,Comms,C2,PL_Comms_C2.csv,L-13,17.50646238,116.0,direct_rf,106.74150305750715,-9.258496942492854,9.258496942492854,random,33,random
PL_Library_C2.csv::C-16,Library,C2,PL_Library_C2.csv,C-16,14.95443914,81.0,direct_rf,82.5634900793651,1.5634900793650957,1.5634900793650957,random,33,random
PL_Comms_C2.csv::A-28,Comms,C2,PL_Comms_C2.csv,A-28,4.298397957,65.0,direct_rf,72.68973196248197,7.6897319624819716,7.6897319624819716,random,33,random
PL_SSE_C2.csv::C-5,SSE,C2,PL_SSE_C2.csv,C-5,12.14397896,101.0,direct_rf,93.99016071428571,-7.009839285714293,7.009839285714293,random,33,random
PL_Comms_C1.csv::L-49,Comms,C1,PL_Comms_C1.csv,L-49,21.1896201,112.0,direct_rf,108.27335317460313,-3.7266468253968696,3.7266468253968696,random,33,random
PL_SSE_C1.csv::N-6,SSE,C1,PL_SSE_C1.csv,N-6,4.0,67.0,direct_rf,76.42025198412699,9.420251984126992,9.420251984126992,random,33,random
PL_Comms_C1.csv::E-56,Comms,C1,PL_Comms_C1.csv,E-56,27.0,107.0,direct_rf,113.44186309523806,6.441863095238062,6.441863095238062,random,33,random
PL_Comms_C1.csv::B-20,Comms,C1,PL_Comms_C1.csv,B-20,9.486832981,93.0,direct_rf,83.09433531746035,-9.905664682539651,9.905664682539651,random,33,random
PL_Comms_C1.csv::F-34,Comms,C1,PL_Comms_C1.csv,F-34,5.099019514,91.0,direct_rf,71.40838690476191,-19.59161309523809,19.59161309523809,random,33,random
PL_Library_C1.csv::O-26,Library,C1,PL_Library_C1.csv,O-26,13.6176,88.0,direct_rf,79.79692582417582,-8.203074175824185,8.203074175824185,random,33,random
PL_Comms_C2.csv::G-23,Comms,C2,PL_Comms_C2.csv,G-23,6.440203801,80.0,direct_rf,77.22332539682537,-2.7766746031746266,2.7766746031746266,random,33,random
PL_Comms_C1.csv::H-2,Comms,C1,PL_Comms_C1.csv,H-2,27.16615541,101.0,direct_rf,100.17687500000004,-0.8231249999999619,0.8231249999999619,random,33,random
PL_Library_C2.csv::R-9,Library,C2,PL_Library_C2.csv,R-9,10.99171734,71.0,direct_rf,72.79010193972692,1.7901019397269238,1.7901019397269238,random,33,random
PL_Comms_C1.csv::N-27,Comms,C1,PL_Comms_C1.csv,N-27,9.219544457,82.0,direct_rf,80.35106349206346,-1.64893650793654,1.64893650793654,random,33,random
PL_Comms_C2.csv::K-25,Comms,C2,PL_Comms_C2.csv,K-25,7.312744013,79.0,direct_rf,90.92921626984135,11.929216269841348,11.929216269841348,random,33,random
PL_SSE_C1.csv::L-1,SSE,C1,PL_SSE_C1.csv,L-1,9.219544457,71.0,direct_rf,79.00073611111111,8.00073611111111,8.00073611111111,random,33,random
PL_SSE_C1.csv::E-2,SSE,C1,PL_SSE_C1.csv,E-2,12.04159458,96.0,direct_rf,91.33039070593153,-4.669609294068465,4.669609294068465,random,33,random
PL_Library_C2.csv::U-18,Library,C2,PL_Library_C2.csv,U-18,9.939092011,75.0,direct_rf,78.32863654401154,3.3286365440115446,3.3286365440115446,random,33,random
PL_SSE_C2.csv::I-1,SSE,C2,PL_SSE_C2.csv,I-1,10.36707408,86.0,direct_rf,92.6348630952381,6.634863095238103,6.634863095238103,random,33,random
PL_Comms_C2.csv::K-33,Comms,C2,PL_Comms_C2.csv,K-33,7.312744013,82.0,direct_rf,88.49858333333333,6.498583333333329,6.498583333333329,random,33,random
PL_Comms_C1.csv::O-37,Comms,C1,PL_Comms_C1.csv,O-37,12.80624847,90.0,direct_rf,95.27778968253972,5.277789682539719,5.277789682539719,random,33,random
PL_Library_C2.csv::H-13,Library,C2,PL_Library_C2.csv,H-13,9.17046073,74.0,direct_rf,76.89285630709162,2.89285630709162,2.89285630709162,random,33,random
PL_Library_C1.csv::G-6,Library,C1,PL_Library_C1.csv,G-6,16.5399,82.0,direct_rf,81.5593093711844,-0.4406906288156023,0.4406906288156023,random,33,random
PL_Comms_C1.csv::A-45,Comms,C1,PL_Comms_C1.csv,A-45,16.4924225,105.0,direct_rf,103.52619246031745,-1.4738075396825536,1.4738075396825536,random,33,random
PL_Comms_C1.csv::C-38,Comms,C1,PL_Comms_C1.csv,C-38,9.219544457,90.0,direct_rf,86.03031547619048,-3.9696845238095193,3.9696845238095193,random,33,random
PL_Comms_C1.csv::O-28,Comms,C1,PL_Comms_C1.csv,O-28,10.04987562,82.0,direct_rf,80.08404258241757,-1.9159574175824332,1.9159574175824332,random,33,random
PL_Library_C1.csv::J-2,Library,C1,PL_Library_C1.csv,J-2,19.7291,82.0,direct_rf,79.43654761904763,-2.56345238095237,2.56345238095237,random,33,random
PL_Comms_C1.csv::I-22,Comms,C1,PL_Comms_C1.csv,I-22,8.062257748,88.0,direct_rf,91.22266269841272,3.2226626984127194,3.2226626984127194,random,33,random
PL_Comms_C2.csv::G-43,Comms,C2,PL_Comms_C2.csv,G-43,14.1942321,89.0,direct_rf,95.00925396825397,6.009253968253972,6.009253968253972,random,33,random
PL_Comms_C2.csv::I-8,Comms,C2,PL_Comms_C2.csv,I-8,21.41205793,112.0,direct_rf,108.5504444444444,-3.4495555555556052,3.4495555555556052,random,33,random
PL_Comms_C2.csv::G-28,Comms,C2,PL_Comms_C2.csv,G-28,2.544842824,72.0,direct_rf,77.12273809523808,5.122738095238077,5.122738095238077,random,33,random
PL_Comms_C2.csv::D-27,Comms,C2,PL_Comms_C2.csv,D-27,2.544842824,72.0,direct_rf,71.38807738095242,-0.6119226190475757,0.6119226190475757,random,33,random
PL_Library_C2.csv::T-18,Library,C2,PL_Library_C2.csv,T-18,8.655473702,80.0,direct_rf,72.05517568542565,-7.944824314574348,7.944824314574348,random,33,random
PL_Comms_C1.csv::G-49,Comms,C1,PL_Comms_C1.csv,G-49,20.09975124,95.0,direct_rf,96.80976785714282,1.8097678571428162,1.8097678571428162,random,33,random
PL_Comms_C2.csv::G-6,Comms,C2,PL_Comms_C2.csv,G-6,23.11874186,91.0,direct_rf,94.80416666666667,3.8041666666666742,3.8041666666666742,random,33,random
PL_Comms_C1.csv::A-24,Comms,C1,PL_Comms_C1.csv,A-24,6.403124237,87.0,direct_rf,76.04826100288601,-10.951738997113992,10.951738997113992,random,33,random
PL_Library_C2.csv::F-2,Library,C2,PL_Library_C2.csv,F-2,21.88247529,94.0,direct_rf,93.02041666666672,-0.9795833333332808,0.9795833333332808,random,33,random
PL_Library_C1.csv::C-5,Library,C1,PL_Library_C1.csv,C-5,21.0789,74.0,direct_rf,83.35607121971597,9.356071219715972,9.356071219715972,random,33,random
PL_Comms_C1.csv::F-3,Comms,C1,PL_Comms_C1.csv,F-3,26.01922366,95.0,direct_rf,94.14453571428574,-0.8554642857142625,0.8554642857142625,random,33,random
PL_Library_C1.csv::R-9,Library,C1,PL_Library_C1.csv,R-9,10.9244,77.0,direct_rf,73.58420725108225,-3.4157927489177524,3.4157927489177524,random,33,random
PL_Library_C2.csv::L-15,Library,C2,PL_Library_C2.csv,L-15,3.264406531,71.0,direct_rf,70.76426495726493,-0.2357350427350724,0.2357350427350724,random,33,random
PL_Library_C2.csv::N-17,Library,C2,PL_Library_C2.csv,N-17,1.819958791,57.0,direct_rf,64.95586147186147,7.955861471861468,7.955861471861468,random,33,random
PL_SSE_C2.csv::G-9,SSE,C2,PL_SSE_C2.csv,G-9,7.174693373,84.0,direct_rf,81.11788095238094,-2.8821190476190566,2.8821190476190566,random,33,random
PL_Library_C2.csv::C-4,Library,C2,PL_Library_C2.csv,C-4,22.09123921,86.0,direct_rf,93.15416666666671,7.154166666666711,7.154166666666711,random,33,random
PL_Library_C1.csv::P-6,Library,C1,PL_Library_C1.csv,P-6,13.8183,87.0,direct_rf,80.69973412698413,-6.300265873015874,6.300265873015874,random,33,random
PL_Library_C1.csv::R-6,Library,C1,PL_Library_C1.csv,R-6,14.5938,76.0,direct_rf,82.73215277777774,6.732152777777742,6.732152777777742,random,33,random
PL_Comms_C2.csv::J-11,Comms,C2,PL_Comms_C2.csv,J-11,18.72101026,103.0,direct_rf,109.50876893052302,6.5087689305230185,6.5087689305230185,random,33,random
PL_Comms_C1.csv::C-39,Comms,C1,PL_Comms_C1.csv,C-39,10.19803903,85.0,direct_rf,87.41437499999996,2.414374999999964,2.414374999999964,random,33,random
PL_Library_C2.csv::Q-12,Library,C2,PL_Library_C2.csv,Q-12,6.883084338,75.0,direct_rf,73.53007837301588,-1.4699216269841173,1.4699216269841173,random,33,random
PL_Library_C2.csv::Q-21,Library,C2,PL_Library_C2.csv,Q-21,7.993814796,78.0,direct_rf,81.90327380952381,3.90327380952381,3.90327380952381,random,33,random
PL_Comms_C2.csv::I-2,Comms,C2,PL_Comms_C2.csv,I-2,27.32171709,106.0,direct_rf,104.86413095238095,-1.1358690476190532,1.1358690476190532,random,33,random
PL_Comms_C2.csv::M-51,Comms,C2,PL_Comms_C2.csv,M-51,23.44090922,117.0,direct_rf,116.45454365079371,-0.5454563492062903,0.5454563492062903,random,33,random
PL_SSE_C2.csv::L-3,SSE,C2,PL_SSE_C2.csv,L-3,7.380801108,73.0,direct_rf,78.57078769841269,5.570787698412687,5.570787698412687,random,33,random
PL_Comms_C1.csv::B-43,Comms,C1,PL_Comms_C1.csv,B-43,14.31782106,97.0,direct_rf,93.8441388888889,-3.1558611111110935,3.1558611111110935,random,33,random
PL_SSE_C1.csv::M-3,SSE,C1,PL_SSE_C1.csv,M-3,7.071067812,69.0,direct_rf,74.22776785714285,5.227767857142851,5.227767857142851,random,33,random
PL_Library_C2.csv::I-4,Library,C2,PL_Library_C2.csv,I-4,17.65685278,82.0,direct_rf,86.42245794930878,4.422457949308779,4.422457949308779,random,33,random
PL_Comms_C2.csv::B-35,Comms,C2,PL_Comms_C2.csv,B-35,6.817347358,78.0,direct_rf,84.05923214285714,6.059232142857141,6.059232142857141,random,33,random
PL_Library_C1.csv::V-21,Library,C1,PL_Library_C1.csv,V-21,12.783,79.0,direct_rf,76.04178174603175,-2.958218253968255,2.958218253968255,random,33,random
PL_Comms_C1.csv::G-28,Comms,C1,PL_Comms_C1.csv,G-28,2.236067977,62.0,direct_rf,67.33003968253965,5.330039682539649,5.330039682539649,random,33,random
PL_Comms_C1.csv::H-50,Comms,C1,PL_Comms_C1.csv,H-50,21.21320344,87.0,direct_rf,101.69146825396824,14.691468253968239,14.691468253968239,random,33,random
PL_SSE_C1.csv::H-8,SSE,C1,PL_SSE_C1.csv,H-8,6.32455532,73.0,direct_rf,76.26723484848485,3.267234848484847,3.267234848484847,random,33,random
PL_Comms_C2.csv::C-42,Comms,C2,PL_Comms_C2.csv,C-42,13.20894489,107.0,direct_rf,98.28578571428575,-8.714214285714249,8.714214285714249,random,33,random
PL_Comms_C2.csv::C-23,Comms,C2,PL_Comms_C2.csv,C-23,6.440203801,84.0,direct_rf,77.22332539682537,-6.7766746031746266,6.7766746031746266,random,33,random
PL_Comms_C2.csv::L-48,Comms,C2,PL_Comms_C2.csv,L-48,20.28487676,119.0,direct_rf,109.02994047619045,-9.970059523809553,9.970059523809553,random,33,random
PL_Library_C2.csv::C-8,Library,C2,PL_Library_C2.csv,C-8,18.46999865,83.0,direct_rf,87.59647276334776,4.596472763347762,4.596472763347762,random,33,random
PL_Comms_C1.csv::A-54,Comms,C1,PL_Comms_C1.csv,A-54,25.3179778,114.0,direct_rf,108.97912896825399,-5.020871031746012,5.020871031746012,random,33,random
PL_SSE_C2.csv::A-7,SSE,C2,PL_SSE_C2.csv,A-7,13.3968737,106.0,direct_rf,98.3502857142857,-7.649714285714296,7.649714285714296,random,33,random
PL_Library_C1.csv::S-12,Library,C1,PL_Library_C1.csv,S-12,8.6762,76.0,direct_rf,73.22429163059164,-2.7757083694083633,2.7757083694083633,random,33,random
PL_Comms_C2.csv::H-56,Comms,C2,PL_Comms_C2.csv,H-56,27.19331214,94.0,direct_rf,99.00912499999998,5.009124999999983,5.009124999999983,random,33,random
PL_Comms_C1.csv::E-22,Comms,C1,PL_Comms_C1.csv,E-22,7.0,87.0,direct_rf,83.38225198412697,-3.6177480158730333,3.6177480158730333,random,33,random
PL_Library_C2.csv::U-20,Library,C2,PL_Library_C2.csv,U-20,10.99171734,73.0,direct_rf,74.85876771512801,1.8587677151280104,1.8587677151280104,random,33,random
PL_Library_C2.csv::J-6,Library,C2,PL_Library_C2.csv,J-6,14.64428643,96.0,direct_rf,82.14488095238096,-13.855119047619041,13.855119047619041,random,33,random
PL_Comms_C1.csv::I-21,Comms,C1,PL_Comms_C1.csv,I-21,8.94427191,87.0,direct_rf,86.65297420634917,-0.347025793650829,0.347025793650829,random,33,random
PL_Comms_C2.csv::D-13,Comms,C2,PL_Comms_C2.csv,D-13,16.07719581,93.0,direct_rf,94.43979075591989,1.439790755919887,1.439790755919887,random,33,random
PL_Comms_C1.csv::D-38,Comms,C1,PL_Comms_C1.csv,D-38,9.055385138,92.0,direct_rf,84.9028154761905,-7.097184523809503,7.097184523809503,random,33,random
PL_Comms_C2.csv::N-51,Comms,C2,PL_Comms_C2.csv,N-51,23.80076102,115.0,direct_rf,114.11768452380953,-0.8823154761904703,0.8823154761904703,random,33,random
PL_Library_C1.csv::A-8,Library,C1,PL_Library_C1.csv,A-8,20.6832,88.0,direct_rf,83.1595396825397,-4.840460317460298,4.840460317460298,random,33,random
PL_Library_C2.csv::L-9,Library,C2,PL_Library_C2.csv,L-9,9.939092011,70.0,direct_rf,75.79768515512264,5.797685155122636,5.797685155122636,random,33,random
PL_Library_C2.csv::D-2,Library,C2,PL_Library_C2.csv,D-2,23.34394193,97.0,direct_rf,93.85711417748921,-3.1428858225107916,3.1428858225107916,random,33,random
PL_SSE_C1.csv::M-7,SSE,C1,PL_SSE_C1.csv,M-7,3.16227766,71.0,direct_rf,74.40078571428575,3.400785714285746,3.400785714285746,random,33,random
PL_Library_C1.csv::I-9,Library,C1,PL_Library_C1.csv,I-9,11.6562,68.0,direct_rf,77.43623280423282,9.436232804232816,9.436232804232816,random,33,random
PL_Comms_C2.csv::J-44,Comms,C2,PL_Comms_C2.csv,J-44,15.85800192,105.0,direct_rf,101.75154472417378,-3.248455275826217,3.248455275826217,random,33,random
PL_Comms_C2.csv::D-12,Comms,C2,PL_Comms_C2.csv,D-12,17.07267481,105.0,direct_rf,100.71708639084052,-4.282913609159479,4.282913609159479,random,33,random
PL_Comms_C1.csv::M-28,Comms,C1,PL_Comms_C1.csv,M-28,8.062257748,76.0,direct_rf,81.91020238095238,5.910202380952384,5.910202380952384,random,33,random
PL_Comms_C1.csv::D-33,Comms,C1,PL_Comms_C1.csv,D-33,4.123105626,79.0,direct_rf,73.21055952380952,-5.789440476190478,5.789440476190478,random,33,random
PL_Library_C1.csv::Q-4,Library,C1,PL_Library_C1.csv,Q-4,16.7604,78.0,direct_rf,83.37363850486435,5.373638504864346,5.373638504864346,random,33,random
PL_Comms_C2.csv::A-12,Comms,C2,PL_Comms_C2.csv,A-12,17.50646238,116.0,direct_rf,109.84232845433255,-6.157671545667455,6.157671545667455,random,33,random
PL_Comms_C2.csv::H-44,Comms,C2,PL_Comms_C2.csv,H-44,15.3452346,87.0,direct_rf,91.9520689394036,4.952068939403603,4.952068939403603,random,33,random
PL_Comms_C1.csv::J-39,Comms,C1,PL_Comms_C1.csv,J-39,11.18033989,96.0,direct_rf,94.62605952380953,-1.3739404761904694,1.3739404761904694,random,33,random
PL_Comms_C1.csv::E-54,Comms,C1,PL_Comms_C1.csv,E-54,25.0,106.0,direct_rf,106.83003571428578,0.8300357142857848,0.8300357142857848,random,33,random
PL_Comms_C2.csv::F-28,Comms,C2,PL_Comms_C2.csv,F-28,1.86446373,77.0,direct_rf,74.37497222222218,-2.6250277777778166,2.6250277777778166,random,33,random
PL_Comms_C1.csv::I-35,Comms,C1,PL_Comms_C1.csv,I-35,7.211102551,81.0,direct_rf,82.63782215007215,1.6378221500721537,1.6378221500721537,random,33,random
PL_Library_C1.csv::A-4,Library,C1,PL_Library_C1.csv,A-4,23.9724,83.0,direct_rf,84.87379761904764,1.873797619047636,1.873797619047636,random,33,random
PL_Comms_C2.csv::E-23,Comms,C2,PL_Comms_C2.csv,E-23,6.121782829,80.0,direct_rf,77.90296031746031,-2.0970396825396875,2.0970396825396875,random,33,random
PL_Library_C2.csv::Q-23,Library,C2,PL_Library_C2.csv,Q-23,10.39065325,75.0,direct_rf,74.51458982683985,-0.48541017316014745,0.48541017316014745,random,33,random
PL_SSE_C1.csv::D-6,SSE,C1,PL_SSE_C1.csv,D-6,10.77032961,89.0,direct_rf,94.55679166666667,5.556791666666669,5.556791666666669,random,33,random
PL_Comms_C1.csv::G-34,Comms,C1,PL_Comms_C1.csv,G-34,5.385164807,78.0,direct_rf,80.410970959596,2.410970959596,2.410970959596,random,33,random
PL_Comms_C1.csv::C-51,Comms,C1,PL_Comms_C1.csv,C-51,22.09072203,115.0,direct_rf,110.09375901875903,-4.90624098124097,4.90624098124097,random,33,random
PL_Comms_C1.csv::B-44,Comms,C1,PL_Comms_C1.csv,B-44,15.29705854,104.0,direct_rf,99.82322619047622,-4.17677380952378,4.17677380952378,random,33,random
PL_Comms_C2.csv::N-35,Comms,C2,PL_Comms_C2.csv,N-35,10.88467845,100.0,direct_rf,92.25860119047617,-7.7413988095238295,7.7413988095238295,random,33,random
PL_Comms_C2.csv::D-33,Comms,C2,PL_Comms_C2.csv,D-33,4.298397957,86.0,direct_rf,77.63937680375182,-8.360623196248184,8.360623196248184,random,33,random
PL_Comms_C2.csv::O-22,Comms,C2,PL_Comms_C2.csv,O-22,12.26687511,95.0,direct_rf,88.9595198412698,-6.040480158730205,6.040480158730205,random,33,random
PL_Library_C2.csv::C-12,Library,C2,PL_Library_C2.csv,C-12,15.90633993,87.0,direct_rf,91.8093888888889,4.809388888888904,4.809388888888904,random,33,random
PL_Library_C2.csv::V-10,Library,C2,PL_Library_C2.csv,V-10,13.60436419,87.0,direct_rf,80.0448127289377,-6.9551872710623,6.9551872710623,random,33,random
PL_Comms_C2.csv::F-44,Comms,C2,PL_Comms_C2.csv,F-44,15.08231497,84.0,direct_rf,102.32353281941195,18.323532819411952,18.323532819411952,random,33,random
PL_Comms_C2.csv::C-34,Comms,C2,PL_Comms_C2.csv,C-34,5.520527602,80.0,direct_rf,84.72289754689757,4.7228975468975705,4.7228975468975705,random,33,random
PL_Library_C2.csv::N-20,Library,C2,PL_Library_C2.csv,N-20,5.55451393,79.0,direct_rf,74.25168055555555,-4.748319444444448,4.748319444444448,random,33,random
PL_Library_C1.csv::G-4,Library,C1,PL_Library_C1.csv,G-4,18.8243,87.0,direct_rf,81.57913401875902,-5.420865981240979,5.420865981240979,random,33,random
PL_Library_C2.csv::D-8,Library,C2,PL_Library_C2.csv,D-8,17.39495114,80.0,direct_rf,89.27157699692782,9.27157699692782,9.27157699692782,random,33,random
PL_Comms_C2.csv::B-21,Comms,C2,PL_Comms_C2.csv,B-21,8.629960892,86.0,direct_rf,84.5885595238095,-1.4114404761905064,1.4114404761905064,random,33,random
PL_Comms_C1.csv::G-57,Comms,C1,PL_Comms_C1.csv,G-57,28.0713377,96.0,direct_rf,104.91339285714284,8.913392857142838,8.913392857142838,random,33,random
PL_Comms_C2.csv::M-31,Comms,C2,PL_Comms_C2.csv,M-31,8.335239949,94.0,direct_rf,92.18302182539679,-1.8169781746032072,1.8169781746032072,random,33,random
PL_Library_C2.csv::C-9,Library,C2,PL_Library_C2.csv,C-9,17.70876831,81.0,direct_rf,86.91460317460322,5.914603174603215,5.914603174603215,random,33,random
PL_Comms_C1.csv::O-24,Comms,C1,PL_Comms_C1.csv,O-24,11.18033989,90.0,direct_rf,90.64643867243868,0.646438672438677,0.646438672438677,random,33,random
PL_Comms_C1.csv::H-17,Comms,C1,PL_Comms_C1.csv,H-17,12.36931688,85.0,direct_rf,92.96419982586004,7.964199825860035,7.964199825860035,random,33,random
PL_Comms_C2.csv::K-44,Comms,C2,PL_Comms_C2.csv,K-44,16.20111802,110.0,direct_rf,106.60707142857142,-3.392928571428584,3.392928571428584,random,33,random
PL_Comms_C2.csv::F-45,Comms,C2,PL_Comms_C2.csv,F-45,16.07719581,93.0,direct_rf,98.88162408925312,5.881624089253123,5.881624089253123,random,33,random
PL_Library_C1.csv::M-24,Library,C1,PL_Library_C1.csv,M-24,10.9244,78.0,direct_rf,83.63148304473307,5.6314830447330735,5.6314830447330735,random,33,random
PL_SSE_C1.csv::I-5,SSE,C1,PL_SSE_C1.csv,I-5,7.071067812,86.0,direct_rf,81.46724007936508,-4.532759920634916,4.532759920634916,random,33,random
PL_Comms_C1.csv::H-21,Comms,C1,PL_Comms_C1.csv,H-21,8.544003745,80.0,direct_rf,81.07765476190475,1.0776547619047534,1.0776547619047534,random,33,random
PL_Comms_C1.csv::I-4,Comms,C1,PL_Comms_C1.csv,I-4,25.3179778,115.0,direct_rf,98.32707539682542,-16.67292460317458,16.67292460317458,random,33,random
PL_Comms_C1.csv::O-19,Comms,C1,PL_Comms_C1.csv,O-19,14.14213562,88.0,direct_rf,89.52261558721585,1.5226155872158529,1.5226155872158529,random,33,random
PL_Library_C2.csv::E-15,Library,C2,PL_Library_C2.csv,E-15,12.33005576,76.0,direct_rf,80.97642857142856,4.976428571428556,4.976428571428556,random,33,random
PL_Comms_C1.csv::D-30,Comms,C1,PL_Comms_C1.csv,D-30,1.414213562,69.0,direct_rf,63.800132936507936,-5.199867063492064,5.199867063492064,random,33,random
PL_SSE_C1.csv::A-2,SSE,C1,PL_SSE_C1.csv,A-2,15.26433752,106.0,direct_rf,96.11550000000003,-9.884499999999974,9.884499999999974,random,33,random
PL_Comms_C2.csv::H-53,Comms,C2,PL_Comms_C2.csv,H-53,24.21727121,94.0,direct_rf,97.30213690476194,3.3021369047619373,3.3021369047619373,random,33,random
PL_Comms_C1.csv::D-44,Comms,C1,PL_Comms_C1.csv,D-44,15.03329638,105.0,direct_rf,93.83729960317456,-11.162700396825443,11.162700396825443,random,33,random
PL_Comms_C2.csv::N-19,Comms,C2,PL_Comms_C2.csv,N-19,13.50837611,92.0,direct_rf,90.95587254042977,-1.044127459570234,1.044127459570234,random,33,random
PL_Comms_C2.csv::E-35,Comms,C2,PL_Comms_C2.csv,E-35,6.121782829,88.0,direct_rf,88.0777222222222,0.07772222222220648,0.07772222222220648,random,33,random
PL_Comms_C2.csv::B-14,Comms,C2,PL_Comms_C2.csv,B-14,15.3452346,100.0,direct_rf,97.49855464480873,-2.501445355191265,2.501445355191265,random,33,random
PL_SSE_C1.csv::L-8,SSE,C1,PL_SSE_C1.csv,L-8,2.828427125,61.0,direct_rf,66.01680357142858,5.016803571428582,5.016803571428582,random,33,random
PL_Comms_C2.csv::K-39,Comms,C2,PL_Comms_C2.csv,K-39,11.72502559,107.0,direct_rf,95.27431349206347,-11.72568650793653,11.72568650793653,random,33,random
PL_Comms_C2.csv::L-46,Comms,C2,PL_Comms_C2.csv,L-46,18.4248806,110.0,direct_rf,108.85532936507938,-1.1446706349206153,1.1446706349206153,random,33,random
PL_Library_C2.csv::F-9,Library,C2,PL_Library_C2.csv,F-9,14.45500086,91.0,direct_rf,81.15161904761905,-9.84838095238095,9.84838095238095,random,33,random
PL_Comms_C2.csv::G-3,Comms,C2,PL_Comms_C2.csv,G-3,26.1050996,89.0,direct_rf,95.97810714285716,6.978107142857155,6.978107142857155,random,33,random
PL_Comms_C2.csv::A-3,Comms,C2,PL_Comms_C2.csv,A-3,26.33393675,122.0,direct_rf,117.18786111111109,-4.81213888888891,4.81213888888891,random,33,random
PL_Comms_C2.csv::I-53,Comms,C2,PL_Comms_C2.csv,I-53,24.36136747,112.0,direct_rf,105.2792716450216,-6.720728354978405,6.720728354978405,random,33,random
PL_SSE_C1.csv::A-6,SSE,C1,PL_SSE_C1.csv,A-6,13.60147051,96.0,direct_rf,97.1559345238095,1.1559345238095062,1.1559345238095062,random,33,random
PL_Comms_C2.csv::G-37,Comms,C2,PL_Comms_C2.csv,G-37,8.335239949,88.0,direct_rf,87.13625198412696,-0.8637480158730426,0.8637480158730426,random,33,random
PL_Comms_C1.csv::J-18,Comms,C1,PL_Comms_C1.csv,J-18,12.08304597,91.0,direct_rf,92.38857793204507,1.3885779320450666,1.3885779320450666,random,33,random
PL_Comms_C2.csv::C-29,Comms,C2,PL_Comms_C2.csv,C-29,2.340133543,77.0,direct_rf,69.89245436507939,-7.107545634920612,7.107545634920612,random,33,random
PL_Library_C1.csv::N-15,Library,C1,PL_Library_C1.csv,N-15,1.355,59.0,direct_rf,55.67472817460319,-3.325271825396811,3.325271825396811,random,33,random
PL_Comms_C2.csv::H-43,Comms,C2,PL_Comms_C2.csv,H-43,14.3692806,87.0,direct_rf,88.88523480374812,1.8852348037481192,1.8852348037481192,random,33,random
PL_Library_C1.csv::F-9,Library,C1,PL_Library_C1.csv,F-9,14.4038,76.0,direct_rf,85.64782539682535,9.647825396825354,9.647825396825354,random,33,random
PL_SSE_C2.csv::I-6,SSE,C2,PL_SSE_C2.csv,I-6,6.517378691,78.0,direct_rf,74.86096428571427,-3.1390357142857255,3.1390357142857255,random,33,random
PL_Comms_C1.csv::B-30,Comms,C1,PL_Comms_C1.csv,B-30,3.16227766,71.0,direct_rf,71.87827380952382,0.8782738095238187,0.8782738095238187,random,33,random
PL_Comms_C1.csv::D-24,Comms,C1,PL_Comms_C1.csv,D-24,5.099019514,84.0,direct_rf,71.40838690476191,-12.591613095238088,12.591613095238088,random,33,random
PL_Comms_C1.csv::J-21,Comms,C1,PL_Comms_C1.csv,J-21,9.433981132,81.0,direct_rf,84.23664682539682,3.236646825396818,3.236646825396818,random,33,random
PL_Library_C2.csv::H-14,Library,C2,PL_Library_C2.csv,H-14,8.655473702,73.0,direct_rf,71.20336020923516,-1.7966397907648428,1.7966397907648428,random,33,random
PL_Comms_C1.csv::O-41,Comms,C1,PL_Comms_C1.csv,O-41,15.62049935,97.0,direct_rf,97.71835714285709,0.7183571428570872,0.7183571428570872,random,33,random
PL_Comms_C2.csv::P-35,Comms,C2,PL_Comms_C2.csv,P-35,12.58873405,94.0,direct_rf,97.86404761904754,3.8640476190475397,3.8640476190475397,random,33,random
PL_Library_C1.csv::N-18,Library,C1,PL_Library_C1.csv,N-18,2.71,54.0,direct_rf,60.64104166666666,6.641041666666659,6.641041666666659,random,33,random
PL_Comms_C2.csv::M-13,Comms,C2,PL_Comms_C2.csv,M-13,17.92975809,120.0,direct_rf,111.74554075591985,-8.254459244080152,8.254459244080152,random,33,random
PL_Comms_C2.csv::I-56,Comms,C2,PL_Comms_C2.csv,I-56,27.32171709,113.0,direct_rf,112.16886904761907,-0.8311309523809314,0.8311309523809314,random,33,random
PL_Comms_C1.csv::F-21,Comms,C1,PL_Comms_C1.csv,F-21,8.062257748,74.0,direct_rf,91.22266269841272,17.22266269841272,17.22266269841272,random,33,random
PL_Library_C1.csv::O-8,Library,C1,PL_Library_C1.csv,O-8,10.9244,69.0,direct_rf,72.22815367965372,3.2281536796537154,3.2281536796537154,random,33,random
PL_Comms_C1.csv::B-38,Comms,C1,PL_Comms_C1.csv,B-38,9.486832981,78.0,direct_rf,90.94280158730159,12.942801587301588,12.942801587301588,random,33,random
PL_Library_C1.csv::G-5,Library,C1,PL_Library_C1.csv,G-5,17.667,84.0,direct_rf,78.77454113001694,-5.225458869983058,5.225458869983058,random,33,random
PL_Library_C1.csv::Q-8,Library,C1,PL_Library_C1.csv,Q-8,11.5771,71.0,direct_rf,74.6134107142857,3.613410714285706,3.613410714285706,random,33,random
PL_Library_C2.csv::G-12,Library,C2,PL_Library_C2.csv,G-12,10.99171734,80.0,direct_rf,77.01852221389724,-2.981477786102758,2.981477786102758,random,33,random
PL_Comms_C2.csv::C-15,Comms,C2,PL_Comms_C2.csv,C-15,14.1942321,96.0,direct_rf,100.37485606060602,4.374856060606021,4.374856060606021,random,33,random
PL_Comms_C1.csv::K-53,Comms,C1,PL_Comms_C1.csv,K-53,24.73863375,113.0,direct_rf,111.18036904761897,-1.8196309523810328,1.8196309523810328,random,33,random
PL_Comms_C2.csv::D-42,Comms,C2,PL_Comms_C2.csv,D-42,13.09489309,106.0,direct_rf,97.7826547619048,-8.217345238095206,8.217345238095206,random,33,random
PL_Library_C2.csv::G-2,Library,C2,PL_Library_C2.csv,G-2,21.24387794,93.0,direct_rf,88.42226190476191,-4.5777380952380895,4.5777380952380895,random,33,random
PL_Library_C1.csv::I-16,Library,C1,PL_Library_C1.csv,I-16,6.775,80.0,direct_rf,74.74339087301588,-5.256609126984117,5.256609126984117,random,33,random
PL_Comms_C2.csv::L-37,Comms,C2,PL_Comms_C2.csv,L-37,10.69935629,90.0,direct_rf,89.81135317460317,-0.1886468253968303,0.1886468253968303,random,33,random
PL_Comms_C2.csv::J-10,Comms,C2,PL_Comms_C2.csv,J-10,19.68441579,111.0,direct_rf,109.43747023809527,-1.5625297619047274,1.5625297619047274,random,33,random
PL_Comms_C1.csv::O-20,Comms,C1,PL_Comms_C1.csv,O-20,13.45362405,94.0,direct_rf,89.77224213876889,-4.227757861231112,4.227757861231112,random,33,random
PL_Comms_C1.csv::B-15,Comms,C1,PL_Comms_C1.csv,B-15,14.31782106,99.0,direct_rf,96.1916616161616,-2.8083383838384037,2.8083383838384037,random,33,random
PL_Comms_C2.csv::A-15,Comms,C2,PL_Comms_C2.csv,A-15,14.61082561,98.0,direct_rf,101.88562012099919,3.8856201209991923,3.8856201209991923,random,33,random
PL_Library_C1.csv::J-13,Library,C1,PL_Library_C1.csv,J-13,6.775,87.0,direct_rf,74.06073244810747,-12.939267551892527,12.939267551892527,random,33,random
PL_Comms_C1.csv::C-30,Comms,C1,PL_Comms_C1.csv,C-30,2.236067977,68.0,direct_rf,67.33003968253965,-0.669960317460351,0.669960317460351,random,33,random
PL_Comms_C2.csv::B-50,Comms,C2,PL_Comms_C2.csv,B-50,21.2479699,106.0,direct_rf,110.6735634920635,4.673563492063494,4.673563492063494,random,33,random
PL_Comms_C1.csv::G-3,Comms,C1,PL_Comms_C1.csv,G-3,26.07680962,100.0,direct_rf,95.8332916666667,-4.166708333333304,4.166708333333304,random,33,random
PL_Comms_C2.csv::B-18,Comms,C2,PL_Comms_C2.csv,B-18,11.46630826,91.0,direct_rf,90.67392063492062,-0.32607936507938007,0.32607936507938007,random,33,random
PL_Comms_C1.csv::C-41,Comms,C1,PL_Comms_C1.csv,C-41,12.16552506,96.0,direct_rf,101.06996861471862,5.0699686147186185,5.0699686147186185,random,33,random
PL_Library_C2.csv::V-19,Library,C2,PL_Library_C2.csv,V-19,11.64070659,80.0,direct_rf,77.90075054112552,-2.099249458874482,2.099249458874482,random,33,random
PL_Comms_C2.csv::G-10,Comms,C2,PL_Comms_C2.csv,G-10,19.14356876,90.0,direct_rf,101.07483730158734,11.074837301587337,11.074837301587337,random,33,random
PL_Comms_C1.csv::H-15,Comms,C1,PL_Comms_C1.csv,H-15,14.31782106,86.0,direct_rf,91.68601538880317,5.68601538880317,5.68601538880317,random,33,random
PL_Comms_C2.csv::N-21,Comms,C2,PL_Comms_C2.csv,N-21,12.10273626,95.0,direct_rf,90.02524179143444,-4.974758208565561,4.974758208565561,random,33,random
PL_Comms_C2.csv::P-20,Comms,C2,PL_Comms_C2.csv,P-20,14.26450928,99.0,direct_rf,90.99685439249271,-8.003145607507292,8.003145607507292,random,33,random
PL_Comms_C2.csv::D-36,Comms,C2,PL_Comms_C2.csv,D-36,7.174693373,87.0,direct_rf,86.45428968253971,-0.5457103174602906,0.5457103174602906,random,33,random
PL_Library_C1.csv::Y-19,Library,C1,PL_Library_C1.csv,Y-19,15.4494,74.0,direct_rf,84.6150158730159,10.615015873015906,10.615015873015906,random,33,random
PL_Library_C1.csv::O-5,Library,C1,PL_Library_C1.csv,O-5,14.9665,77.0,direct_rf,83.60570833333325,6.605708333333254,6.605708333333254,random,33,random
PL_Library_C2.csv::J-13,Library,C2,PL_Library_C2.csv,J-13,6.883084338,82.0,direct_rf,74.67577480158732,-7.324225198412677,7.324225198412677,random,33,random
PL_SSE_C1.csv::C-1,SSE,C1,PL_SSE_C1.csv,C-1,14.2126704,89.0,direct_rf,96.89858333333328,7.898583333333278,7.898583333333278,random,33,random
PL_Comms_C1.csv::O-35,Comms,C1,PL_Comms_C1.csv,O-35,11.66190379,95.0,direct_rf,93.12784523809523,-1.872154761904767,1.872154761904767,random,33,random
PL_Comms_C2.csv::I-15,Comms,C2,PL_Comms_C2.csv,I-15,14.61082561,108.0,direct_rf,102.11821535909445,-5.8817846409055505,5.8817846409055505,random,33,random
PL_Comms_C1.csv::I-45,Comms,C1,PL_Comms_C1.csv,I-45,16.4924225,104.0,direct_rf,103.52619246031745,-0.4738075396825536,0.4738075396825536,random,33,random
PL_Comms_C1.csv::H-52,Comms,C1,PL_Comms_C1.csv,H-52,23.19482701,115.0,direct_rf,92.98922835497835,-22.01077164502165,22.01077164502165,random,33,random
PL_Comms_C1.csv::E-15,Comms,C1,PL_Comms_C1.csv,E-15,14.0,98.0,direct_rf,93.9229155844156,-4.077084415584395,4.077084415584395,random,33,random
PL_Comms_C2.csv::C-11,Comms,C2,PL_Comms_C2.csv,C-11,18.15147997,109.0,direct_rf,104.37562607338019,-4.6243739266198105,4.6243739266198105,random,33,random
PL_Library_C2.csv::S-13,Library,C2,PL_Library_C2.csv,S-13,7.993814796,77.0,direct_rf,81.99252380952383,4.992523809523831,4.992523809523831,random,33,random
PL_Comms_C1.csv::J-40,Comms,C1,PL_Comms_C1.csv,J-40,12.08304597,91.0,direct_rf,100.55947619047616,9.559476190476161,9.559476190476161,random,33,random
PL_Comms_C2.csv::K-35,Comms,C2,PL_Comms_C2.csv,K-35,8.571827401,84.0,direct_rf,85.38843452380952,1.3884345238095221,1.3884345238095221,random,33,random
PL_Library_C2.csv::N-9,Library,C2,PL_Library_C2.csv,N-9,9.562502288,78.0,direct_rf,70.5139900793651,-7.486009920634899,7.486009920634899,random,33,random
PL_Comms_C1.csv::I-57,Comms,C1,PL_Comms_C1.csv,I-57,28.28427125,104.0,direct_rf,107.37430357142856,3.3743035714285554,3.3743035714285554,random,33,random
PL_Comms_C1.csv::M-29,Comms,C1,PL_Comms_C1.csv,M-29,8.0,78.0,direct_rf,83.27611309523809,5.276113095238088,5.276113095238088,random,33,random
PL_Comms_C1.csv::J-57,Comms,C1,PL_Comms_C1.csv,J-57,28.44292531,113.0,direct_rf,108.62010119047618,-4.379898809523823,4.379898809523823,random,33,random
PL_Comms_C2.csv::F-3,Comms,C2,PL_Comms_C2.csv,F-3,26.04757618,110.0,direct_rf,96.48822023809524,-13.511779761904762,13.511779761904762,random,33,random
PL_Comms_C1.csv::D-41,Comms,C1,PL_Comms_C1.csv,D-41,12.04159458,98.0,direct_rf,95.5733214285714,-2.426678571428596,2.426678571428596,random,33,random
PL_Library_C2.csv::H-12,Library,C2,PL_Library_C2.csv,H-12,9.846294988,80.0,direct_rf,75.82962650911176,-4.170373490888238,4.170373490888238,random,33,random
PL_SSE_C2.csv::I-4,SSE,C2,PL_SSE_C2.csv,I-4,7.904190344,82.0,direct_rf,89.06761706349207,7.067617063492065,7.067617063492065,random,33,random
PL_Comms_C2.csv::M-25,Comms,C2,PL_Comms_C2.csv,M-25,9.026418171,87.0,direct_rf,86.86219047619048,-0.13780952380952272,0.13780952380952272,random,33,random
PL_Comms_C1.csv::O-36,Comms,C1,PL_Comms_C1.csv,O-36,12.20655562,91.0,direct_rf,93.06297619047616,2.0629761904761637,2.0629761904761637,random,33,random
PL_Library_C2.csv::T-16,Library,C2,PL_Library_C2.csv,T-16,8.220287404,72.0,direct_rf,74.54315277777779,2.5431527777777916,2.5431527777777916,random,33,random
PL_Library_C2.csv::E-3,Library,C2,PL_Library_C2.csv,E-3,21.4588554,83.0,direct_rf,90.98450000000001,7.984500000000011,7.984500000000011,random,33,random
PL_Comms_C2.csv::O-39,Comms,C2,PL_Comms_C2.csv,O-39,14.1942321,103.0,direct_rf,102.0908472222222,-0.9091527777778055,0.9091527777778055,random,33,random
PL_Comms_C1.csv::M-42,Comms,C1,PL_Comms_C1.csv,M-42,15.26433752,100.0,direct_rf,99.57189285714288,-0.42810714285711526,0.42810714285711526,random,33,random
PL_Comms_C2.csv::H-5,Comms,C2,PL_Comms_C2.csv,H-5,24.21727121,96.0,direct_rf,96.33204761904763,0.3320476190476285,0.3320476190476285,random,33,random
PL_Library_C1.csv::K-12,Library,C1,PL_Library_C1.csv,K-12,6.775,81.0,direct_rf,70.63089765278583,-10.369102347214167,10.369102347214167,random,33,random
PL_SSE_C1.csv::H-7,SSE,C1,PL_SSE_C1.csv,H-7,6.708203932,80.0,direct_rf,76.0529226190476,-3.9470773809523934,3.9470773809523934,random,33,random
PL_Comms_C1.csv::N-42,Comms,C1,PL_Comms_C1.csv,N-42,15.8113883,102.0,direct_rf,96.85558333333336,-5.144416666666643,5.144416666666643,random,33,random
PL_Comms_C1.csv::G-25,Comms,C1,PL_Comms_C1.csv,G-25,4.472135955,81.0,direct_rf,70.6171504329004,-10.382849567099598,10.382849567099598,random,33,random
PL_Library_C2.csv::F-4,Library,C2,PL_Library_C2.csv,F-4,19.57982188,80.0,direct_rf,89.63101641414146,9.631016414141456,9.631016414141456,random,33,random
PL_Library_C1.csv::Q-14,Library,C1,PL_Library_C1.csv,Q-14,4.8855,71.0,direct_rf,68.881234015984,-2.118765984015994,2.118765984015994,random,33,random
PL_Library_C1.csv::N-8,Library,C1,PL_Library_C1.csv,N-8,10.84,82.0,direct_rf,73.19354653679655,-8.806453463203454,8.806453463203454,random,33,random
PL_Comms_C2.csv::E-43,Comms,C2,PL_Comms_C2.csv,E-43,14.05262342,105.0,direct_rf,97.06389484126983,-7.936105158730172,7.936105158730172,random,33,random
PL_Comms_C2.csv::N-41,Comms,C2,PL_Comms_C2.csv,N-41,15.04912705,103.0,direct_rf,101.07098321623735,-1.9290167837626484,1.9290167837626484,random,33,random
PL_Library_C1.csv::A-7,Library,C1,PL_Library_C1.csv,A-7,21.4244,82.0,direct_rf,82.11795238095237,0.11795238095237437,0.11795238095237437,random,33,random
PL_Comms_C2.csv::J-34,Comms,C2,PL_Comms_C2.csv,J-34,7.174693373,79.0,direct_rf,85.01893452380956,6.018934523809563,6.018934523809563,random,33,random
PL_Comms_C2.csv::O-42,Comms,C2,PL_Comms_C2.csv,O-42,16.44616141,112.0,direct_rf,102.60497329560239,-9.395026704397608,9.395026704397608,random,33,random
PL_Library_C2.csv::I-8,Library,C2,PL_Library_C2.csv,I-8,12.84065614,79.0,direct_rf,81.45022619047614,2.450226190476144,2.450226190476144,random,33,random
PL_SSE_C1.csv::C-3,SSE,C1,PL_SSE_C1.csv,C-3,13.03840481,97.0,direct_rf,96.5598214285714,-0.4401785714286035,0.4401785714286035,random,33,random
PL_Comms_C2.csv::K-13,Comms,C2,PL_Comms_C2.csv,K-13,17.1311478,113.0,direct_rf,105.61650702576112,-7.383492974238877,7.383492974238877,random,33,random
PL_Comms_C1.csv::I-39,Comms,C1,PL_Comms_C1.csv,I-39,10.77032961,92.0,direct_rf,95.09460119047618,3.094601190476183,3.094601190476183,random,33,random
PL_Comms_C1.csv::F-40,Comms,C1,PL_Comms_C1.csv,F-40,11.04536102,91.0,direct_rf,89.9824226190476,-1.0175773809524031,1.0175773809524031,random,33,random
PL_Comms_C1.csv::G-8,Comms,C1,PL_Comms_C1.csv,G-8,21.09502311,89.0,direct_rf,100.15917857142857,11.15917857142857,11.15917857142857,random,33,random
PL_Library_C1.csv::G-2,Library,C1,PL_Library_C1.csv,G-2,21.2091,85.0,direct_rf,83.4061823308271,-1.593817669172907,1.593817669172907,random,33,random
PL_Comms_C2.csv::K-34,Comms,C2,PL_Comms_C2.csv,K-34,7.904190344,82.0,direct_rf,87.4060535714286,5.4060535714286,5.4060535714286,random,33,random
PL_Comms_C2.csv::A-43,Comms,C2,PL_Comms_C2.csv,A-43,14.61082561,100.0,direct_rf,101.42566972417386,1.4256697241738578,1.4256697241738578,random,33,random
PL_SSE_C1.csv::N-2,SSE,C1,PL_SSE_C1.csv,N-2,8.0,67.0,direct_rf,76.11292857142855,9.112928571428554,9.112928571428554,random,33,random
PL_Comms_C1.csv::A-31,Comms,C1,PL_Comms_C1.csv,A-31,4.472135955,68.0,direct_rf,70.6171504329004,2.6171504329004023,2.6171504329004023,random,33,random
PL_Library_C2.csv::H-9,Library,C2,PL_Library_C2.csv,H-9,12.55142821,76.0,direct_rf,80.70373809523811,4.7037380952381085,4.7037380952381085,random,33,random
PL_Comms_C1.csv::E-30,Comms,C1,PL_Comms_C1.csv,E-30,1.0,69.0,direct_rf,62.62880555555557,-6.371194444444427,6.371194444444427,random,33,random
PL_Library_C2.csv::V-9,Library,C2,PL_Library_C2.csv,V-9,14.45500086,82.0,direct_rf,80.24905735930736,-1.7509426406926423,1.7509426406926423,random,33,random
PL_SSE_C2.csv::F-4,SSE,C2,PL_SSE_C2.csv,F-4,10.07354084,82.0,direct_rf,84.83268849206351,2.832688492063511,2.832688492063511,random,33,random
PL_SSE_C1.csv::M-9,SSE,C1,PL_SSE_C1.csv,M-9,1.414213562,54.0,direct_rf,55.365500000000004,1.3655000000000044,1.3655000000000044,random,33,random
PL_Comms_C1.csv::I-20,Comms,C1,PL_Comms_C1.csv,I-20,9.848857802,92.0,direct_rf,83.09321230158734,-8.906787698412657,8.906787698412657,random,33,random
PL_Comms_C1.csv::A-36,Comms,C1,PL_Comms_C1.csv,A-36,8.062257748,79.0,direct_rf,83.16469642857145,4.164696428571446,4.164696428571446,random,33,random
PL_Comms_C2.csv::J-51,Comms,C2,PL_Comms_C2.csv,J-51,22.59372092,114.0,direct_rf,100.25247402597401,-13.74752597402599,13.74752597402599,random,33,random
PL_SSE_C2.csv::K-6,SSE,C2,PL_SSE_C2.csv,K-6,5.14550532,73.0,direct_rf,73.2752023809524,0.27520238095239336,0.27520238095239336,random,33,random
PL_Library_C2.csv::M-25,Library,C2,PL_Library_C2.csv,M-25,12.33005576,85.0,direct_rf,83.80045833333337,-1.199541666666633,1.199541666666633,random,33,random
PL_Library_C2.csv::J-11,Library,C2,PL_Library_C2.csv,J-11,8.760893219,78.0,direct_rf,75.89039633977133,-2.1096036602286716,2.1096036602286716,random,33,random
PL_Comms_C1.csv::F-8,Comms,C1,PL_Comms_C1.csv,F-8,21.02379604,85.0,direct_rf,100.43576190476192,15.435761904761918,15.435761904761918,random,33,random
PL_Comms_C1.csv::K-10,Comms,C1,PL_Comms_C1.csv,K-10,19.92485885,104.0,direct_rf,102.27316666666664,-1.72683333333336,1.72683333333336,random,33,random
PL_Comms_C2.csv::G-27,Comms,C2,PL_Comms_C2.csv,G-27,3.078347771,76.0,direct_rf,73.7032783189033,-2.296721681096699,2.296721681096699,random,33,random
PL_Library_C1.csv::N-12,Library,C1,PL_Library_C1.csv,N-12,5.42,70.0,direct_rf,71.58643452380954,1.5864345238095439,1.5864345238095439,random,33,random
PL_Library_C2.csv::N-24,Library,C2,PL_Library_C2.csv,N-24,10.90787903,82.0,direct_rf,83.26233134920635,1.2623313492063488,1.2623313492063488,random,33,random
PL_SSE_C1.csv::M-6,SSE,C1,PL_SSE_C1.csv,M-6,4.123105626,73.0,direct_rf,76.29495436507938,3.294954365079377,3.294954365079377,random,33,random
PL_Comms_C1.csv::G-33,Comms,C1,PL_Comms_C1.csv,G-33,4.472135955,75.0,direct_rf,75.56784920634918,0.5678492063491802,0.5678492063491802,random,33,random
PL_Comms_C2.csv::N-53,Comms,C2,PL_Comms_C2.csv,N-53,25.66079159,113.0,direct_rf,114.36913293650792,1.3691329365079241,1.3691329365079241,random,33,random
PL_Comms_C1.csv::I-49,Comms,C1,PL_Comms_C1.csv,I-49,20.39607805,109.0,direct_rf,102.2425476190476,-6.757452380952401,6.757452380952401,random,33,random
PL_Library_C1.csv::R-17,Library,C1,PL_Library_C1.csv,R-17,5.5868,66.0,direct_rf,73.1889226190476,7.188922619047602,7.188922619047602,random,33,random
PL_Library_C1.csv::A-5,Library,C1,PL_Library_C1.csv,A-5,23.0748,75.0,direct_rf,82.0662738095238,7.066273809523807,7.066273809523807,random,33,random
PL_Library_C1.csv::L-23,Library,C1,PL_Library_C1.csv,L-23,9.8645,83.0,direct_rf,83.48758333333335,0.48758333333334747,0.48758333333334747,random,33,random
PL_Comms_C2.csv::D-39,Comms,C2,PL_Comms_C2.csv,D-39,10.12305413,88.0,direct_rf,90.42513492063492,2.4251349206349175,2.4251349206349175,random,33,random
PL_Comms_C2.csv::N-40,Comms,C2,PL_Comms_C2.csv,N-40,14.26450928,100.0,direct_rf,101.09529166666665,1.095291666666654,1.095291666666654,random,33,random
PL_Library_C1.csv::V-16,Library,C1,PL_Library_C1.csv,V-16,10.84,74.0,direct_rf,75.52590235690234,1.5259023569023356,1.5259023569023356,random,33,random
PL_Comms_C1.csv::J-19,Comms,C1,PL_Comms_C1.csv,J-19,11.18033989,90.0,direct_rf,83.94735752538656,-6.052642474613435,6.052642474613435,random,33,random
PL_Library_C2.csv::L-14,Library,C2,PL_Library_C2.csv,L-14,4.020500591,77.0,direct_rf,66.91552976190476,-10.084470238095236,10.084470238095236,random,33,random
PL_Comms_C2.csv::J-22,Comms,C2,PL_Comms_C2.csv,J-22,8.687705393,80.0,direct_rf,86.13172222222224,6.131722222222237,6.131722222222237,random,33,random
PL_Comms_C1.csv::P-42,Comms,C1,PL_Comms_C1.csv,P-42,17.02938637,110.0,direct_rf,100.24003663003663,-9.759963369963373,9.759963369963373,random,33,random
PL_Library_C1.csv::Q-10,Library,C1,PL_Library_C1.csv,Q-10,9.0896,73.0,direct_rf,71.93299206349205,-1.0670079365079488,1.0670079365079488,random,33,random
PL_Comms_C1.csv::L-30,Comms,C1,PL_Comms_C1.csv,L-30,7.071067812,94.0,direct_rf,83.11284325396822,-10.887156746031778,10.887156746031778,random,33,random
PL_Library_C1.csv::T-10,Library,C1,PL_Library_C1.csv,T-10,11.4976,78.0,direct_rf,77.63385745409273,-0.366142545907266,0.366142545907266,random,33,random
PL_Library_C1.csv::H-12,Library,C1,PL_Library_C1.csv,H-12,9.771,78.0,direct_rf,75.91514052287583,-2.0848594771241693,2.0848594771241693,random,33,random
PL_Comms_C1.csv::E-16,Comms,C1,PL_Comms_C1.csv,E-16,13.0,88.0,direct_rf,93.2557380952381,5.255738095238101,5.255738095238101,random,33,random
PL_Comms_C1.csv::M-52,Comms,C1,PL_Comms_C1.csv,M-52,24.35159132,108.0,direct_rf,111.82868452380953,3.828684523809528,3.828684523809528,random,33,random
PL_Comms_C2.csv::H-24,Comms,C2,PL_Comms_C2.csv,H-24,5.956192156,77.0,direct_rf,78.02381746031745,1.0238174603174457,1.0238174603174457,random,33,random
PL_SSE_C1.csv::D-7,SSE,C1,PL_SSE_C1.csv,D-7,10.44030651,101.0,direct_rf,91.74160515873018,-9.25839484126982,9.25839484126982,random,33,random
PL_Comms_C2.csv::F-35,Comms,C2,PL_Comms_C2.csv,F-35,6.202920683,96.0,direct_rf,76.81402777777775,-19.185972222222247,19.185972222222247,random,33,random
PL_Comms_C1.csv::H-29,Comms,C1,PL_Comms_C1.csv,H-29,3.0,73.0,direct_rf,69.23358333333333,-3.7664166666666716,3.7664166666666716,random,33,random
PL_Library_C1.csv::Q-22,Library,C1,PL_Library_C1.csv,Q-22,9.0896,72.0,direct_rf,71.75719246031744,-0.24280753968255908,0.24280753968255908,random,33,random
PL_Comms_C2.csv::L-31,Comms,C2,PL_Comms_C2.csv,L-31,7.380801108,91.0,direct_rf,89.66306746031746,-1.336932539682536,1.336932539682536,random,33,random
PL_Comms_C1.csv::C-54,Comms,C1,PL_Comms_C1.csv,C-54,25.07987241,113.0,direct_rf,107.04430952380959,-5.955690476190412,5.955690476190412,random,33,random
PL_Library_C2.csv::L-16,Library,C2,PL_Library_C2.csv,L-16,2.969903197,74.0,direct_rf,69.84717099567101,-4.152829004328993,4.152829004328993,random,33,random
PL_Library_C2.csv::K-7,Library,C2,PL_Library_C2.csv,K-7,12.91195086,65.0,direct_rf,80.71887279387275,15.718872793872748,15.718872793872748,random,33,random
PL_SSE_C1.csv::N-7,SSE,C1,PL_SSE_C1.csv,N-7,3.0,67.0,direct_rf,72.99282936507942,5.992829365079416,5.992829365079416,random,33,random
PL_Library_C1.csv::J-7,Library,C1,PL_Library_C1.csv,J-7,13.3452,88.0,direct_rf,76.75280014430012,-11.247199855699876,11.247199855699876,random,33,random
PL_Library_C2.csv::V-5,Library,C2,PL_Library_C2.csv,V-5,18.46999865,84.0,direct_rf,86.03544841269843,2.035448412698429,2.035448412698429,random,33,random
PL_Library_C2.csv::F-8,Library,C2,PL_Library_C2.csv,F-8,15.37814765,75.0,direct_rf,80.66268525918524,5.662685259185238,5.662685259185238,random,33,random
PL_Comms_C2.csv::G-4,Comms,C2,PL_Comms_C2.csv,G-4,25.10928563,92.0,direct_rf,97.0022738095238,5.0022738095238,5.0022738095238,random,33,random
PL_Comms_C1.csv::K-32,Comms,C1,PL_Comms_C1.csv,K-32,6.708203932,84.0,direct_rf,83.53419841269837,-0.4658015873016268,0.4658015873016268,random,33,random
PL_Comms_C1.csv::D-22,Comms,C1,PL_Comms_C1.csv,D-22,7.071067812,83.0,direct_rf,80.29206746031745,-2.7079325396825453,2.7079325396825453,random,33,random
PL_Library_C1.csv::P-11,Library,C1,PL_Library_C1.csv,P-11,7.2969,80.0,direct_rf,71.5583511904762,-8.441648809523798,8.441648809523798,random,33,random
PL_Library_C2.csv::O-13,Library,C2,PL_Library_C2.csv,O-13,4.45381578,72.0,direct_rf,69.783871031746,-2.2161289682539973,2.2161289682539973,random,33,random
PL_Comms_C1.csv::C-14,Comms,C1,PL_Comms_C1.csv,C-14,15.13274595,95.0,direct_rf,93.87887500000001,-1.1211249999999922,1.1211249999999922,random,33,random
PL_Comms_C1.csv::A-20,Comms,C1,PL_Comms_C1.csv,A-20,9.848857802,87.0,direct_rf,83.09321230158734,-3.906787698412657,3.906787698412657,random,33,random
PL_Comms_C1.csv::K-23,Comms,C1,PL_Comms_C1.csv,K-23,8.485281374,90.0,direct_rf,84.50394246031743,-5.4960575396825675,5.4960575396825675,random,33,random
PL_Comms_C2.csv::L-23,Comms,C2,PL_Comms_C2.csv,L-23,9.299259379,89.0,direct_rf,86.01869841269841,-2.981301587301587,2.981301587301587,random,33,random
PL_SSE_C2.csv::M-5,SSE,C2,PL_SSE_C2.csv,M-5,5.241776893,77.0,direct_rf,73.02603571428571,-3.9739642857142883,3.9739642857142883,random,33,random
PL_Library_C1.csv::P-14,Library,C1,PL_Library_C1.csv,P-14,3.8325,80.0,direct_rf,64.80367612942611,-15.196323870573892,15.196323870573892,random,33,random
PL_Comms_C2.csv::F-21,Comms,C2,PL_Comms_C2.csv,F-21,8.153295346,82.0,direct_rf,88.12512499999998,6.125124999999983,6.125124999999983,random,33,random
PL_Library_C2.csv::N-10,Library,C2,PL_Library_C2.csv,N-10,8.220287404,71.0,direct_rf,73.41999801587305,2.4199980158730483,2.4199980158730483,random,33,random
PL_Comms_C2.csv::G-7,Comms,C2,PL_Comms_C2.csv,G-7,22.12410959,92.0,direct_rf,97.19489682539684,5.194896825396839,5.194896825396839,random,33,random
PL_Library_C2.csv::M-24,Library,C2,PL_Library_C2.csv,M-24,10.99171734,78.0,direct_rf,83.30461904761906,5.304619047619056,5.304619047619056,random,33,random
PL_Comms_C2.csv::E-3,Comms,C2,PL_Comms_C2.csv,E-3,26.02837346,110.0,direct_rf,115.30067658730157,5.300676587301567,5.300676587301567,random,33,random
PL_Comms_C1.csv::M-38,Comms,C1,PL_Comms_C1.csv,M-38,12.04159458,100.0,direct_rf,95.85775595238094,-4.142244047619059,4.142244047619059,random,33,random
PL_SSE_C2.csv::G-6,SSE,C2,PL_SSE_C2.csv,G-6,8.153295346,87.0,direct_rf,85.66049404761903,-1.339505952380975,1.339505952380975,random,33,random
PL_Comms_C1.csv::P-43,Comms,C1,PL_Comms_C1.csv,P-43,17.80449381,105.0,direct_rf,108.34450396825396,3.34450396825396,3.34450396825396,random,33,random
PL_Comms_C1.csv::A-15,Comms,C1,PL_Comms_C1.csv,A-15,14.56021978,90.0,direct_rf,101.74359523809515,11.743595238095153,11.743595238095153,random,33,random
PL_Comms_C2.csv::N-17,Comms,C2,PL_Comms_C2.csv,N-17,15.04912705,93.0,direct_rf,94.04864444295544,1.0486444429554354,1.0486444429554354,random,33,random
PL_Comms_C1.csv::K-46,Comms,C1,PL_Comms_C1.csv,K-46,18.02775638,106.0,direct_rf,97.68247817460315,-8.317521825396852,8.317521825396852,random,33,random
PL_SSE_C2.csv::L-5,SSE,C2,PL_SSE_C2.csv,L-5,5.520527602,82.0,direct_rf,74.43203571428569,-7.567964285714311,7.567964285714311,random,33,random
PL_SSE_C1.csv::F-1,SSE,C1,PL_SSE_C1.csv,F-1,12.04159458,86.0,direct_rf,90.18621428571429,4.186214285714286,4.186214285714286,random,33,random
PL_Comms_C2.csv::D-55,Comms,C2,PL_Comms_C2.csv,D-55,26.04757618,118.0,direct_rf,115.91401388888886,-2.08598611111114,2.08598611111114,random,33,random
PL_Comms_C2.csv::G-46,Comms,C2,PL_Comms_C2.csv,G-46,17.16030958,96.0,direct_rf,105.55692369242779,9.556923692427787,9.556923692427787,random,33,random
PL_SSE_C1.csv::A-7,SSE,C1,PL_SSE_C1.csv,A-7,13.34166406,106.0,direct_rf,96.32069642857141,-9.67930357142859,9.67930357142859,random,33,random
PL_Comms_C2.csv::C-47,Comms,C2,PL_Comms_C2.csv,C-47,18.15147997,102.0,direct_rf,109.34098304473305,7.340983044733051,7.340983044733051,random,33,random
PL_Library_C2.csv::O-14,Library,C2,PL_Library_C2.csv,O-14,3.264406531,81.0,direct_rf,69.8025447191697,-11.197455280830297,11.197455280830297,random,33,random
PL_Comms_C2.csv::G-30,Comms,C2,PL_Comms_C2.csv,G-30,2.544842824,84.0,direct_rf,72.44588888888893,-11.55411111111107,11.55411111111107,random,33,random
PL_Library_C1.csv::T-14,Library,C1,PL_Library_C1.csv,T-14,8.5698,71.0,direct_rf,70.80334938672436,-0.1966506132756365,0.1966506132756365,random,33,random
PL_Comms_C2.csv::O-20,Comms,C2,PL_Comms_C2.csv,O-20,13.50837611,89.0,direct_rf,92.08310149710373,3.0831014971037263,3.0831014971037263,random,33,random
PL_Comms_C1.csv::I-11,Comms,C1,PL_Comms_C1.csv,I-11,18.43908891,104.0,direct_rf,101.0202916666667,-2.9797083333333063,2.9797083333333063,random,33,random
PL_Comms_C2.csv::K-38,Comms,C2,PL_Comms_C2.csv,K-38,10.88467845,99.0,direct_rf,94.38492857142856,-4.61507142857144,4.61507142857144,random,33,random
PL_Comms_C1.csv::I-23,Comms,C1,PL_Comms_C1.csv,I-23,7.211102551,82.0,direct_rf,83.7788690476191,1.7788690476190965,1.7788690476190965,random,33,random
PL_Comms_C2.csv::D-54,Comms,C2,PL_Comms_C2.csv,D-54,25.04947554,111.0,direct_rf,110.01676190476192,-0.9832380952380788,0.9832380952380788,random,33,random
PL_Comms_C2.csv::K-24,Comms,C2,PL_Comms_C2.csv,K-24,7.904190344,92.0,direct_rf,89.06304166666665,-2.936958333333351,2.936958333333351,random,33,random
PL_Comms_C2.csv::D-57,Comms,C2,PL_Comms_C2.csv,D-57,28.04418344,110.0,direct_rf,109.98194642857145,-0.018053571428552573,0.018053571428552573,random,33,random
PL_Comms_C2.csv::F-34,Comms,C2,PL_Comms_C2.csv,F-34,5.241776893,93.0,direct_rf,78.2391468253968,-14.760853174603199,14.760853174603199,random,33,random
PL_Library_C2.csv::M-19,Library,C2,PL_Library_C2.csv,M-19,4.45381578,76.0,direct_rf,72.06079750804753,-3.9392024919524715,3.9392024919524715,random,33,random
PL_Comms_C1.csv::A-11,Comms,C1,PL_Comms_C1.csv,A-11,18.43908891,105.0,direct_rf,105.50195833333336,0.5019583333333628,0.5019583333333628,random,33,random
PL_Library_C1.csv::B-10,Library,C1,PL_Library_C1.csv,B-10,18.1792,93.0,direct_rf,82.92414087301587,-10.075859126984128,10.075859126984128,random,33,random
PL_Library_C2.csv::M-14,Library,C2,PL_Library_C2.csv,M-14,3.264406531,83.0,direct_rf,70.76426495726493,-12.235735042735072,12.235735042735072,random,33,random
PL_Comms_C2.csv::B-22,Comms,C2,PL_Comms_C2.csv,B-22,7.712083052,83.0,direct_rf,84.6001130952381,1.6001130952381004,1.6001130952381004,random,33,random
PL_SSE_C2.csv::A-6,SSE,C2,PL_SSE_C2.csv,A-6,13.65562979,106.0,direct_rf,100.01276190476189,-5.987238095238112,5.987238095238112,random,33,random
PL_Comms_C1.csv::D-25,Comms,C1,PL_Comms_C1.csv,D-25,4.123105626,75.0,direct_rf,73.21055952380952,-1.789440476190478,1.789440476190478,random,33,random
PL_Comms_C1.csv::B-14,Comms,C1,PL_Comms_C1.csv,B-14,15.29705854,98.0,direct_rf,95.14335317460318,-2.8566468253968225,2.8566468253968225,random,33,random
PL_Library_C2.csv::T-19,Library,C2,PL_Library_C2.csv,T-19,9.17046073,73.0,direct_rf,76.02275456487953,3.022754564879534,3.022754564879534,random,33,random
PL_SSE_C2.csv::B-5,SSE,C2,PL_SSE_C2.csv,B-5,13.05665443,100.0,direct_rf,100.66935119047619,0.669351190476192,0.669351190476192,random,33,random
PL_Comms_C1.csv::D-45,Comms,C1,PL_Comms_C1.csv,D-45,16.03121954,114.0,direct_rf,101.7116607142857,-12.2883392857143,12.2883392857143,random,33,random
PL_Comms_C2.csv::P-56,Comms,C2,PL_Comms_C2.csv,P-56,29.18006554,123.0,direct_rf,120.60069642857137,-2.399303571428632,2.399303571428632,random,33,random
PL_Library_C1.csv::E-1,Library,C1,PL_Library_C1.csv,E-1,23.7028,80.0,direct_rf,86.45324603174602,6.453246031746019,6.453246031746019,random,33,random
PL_Comms_C2.csv::F-26,Comms,C2,PL_Comms_C2.csv,F-26,3.387657745,77.0,direct_rf,75.23598394660895,-1.764016053391046,1.764016053391046,random,33,random
PL_Comms_C1.csv::L-32,Comms,C1,PL_Comms_C1.csv,L-32,7.615773106,100.0,direct_rf,86.94525396825392,-13.054746031746078,13.054746031746078,random,33,random
PL_Comms_C2.csv::P-52,Comms,C2,PL_Comms_C2.csv,P-52,25.5240323,117.0,direct_rf,114.51531746031746,-2.484682539682538,2.484682539682538,random,33,random
PL_Comms_C2.csv::O-57,Comms,C2,PL_Comms_C2.csv,O-57,29.75695255,123.0,direct_rf,119.9264464285714,-3.0735535714286044,3.0735535714286044,random,33,random
PL_Comms_C1.csv::K-41,Comms,C1,PL_Comms_C1.csv,K-41,13.41640786,94.0,direct_rf,97.80475595238093,3.80475595238093,3.80475595238093,random,33,random
PL_Comms_C2.csv::O-38,Comms,C2,PL_Comms_C2.csv,O-38,13.50837611,106.0,direct_rf,106.54728571428568,0.5472857142856782,0.5472857142856782,random,33,random
PL_Comms_C1.csv::J-29,Comms,C1,PL_Comms_C1.csv,J-29,5.0,76.0,direct_rf,72.58055591630593,-3.4194440836940743,3.4194440836940743,random,33,random
PL_Comms_C2.csv::D-16,Comms,C2,PL_Comms_C2.csv,D-16,13.09489309,92.0,direct_rf,95.73560317460317,3.7356031746031704,3.7356031746031704,random,33,random
PL_Library_C2.csv::Q-7,Library,C2,PL_Library_C2.csv,Q-7,12.91195086,93.0,direct_rf,86.63873611111111,-6.361263888888885,6.361263888888885,random,33,random
PL_Library_C2.csv::Q-14,Library,C2,PL_Library_C2.csv,Q-14,5.034337096,65.0,direct_rf,75.27457925407927,10.27457925407927,10.27457925407927,random,33,random
PL_Comms_C2.csv::C-22,Comms,C2,PL_Comms_C2.csv,C-22,7.380801108,86.0,direct_rf,91.35894246031746,5.358942460317465,5.358942460317465,random,33,random
PL_SSE_C2.csv::M-8,SSE,C2,PL_SSE_C2.csv,M-8,2.544842824,76.0,direct_rf,71.88518849206352,-4.11481150793648,4.11481150793648,random,33,random
PL_Comms_C2.csv::E-49,Comms,C2,PL_Comms_C2.csv,E-49,20.03687164,101.0,direct_rf,106.51016468253965,5.510164682539653,5.510164682539653,random,33,random
PL_Comms_C2.csv::M-36,Comms,C2,PL_Comms_C2.csv,M-36,10.69935629,91.0,direct_rf,89.81135317460317,-1.1886468253968303,1.1886468253968303,random,33,random
PL_SSE_C1.csv::N-8,SSE,C1,PL_SSE_C1.csv,N-8,2.0,63.0,direct_rf,55.27924206349206,-7.720757936507937,7.720757936507937,random,33,random
PL_Comms_C1.csv::O-26,Comms,C1,PL_Comms_C1.csv,O-26,10.44030651,95.0,direct_rf,89.08435463938368,-5.915645360616324,5.915645360616324,random,33,random
PL_Library_C1.csv::P-8,Library,C1,PL_Library_C1.csv,P-8,11.1736,74.0,direct_rf,75.77261111111112,1.772611111111118,1.772611111111118,random,33,random
PL_Comms_C2.csv::L-20,Comms,C2,PL_Comms_C2.csv,L-20,11.46630826,93.0,direct_rf,87.76306510252199,-5.236934897478008,5.236934897478008,random,33,random
PL_Library_C2.csv::K-11,Library,C2,PL_Library_C2.csv,K-11,7.993814796,80.0,direct_rf,76.7468557900433,-3.2531442099567016,3.2531442099567016,random,33,random
PL_Comms_C2.csv::M-42,Comms,C2,PL_Comms_C2.csv,M-42,15.31261653,110.0,direct_rf,104.90341377179287,-5.09658622820713,5.09658622820713,random,33,random
PL_Comms_C2.csv::G-44,Comms,C2,PL_Comms_C2.csv,G-44,15.18144344,86.0,direct_rf,99.89834631147549,13.898346311475493,13.898346311475493,random,33,random
PL_Library_C1.csv::P-18,Library,C1,PL_Library_C1.csv,P-18,3.8325,64.0,direct_rf,63.394676587301575,-0.605323412698425,0.605323412698425,random,33,random
PL_Comms_C2.csv::F-33,Comms,C2,PL_Comms_C2.csv,F-33,4.298397957,75.0,direct_rf,77.54348015873015,2.543480158730148,2.543480158730148,random,33,random
PL_Library_C2.csv::O-5,Library,C2,PL_Library_C2.csv,O-5,15.01570095,81.0,direct_rf,82.00993452380953,1.0099345238095339,1.0099345238095339,random,33,random
PL_Comms_C1.csv::J-55,Comms,C1,PL_Comms_C1.csv,J-55,26.47640459,104.0,direct_rf,103.12448214285716,-0.8755178571428388,0.8755178571428388,random,33,random
PL_Comms_C2.csv::N-24,Comms,C2,PL_Comms_C2.csv,N-24,10.36707408,80.0,direct_rf,87.04312499999997,7.043124999999975,7.043124999999975,random,33,random
PL_Library_C1.csv::D-9,Library,C1,PL_Library_C1.csv,D-9,16.5399,83.0,direct_rf,85.62857142857143,2.6285714285714334,2.6285714285714334,random,33,random
PL_Comms_C2.csv::A-32,Comms,C2,PL_Comms_C2.csv,A-32,5.14550532,78.0,direct_rf,79.20517063492065,1.2051706349206484,1.2051706349206484,random,33,random
PL_Comms_C2.csv::A-31,Comms,C2,PL_Comms_C2.csv,A-31,4.634244814,73.0,direct_rf,77.16596464646466,4.1659646464646585,4.1659646464646585,random,33,random
PL_Library_C1.csv::I-5,Library,C1,PL_Library_C1.csv,I-5,16.3725,87.0,direct_rf,84.91051785714286,-2.089482142857136,2.089482142857136,random,33,random
PL_SSE_C2.csv::K-5,SSE,C2,PL_SSE_C2.csv,K-5,5.956192156,83.0,direct_rf,73.99181746031742,-9.00818253968258,9.00818253968258,random,33,random
PL_Comms_C2.csv::D-51,Comms,C2,PL_Comms_C2.csv,D-51,22.05620604,112.0,direct_rf,111.40769642857138,-0.5923035714286158,0.5923035714286158,random,33,random
PL_Comms_C1.csv::N-53,Comms,C1,PL_Comms_C1.csv,N-53,25.63201124,108.0,direct_rf,109.43912499999999,1.43912499999999,1.43912499999999,random,33,random
PL_Comms_C2.csv::B-11,Comms,C2,PL_Comms_C2.csv,B-11,18.28869118,111.0,direct_rf,107.95788599401516,-3.0421140059848426,3.0421140059848426,random,33,random
PL_Comms_C1.csv::F-7,Comms,C1,PL_Comms_C1.csv,F-7,22.02271555,97.0,direct_rf,96.63262499999998,-0.367375000000024,0.367375000000024,random,33,random
PL_Comms_C2.csv::F-29,Comms,C2,PL_Comms_C2.csv,F-29,1.573602555,71.0,direct_rf,68.88193452380953,-2.1180654761904663,2.1180654761904663,random,33,random
PL_Comms_C2.csv::C-51,Comms,C2,PL_Comms_C2.csv,C-51,22.12410959,109.0,direct_rf,112.2705714285714,3.270571428571401,3.270571428571401,random,33,random
PL_Comms_C2.csv::G-39,Comms,C2,PL_Comms_C2.csv,G-39,10.27016188,85.0,direct_rf,93.23948920401499,8.239489204014987,8.239489204014987,random,33,random
PL_SSE_C2.csv::E-1,SSE,C2,PL_SSE_C2.csv,E-1,12.78578214,97.0,direct_rf,94.87309325396825,-2.12690674603175,2.12690674603175,random,33,random
PL_Comms_C1.csv::B-37,Comms,C1,PL_Comms_C1.csv,B-37,8.544003745,86.0,direct_rf,85.44752380952382,-0.5524761904761846,0.5524761904761846,random,33,random
PL_Library_C2.csv::R-12,Library,C2,PL_Library_C2.csv,R-12,7.760736112,71.0,direct_rf,71.23479924242427,0.2347992424242733,0.2347992424242733,random,33,random
PL_Comms_C1.csv::P-55,Comms,C1,PL_Comms_C1.csv,P-55,28.23118843,114.0,direct_rf,116.21563690476196,2.215636904761965,2.215636904761965,random,33,random
PL_Comms_C1.csv::J-50,Comms,C1,PL_Comms_C1.csv,J-50,21.58703314,107.0,direct_rf,106.51684920634919,-0.4831507936508075,0.4831507936508075,random,33,random
PL_Comms_C2.csv::J-46,Comms,C2,PL_Comms_C2.csv,J-46,17.7616504,115.0,direct_rf,112.61447709235206,-2.385522907647939,2.385522907647939,random,33,random
PL_Library_C1.csv::A-10,Library,C1,PL_Library_C1.csv,A-10,19.4006,84.0,direct_rf,83.19851587301588,-0.8014841269841213,0.8014841269841213,random,33,random
PL_Comms_C2.csv::F-30,Comms,C2,PL_Comms_C2.csv,F-30,1.86446373,69.0,direct_extra,74.00355448717946,5.003554487179457,5.003554487179457,random,33,random
PL_Library_C1.csv::D-16,Library,C1,PL_Library_C1.csv,D-16,13.55,79.0,direct_extra,83.40583333333332,4.4058333333333195,4.4058333333333195,random,33,random
PL_Comms_C2.csv::K-47,Comms,C2,PL_Comms_C2.csv,K-47,19.01252811,115.0,direct_extra,106.47390120173947,-8.526098798260534,8.526098798260534,random,33,random
PL_Comms_C2.csv::B-34,Comms,C2,PL_Comms_C2.csv,B-34,5.956192156,84.0,direct_extra,81.5473333333333,-2.452666666666701,2.452666666666701,random,33,random
PL_Library_C2.csv::V-14,Library,C2,PL_Library_C2.csv,V-14,11.23948064,75.0,direct_extra,77.33478138528135,2.334781385281346,2.334781385281346,random,33,random
PL_SSE_C2.csv::N-6,SSE,C2,PL_SSE_C2.csv,N-6,4.180457511,72.0,direct_extra,75.45991382301912,3.4599138230191215,3.4599138230191215,random,33,random
PL_Library_C2.csv::O-4,Library,C2,PL_Library_C2.csv,O-4,16.36153569,92.0,direct_extra,78.57116666666667,-13.42883333333333,13.42883333333333,random,33,random
PL_Comms_C2.csv::I-35,Comms,C2,PL_Comms_C2.csv,I-35,7.312744013,89.0,direct_extra,90.12610771581363,1.1261077158136317,1.1261077158136317,random,33,random
PL_Comms_C1.csv::B-47,Comms,C1,PL_Comms_C1.csv,B-47,18.24828759,102.0,direct_extra,107.94795076867575,5.947950768675753,5.947950768675753,random,33,random
PL_Comms_C1.csv::C-25,Comms,C1,PL_Comms_C1.csv,C-25,4.472135955,70.0,direct_extra,70.12755822119063,0.12755822119062543,0.12755822119062543,random,33,random
PL_Comms_C1.csv::H-48,Comms,C1,PL_Comms_C1.csv,H-48,19.23538406,86.0,direct_extra,87.74159920634915,1.74159920634915,1.74159920634915,random,33,random
PL_Comms_C1.csv::G-50,Comms,C1,PL_Comms_C1.csv,G-50,21.09502311,90.0,direct_extra,105.2041852240896,15.2041852240896,15.2041852240896,random,33,random
PL_SSE_C2.csv::E-7,SSE,C2,PL_SSE_C2.csv,E-7,9.564320415,94.0,direct_extra,89.69375000000002,-4.306249999999977,4.306249999999977,random,33,random
PL_Library_C1.csv::V-20,Library,C1,PL_Library_C1.csv,V-20,12.1195,73.0,direct_extra,72.13746428571424,-0.8625357142857553,0.8625357142857553,random,33,random
PL_Comms_C1.csv::O-23,Comms,C1,PL_Comms_C1.csv,O-23,11.66190379,96.0,direct_extra,93.00866468253969,-2.9913353174603117,2.9913353174603117,random,33,random
PL_Comms_C1.csv::F-27,Comms,C1,PL_Comms_C1.csv,F-27,2.236067977,76.0,direct_extra,66.70137342681822,-9.298626573181778,9.298626573181778,random,33,random
PL_Comms_C2.csv::K-36,Comms,C2,PL_Comms_C2.csv,K-36,9.299259379,82.0,direct_extra,88.57701142376142,6.5770114237614195,6.5770114237614195,random,33,random
PL_Library_C1.csv::R-13,Library,C1,PL_Library_C1.csv,R-13,6.775,74.0,direct_extra,71.11601098901113,-2.88398901098887,2.88398901098887,random,33,random
PL_Comms_C2.csv::H-49,Comms,C2,PL_Comms_C2.csv,H-49,20.26021286,94.0,direct_extra,109.62006400397853,15.620064003978527,15.620064003978527,random,33,random
PL_Comms_C1.csv::M-57,Comms,C1,PL_Comms_C1.csv,M-57,29.12043956,104.0,direct_extra,105.83958531746029,1.8395853174602905,1.8395853174602905,random,33,random
PL_Comms_C2.csv::E-16,Comms,C2,PL_Comms_C2.csv,E-16,13.05665443,94.0,direct_extra,97.64052503052503,3.6405250305250263,3.6405250305250263,random,33,random
PL_Library_C2.csv::M-26,Library,C2,PL_Library_C2.csv,M-26,13.67167693,80.0,direct_extra,83.61202976190471,3.612029761904708,3.612029761904708,random,33,random
PL_Comms_C2.csv::C-56,Comms,C2,PL_Comms_C2.csv,C-56,27.10122184,118.0,direct_extra,115.95528841991344,-2.044711580086556,2.044711580086556,random,33,random
PL_Library_C1.csv::V-13,Library,C1,PL_Library_C1.csv,V-13,11.5771,77.0,direct_extra,72.67568019480517,-4.324319805194833,4.324319805194833,random,33,random
PL_Comms_C2.csv::A-24,Comms,C2,PL_Comms_C2.csv,A-24,6.517378691,91.0,direct_extra,77.99319397759108,-13.006806022408924,13.006806022408924,random,33,random
PL_Library_C2.csv::P-19,Library,C2,PL_Library_C2.csv,P-19,5.034337096,70.0,direct_extra,70.04150000000003,0.041500000000027626,0.041500000000027626,random,33,random
PL_Comms_C1.csv::K-47,Comms,C1,PL_Comms_C1.csv,K-47,18.97366596,104.0,direct_extra,104.53186491008988,0.5318649100898796,0.5318649100898796,random,33,random
PL_Comms_C1.csv::N-24,Comms,C1,PL_Comms_C1.csv,N-24,10.29563014,90.0,direct_extra,89.31797222222224,-0.6820277777777619,0.6820277777777619,random,33,random
PL_Library_C2.csv::A-8,Library,C2,PL_Library_C2.csv,A-8,20.71883322,90.0,direct_extra,89.67096428571429,-0.329035714285709,0.329035714285709,random,33,random
PL_Library_C2.csv::T-11,Library,C2,PL_Library_C2.csv,T-11,10.65240583,75.0,direct_extra,72.89347289698605,-2.1065271030139456,2.1065271030139456,random,33,random
PL_Library_C2.csv::C-15,Library,C2,PL_Library_C2.csv,C-15,15.01570095,82.0,direct_extra,79.32769642857143,-2.6723035714285714,2.6723035714285714,random,33,random
PL_Comms_C1.csv::K-39,Comms,C1,PL_Comms_C1.csv,K-39,11.66190379,92.0,direct_extra,97.72181047897111,5.721810478971108,5.721810478971108,random,33,random
PL_Comms_C1.csv::K-36,Comms,C1,PL_Comms_C1.csv,K-36,9.219544457,86.0,direct_extra,85.37574158249159,-0.6242584175084147,0.6242584175084147,random,33,random
PL_Comms_C2.csv::I-6,Comms,C2,PL_Comms_C2.csv,I-6,23.37683094,100.0,direct_extra,98.36979166666669,-1.6302083333333144,1.6302083333333144,random,33,random
PL_Comms_C2.csv::M-28,Comms,C2,PL_Comms_C2.csv,M-28,8.153295346,77.0,direct_extra,85.92030905695614,8.920309056956143,8.920309056956143,random,33,random
PL_Comms_C2.csv::M-40,Comms,C2,PL_Comms_C2.csv,M-40,13.65562979,97.0,direct_extra,95.42901190476185,-1.5709880952381496,1.5709880952381496,random,33,random
PL_Library_C2.csv::G-10,Library,C2,PL_Library_C2.csv,G-10,12.55142821,83.0,direct_extra,83.02276190476198,0.022761904761978258,0.022761904761978258,random,33,random
PL_Comms_C1.csv::B-12,Comms,C1,PL_Comms_C1.csv,B-12,17.2626765,114.0,direct_extra,107.86788026971315,-6.1321197302868455,6.1321197302868455,random,33,random
PL_Comms_C2.csv::N-52,Comms,C2,PL_Comms_C2.csv,N-52,24.72804531,106.0,direct_extra,115.30260431235428,9.302604312354276,9.302604312354276,random,33,random
PL_Comms_C1.csv::E-40,Comms,C1,PL_Comms_C1.csv,E-40,11.0,99.0,direct_extra,88.66580555555555,-10.33419444444445,10.33419444444445,random,33,random
PL_Comms_C1.csv::G-44,Comms,C1,PL_Comms_C1.csv,G-44,15.13274595,87.0,direct_extra,100.04925320961722,13.04925320961722,13.04925320961722,random,33,random
PL_Library_C2.csv::V-8,Library,C2,PL_Library_C2.csv,V-8,15.37814765,89.0,direct_extra,84.03112301587305,-4.9688769841269504,4.9688769841269504,random,33,random
PL_Comms_C2.csv::D-37,Comms,C2,PL_Comms_C2.csv,D-37,8.153295346,86.0,direct_extra,90.72790599929404,4.7279059992940375,4.7279059992940375,random,33,random
PL_Comms_C2.csv::F-54,Comms,C2,PL_Comms_C2.csv,F-54,25.04947554,89.0,direct_extra,98.20377976190476,9.203779761904755,9.203779761904755,random,33,random
PL_Library_C1.csv::Q-5,Library,C1,PL_Library_C1.csv,Q-5,15.4494,88.0,direct_extra,87.12077380952388,-0.8792261904761176,0.8792261904761176,random,33,random
PL_Comms_C2.csv::O-53,Comms,C2,PL_Comms_C2.csv,O-53,26.02837346,116.0,direct_extra,117.17871614496613,1.1787161449661312,1.1787161449661312,random,33,random
PL_Comms_C1.csv::J-22,Comms,C1,PL_Comms_C1.csv,J-22,8.602325267,78.0,direct_extra,86.21539285714285,8.215392857142845,8.215392857142845,random,33,random
PL_Comms_C1.csv::B-29,Comms,C1,PL_Comms_C1.csv,B-29,3.0,68.0,direct_extra,64.04241666666665,-3.9575833333333463,3.9575833333333463,random,33,random
PL_Comms_C2.csv::I-21,Comms,C2,PL_Comms_C2.csv,I-21,9.026418171,95.0,direct_extra,93.30289008676507,-1.6971099132349252,1.6971099132349252,random,33,random
PL_Comms_C1.csv::C-42,Comms,C1,PL_Comms_C1.csv,C-42,13.15294644,105.0,direct_extra,98.98683161292976,-6.0131683870702375,6.0131683870702375,random,33,random
PL_Library_C1.csv::P-21,Library,C1,PL_Library_C1.csv,P-21,7.2969,72.0,direct_extra,69.18557112332114,-2.8144288766788605,2.8144288766788605,random,33,random
PL_Library_C1.csv::B-9,Library,C1,PL_Library_C1.csv,B-9,18.8243,80.0,direct_extra,83.34555158730166,3.3455515873016566,3.3455515873016566,random,33,random
PL_Library_C2.csv::N-23,Library,C2,PL_Library_C2.csv,N-23,9.562502288,90.0,direct_extra,77.40885790598288,-12.591142094017115,12.591142094017115,random,33,random
PL_Comms_C1.csv::E-41,Comms,C1,PL_Comms_C1.csv,E-41,12.0,97.0,direct_extra,98.547703336114,1.5477033361139974,1.5477033361139974,random,33,random
PL_Comms_C1.csv::F-42,Comms,C1,PL_Comms_C1.csv,F-42,13.03840481,95.0,direct_extra,100.21914348161663,5.2191434816166264,5.2191434816166264,random,33,random
PL_SSE_C1.csv::D-2,SSE,C1,PL_SSE_C1.csv,D-2,12.80624847,91.0,direct_extra,95.41687500000006,4.416875000000061,4.416875000000061,random,33,random
PL_Library_C2.csv::C-7,Library,C2,PL_Library_C2.csv,C-7,19.29645758,85.0,direct_extra,89.9331785714286,4.9331785714285985,4.9331785714285985,random,33,random
PL_Comms_C2.csv::A-25,Comms,C2,PL_Comms_C2.csv,A-25,5.78586424,82.0,direct_extra,79.02569397759106,-2.974306022408939,2.974306022408939,random,33,random
PL_Comms_C2.csv::F-41,Comms,C2,PL_Comms_C2.csv,F-41,12.10273626,88.0,direct_extra,85.94269266917284,-2.0573073308271574,2.0573073308271574,random,33,random
PL_Comms_C2.csv::G-52,Comms,C2,PL_Comms_C2.csv,G-52,23.11874186,91.0,direct_extra,94.3251800129695,3.325180012969497,3.325180012969497,random,33,random
PL_Library_C1.csv::M-15,Library,C1,PL_Library_C1.csv,M-15,1.9163,72.0,direct_extra,56.23636904761909,-15.763630952380908,15.763630952380908,random,33,random
PL_Library_C1.csv::W-15,Library,C1,PL_Library_C1.csv,W-15,12.27,69.0,direct_extra,82.1616428571429,13.161642857142894,13.161642857142894,random,33,random
PL_SSE_C2.csv::D-3,SSE,C2,PL_SSE_C2.csv,D-3,12.26687511,96.0,direct_extra,94.63019047619048,-1.369809523809522,1.369809523809522,random,33,random
PL_Library_C1.csv::V-19,Library,C1,PL_Library_C1.csv,V-19,11.5771,71.0,direct_extra,76.97093686868689,5.970936868686891,5.970936868686891,random,33,random
PL_SSE_C1.csv::H-1,SSE,C1,PL_SSE_C1.csv,H-1,10.81665383,89.0,direct_extra,87.7589166666667,-1.2410833333332931,1.2410833333332931,random,33,random
PL_Comms_C1.csv::B-13,Comms,C1,PL_Comms_C1.csv,B-13,16.2788206,94.0,direct_extra,93.07514006132755,-0.924859938672455,0.924859938672455,random,33,random
PL_Comms_C1.csv::O-43,Comms,C1,PL_Comms_C1.csv,O-43,17.20465053,109.0,direct_extra,105.93715179265175,-3.062848207348253,3.062848207348253,random,33,random
PL_Comms_C1.csv::J-46,Comms,C1,PL_Comms_C1.csv,J-46,17.72004515,105.0,direct_extra,108.44209884559885,3.4420988455988493,3.4420988455988493,random,33,random
PL_Comms_C2.csv::K-21,Comms,C2,PL_Comms_C2.csv,K-21,10.07354084,87.0,direct_extra,85.051125,-1.948875000000001,1.948875000000001,random,33,random
PL_Comms_C1.csv::J-13,Comms,C1,PL_Comms_C1.csv,J-13,16.76305461,99.0,direct_extra,95.0740051406926,-3.9259948593073943,3.9259948593073943,random,33,random
PL_Library_C2.csv::Q-18,Library,C2,PL_Library_C2.csv,Q-18,5.034337096,66.0,direct_extra,74.86108250083254,8.861082500832538,8.861082500832538,random,33,random
PL_Comms_C1.csv::C-57,Comms,C1,PL_Comms_C1.csv,C-57,28.0713377,110.0,direct_extra,114.2742398088023,4.274239808802307,4.274239808802307,random,33,random
PL_Library_C2.csv::A-4,Library,C2,PL_Library_C2.csv,A-4,24.0031675,91.0,direct_extra,96.09965873015875,5.099658730158751,5.099658730158751,random,33,random
PL_Library_C1.csv::M-14,Library,C1,PL_Library_C1.csv,M-14,3.0299,72.0,direct_extra,64.90911255411254,-7.090887445887461,7.090887445887461,random,33,random
PL_SSE_C1.csv::K-6,SSE,C1,PL_SSE_C1.csv,K-6,5.0,70.0,direct_extra,73.0628409090909,3.0628409090908946,3.0628409090908946,random,33,random
PL_Comms_C2.csv::G-19,Comms,C2,PL_Comms_C2.csv,G-19,10.27016188,88.0,direct_extra,93.80430519480518,5.804305194805181,5.804305194805181,random,33,random
PL_Comms_C1.csv::H-20,Comms,C1,PL_Comms_C1.csv,H-20,9.486832981,83.0,direct_extra,81.71989285714287,-1.2801071428571333,1.2801071428571333,random,33,random
PL_Comms_C1.csv::C-18,Comms,C1,PL_Comms_C1.csv,C-18,11.18033989,89.0,direct_extra,93.61935714285715,4.6193571428571545,4.6193571428571545,random,33,random
PL_SSE_C1.csv::E-7,SSE,C1,PL_SSE_C1.csv,E-7,9.486832981,97.0,direct_extra,84.81366666666669,-12.186333333333309,12.186333333333309,random,33,random
PL_Comms_C2.csv::L-13,Comms,C2,PL_Comms_C2.csv,L-13,17.50646238,116.0,direct_extra,105.4318834776335,-10.568116522366495,10.568116522366495,random,33,random
PL_Library_C2.csv::C-16,Library,C2,PL_Library_C2.csv,C-16,14.95443914,81.0,direct_extra,82.72124801587303,1.7212480158730301,1.7212480158730301,random,33,random
PL_Comms_C2.csv::A-28,Comms,C2,PL_Comms_C2.csv,A-28,4.298397957,65.0,direct_extra,75.39534523809526,10.39534523809526,10.39534523809526,random,33,random
PL_SSE_C2.csv::C-5,SSE,C2,PL_SSE_C2.csv,C-5,12.14397896,101.0,direct_extra,96.00538095238093,-4.994619047619068,4.994619047619068,random,33,random
PL_Comms_C1.csv::L-49,Comms,C1,PL_Comms_C1.csv,L-49,21.1896201,112.0,direct_extra,106.97449300713896,-5.02550699286104,5.02550699286104,random,33,random
PL_SSE_C1.csv::N-6,SSE,C1,PL_SSE_C1.csv,N-6,4.0,67.0,direct_extra,77.5848409090909,10.5848409090909,10.5848409090909,random,33,random
PL_Comms_C1.csv::E-56,Comms,C1,PL_Comms_C1.csv,E-56,27.0,107.0,direct_extra,113.62489044982789,6.6248904498278876,6.6248904498278876,random,33,random
PL_Comms_C1.csv::B-20,Comms,C1,PL_Comms_C1.csv,B-20,9.486832981,93.0,direct_extra,83.95032882314953,-9.049671176850467,9.049671176850467,random,33,random
PL_Comms_C1.csv::F-34,Comms,C1,PL_Comms_C1.csv,F-34,5.099019514,91.0,direct_extra,70.77094711538462,-20.229052884615385,20.229052884615385,random,33,random
PL_Library_C1.csv::O-26,Library,C1,PL_Library_C1.csv,O-26,13.6176,88.0,direct_extra,79.32962500000004,-8.670374999999964,8.670374999999964,random,33,random
PL_Comms_C2.csv::G-23,Comms,C2,PL_Comms_C2.csv,G-23,6.440203801,80.0,direct_extra,77.34852731092441,-2.6514726890755895,2.6514726890755895,random,33,random
PL_Comms_C1.csv::H-2,Comms,C1,PL_Comms_C1.csv,H-2,27.16615541,101.0,direct_extra,99.02316666666671,-1.976833333333289,1.976833333333289,random,33,random
PL_Library_C2.csv::R-9,Library,C2,PL_Library_C2.csv,R-9,10.99171734,71.0,direct_extra,73.22651785714285,2.226517857142852,2.226517857142852,random,33,random
PL_Comms_C1.csv::N-27,Comms,C1,PL_Comms_C1.csv,N-27,9.219544457,82.0,direct_extra,78.46729166666667,-3.532708333333332,3.532708333333332,random,33,random
PL_Comms_C2.csv::K-25,Comms,C2,PL_Comms_C2.csv,K-25,7.312744013,79.0,direct_extra,89.06282663421462,10.062826634214616,10.062826634214616,random,33,random
PL_SSE_C1.csv::L-1,SSE,C1,PL_SSE_C1.csv,L-1,9.219544457,71.0,direct_extra,78.09406114718621,7.09406114718621,7.09406114718621,random,33,random
PL_SSE_C1.csv::E-2,SSE,C1,PL_SSE_C1.csv,E-2,12.04159458,96.0,direct_extra,91.3866388888889,-4.613361111111104,4.613361111111104,random,33,random
PL_Library_C2.csv::U-18,Library,C2,PL_Library_C2.csv,U-18,9.939092011,75.0,direct_extra,79.28373412698406,4.283734126984058,4.283734126984058,random,33,random
PL_SSE_C2.csv::I-1,SSE,C2,PL_SSE_C2.csv,I-1,10.36707408,86.0,direct_extra,92.52221103896105,6.522211038961046,6.522211038961046,random,33,random
PL_Comms_C2.csv::K-33,Comms,C2,PL_Comms_C2.csv,K-33,7.312744013,82.0,direct_extra,90.79862755708349,8.798627557083492,8.798627557083492,random,33,random
PL_Comms_C1.csv::O-37,Comms,C1,PL_Comms_C1.csv,O-37,12.80624847,90.0,direct_extra,92.95311901986905,2.9531190198690496,2.9531190198690496,random,33,random
PL_Library_C2.csv::H-13,Library,C2,PL_Library_C2.csv,H-13,9.17046073,74.0,direct_extra,76.36199071187427,2.3619907118742702,2.3619907118742702,random,33,random
PL_Library_C1.csv::G-6,Library,C1,PL_Library_C1.csv,G-6,16.5399,82.0,direct_extra,79.55007605820109,-2.4499239417989145,2.4499239417989145,random,33,random
PL_Comms_C1.csv::A-45,Comms,C1,PL_Comms_C1.csv,A-45,16.4924225,105.0,direct_extra,103.78199765512267,-1.218002344877334,1.218002344877334,random,33,random
PL_Comms_C1.csv::C-38,Comms,C1,PL_Comms_C1.csv,C-38,9.219544457,90.0,direct_extra,86.61855354830357,-3.3814464516964335,3.3814464516964335,random,33,random
PL_Comms_C1.csv::O-28,Comms,C1,PL_Comms_C1.csv,O-28,10.04987562,82.0,direct_extra,78.47900000000001,-3.5209999999999866,3.5209999999999866,random,33,random
PL_Library_C1.csv::J-2,Library,C1,PL_Library_C1.csv,J-2,19.7291,82.0,direct_extra,79.12115554815556,-2.8788444518444436,2.8788444518444436,random,33,random
PL_Comms_C1.csv::I-22,Comms,C1,PL_Comms_C1.csv,I-22,8.062257748,88.0,direct_extra,92.02718960808741,4.027189608087411,4.027189608087411,random,33,random
PL_Comms_C2.csv::G-43,Comms,C2,PL_Comms_C2.csv,G-43,14.1942321,89.0,direct_extra,95.95600791660036,6.956007916600356,6.956007916600356,random,33,random
PL_Comms_C2.csv::I-8,Comms,C2,PL_Comms_C2.csv,I-8,21.41205793,112.0,direct_extra,105.14707792207786,-6.852922077922145,6.852922077922145,random,33,random
PL_Comms_C2.csv::G-28,Comms,C2,PL_Comms_C2.csv,G-28,2.544842824,72.0,direct_extra,77.53257492997196,5.5325749299719575,5.5325749299719575,random,33,random
PL_Comms_C2.csv::D-27,Comms,C2,PL_Comms_C2.csv,D-27,2.544842824,72.0,direct_extra,72.89834523809525,0.8983452380952457,0.8983452380952457,random,33,random
PL_Library_C2.csv::T-18,Library,C2,PL_Library_C2.csv,T-18,8.655473702,80.0,direct_extra,73.60103042493898,-6.398969575061017,6.398969575061017,random,33,random
PL_Comms_C1.csv::G-49,Comms,C1,PL_Comms_C1.csv,G-49,20.09975124,95.0,direct_extra,98.71372112568797,3.713721125687968,3.713721125687968,random,33,random
PL_Comms_C2.csv::G-6,Comms,C2,PL_Comms_C2.csv,G-6,23.11874186,91.0,direct_extra,105.09474999999999,14.09474999999999,14.09474999999999,random,33,random
PL_Comms_C1.csv::A-24,Comms,C1,PL_Comms_C1.csv,A-24,6.403124237,87.0,direct_extra,75.11109424603174,-11.88890575396826,11.88890575396826,random,33,random
PL_Library_C2.csv::F-2,Library,C2,PL_Library_C2.csv,F-2,21.88247529,94.0,direct_extra,91.80242836257315,-2.1975716374268472,2.1975716374268472,random,33,random
PL_Library_C1.csv::C-5,Library,C1,PL_Library_C1.csv,C-5,21.0789,74.0,direct_extra,82.70273196248199,8.702731962481991,8.702731962481991,random,33,random
PL_Comms_C1.csv::F-3,Comms,C1,PL_Comms_C1.csv,F-3,26.01922366,95.0,direct_extra,94.01687698412692,-0.9831230158730762,0.9831230158730762,random,33,random
PL_Library_C1.csv::R-9,Library,C1,PL_Library_C1.csv,R-9,10.9244,77.0,direct_extra,72.016625,-4.983374999999995,4.983374999999995,random,33,random
PL_Library_C2.csv::L-15,Library,C2,PL_Library_C2.csv,L-15,3.264406531,71.0,direct_extra,71.12692010767009,0.1269201076700881,0.1269201076700881,random,33,random
PL_Library_C2.csv::N-17,Library,C2,PL_Library_C2.csv,N-17,1.819958791,57.0,direct_extra,64.42504761904762,7.425047619047618,7.425047619047618,random,33,random
PL_SSE_C2.csv::G-9,SSE,C2,PL_SSE_C2.csv,G-9,7.174693373,84.0,direct_extra,82.41205952380953,-1.587940476190468,1.587940476190468,random,33,random
PL_Library_C2.csv::C-4,Library,C2,PL_Library_C2.csv,C-4,22.09123921,86.0,direct_extra,93.21717836257314,7.2171783625731365,7.2171783625731365,random,33,random
PL_Library_C1.csv::P-6,Library,C1,PL_Library_C1.csv,P-6,13.8183,87.0,direct_extra,83.04730555555554,-3.952694444444461,3.952694444444461,random,33,random
PL_Library_C1.csv::R-6,Library,C1,PL_Library_C1.csv,R-6,14.5938,76.0,direct_extra,83.21285714285717,7.212857142857175,7.212857142857175,random,33,random
PL_Comms_C2.csv::J-11,Comms,C2,PL_Comms_C2.csv,J-11,18.72101026,103.0,direct_extra,108.79661366411366,5.796613664113664,5.796613664113664,random,33,random
PL_Comms_C1.csv::C-39,Comms,C1,PL_Comms_C1.csv,C-39,10.19803903,85.0,direct_extra,91.05319841269842,6.053198412698421,6.053198412698421,random,33,random
PL_Library_C2.csv::Q-12,Library,C2,PL_Library_C2.csv,Q-12,6.883084338,75.0,direct_extra,75.75625000000004,0.756250000000037,0.756250000000037,random,33,random
PL_Library_C2.csv::Q-21,Library,C2,PL_Library_C2.csv,Q-21,7.993814796,78.0,direct_extra,79.94811904761906,1.948119047619059,1.948119047619059,random,33,random
PL_Comms_C2.csv::I-2,Comms,C2,PL_Comms_C2.csv,I-2,27.32171709,106.0,direct_extra,106.61933333333334,0.6193333333333442,0.6193333333333442,random,33,random
PL_Comms_C2.csv::M-51,Comms,C2,PL_Comms_C2.csv,M-51,23.44090922,117.0,direct_extra,118.67428486790988,1.6742848679098756,1.6742848679098756,random,33,random
PL_SSE_C2.csv::L-3,SSE,C2,PL_SSE_C2.csv,L-3,7.380801108,73.0,direct_extra,75.94040107881887,2.9404010788188657,2.9404010788188657,random,33,random
PL_Comms_C1.csv::B-43,Comms,C1,PL_Comms_C1.csv,B-43,14.31782106,97.0,direct_extra,94.62538976311289,-2.374610236887108,2.374610236887108,random,33,random
PL_SSE_C1.csv::M-3,SSE,C1,PL_SSE_C1.csv,M-3,7.071067812,69.0,direct_extra,72.47790476190467,3.477904761904668,3.477904761904668,random,33,random
PL_Library_C2.csv::I-4,Library,C2,PL_Library_C2.csv,I-4,17.65685278,82.0,direct_extra,87.74086904761906,5.740869047619057,5.740869047619057,random,33,random
PL_Comms_C2.csv::B-35,Comms,C2,PL_Comms_C2.csv,B-35,6.817347358,78.0,direct_extra,84.3483815253374,6.348381525337402,6.348381525337402,random,33,random
PL_Library_C1.csv::V-21,Library,C1,PL_Library_C1.csv,V-21,12.783,79.0,direct_extra,75.3240238095238,-3.675976190476206,3.675976190476206,random,33,random
PL_Comms_C1.csv::G-28,Comms,C1,PL_Comms_C1.csv,G-28,2.236067977,62.0,direct_extra,66.70137342681822,4.701373426818222,4.701373426818222,random,33,random
PL_Comms_C1.csv::H-50,Comms,C1,PL_Comms_C1.csv,H-50,21.21320344,87.0,direct_extra,104.84043522408957,17.840435224089575,17.840435224089575,random,33,random
PL_SSE_C1.csv::H-8,SSE,C1,PL_SSE_C1.csv,H-8,6.32455532,73.0,direct_extra,77.51158333333333,4.511583333333334,4.511583333333334,random,33,random
PL_Comms_C2.csv::C-42,Comms,C2,PL_Comms_C2.csv,C-42,13.20894489,107.0,direct_extra,100.06043030085567,-6.939569699144329,6.939569699144329,random,33,random
PL_Comms_C2.csv::C-23,Comms,C2,PL_Comms_C2.csv,C-23,6.440203801,84.0,direct_extra,77.34852731092441,-6.6514726890755895,6.6514726890755895,random,33,random
PL_Comms_C2.csv::L-48,Comms,C2,PL_Comms_C2.csv,L-48,20.28487676,119.0,direct_extra,109.34863396897215,-9.651366031027848,9.651366031027848,random,33,random
PL_Library_C2.csv::C-8,Library,C2,PL_Library_C2.csv,C-8,18.46999865,83.0,direct_extra,87.68253571428572,4.68253571428572,4.68253571428572,random,33,random
PL_Comms_C1.csv::A-54,Comms,C1,PL_Comms_C1.csv,A-54,25.3179778,114.0,direct_extra,108.46443864468878,-5.535561355311216,5.535561355311216,random,33,random
PL_SSE_C2.csv::A-7,SSE,C2,PL_SSE_C2.csv,A-7,13.3968737,106.0,direct_extra,98.27199999999999,-7.728000000000009,7.728000000000009,random,33,random
PL_Library_C1.csv::S-12,Library,C1,PL_Library_C1.csv,S-12,8.6762,76.0,direct_extra,72.40616265678761,-3.5938373432123853,3.5938373432123853,random,33,random
PL_Comms_C2.csv::H-56,Comms,C2,PL_Comms_C2.csv,H-56,27.19331214,94.0,direct_extra,100.95808333333335,6.958083333333349,6.958083333333349,random,33,random
PL_Comms_C1.csv::E-22,Comms,C1,PL_Comms_C1.csv,E-22,7.0,87.0,direct_extra,82.58457919980806,-4.415420800191939,4.415420800191939,random,33,random
PL_Library_C2.csv::U-20,Library,C2,PL_Library_C2.csv,U-20,10.99171734,73.0,direct_extra,74.28028095150461,1.2802809515046079,1.2802809515046079,random,33,random
PL_Library_C2.csv::J-6,Library,C2,PL_Library_C2.csv,J-6,14.64428643,96.0,direct_extra,83.05474999999996,-12.945250000000044,12.945250000000044,random,33,random
PL_Comms_C1.csv::I-21,Comms,C1,PL_Comms_C1.csv,I-21,8.94427191,87.0,direct_extra,89.23052432126696,2.230524321266955,2.230524321266955,random,33,random
PL_Comms_C2.csv::D-13,Comms,C2,PL_Comms_C2.csv,D-13,16.07719581,93.0,direct_extra,94.04580228105227,1.045802281052275,1.045802281052275,random,33,random
PL_Comms_C1.csv::D-38,Comms,C1,PL_Comms_C1.csv,D-38,9.055385138,92.0,direct_extra,84.50534521497023,-7.494654785029766,7.494654785029766,random,33,random
PL_Comms_C2.csv::N-51,Comms,C2,PL_Comms_C2.csv,N-51,23.80076102,115.0,direct_extra,114.21693486456356,-0.7830651354364448,0.7830651354364448,random,33,random
PL_Library_C1.csv::A-8,Library,C1,PL_Library_C1.csv,A-8,20.6832,88.0,direct_extra,82.71369737847293,-5.286302621527071,5.286302621527071,random,33,random
PL_Library_C2.csv::L-9,Library,C2,PL_Library_C2.csv,L-9,9.939092011,70.0,direct_extra,77.84286936163251,7.842869361632509,7.842869361632509,random,33,random
PL_Library_C2.csv::D-2,Library,C2,PL_Library_C2.csv,D-2,23.34394193,97.0,direct_extra,93.78710891812867,-3.2128910818713337,3.2128910818713337,random,33,random
PL_SSE_C1.csv::M-7,SSE,C1,PL_SSE_C1.csv,M-7,3.16227766,71.0,direct_extra,75.38132106782106,4.381321067821062,4.381321067821062,random,33,random
PL_Library_C1.csv::I-9,Library,C1,PL_Library_C1.csv,I-9,11.6562,68.0,direct_extra,77.07741901154404,9.077419011544038,9.077419011544038,random,33,random
PL_Comms_C2.csv::J-44,Comms,C2,PL_Comms_C2.csv,J-44,15.85800192,105.0,direct_extra,101.1033407038443,-3.896659296155704,3.896659296155704,random,33,random
PL_Comms_C2.csv::D-12,Comms,C2,PL_Comms_C2.csv,D-12,17.07267481,105.0,direct_extra,100.93413095238093,-4.065869047619074,4.065869047619074,random,33,random
PL_Comms_C1.csv::M-28,Comms,C1,PL_Comms_C1.csv,M-28,8.062257748,76.0,direct_extra,80.49157738095238,4.4915773809523785,4.4915773809523785,random,33,random
PL_Comms_C1.csv::D-33,Comms,C1,PL_Comms_C1.csv,D-33,4.123105626,79.0,direct_extra,72.93161774500007,-6.068382254999932,6.068382254999932,random,33,random
PL_Library_C1.csv::Q-4,Library,C1,PL_Library_C1.csv,Q-4,16.7604,78.0,direct_extra,83.04821428571432,5.048214285714323,5.048214285714323,random,33,random
PL_Comms_C2.csv::A-12,Comms,C2,PL_Comms_C2.csv,A-12,17.50646238,116.0,direct_extra,107.1028896381396,-8.897110361860399,8.897110361860399,random,33,random
PL_Comms_C2.csv::H-44,Comms,C2,PL_Comms_C2.csv,H-44,15.3452346,87.0,direct_extra,90.9438854775517,3.943885477551703,3.943885477551703,random,33,random
PL_Comms_C1.csv::J-39,Comms,C1,PL_Comms_C1.csv,J-39,11.18033989,96.0,direct_extra,96.04622119325684,0.04622119325684082,0.04622119325684082,random,33,random
PL_Comms_C1.csv::E-54,Comms,C1,PL_Comms_C1.csv,E-54,25.0,106.0,direct_extra,107.93272435897444,1.9327243589744398,1.9327243589744398,random,33,random
PL_Comms_C2.csv::F-28,Comms,C2,PL_Comms_C2.csv,F-28,1.86446373,77.0,direct_extra,75.37365826330536,-1.6263417366946413,1.6263417366946413,random,33,random
PL_Comms_C1.csv::I-35,Comms,C1,PL_Comms_C1.csv,I-35,7.211102551,81.0,direct_extra,81.83233024408564,0.8323302440856395,0.8323302440856395,random,33,random
PL_Library_C1.csv::A-4,Library,C1,PL_Library_C1.csv,A-4,23.9724,83.0,direct_extra,82.6870540634546,-0.3129459365454039,0.3129459365454039,random,33,random
PL_Comms_C2.csv::E-23,Comms,C2,PL_Comms_C2.csv,E-23,6.121782829,80.0,direct_extra,77.03677731092439,-2.9632226890756073,2.9632226890756073,random,33,random
PL_Library_C2.csv::Q-23,Library,C2,PL_Library_C2.csv,Q-23,10.39065325,75.0,direct_extra,73.95901111023481,-1.0409888897651882,1.0409888897651882,random,33,random
PL_SSE_C1.csv::D-6,SSE,C1,PL_SSE_C1.csv,D-6,10.77032961,89.0,direct_extra,94.15917261904758,5.159172619047581,5.159172619047581,random,33,random
PL_Comms_C1.csv::G-34,Comms,C1,PL_Comms_C1.csv,G-34,5.385164807,78.0,direct_extra,79.43463560173949,1.4346356017394868,1.4346356017394868,random,33,random
PL_Comms_C1.csv::C-51,Comms,C1,PL_Comms_C1.csv,C-51,22.09072203,115.0,direct_extra,110.91777797202795,-4.082222027972051,4.082222027972051,random,33,random
PL_Comms_C1.csv::B-44,Comms,C1,PL_Comms_C1.csv,B-44,15.29705854,104.0,direct_extra,98.89396160389683,-5.106038396103173,5.106038396103173,random,33,random
PL_Comms_C2.csv::N-35,Comms,C2,PL_Comms_C2.csv,N-35,10.88467845,100.0,direct_extra,91.92158333333336,-8.07841666666664,8.07841666666664,random,33,random
PL_Comms_C2.csv::D-33,Comms,C2,PL_Comms_C2.csv,D-33,4.298397957,86.0,direct_extra,79.3018606442577,-6.698139355742299,6.698139355742299,random,33,random
PL_Comms_C2.csv::O-22,Comms,C2,PL_Comms_C2.csv,O-22,12.26687511,95.0,direct_extra,86.95675219298238,-8.043247807017622,8.043247807017622,random,33,random
PL_Library_C2.csv::C-12,Library,C2,PL_Library_C2.csv,C-12,15.90633993,87.0,direct_extra,90.969625,3.9696249999999935,3.9696249999999935,random,33,random
PL_Library_C2.csv::V-10,Library,C2,PL_Library_C2.csv,V-10,13.60436419,87.0,direct_extra,80.95675,-6.0432500000000005,6.0432500000000005,random,33,random
PL_Comms_C2.csv::F-44,Comms,C2,PL_Comms_C2.csv,F-44,15.08231497,84.0,direct_extra,103.41191751543849,19.41191751543849,19.41191751543849,random,33,random
PL_Comms_C2.csv::C-34,Comms,C2,PL_Comms_C2.csv,C-34,5.520527602,80.0,direct_extra,84.57085105580686,4.570851055806855,4.570851055806855,random,33,random
PL_Library_C2.csv::N-20,Library,C2,PL_Library_C2.csv,N-20,5.55451393,79.0,direct_extra,73.93746794871794,-5.062532051282062,5.062532051282062,random,33,random
PL_Library_C1.csv::G-4,Library,C1,PL_Library_C1.csv,G-4,18.8243,87.0,direct_extra,81.47197150997157,-5.528028490028433,5.528028490028433,random,33,random
PL_Library_C2.csv::D-8,Library,C2,PL_Library_C2.csv,D-8,17.39495114,80.0,direct_extra,89.20270238095242,9.202702380952417,9.202702380952417,random,33,random
PL_Comms_C2.csv::B-21,Comms,C2,PL_Comms_C2.csv,B-21,8.629960892,86.0,direct_extra,83.62979165279168,-2.370208347208319,2.370208347208319,random,33,random
PL_Comms_C1.csv::G-57,Comms,C1,PL_Comms_C1.csv,G-57,28.0713377,96.0,direct_extra,107.87279761904763,11.872797619047631,11.872797619047631,random,33,random
PL_Comms_C2.csv::M-31,Comms,C2,PL_Comms_C2.csv,M-31,8.335239949,94.0,direct_extra,95.76400000000004,1.7640000000000384,1.7640000000000384,random,33,random
PL_Library_C2.csv::C-9,Library,C2,PL_Library_C2.csv,C-9,17.70876831,81.0,direct_extra,87.15725000000002,6.157250000000019,6.157250000000019,random,33,random
PL_Comms_C1.csv::O-24,Comms,C1,PL_Comms_C1.csv,O-24,11.18033989,90.0,direct_extra,88.55469841269843,-1.4453015873015715,1.4453015873015715,random,33,random
PL_Comms_C1.csv::H-17,Comms,C1,PL_Comms_C1.csv,H-17,12.36931688,85.0,direct_extra,94.57694815046065,9.576948150460652,9.576948150460652,random,33,random
PL_Comms_C2.csv::K-44,Comms,C2,PL_Comms_C2.csv,K-44,16.20111802,110.0,direct_extra,106.74979551820726,-3.2502044817927356,3.2502044817927356,random,33,random
PL_Comms_C2.csv::F-45,Comms,C2,PL_Comms_C2.csv,F-45,16.07719581,93.0,direct_extra,100.22367403717763,7.223674037177631,7.223674037177631,random,33,random
PL_Library_C1.csv::M-24,Library,C1,PL_Library_C1.csv,M-24,10.9244,78.0,direct_extra,82.82141666666665,4.82141666666665,4.82141666666665,random,33,random
PL_SSE_C1.csv::I-5,SSE,C1,PL_SSE_C1.csv,I-5,7.071067812,86.0,direct_extra,84.66975118425634,-1.3302488157436585,1.3302488157436585,random,33,random
PL_Comms_C1.csv::H-21,Comms,C1,PL_Comms_C1.csv,H-21,8.544003745,80.0,direct_extra,81.16137103174603,1.1613710317460288,1.1613710317460288,random,33,random
PL_Comms_C1.csv::I-4,Comms,C1,PL_Comms_C1.csv,I-4,25.3179778,115.0,direct_extra,98.56984523809525,-16.430154761904745,16.430154761904745,random,33,random
PL_Comms_C1.csv::O-19,Comms,C1,PL_Comms_C1.csv,O-19,14.14213562,88.0,direct_extra,90.69999450688199,2.6999945068819926,2.6999945068819926,random,33,random
PL_Library_C2.csv::E-15,Library,C2,PL_Library_C2.csv,E-15,12.33005576,76.0,direct_extra,82.97952182539687,6.979521825396873,6.979521825396873,random,33,random
PL_Comms_C1.csv::D-30,Comms,C1,PL_Comms_C1.csv,D-30,1.414213562,69.0,direct_extra,62.939274496336935,-6.060725503663065,6.060725503663065,random,33,random
PL_SSE_C1.csv::A-2,SSE,C1,PL_SSE_C1.csv,A-2,15.26433752,106.0,direct_extra,98.00719444444448,-7.99280555555552,7.99280555555552,random,33,random
PL_Comms_C2.csv::H-53,Comms,C2,PL_Comms_C2.csv,H-53,24.21727121,94.0,direct_extra,98.43508699633702,4.43508699633702,4.43508699633702,random,33,random
PL_Comms_C1.csv::D-44,Comms,C1,PL_Comms_C1.csv,D-44,15.03329638,105.0,direct_extra,94.35141837081413,-10.64858162918587,10.64858162918587,random,33,random
PL_Comms_C2.csv::N-19,Comms,C2,PL_Comms_C2.csv,N-19,13.50837611,92.0,direct_extra,88.686880952381,-3.313119047618997,3.313119047618997,random,33,random
PL_Comms_C2.csv::E-35,Comms,C2,PL_Comms_C2.csv,E-35,6.121782829,88.0,direct_extra,88.50366363211951,0.5036636321195118,0.5036636321195118,random,33,random
PL_Comms_C2.csv::B-14,Comms,C2,PL_Comms_C2.csv,B-14,15.3452346,100.0,direct_extra,96.53872756410262,-3.461272435897385,3.461272435897385,random,33,random
PL_SSE_C1.csv::L-8,SSE,C1,PL_SSE_C1.csv,L-8,2.828427125,61.0,direct_extra,64.07458333333334,3.0745833333333366,3.0745833333333366,random,33,random
PL_Comms_C2.csv::K-39,Comms,C2,PL_Comms_C2.csv,K-39,11.72502559,107.0,direct_extra,98.1986812444039,-8.8013187555961,8.8013187555961,random,33,random
PL_Comms_C2.csv::L-46,Comms,C2,PL_Comms_C2.csv,L-46,18.4248806,110.0,direct_extra,109.84765626856803,-0.15234373143196933,0.15234373143196933,random,33,random
PL_Library_C2.csv::F-9,Library,C2,PL_Library_C2.csv,F-9,14.45500086,91.0,direct_extra,81.48033333333328,-9.519666666666723,9.519666666666723,random,33,random
PL_Comms_C2.csv::G-3,Comms,C2,PL_Comms_C2.csv,G-3,26.1050996,89.0,direct_extra,98.68396794871792,9.683967948717921,9.683967948717921,random,33,random
PL_Comms_C2.csv::A-3,Comms,C2,PL_Comms_C2.csv,A-3,26.33393675,122.0,direct_extra,116.37904176379178,-5.620958236208224,5.620958236208224,random,33,random
PL_Comms_C2.csv::I-53,Comms,C2,PL_Comms_C2.csv,I-53,24.36136747,112.0,direct_extra,105.9868966033966,-6.013103396603398,6.013103396603398,random,33,random
PL_SSE_C1.csv::A-6,SSE,C1,PL_SSE_C1.csv,A-6,13.60147051,96.0,direct_extra,96.68586904761905,0.6858690476190503,0.6858690476190503,random,33,random
PL_Comms_C2.csv::G-37,Comms,C2,PL_Comms_C2.csv,G-37,8.335239949,88.0,direct_extra,88.42233477633475,0.4223347763347505,0.4223347763347505,random,33,random
PL_Comms_C1.csv::J-18,Comms,C1,PL_Comms_C1.csv,J-18,12.08304597,91.0,direct_extra,94.02038404789656,3.020384047896556,3.020384047896556,random,33,random
PL_Comms_C2.csv::C-29,Comms,C2,PL_Comms_C2.csv,C-29,2.340133543,77.0,direct_extra,69.66459523809523,-7.335404761904769,7.335404761904769,random,33,random
PL_Library_C1.csv::N-15,Library,C1,PL_Library_C1.csv,N-15,1.355,59.0,direct_extra,56.53800000000002,-2.461999999999982,2.461999999999982,random,33,random
PL_Comms_C2.csv::H-43,Comms,C2,PL_Comms_C2.csv,H-43,14.3692806,87.0,direct_extra,88.69878148350652,1.6987814835065222,1.6987814835065222,random,33,random
PL_Library_C1.csv::F-9,Library,C1,PL_Library_C1.csv,F-9,14.4038,76.0,direct_extra,86.2917046783625,10.291704678362507,10.291704678362507,random,33,random
PL_SSE_C2.csv::I-6,SSE,C2,PL_SSE_C2.csv,I-6,6.517378691,78.0,direct_extra,75.32723227540004,-2.6727677245999644,2.6727677245999644,random,33,random
PL_Comms_C1.csv::B-30,Comms,C1,PL_Comms_C1.csv,B-30,3.16227766,71.0,direct_extra,72.27703215697701,1.2770321569770147,1.2770321569770147,random,33,random
PL_Comms_C1.csv::D-24,Comms,C1,PL_Comms_C1.csv,D-24,5.099019514,84.0,direct_extra,70.77094711538462,-13.229052884615385,13.229052884615385,random,33,random
PL_Comms_C1.csv::J-21,Comms,C1,PL_Comms_C1.csv,J-21,9.433981132,81.0,direct_extra,84.91039285714285,3.9103928571428526,3.9103928571428526,random,33,random
PL_Library_C2.csv::H-14,Library,C2,PL_Library_C2.csv,H-14,8.655473702,73.0,direct_extra,71.13937230528087,-1.8606276947191276,1.8606276947191276,random,33,random
PL_Comms_C1.csv::O-41,Comms,C1,PL_Comms_C1.csv,O-41,15.62049935,97.0,direct_extra,97.85842748917749,0.8584274891774868,0.8584274891774868,random,33,random
PL_Comms_C2.csv::P-35,Comms,C2,PL_Comms_C2.csv,P-35,12.58873405,94.0,direct_extra,96.33287500000002,2.3328750000000156,2.3328750000000156,random,33,random
PL_Library_C1.csv::N-18,Library,C1,PL_Library_C1.csv,N-18,2.71,54.0,direct_extra,61.0121666666667,7.012166666666701,7.012166666666701,random,33,random
PL_Comms_C2.csv::M-13,Comms,C2,PL_Comms_C2.csv,M-13,17.92975809,120.0,direct_extra,115.26941666666661,-4.730583333333385,4.730583333333385,random,33,random
PL_Comms_C2.csv::I-56,Comms,C2,PL_Comms_C2.csv,I-56,27.32171709,113.0,direct_extra,108.16729273504271,-4.832707264957293,4.832707264957293,random,33,random
PL_Comms_C1.csv::F-21,Comms,C1,PL_Comms_C1.csv,F-21,8.062257748,74.0,direct_extra,92.02718960808741,18.02718960808741,18.02718960808741,random,33,random
PL_Library_C1.csv::O-8,Library,C1,PL_Library_C1.csv,O-8,10.9244,69.0,direct_extra,70.74166666666665,1.7416666666666458,1.7416666666666458,random,33,random
PL_Comms_C1.csv::B-38,Comms,C1,PL_Comms_C1.csv,B-38,9.486832981,78.0,direct_extra,91.04642043142047,13.046420431420472,13.046420431420472,random,33,random
PL_Library_C1.csv::G-5,Library,C1,PL_Library_C1.csv,G-5,17.667,84.0,direct_extra,78.35176213601216,-5.648237863987845,5.648237863987845,random,33,random
PL_Library_C1.csv::Q-8,Library,C1,PL_Library_C1.csv,Q-8,11.5771,71.0,direct_extra,74.42491666666666,3.424916666666661,3.424916666666661,random,33,random
PL_Library_C2.csv::G-12,Library,C2,PL_Library_C2.csv,G-12,10.99171734,80.0,direct_extra,79.98916666666663,-0.010833333333366113,0.010833333333366113,random,33,random
PL_Comms_C2.csv::C-15,Comms,C2,PL_Comms_C2.csv,C-15,14.1942321,96.0,direct_extra,102.84137438949939,6.841374389499393,6.841374389499393,random,33,random
PL_Comms_C1.csv::K-53,Comms,C1,PL_Comms_C1.csv,K-53,24.73863375,113.0,direct_extra,109.93002470446217,-3.06997529553783,3.06997529553783,random,33,random
PL_Comms_C2.csv::D-42,Comms,C2,PL_Comms_C2.csv,D-42,13.09489309,106.0,direct_extra,97.87494074416341,-8.12505925583659,8.12505925583659,random,33,random
PL_Library_C2.csv::G-2,Library,C2,PL_Library_C2.csv,G-2,21.24387794,93.0,direct_extra,88.30905336257312,-4.690946637426876,4.690946637426876,random,33,random
PL_Library_C1.csv::I-16,Library,C1,PL_Library_C1.csv,I-16,6.775,80.0,direct_extra,77.32908333333334,-2.670916666666656,2.670916666666656,random,33,random
PL_Comms_C2.csv::L-37,Comms,C2,PL_Comms_C2.csv,L-37,10.69935629,90.0,direct_extra,91.35783333333335,1.357833333333346,1.357833333333346,random,33,random
PL_Comms_C2.csv::J-10,Comms,C2,PL_Comms_C2.csv,J-10,19.68441579,111.0,direct_extra,109.44032554799007,-1.5596744520099293,1.5596744520099293,random,33,random
PL_Comms_C1.csv::O-20,Comms,C1,PL_Comms_C1.csv,O-20,13.45362405,94.0,direct_extra,88.75863087051832,-5.241369129481683,5.241369129481683,random,33,random
PL_Comms_C1.csv::B-15,Comms,C1,PL_Comms_C1.csv,B-15,14.31782106,99.0,direct_extra,95.16344233544235,-3.8365576645576454,3.8365576645576454,random,33,random
PL_Comms_C2.csv::A-15,Comms,C2,PL_Comms_C2.csv,A-15,14.61082561,98.0,direct_extra,99.68177518315021,1.681775183150208,1.681775183150208,random,33,random
PL_Library_C1.csv::J-13,Library,C1,PL_Library_C1.csv,J-13,6.775,87.0,direct_extra,79.78591666666672,-7.214083333333278,7.214083333333278,random,33,random
PL_Comms_C1.csv::C-30,Comms,C1,PL_Comms_C1.csv,C-30,2.236067977,68.0,direct_extra,66.70137342681822,-1.298626573181778,1.298626573181778,random,33,random
PL_Comms_C2.csv::B-50,Comms,C2,PL_Comms_C2.csv,B-50,21.2479699,106.0,direct_extra,110.69830203130205,4.698302031302049,4.698302031302049,random,33,random
PL_Comms_C1.csv::G-3,Comms,C1,PL_Comms_C1.csv,G-3,26.07680962,100.0,direct_extra,100.00666269841273,0.006662698412725376,0.006662698412725376,random,33,random
PL_Comms_C2.csv::B-18,Comms,C2,PL_Comms_C2.csv,B-18,11.46630826,91.0,direct_extra,91.39650396825395,0.3965039682539526,0.3965039682539526,random,33,random
PL_Comms_C1.csv::C-41,Comms,C1,PL_Comms_C1.csv,C-41,12.16552506,96.0,direct_extra,99.41789083611398,3.4178908361139833,3.4178908361139833,random,33,random
PL_Library_C2.csv::V-19,Library,C2,PL_Library_C2.csv,V-19,11.64070659,80.0,direct_extra,78.68942658730155,-1.3105734126984458,1.3105734126984458,random,33,random
PL_Comms_C2.csv::G-10,Comms,C2,PL_Comms_C2.csv,G-10,19.14356876,90.0,direct_extra,104.98170451624402,14.981704516244022,14.981704516244022,random,33,random
PL_Comms_C1.csv::H-15,Comms,C1,PL_Comms_C1.csv,H-15,14.31782106,86.0,direct_extra,91.74924450688201,5.7492445068820075,5.7492445068820075,random,33,random
PL_Comms_C2.csv::N-21,Comms,C2,PL_Comms_C2.csv,N-21,12.10273626,95.0,direct_extra,89.99754773114785,-5.002452268852153,5.002452268852153,random,33,random
PL_Comms_C2.csv::P-20,Comms,C2,PL_Comms_C2.csv,P-20,14.26450928,99.0,direct_extra,89.19971417581424,-9.800285824185764,9.800285824185764,random,33,random
PL_Comms_C2.csv::D-36,Comms,C2,PL_Comms_C2.csv,D-36,7.174693373,87.0,direct_extra,86.34630612851208,-0.653693871487917,0.653693871487917,random,33,random
PL_Library_C1.csv::Y-19,Library,C1,PL_Library_C1.csv,Y-19,15.4494,74.0,direct_extra,82.58536363636371,8.58536363636371,8.58536363636371,random,33,random
PL_Library_C1.csv::O-5,Library,C1,PL_Library_C1.csv,O-5,14.9665,77.0,direct_extra,82.7846388888889,5.784638888888907,5.784638888888907,random,33,random
PL_Library_C2.csv::J-13,Library,C2,PL_Library_C2.csv,J-13,6.883084338,82.0,direct_extra,77.03160141941393,-4.968398580586069,4.968398580586069,random,33,random
PL_SSE_C1.csv::C-1,SSE,C1,PL_SSE_C1.csv,C-1,14.2126704,89.0,direct_extra,99.42666666666666,10.426666666666662,10.426666666666662,random,33,random
PL_Comms_C1.csv::O-35,Comms,C1,PL_Comms_C1.csv,O-35,11.66190379,95.0,direct_extra,93.12691666666669,-1.8730833333333123,1.8730833333333123,random,33,random
PL_Comms_C2.csv::I-15,Comms,C2,PL_Comms_C2.csv,I-15,14.61082561,108.0,direct_extra,99.75623197032441,-8.243768029675593,8.243768029675593,random,33,random
PL_Comms_C1.csv::I-45,Comms,C1,PL_Comms_C1.csv,I-45,16.4924225,104.0,direct_extra,103.78199765512267,-0.21800234487733405,0.21800234487733405,random,33,random
PL_Comms_C1.csv::H-52,Comms,C1,PL_Comms_C1.csv,H-52,23.19482701,115.0,direct_extra,94.19819543650802,-20.801804563491984,20.801804563491984,random,33,random
PL_Comms_C1.csv::E-15,Comms,C1,PL_Comms_C1.csv,E-15,14.0,98.0,direct_extra,94.44344658119658,-3.556553418803418,3.556553418803418,random,33,random
PL_Comms_C2.csv::C-11,Comms,C2,PL_Comms_C2.csv,C-11,18.15147997,109.0,direct_extra,105.38941344766346,-3.6105865523365424,3.6105865523365424,random,33,random
PL_Library_C2.csv::S-13,Library,C2,PL_Library_C2.csv,S-13,7.993814796,77.0,direct_extra,80.19483333333336,3.1948333333333636,3.1948333333333636,random,33,random
PL_Comms_C1.csv::J-40,Comms,C1,PL_Comms_C1.csv,J-40,12.08304597,91.0,direct_extra,98.95572416944731,7.955724169447308,7.955724169447308,random,33,random
PL_Comms_C2.csv::K-35,Comms,C2,PL_Comms_C2.csv,K-35,8.571827401,84.0,direct_extra,86.20643650793653,2.2064365079365302,2.2064365079365302,random,33,random
PL_Library_C2.csv::N-9,Library,C2,PL_Library_C2.csv,N-9,9.562502288,78.0,direct_extra,70.82614285714284,-7.173857142857159,7.173857142857159,random,33,random
PL_Comms_C1.csv::I-57,Comms,C1,PL_Comms_C1.csv,I-57,28.28427125,104.0,direct_extra,108.47529761904764,4.4752976190476375,4.4752976190476375,random,33,random
PL_Comms_C1.csv::M-29,Comms,C1,PL_Comms_C1.csv,M-29,8.0,78.0,direct_extra,85.80289285714287,7.802892857142865,7.802892857142865,random,33,random
PL_Comms_C1.csv::J-57,Comms,C1,PL_Comms_C1.csv,J-57,28.44292531,113.0,direct_extra,109.88446428571429,-3.1155357142857127,3.1155357142857127,random,33,random
PL_Comms_C2.csv::F-3,Comms,C2,PL_Comms_C2.csv,F-3,26.04757618,110.0,direct_extra,96.96419642857141,-13.035803571428588,13.035803571428588,random,33,random
PL_Comms_C1.csv::D-41,Comms,C1,PL_Comms_C1.csv,D-41,12.04159458,98.0,direct_extra,98.62572416944731,0.6257241694473095,0.6257241694473095,random,33,random
PL_Library_C2.csv::H-12,Library,C2,PL_Library_C2.csv,H-12,9.846294988,80.0,direct_extra,76.24636904761897,-3.7536309523810303,3.7536309523810303,random,33,random
PL_SSE_C2.csv::I-4,SSE,C2,PL_SSE_C2.csv,I-4,7.904190344,82.0,direct_extra,86.65116666666668,4.651166666666683,4.651166666666683,random,33,random
PL_Comms_C2.csv::M-25,Comms,C2,PL_Comms_C2.csv,M-25,9.026418171,87.0,direct_extra,87.56025075638874,0.56025075638874,0.56025075638874,random,33,random
PL_Comms_C1.csv::O-36,Comms,C1,PL_Comms_C1.csv,O-36,12.20655562,91.0,direct_extra,94.67208333333336,3.6720833333333616,3.6720833333333616,random,33,random
PL_Library_C2.csv::T-16,Library,C2,PL_Library_C2.csv,T-16,8.220287404,72.0,direct_extra,75.39383572796928,3.3938357279692752,3.3938357279692752,random,33,random
PL_Library_C2.csv::E-3,Library,C2,PL_Library_C2.csv,E-3,21.4588554,83.0,direct_extra,89.57988669590644,6.579886695906438,6.579886695906438,random,33,random
PL_Comms_C2.csv::O-39,Comms,C2,PL_Comms_C2.csv,O-39,14.1942321,103.0,direct_extra,105.38456746031744,2.3845674603174416,2.3845674603174416,random,33,random
PL_Comms_C1.csv::M-42,Comms,C1,PL_Comms_C1.csv,M-42,15.26433752,100.0,direct_extra,99.30789017532541,-0.6921098246745885,0.6921098246745885,random,33,random
PL_Comms_C2.csv::H-5,Comms,C2,PL_Comms_C2.csv,H-5,24.21727121,96.0,direct_extra,104.74691666666668,8.746916666666678,8.746916666666678,random,33,random
PL_Library_C1.csv::K-12,Library,C1,PL_Library_C1.csv,K-12,6.775,81.0,direct_extra,71.11601098901113,-9.88398901098887,9.88398901098887,random,33,random
PL_SSE_C1.csv::H-7,SSE,C1,PL_SSE_C1.csv,H-7,6.708203932,80.0,direct_extra,78.48049999999998,-1.519500000000022,1.519500000000022,random,33,random
PL_Comms_C1.csv::N-42,Comms,C1,PL_Comms_C1.csv,N-42,15.8113883,102.0,direct_extra,97.50256891025637,-4.497431089743628,4.497431089743628,random,33,random
PL_Comms_C1.csv::G-25,Comms,C1,PL_Comms_C1.csv,G-25,4.472135955,81.0,direct_extra,70.12755822119063,-10.872441778809375,10.872441778809375,random,33,random
PL_Library_C2.csv::F-4,Library,C2,PL_Library_C2.csv,F-4,19.57982188,80.0,direct_extra,90.93096977291717,10.930969772917166,10.930969772917166,random,33,random
PL_Library_C1.csv::Q-14,Library,C1,PL_Library_C1.csv,Q-14,4.8855,71.0,direct_extra,68.51500000000006,-2.4849999999999426,2.4849999999999426,random,33,random
PL_Library_C1.csv::N-8,Library,C1,PL_Library_C1.csv,N-8,10.84,82.0,direct_extra,70.7375,-11.262500000000003,11.262500000000003,random,33,random
PL_Comms_C2.csv::E-43,Comms,C2,PL_Comms_C2.csv,E-43,14.05262342,105.0,direct_extra,97.96623118787717,-7.03376881212283,7.03376881212283,random,33,random
PL_Comms_C2.csv::N-41,Comms,C2,PL_Comms_C2.csv,N-41,15.04912705,103.0,direct_extra,102.58201190476191,-0.417988095238087,0.417988095238087,random,33,random
PL_Library_C1.csv::A-7,Library,C1,PL_Library_C1.csv,A-7,21.4244,82.0,direct_extra,81.31953269593329,-0.6804673040667097,0.6804673040667097,random,33,random
PL_Comms_C2.csv::J-34,Comms,C2,PL_Comms_C2.csv,J-34,7.174693373,79.0,direct_extra,85.57458333333327,6.5745833333332655,6.5745833333332655,random,33,random
PL_Comms_C2.csv::O-42,Comms,C2,PL_Comms_C2.csv,O-42,16.44616141,112.0,direct_extra,106.40969696969697,-5.590303030303033,5.590303030303033,random,33,random
PL_Library_C2.csv::I-8,Library,C2,PL_Library_C2.csv,I-8,12.84065614,79.0,direct_extra,83.05092658730163,4.050926587301632,4.050926587301632,random,33,random
PL_SSE_C1.csv::C-3,SSE,C1,PL_SSE_C1.csv,C-3,13.03840481,97.0,direct_extra,98.72970238095236,1.7297023809523608,1.7297023809523608,random,33,random
PL_Comms_C2.csv::K-13,Comms,C2,PL_Comms_C2.csv,K-13,17.1311478,113.0,direct_extra,105.81241378066377,-7.187586219336225,7.187586219336225,random,33,random
PL_Comms_C1.csv::I-39,Comms,C1,PL_Comms_C1.csv,I-39,10.77032961,92.0,direct_extra,95.69663785992353,3.696637859923527,3.696637859923527,random,33,random
PL_Comms_C1.csv::F-40,Comms,C1,PL_Comms_C1.csv,F-40,11.04536102,91.0,direct_extra,88.51580555555556,-2.484194444444441,2.484194444444441,random,33,random
PL_Comms_C1.csv::G-8,Comms,C1,PL_Comms_C1.csv,G-8,21.09502311,89.0,direct_extra,105.2041852240896,16.2041852240896,16.2041852240896,random,33,random
PL_Library_C1.csv::G-2,Library,C1,PL_Library_C1.csv,G-2,21.2091,85.0,direct_extra,82.94606529581532,-2.053934704184684,2.053934704184684,random,33,random
PL_Comms_C2.csv::K-34,Comms,C2,PL_Comms_C2.csv,K-34,7.904190344,82.0,direct_extra,86.84991666666669,4.849916666666687,4.849916666666687,random,33,random
PL_Comms_C2.csv::A-43,Comms,C2,PL_Comms_C2.csv,A-43,14.61082561,100.0,direct_extra,100.07692869869966,0.07692869869966046,0.07692869869966046,random,33,random
PL_SSE_C1.csv::N-2,SSE,C1,PL_SSE_C1.csv,N-2,8.0,67.0,direct_extra,75.40145995670994,8.401459956709942,8.401459956709942,random,33,random
PL_Comms_C1.csv::A-31,Comms,C1,PL_Comms_C1.csv,A-31,4.472135955,68.0,direct_extra,70.12755822119063,2.1275582211906254,2.1275582211906254,random,33,random
PL_Library_C2.csv::H-9,Library,C2,PL_Library_C2.csv,H-9,12.55142821,76.0,direct_extra,82.95049801587305,6.950498015873052,6.950498015873052,random,33,random
PL_Comms_C1.csv::E-30,Comms,C1,PL_Comms_C1.csv,E-30,1.0,69.0,direct_extra,61.60415544871793,-7.395844551282067,7.395844551282067,random,33,random
PL_Library_C2.csv::V-9,Library,C2,PL_Library_C2.csv,V-9,14.45500086,82.0,direct_extra,81.95484523809526,-0.045154761904740326,0.045154761904740326,random,33,random
PL_SSE_C2.csv::F-4,SSE,C2,PL_SSE_C2.csv,F-4,10.07354084,82.0,direct_extra,83.67409478715732,1.6740947871573155,1.6740947871573155,random,33,random
PL_SSE_C1.csv::M-9,SSE,C1,PL_SSE_C1.csv,M-9,1.414213562,54.0,direct_extra,55.78258333333337,1.7825833333333705,1.7825833333333705,random,33,random
PL_Comms_C1.csv::I-20,Comms,C1,PL_Comms_C1.csv,I-20,9.848857802,92.0,direct_extra,82.83164335529487,-9.168356644705128,9.168356644705128,random,33,random
PL_Comms_C1.csv::A-36,Comms,C1,PL_Comms_C1.csv,A-36,8.062257748,79.0,direct_extra,85.39647619047619,6.396476190476193,6.396476190476193,random,33,random
PL_Comms_C2.csv::J-51,Comms,C2,PL_Comms_C2.csv,J-51,22.59372092,114.0,direct_extra,100.35582792207794,-13.644172077922065,13.644172077922065,random,33,random
PL_SSE_C2.csv::K-6,SSE,C2,PL_SSE_C2.csv,K-6,5.14550532,73.0,direct_extra,71.30303287063813,-1.696967129361866,1.696967129361866,random,33,random
PL_Library_C2.csv::M-25,Library,C2,PL_Library_C2.csv,M-25,12.33005576,85.0,direct_extra,83.76441666666663,-1.2355833333333663,1.2355833333333663,random,33,random
PL_Library_C2.csv::J-11,Library,C2,PL_Library_C2.csv,J-11,8.760893219,78.0,direct_extra,76.10506278147136,-1.8949372185286393,1.8949372185286393,random,33,random
PL_Comms_C1.csv::F-8,Comms,C1,PL_Comms_C1.csv,F-8,21.02379604,85.0,direct_extra,97.14019885309054,12.140198853090538,12.140198853090538,random,33,random
PL_Comms_C1.csv::K-10,Comms,C1,PL_Comms_C1.csv,K-10,19.92485885,104.0,direct_extra,96.66435561660565,-7.335644383394353,7.335644383394353,random,33,random
PL_Comms_C2.csv::G-27,Comms,C2,PL_Comms_C2.csv,G-27,3.078347771,76.0,direct_extra,74.29011659663857,-1.709883403361431,1.709883403361431,random,33,random
PL_Library_C1.csv::N-12,Library,C1,PL_Library_C1.csv,N-12,5.42,70.0,direct_extra,71.74283333333342,1.7428333333334223,1.7428333333334223,random,33,random
PL_Library_C2.csv::N-24,Library,C2,PL_Library_C2.csv,N-24,10.90787903,82.0,direct_extra,84.34373809523805,2.343738095238052,2.343738095238052,random,33,random
PL_SSE_C1.csv::M-6,SSE,C1,PL_SSE_C1.csv,M-6,4.123105626,73.0,direct_extra,77.46992424242423,4.469924242424227,4.469924242424227,random,33,random
PL_Comms_C1.csv::G-33,Comms,C1,PL_Comms_C1.csv,G-33,4.472135955,75.0,direct_extra,74.73933847731209,-0.26066152268791143,0.26066152268791143,random,33,random
PL_Comms_C2.csv::N-53,Comms,C2,PL_Comms_C2.csv,N-53,25.66079159,113.0,direct_extra,115.52817363886112,2.5281736388611193,2.5281736388611193,random,33,random
PL_Comms_C1.csv::I-49,Comms,C1,PL_Comms_C1.csv,I-49,20.39607805,109.0,direct_extra,99.73676080822769,-9.263239191772314,9.263239191772314,random,33,random
PL_Library_C1.csv::R-17,Library,C1,PL_Library_C1.csv,R-17,5.5868,66.0,direct_extra,73.26575000000007,7.265750000000068,7.265750000000068,random,33,random
PL_Library_C1.csv::A-5,Library,C1,PL_Library_C1.csv,A-5,23.0748,75.0,direct_extra,82.14930406345462,7.149304063454622,7.149304063454622,random,33,random
PL_Library_C1.csv::L-23,Library,C1,PL_Library_C1.csv,L-23,9.8645,83.0,direct_extra,81.33316666666667,-1.6668333333333294,1.6668333333333294,random,33,random
PL_Comms_C2.csv::D-39,Comms,C2,PL_Comms_C2.csv,D-39,10.12305413,88.0,direct_extra,89.35355014681319,1.3535501468131912,1.3535501468131912,random,33,random
PL_Comms_C2.csv::N-40,Comms,C2,PL_Comms_C2.csv,N-40,14.26450928,100.0,direct_extra,105.09956746031742,5.099567460317417,5.099567460317417,random,33,random
PL_Library_C1.csv::V-16,Library,C1,PL_Library_C1.csv,V-16,10.84,74.0,direct_extra,75.23732352004725,1.237323520047255,1.237323520047255,random,33,random
PL_Comms_C1.csv::J-19,Comms,C1,PL_Comms_C1.csv,J-19,11.18033989,90.0,direct_extra,83.10680741345901,-6.893192586540991,6.893192586540991,random,33,random
PL_Library_C2.csv::L-14,Library,C2,PL_Library_C2.csv,L-14,4.020500591,77.0,direct_extra,67.00775344100347,-9.992246558996527,9.992246558996527,random,33,random
PL_Comms_C2.csv::J-22,Comms,C2,PL_Comms_C2.csv,J-22,8.687705393,80.0,direct_extra,84.4032876984127,4.403287698412697,4.403287698412697,random,33,random
PL_Comms_C1.csv::P-42,Comms,C1,PL_Comms_C1.csv,P-42,17.02938637,110.0,direct_extra,100.64921717171715,-9.350782828282846,9.350782828282846,random,33,random
PL_Library_C1.csv::Q-10,Library,C1,PL_Library_C1.csv,Q-10,9.0896,73.0,direct_extra,73.04073484848486,0.040734848484859754,0.040734848484859754,random,33,random
PL_Comms_C1.csv::L-30,Comms,C1,PL_Comms_C1.csv,L-30,7.071067812,94.0,direct_extra,86.11922619047624,-7.88077380952376,7.88077380952376,random,33,random
PL_Library_C1.csv::T-10,Library,C1,PL_Library_C1.csv,T-10,11.4976,78.0,direct_extra,77.23337103174606,-0.76662896825394,0.76662896825394,random,33,random
PL_Library_C1.csv::H-12,Library,C1,PL_Library_C1.csv,H-12,9.771,78.0,direct_extra,76.83484523809523,-1.1651547619047733,1.1651547619047733,random,33,random
PL_Comms_C1.csv::E-16,Comms,C1,PL_Comms_C1.csv,E-16,13.0,88.0,direct_extra,92.0010625624376,4.001062562437596,4.001062562437596,random,33,random
PL_Comms_C1.csv::M-52,Comms,C1,PL_Comms_C1.csv,M-52,24.35159132,108.0,direct_extra,108.78458333333336,0.7845833333333587,0.7845833333333587,random,33,random
PL_Comms_C2.csv::H-24,Comms,C2,PL_Comms_C2.csv,H-24,5.956192156,77.0,direct_extra,77.92511064425771,0.9251106442577139,0.9251106442577139,random,33,random
PL_SSE_C1.csv::D-7,SSE,C1,PL_SSE_C1.csv,D-7,10.44030651,101.0,direct_extra,91.6725,-9.3275,9.3275,random,33,random
PL_Comms_C2.csv::F-35,Comms,C2,PL_Comms_C2.csv,F-35,6.202920683,96.0,direct_extra,76.40136064425774,-19.598639355742264,19.598639355742264,random,33,random
PL_Comms_C1.csv::H-29,Comms,C1,PL_Comms_C1.csv,H-29,3.0,73.0,direct_extra,74.61799999999995,1.6179999999999524,1.6179999999999524,random,33,random
PL_Library_C1.csv::Q-22,Library,C1,PL_Library_C1.csv,Q-22,9.0896,72.0,direct_extra,72.02947752247755,0.0294775224775492,0.0294775224775492,random,33,random
PL_Comms_C2.csv::L-31,Comms,C2,PL_Comms_C2.csv,L-31,7.380801108,91.0,direct_extra,90.47633333333339,-0.5236666666666139,0.5236666666666139,random,33,random
PL_Comms_C1.csv::C-54,Comms,C1,PL_Comms_C1.csv,C-54,25.07987241,113.0,direct_extra,107.94189102564114,-5.058108974358859,5.058108974358859,random,33,random
PL_Library_C2.csv::L-16,Library,C2,PL_Library_C2.csv,L-16,2.969903197,74.0,direct_extra,70.9889478854479,-3.0110521145521005,3.0110521145521005,random,33,random
PL_Library_C2.csv::K-7,Library,C2,PL_Library_C2.csv,K-7,12.91195086,65.0,direct_extra,82.32134325396827,17.321343253968266,17.321343253968266,random,33,random
PL_SSE_C1.csv::N-7,SSE,C1,PL_SSE_C1.csv,N-7,3.0,67.0,direct_extra,74.36140440115437,7.361404401154374,7.361404401154374,random,33,random
PL_Library_C1.csv::J-7,Library,C1,PL_Library_C1.csv,J-7,13.3452,88.0,direct_extra,76.74587134502923,-11.25412865497077,11.25412865497077,random,33,random
PL_Library_C2.csv::V-5,Library,C2,PL_Library_C2.csv,V-5,18.46999865,84.0,direct_extra,85.3415833333333,1.341583333333304,1.341583333333304,random,33,random
PL_Library_C2.csv::F-8,Library,C2,PL_Library_C2.csv,F-8,15.37814765,75.0,direct_extra,80.3201825396826,5.320182539682605,5.320182539682605,random,33,random
PL_Comms_C2.csv::G-4,Comms,C2,PL_Comms_C2.csv,G-4,25.10928563,92.0,direct_extra,105.00433333333332,13.00433333333332,13.00433333333332,random,33,random
PL_Comms_C1.csv::K-32,Comms,C1,PL_Comms_C1.csv,K-32,6.708203932,84.0,direct_extra,83.91377791775675,-0.08622208224325334,0.08622208224325334,random,33,random
PL_Comms_C1.csv::D-22,Comms,C1,PL_Comms_C1.csv,D-22,7.071067812,83.0,direct_extra,80.8181913551965,-2.181808644803496,2.181808644803496,random,33,random
PL_Library_C1.csv::P-11,Library,C1,PL_Library_C1.csv,P-11,7.2969,80.0,direct_extra,69.2835912698413,-10.716408730158705,10.716408730158705,random,33,random
PL_Library_C2.csv::O-13,Library,C2,PL_Library_C2.csv,O-13,4.45381578,72.0,direct_extra,69.29608333333331,-2.703916666666686,2.703916666666686,random,33,random
PL_Comms_C1.csv::C-14,Comms,C1,PL_Comms_C1.csv,C-14,15.13274595,95.0,direct_extra,93.54959839466085,-1.4504016053391524,1.4504016053391524,random,33,random
PL_Comms_C1.csv::A-20,Comms,C1,PL_Comms_C1.csv,A-20,9.848857802,87.0,direct_extra,82.83164335529487,-4.168356644705128,4.168356644705128,random,33,random
PL_Comms_C1.csv::K-23,Comms,C1,PL_Comms_C1.csv,K-23,8.485281374,90.0,direct_extra,83.86682850319617,-6.133171496803826,6.133171496803826,random,33,random
PL_Comms_C2.csv::L-23,Comms,C2,PL_Comms_C2.csv,L-23,9.299259379,89.0,direct_extra,86.11817076442075,-2.8818292355792465,2.8818292355792465,random,33,random
PL_SSE_C2.csv::M-5,SSE,C2,PL_SSE_C2.csv,M-5,5.241776893,77.0,direct_extra,71.53285429920956,-5.467145700790439,5.467145700790439,random,33,random
PL_Library_C1.csv::P-14,Library,C1,PL_Library_C1.csv,P-14,3.8325,80.0,direct_extra,63.997892316017406,-16.002107683982594,16.002107683982594,random,33,random
PL_Comms_C2.csv::F-21,Comms,C2,PL_Comms_C2.csv,F-21,8.153295346,82.0,direct_extra,88.5366542207792,6.536654220779198,6.536654220779198,random,33,random
PL_Library_C2.csv::N-10,Library,C2,PL_Library_C2.csv,N-10,8.220287404,71.0,direct_extra,70.9165,-0.0835000000000008,0.0835000000000008,random,33,random
PL_Comms_C2.csv::G-7,Comms,C2,PL_Comms_C2.csv,G-7,22.12410959,92.0,direct_extra,113.95333333333333,21.953333333333333,21.953333333333333,random,33,random
PL_Library_C2.csv::M-24,Library,C2,PL_Library_C2.csv,M-24,10.99171734,78.0,direct_extra,82.67083333333332,4.67083333333332,4.67083333333332,random,33,random
PL_Comms_C2.csv::E-3,Comms,C2,PL_Comms_C2.csv,E-3,26.02837346,110.0,direct_extra,114.86814024864023,4.8681402486402305,4.8681402486402305,random,33,random
PL_Comms_C1.csv::M-38,Comms,C1,PL_Comms_C1.csv,M-38,12.04159458,100.0,direct_extra,99.60070833333332,-0.39929166666668436,0.39929166666668436,random,33,random
PL_SSE_C2.csv::G-6,SSE,C2,PL_SSE_C2.csv,G-6,8.153295346,87.0,direct_extra,87.87625000000001,0.8762500000000131,0.8762500000000131,random,33,random
PL_Comms_C1.csv::P-43,Comms,C1,PL_Comms_C1.csv,P-43,17.80449381,105.0,direct_extra,109.20973512598512,4.2097351259851195,4.2097351259851195,random,33,random
PL_Comms_C1.csv::A-15,Comms,C1,PL_Comms_C1.csv,A-15,14.56021978,90.0,direct_extra,97.2650577200577,7.265057720057698,7.265057720057698,random,33,random
PL_Comms_C2.csv::N-17,Comms,C2,PL_Comms_C2.csv,N-17,15.04912705,93.0,direct_extra,94.73332738095242,1.7333273809524172,1.7333273809524172,random,33,random
PL_Comms_C1.csv::K-46,Comms,C1,PL_Comms_C1.csv,K-46,18.02775638,106.0,direct_extra,98.03590656058395,-7.964093439416047,7.964093439416047,random,33,random
PL_SSE_C2.csv::L-5,SSE,C2,PL_SSE_C2.csv,L-5,5.520527602,82.0,direct_extra,72.00998525159049,-9.990014748409507,9.990014748409507,random,33,random
PL_SSE_C1.csv::F-1,SSE,C1,PL_SSE_C1.csv,F-1,12.04159458,86.0,direct_extra,92.03633225108227,6.036332251082271,6.036332251082271,random,33,random
PL_Comms_C2.csv::D-55,Comms,C2,PL_Comms_C2.csv,D-55,26.04757618,118.0,direct_extra,117.20729947829945,-0.7927005217005529,0.7927005217005529,random,33,random
PL_Comms_C2.csv::G-46,Comms,C2,PL_Comms_C2.csv,G-46,17.16030958,96.0,direct_extra,105.75605014430015,9.756050144300147,9.756050144300147,random,33,random
PL_SSE_C1.csv::A-7,SSE,C1,PL_SSE_C1.csv,A-7,13.34166406,106.0,direct_extra,96.74675,-9.253249999999994,9.253249999999994,random,33,random
PL_Comms_C2.csv::C-47,Comms,C2,PL_Comms_C2.csv,C-47,18.15147997,102.0,direct_extra,110.50918404634578,8.50918404634578,8.50918404634578,random,33,random
PL_Library_C2.csv::O-14,Library,C2,PL_Library_C2.csv,O-14,3.264406531,81.0,direct_extra,68.28474999999999,-12.715250000000012,12.715250000000012,random,33,random
PL_Comms_C2.csv::G-30,Comms,C2,PL_Comms_C2.csv,G-30,2.544842824,84.0,direct_extra,74.12299999999998,-9.877000000000024,9.877000000000024,random,33,random
PL_Library_C1.csv::T-14,Library,C1,PL_Library_C1.csv,T-14,8.5698,71.0,direct_extra,70.7165681818182,-0.2834318181817963,0.2834318181817963,random,33,random
PL_Comms_C2.csv::O-20,Comms,C2,PL_Comms_C2.csv,O-20,13.50837611,89.0,direct_extra,91.7410951281952,2.741095128195198,2.741095128195198,random,33,random
PL_Comms_C1.csv::I-11,Comms,C1,PL_Comms_C1.csv,I-11,18.43908891,104.0,direct_extra,100.2186422670466,-3.7813577329533956,3.7813577329533956,random,33,random
PL_Comms_C2.csv::K-38,Comms,C2,PL_Comms_C2.csv,K-38,10.88467845,99.0,direct_extra,93.88790743488009,-5.112092565119909,5.112092565119909,random,33,random
PL_Comms_C1.csv::I-23,Comms,C1,PL_Comms_C1.csv,I-23,7.211102551,82.0,direct_extra,86.2118928571429,4.2118928571428995,4.2118928571428995,random,33,random
PL_Comms_C2.csv::D-54,Comms,C2,PL_Comms_C2.csv,D-54,25.04947554,111.0,direct_extra,112.41049320124309,1.410493201243085,1.410493201243085,random,33,random
PL_Comms_C2.csv::K-24,Comms,C2,PL_Comms_C2.csv,K-24,7.904190344,92.0,direct_extra,86.93105303030303,-5.068946969696967,5.068946969696967,random,33,random
PL_Comms_C2.csv::D-57,Comms,C2,PL_Comms_C2.csv,D-57,28.04418344,110.0,direct_extra,115.71353006715508,5.713530067155077,5.713530067155077,random,33,random
PL_Comms_C2.csv::F-34,Comms,C2,PL_Comms_C2.csv,F-34,5.241776893,93.0,direct_extra,78.51683683473391,-14.483163165266092,14.483163165266092,random,33,random
PL_Library_C2.csv::M-19,Library,C2,PL_Library_C2.csv,M-19,4.45381578,76.0,direct_extra,73.06808677433665,-2.931913225663351,2.931913225663351,random,33,random
PL_Comms_C1.csv::A-11,Comms,C1,PL_Comms_C1.csv,A-11,18.43908891,105.0,direct_extra,103.37049357307642,-1.6295064269235837,1.6295064269235837,random,33,random
PL_Library_C1.csv::B-10,Library,C1,PL_Library_C1.csv,B-10,18.1792,93.0,direct_extra,84.24388492063495,-8.756115079365046,8.756115079365046,random,33,random
PL_Library_C2.csv::M-14,Library,C2,PL_Library_C2.csv,M-14,3.264406531,83.0,direct_extra,71.12692010767009,-11.873079892329912,11.873079892329912,random,33,random
PL_Comms_C2.csv::B-22,Comms,C2,PL_Comms_C2.csv,B-22,7.712083052,83.0,direct_extra,82.09658585858583,-0.9034141414141743,0.9034141414141743,random,33,random
PL_SSE_C2.csv::A-6,SSE,C2,PL_SSE_C2.csv,A-6,13.65562979,106.0,direct_extra,99.43658333333336,-6.56341666666664,6.56341666666664,random,33,random
PL_Comms_C1.csv::D-25,Comms,C1,PL_Comms_C1.csv,D-25,4.123105626,75.0,direct_extra,72.93161774500007,-2.068382254999932,2.068382254999932,random,33,random
PL_Comms_C1.csv::B-14,Comms,C1,PL_Comms_C1.csv,B-14,15.29705854,98.0,direct_extra,93.87995553751799,-4.120044462482014,4.120044462482014,random,33,random
PL_Library_C2.csv::T-19,Library,C2,PL_Library_C2.csv,T-19,9.17046073,73.0,direct_extra,76.18380765881632,3.1838076588163204,3.1838076588163204,random,33,random
PL_SSE_C2.csv::B-5,SSE,C2,PL_SSE_C2.csv,B-5,13.05665443,100.0,direct_extra,101.8627142857143,1.8627142857143042,1.8627142857143042,random,33,random
PL_Comms_C1.csv::D-45,Comms,C1,PL_Comms_C1.csv,D-45,16.03121954,114.0,direct_extra,105.33434090909098,-8.665659090909017,8.665659090909017,random,33,random
PL_Comms_C2.csv::P-56,Comms,C2,PL_Comms_C2.csv,P-56,29.18006554,123.0,direct_extra,120.04970467032966,-2.9502953296703396,2.9502953296703396,random,33,random
PL_Library_C1.csv::E-1,Library,C1,PL_Library_C1.csv,E-1,23.7028,80.0,direct_extra,85.35406196581192,5.354061965811923,5.354061965811923,random,33,random
PL_Comms_C2.csv::F-26,Comms,C2,PL_Comms_C2.csv,F-26,3.387657745,77.0,direct_extra,75.27385469187669,-1.7261453081233071,1.7261453081233071,random,33,random
PL_Comms_C1.csv::L-32,Comms,C1,PL_Comms_C1.csv,L-32,7.615773106,100.0,direct_extra,86.64722619047625,-13.352773809523754,13.352773809523754,random,33,random
PL_Comms_C2.csv::P-52,Comms,C2,PL_Comms_C2.csv,P-52,25.5240323,117.0,direct_extra,115.36484030552779,-1.6351596944722075,1.6351596944722075,random,33,random
PL_Comms_C2.csv::O-57,Comms,C2,PL_Comms_C2.csv,O-57,29.75695255,123.0,direct_extra,120.041038003663,-2.9589619963369955,2.9589619963369955,random,33,random
PL_Comms_C1.csv::K-41,Comms,C1,PL_Comms_C1.csv,K-41,13.41640786,94.0,direct_extra,97.08530383515203,3.0853038351520325,3.0853038351520325,random,33,random
PL_Comms_C2.csv::O-38,Comms,C2,PL_Comms_C2.csv,O-38,13.50837611,106.0,direct_extra,107.8455674603174,1.8455674603173975,1.8455674603173975,random,33,random
PL_Comms_C1.csv::J-29,Comms,C1,PL_Comms_C1.csv,J-29,5.0,76.0,direct_extra,72.33063492063492,-3.669365079365079,3.669365079365079,random,33,random
PL_Comms_C2.csv::D-16,Comms,C2,PL_Comms_C2.csv,D-16,13.09489309,92.0,direct_extra,97.13369169719172,5.133691697191722,5.133691697191722,random,33,random
PL_Library_C2.csv::Q-7,Library,C2,PL_Library_C2.csv,Q-7,12.91195086,93.0,direct_extra,86.5898095238095,-6.410190476190493,6.410190476190493,random,33,random
PL_Library_C2.csv::Q-14,Library,C2,PL_Library_C2.csv,Q-14,5.034337096,65.0,direct_extra,74.86108250083254,9.861082500832538,9.861082500832538,random,33,random
PL_Comms_C2.csv::C-22,Comms,C2,PL_Comms_C2.csv,C-22,7.380801108,86.0,direct_extra,93.8599727951787,7.859972795178706,7.859972795178706,random,33,random
PL_SSE_C2.csv::M-8,SSE,C2,PL_SSE_C2.csv,M-8,2.544842824,76.0,direct_extra,73.4375357142857,-2.5624642857142987,2.5624642857142987,random,33,random
PL_Comms_C2.csv::E-49,Comms,C2,PL_Comms_C2.csv,E-49,20.03687164,101.0,direct_extra,109.0287887308769,8.028788730876897,8.028788730876897,random,33,random
PL_Comms_C2.csv::M-36,Comms,C2,PL_Comms_C2.csv,M-36,10.69935629,91.0,direct_extra,91.35783333333335,0.3578333333333461,0.3578333333333461,random,33,random
PL_SSE_C1.csv::N-8,SSE,C1,PL_SSE_C1.csv,N-8,2.0,63.0,direct_extra,55.297583333333385,-7.702416666666615,7.702416666666615,random,33,random
PL_Comms_C1.csv::O-26,Comms,C1,PL_Comms_C1.csv,O-26,10.44030651,95.0,direct_extra,89.49047980642544,-5.509520193574559,5.509520193574559,random,33,random
PL_Library_C1.csv::P-8,Library,C1,PL_Library_C1.csv,P-8,11.1736,74.0,direct_extra,74.80604166666664,0.8060416666666441,0.8060416666666441,random,33,random
PL_Comms_C2.csv::L-20,Comms,C2,PL_Comms_C2.csv,L-20,11.46630826,93.0,direct_extra,89.27233333333334,-3.7276666666666642,3.7276666666666642,random,33,random
PL_Library_C2.csv::K-11,Library,C2,PL_Library_C2.csv,K-11,7.993814796,80.0,direct_extra,75.78509706826297,-4.214902931737029,4.214902931737029,random,33,random
PL_Comms_C2.csv::M-42,Comms,C2,PL_Comms_C2.csv,M-42,15.31261653,110.0,direct_extra,103.04155084877183,-6.958449151228166,6.958449151228166,random,33,random
PL_Comms_C2.csv::G-44,Comms,C2,PL_Comms_C2.csv,G-44,15.18144344,86.0,direct_extra,100.45674387508626,14.45674387508626,14.45674387508626,random,33,random
PL_Library_C1.csv::P-18,Library,C1,PL_Library_C1.csv,P-18,3.8325,64.0,direct_extra,61.26779166666666,-2.7322083333333396,2.7322083333333396,random,33,random
PL_Comms_C2.csv::F-33,Comms,C2,PL_Comms_C2.csv,F-33,4.298397957,75.0,direct_extra,79.25583028083031,4.25583028083031,4.25583028083031,random,33,random
PL_Library_C2.csv::O-5,Library,C2,PL_Library_C2.csv,O-5,15.01570095,81.0,direct_extra,80.30158333333334,-0.6984166666666596,0.6984166666666596,random,33,random
PL_Comms_C1.csv::J-55,Comms,C1,PL_Comms_C1.csv,J-55,26.47640459,104.0,direct_extra,101.5727591991342,-2.4272408008658033,2.4272408008658033,random,33,random
PL_Comms_C2.csv::N-24,Comms,C2,PL_Comms_C2.csv,N-24,10.36707408,80.0,direct_extra,88.41243337510447,8.41243337510447,8.41243337510447,random,33,random
PL_Library_C1.csv::D-9,Library,C1,PL_Library_C1.csv,D-9,16.5399,83.0,direct_extra,86.40832075509634,3.408320755096341,3.408320755096341,random,33,random
PL_Comms_C2.csv::A-32,Comms,C2,PL_Comms_C2.csv,A-32,5.14550532,78.0,direct_extra,78.54450350140058,0.5445035014005839,0.5445035014005839,random,33,random
PL_Comms_C2.csv::A-31,Comms,C2,PL_Comms_C2.csv,A-31,4.634244814,73.0,direct_extra,77.41890826330517,4.41890826330517,4.41890826330517,random,33,random
PL_Library_C1.csv::I-5,Library,C1,PL_Library_C1.csv,I-5,16.3725,87.0,direct_extra,86.6804993265249,-0.3195006734751047,0.3195006734751047,random,33,random
PL_SSE_C2.csv::K-5,SSE,C2,PL_SSE_C2.csv,K-5,5.956192156,83.0,direct_extra,72.35915191825717,-10.640848081742831,10.640848081742831,random,33,random
PL_Comms_C2.csv::D-51,Comms,C2,PL_Comms_C2.csv,D-51,22.05620604,112.0,direct_extra,111.58343065750674,-0.4165693424932613,0.4165693424932613,random,33,random
PL_Comms_C1.csv::N-53,Comms,C1,PL_Comms_C1.csv,N-53,25.63201124,108.0,direct_extra,108.18849999999999,0.18849999999999056,0.18849999999999056,random,33,random
PL_Comms_C2.csv::B-11,Comms,C2,PL_Comms_C2.csv,B-11,18.28869118,111.0,direct_extra,105.9169610667111,-5.083038933288904,5.083038933288904,random,33,random
PL_Comms_C1.csv::F-7,Comms,C1,PL_Comms_C1.csv,F-7,22.02271555,97.0,direct_extra,96.09982980547147,-0.9001701945285276,0.9001701945285276,random,33,random
PL_Comms_C2.csv::F-29,Comms,C2,PL_Comms_C2.csv,F-29,1.573602555,71.0,direct_extra,70.34216666666669,-0.6578333333333148,0.6578333333333148,random,33,random
PL_Comms_C2.csv::C-51,Comms,C2,PL_Comms_C2.csv,C-51,22.12410959,109.0,direct_extra,111.66009732417342,2.660097324173421,2.660097324173421,random,33,random
PL_Comms_C2.csv::G-39,Comms,C2,PL_Comms_C2.csv,G-39,10.27016188,85.0,direct_extra,93.80430519480518,8.804305194805181,8.804305194805181,random,33,random
PL_SSE_C2.csv::E-1,SSE,C2,PL_SSE_C2.csv,E-1,12.78578214,97.0,direct_extra,95.21303195488723,-1.786968045112772,1.786968045112772,random,33,random
PL_Comms_C1.csv::B-37,Comms,C1,PL_Comms_C1.csv,B-37,8.544003745,86.0,direct_extra,87.46656196581196,1.4665619658119624,1.4665619658119624,random,33,random
PL_Library_C2.csv::R-12,Library,C2,PL_Library_C2.csv,R-12,7.760736112,71.0,direct_extra,71.83769370773466,0.8376937077346582,0.8376937077346582,random,33,random
PL_Comms_C1.csv::P-55,Comms,C1,PL_Comms_C1.csv,P-55,28.23118843,114.0,direct_extra,115.53430366161616,1.534303661616164,1.534303661616164,random,33,random
PL_Comms_C1.csv::J-50,Comms,C1,PL_Comms_C1.csv,J-50,21.58703314,107.0,direct_extra,102.84865474738541,-4.15134525261459,4.15134525261459,random,33,random
PL_Comms_C2.csv::J-46,Comms,C2,PL_Comms_C2.csv,J-46,17.7616504,115.0,direct_extra,111.70072769713948,-3.2992723028605155,3.2992723028605155,random,33,random
PL_Library_C1.csv::A-10,Library,C1,PL_Library_C1.csv,A-10,19.4006,84.0,direct_extra,83.27930158730165,-0.7206984126983542,0.7206984126983542,random,33,random
PL_Comms_C2.csv::F-30,Comms,C2,PL_Comms_C2.csv,F-30,1.86446373,69.0,wallpath_residual_extra,76.8755756888133,7.875575688813299,7.875575688813299,random,33,random
PL_Library_C1.csv::D-16,Library,C1,PL_Library_C1.csv,D-16,13.55,79.0,wallpath_residual_extra,83.39421171387698,4.3942117138769845,4.3942117138769845,random,33,random
PL_Comms_C2.csv::K-47,Comms,C2,PL_Comms_C2.csv,K-47,19.01252811,115.0,wallpath_residual_extra,107.42821953718081,-7.571780462819191,7.571780462819191,random,33,random
PL_Comms_C2.csv::B-34,Comms,C2,PL_Comms_C2.csv,B-34,5.956192156,84.0,wallpath_residual_extra,81.34268667590037,-2.6573133240996327,2.6573133240996327,random,33,random
PL_Library_C2.csv::V-14,Library,C2,PL_Library_C2.csv,V-14,11.23948064,75.0,wallpath_residual_extra,76.62529343917835,1.6252934391783498,1.6252934391783498,random,33,random
PL_SSE_C2.csv::N-6,SSE,C2,PL_SSE_C2.csv,N-6,4.180457511,72.0,wallpath_residual_extra,76.18514373397271,4.1851437339727084,4.1851437339727084,random,33,random
PL_Library_C2.csv::O-4,Library,C2,PL_Library_C2.csv,O-4,16.36153569,92.0,wallpath_residual_extra,79.1825622775493,-12.817437722450705,12.817437722450705,random,33,random
PL_Comms_C2.csv::I-35,Comms,C2,PL_Comms_C2.csv,I-35,7.312744013,89.0,wallpath_residual_extra,84.15681947655258,-4.8431805234474155,4.8431805234474155,random,33,random
PL_Comms_C1.csv::B-47,Comms,C1,PL_Comms_C1.csv,B-47,18.24828759,102.0,wallpath_residual_extra,107.96557256422308,5.965572564223081,5.965572564223081,random,33,random
PL_Comms_C1.csv::C-25,Comms,C1,PL_Comms_C1.csv,C-25,4.472135955,70.0,wallpath_residual_extra,70.87311467044178,0.8731146704417796,0.8731146704417796,random,33,random
PL_Comms_C1.csv::H-48,Comms,C1,PL_Comms_C1.csv,H-48,19.23538406,86.0,wallpath_residual_extra,91.44926776619633,5.4492677661963285,5.4492677661963285,random,33,random
PL_Comms_C1.csv::G-50,Comms,C1,PL_Comms_C1.csv,G-50,21.09502311,90.0,wallpath_residual_extra,102.81786787502067,12.817867875020667,12.817867875020667,random,33,random
PL_SSE_C2.csv::E-7,SSE,C2,PL_SSE_C2.csv,E-7,9.564320415,94.0,wallpath_residual_extra,89.01991526225775,-4.980084737742246,4.980084737742246,random,33,random
PL_Library_C1.csv::V-20,Library,C1,PL_Library_C1.csv,V-20,12.1195,73.0,wallpath_residual_extra,72.32685100570848,-0.6731489942915232,0.6731489942915232,random,33,random
PL_Comms_C1.csv::O-23,Comms,C1,PL_Comms_C1.csv,O-23,11.66190379,96.0,wallpath_residual_extra,91.39233952119781,-4.607660478802188,4.607660478802188,random,33,random
PL_Comms_C1.csv::F-27,Comms,C1,PL_Comms_C1.csv,F-27,2.236067977,76.0,wallpath_residual_extra,66.60109756588297,-9.398902434117034,9.398902434117034,random,33,random
PL_Comms_C2.csv::K-36,Comms,C2,PL_Comms_C2.csv,K-36,9.299259379,82.0,wallpath_residual_extra,90.45368094431493,8.453680944314925,8.453680944314925,random,33,random
PL_Library_C1.csv::R-13,Library,C1,PL_Library_C1.csv,R-13,6.775,74.0,wallpath_residual_extra,71.07977773375822,-2.9202222662417796,2.9202222662417796,random,33,random
PL_Comms_C2.csv::H-49,Comms,C2,PL_Comms_C2.csv,H-49,20.26021286,94.0,wallpath_residual_extra,108.86693077407004,14.866930774070042,14.866930774070042,random,33,random
PL_Comms_C1.csv::M-57,Comms,C1,PL_Comms_C1.csv,M-57,29.12043956,104.0,wallpath_residual_extra,102.27791365339151,-1.7220863466084921,1.7220863466084921,random,33,random
PL_Comms_C2.csv::E-16,Comms,C2,PL_Comms_C2.csv,E-16,13.05665443,94.0,wallpath_residual_extra,98.545867099365,4.545867099364997,4.545867099364997,random,33,random
PL_Library_C2.csv::M-26,Library,C2,PL_Library_C2.csv,M-26,13.67167693,80.0,wallpath_residual_extra,85.39803371430015,5.398033714300155,5.398033714300155,random,33,random
PL_Comms_C2.csv::C-56,Comms,C2,PL_Comms_C2.csv,C-56,27.10122184,118.0,wallpath_residual_extra,115.3271220534524,-2.672877946547601,2.672877946547601,random,33,random
PL_Library_C1.csv::V-13,Library,C1,PL_Library_C1.csv,V-13,11.5771,77.0,wallpath_residual_extra,72.99096892069784,-4.0090310793021615,4.0090310793021615,random,33,random
PL_Comms_C2.csv::A-24,Comms,C2,PL_Comms_C2.csv,A-24,6.517378691,91.0,wallpath_residual_extra,79.1483359361109,-11.851664063889103,11.851664063889103,random,33,random
PL_Library_C2.csv::P-19,Library,C2,PL_Library_C2.csv,P-19,5.034337096,70.0,wallpath_residual_extra,69.67755745262782,-0.3224425473721766,0.3224425473721766,random,33,random
PL_Comms_C1.csv::K-47,Comms,C1,PL_Comms_C1.csv,K-47,18.97366596,104.0,wallpath_residual_extra,105.09832161193431,1.0983216119343098,1.0983216119343098,random,33,random
PL_Comms_C1.csv::N-24,Comms,C1,PL_Comms_C1.csv,N-24,10.29563014,90.0,wallpath_residual_extra,89.75529013859389,-0.24470986140610762,0.24470986140610762,random,33,random
PL_Library_C2.csv::A-8,Library,C2,PL_Library_C2.csv,A-8,20.71883322,90.0,wallpath_residual_extra,92.7650801500426,2.765080150042607,2.765080150042607,random,33,random
PL_Library_C2.csv::T-11,Library,C2,PL_Library_C2.csv,T-11,10.65240583,75.0,wallpath_residual_extra,73.09001910473869,-1.909980895261313,1.909980895261313,random,33,random
PL_Library_C2.csv::C-15,Library,C2,PL_Library_C2.csv,C-15,15.01570095,82.0,wallpath_residual_extra,78.58240828287917,-3.4175917171208283,3.4175917171208283,random,33,random
PL_Comms_C1.csv::K-39,Comms,C1,PL_Comms_C1.csv,K-39,11.66190379,92.0,wallpath_residual_extra,97.42101959545576,5.4210195954557605,5.4210195954557605,random,33,random
PL_Comms_C1.csv::K-36,Comms,C1,PL_Comms_C1.csv,K-36,9.219544457,86.0,wallpath_residual_extra,85.99546417301367,-0.004535826986327152,0.004535826986327152,random,33,random
PL_Comms_C2.csv::I-6,Comms,C2,PL_Comms_C2.csv,I-6,23.37683094,100.0,wallpath_residual_extra,93.35747480820142,-6.642525191798583,6.642525191798583,random,33,random
PL_Comms_C2.csv::M-28,Comms,C2,PL_Comms_C2.csv,M-28,8.153295346,77.0,wallpath_residual_extra,85.91929322041157,8.919293220411575,8.919293220411575,random,33,random
PL_Comms_C2.csv::M-40,Comms,C2,PL_Comms_C2.csv,M-40,13.65562979,97.0,wallpath_residual_extra,98.7198338032834,1.719833803283393,1.719833803283393,random,33,random
PL_Library_C2.csv::G-10,Library,C2,PL_Library_C2.csv,G-10,12.55142821,83.0,wallpath_residual_extra,81.6712115766289,-1.328788423371094,1.328788423371094,random,33,random
PL_Comms_C1.csv::B-12,Comms,C1,PL_Comms_C1.csv,B-12,17.2626765,114.0,wallpath_residual_extra,106.51847107596065,-7.4815289240393525,7.4815289240393525,random,33,random
PL_Comms_C2.csv::N-52,Comms,C2,PL_Comms_C2.csv,N-52,24.72804531,106.0,wallpath_residual_extra,115.33306762686674,9.333067626866736,9.333067626866736,random,33,random
PL_Comms_C1.csv::E-40,Comms,C1,PL_Comms_C1.csv,E-40,11.0,99.0,wallpath_residual_extra,89.62270176908757,-9.37729823091243,9.37729823091243,random,33,random
PL_Comms_C1.csv::G-44,Comms,C1,PL_Comms_C1.csv,G-44,15.13274595,87.0,wallpath_residual_extra,97.97646713873759,10.97646713873759,10.97646713873759,random,33,random
PL_Library_C2.csv::V-8,Library,C2,PL_Library_C2.csv,V-8,15.37814765,89.0,wallpath_residual_extra,84.15001633819911,-4.849983661800891,4.849983661800891,random,33,random
PL_Comms_C2.csv::D-37,Comms,C2,PL_Comms_C2.csv,D-37,8.153295346,86.0,wallpath_residual_extra,89.78972123597921,3.789721235979215,3.789721235979215,random,33,random
PL_Comms_C2.csv::F-54,Comms,C2,PL_Comms_C2.csv,F-54,25.04947554,89.0,wallpath_residual_extra,99.44015010173962,10.440150101739619,10.440150101739619,random,33,random
PL_Library_C1.csv::Q-5,Library,C1,PL_Library_C1.csv,Q-5,15.4494,88.0,wallpath_residual_extra,86.13748068676436,-1.8625193132356372,1.8625193132356372,random,33,random
PL_Comms_C2.csv::O-53,Comms,C2,PL_Comms_C2.csv,O-53,26.02837346,116.0,wallpath_residual_extra,118.91335884433869,2.9133588443386884,2.9133588443386884,random,33,random
PL_Comms_C1.csv::J-22,Comms,C1,PL_Comms_C1.csv,J-22,8.602325267,78.0,wallpath_residual_extra,85.36323349209128,7.3632334920912825,7.3632334920912825,random,33,random
PL_Comms_C1.csv::B-29,Comms,C1,PL_Comms_C1.csv,B-29,3.0,68.0,wallpath_residual_extra,65.00820931568629,-2.991790684313713,2.991790684313713,random,33,random
PL_Comms_C2.csv::I-21,Comms,C2,PL_Comms_C2.csv,I-21,9.026418171,95.0,wallpath_residual_extra,88.93833121409705,-6.0616687859029525,6.0616687859029525,random,33,random
PL_Comms_C1.csv::C-42,Comms,C1,PL_Comms_C1.csv,C-42,13.15294644,105.0,wallpath_residual_extra,98.26384363221892,-6.736156367781078,6.736156367781078,random,33,random
PL_Library_C1.csv::P-21,Library,C1,PL_Library_C1.csv,P-21,7.2969,72.0,wallpath_residual_extra,68.49523517697232,-3.504764823027685,3.504764823027685,random,33,random
PL_Library_C1.csv::B-9,Library,C1,PL_Library_C1.csv,B-9,18.8243,80.0,wallpath_residual_extra,83.43031380737474,3.430313807374745,3.430313807374745,random,33,random
PL_Library_C2.csv::N-23,Library,C2,PL_Library_C2.csv,N-23,9.562502288,90.0,wallpath_residual_extra,77.02115488296981,-12.97884511703019,12.97884511703019,random,33,random
PL_Comms_C1.csv::E-41,Comms,C1,PL_Comms_C1.csv,E-41,12.0,97.0,wallpath_residual_extra,97.51360852464381,0.5136085246438142,0.5136085246438142,random,33,random
PL_Comms_C1.csv::F-42,Comms,C1,PL_Comms_C1.csv,F-42,13.03840481,95.0,wallpath_residual_extra,98.8573768354352,3.857376835435204,3.857376835435204,random,33,random
PL_SSE_C1.csv::D-2,SSE,C1,PL_SSE_C1.csv,D-2,12.80624847,91.0,wallpath_residual_extra,90.77534571531736,-0.22465428468264292,0.22465428468264292,random,33,random
PL_Library_C2.csv::C-7,Library,C2,PL_Library_C2.csv,C-7,19.29645758,85.0,wallpath_residual_extra,89.59405481564175,4.594054815641755,4.594054815641755,random,33,random
PL_Comms_C2.csv::A-25,Comms,C2,PL_Comms_C2.csv,A-25,5.78586424,82.0,wallpath_residual_extra,79.10069536373953,-2.8993046362604673,2.8993046362604673,random,33,random
PL_Comms_C2.csv::F-41,Comms,C2,PL_Comms_C2.csv,F-41,12.10273626,88.0,wallpath_residual_extra,89.46952172061552,1.4695217206155178,1.4695217206155178,random,33,random
PL_Comms_C2.csv::G-52,Comms,C2,PL_Comms_C2.csv,G-52,23.11874186,91.0,wallpath_residual_extra,94.05098389371054,3.050983893710537,3.050983893710537,random,33,random
PL_Library_C1.csv::M-15,Library,C1,PL_Library_C1.csv,M-15,1.9163,72.0,wallpath_residual_extra,59.104506796099756,-12.895493203900244,12.895493203900244,random,33,random
PL_Library_C1.csv::W-15,Library,C1,PL_Library_C1.csv,W-15,12.27,69.0,wallpath_residual_extra,78.90887857408097,9.908878574080973,9.908878574080973,random,33,random
PL_SSE_C2.csv::D-3,SSE,C2,PL_SSE_C2.csv,D-3,12.26687511,96.0,wallpath_residual_extra,97.03476990750244,1.0347699075024366,1.0347699075024366,random,33,random
PL_Library_C1.csv::V-19,Library,C1,PL_Library_C1.csv,V-19,11.5771,71.0,wallpath_residual_extra,74.86722631648456,3.8672263164845617,3.8672263164845617,random,33,random
PL_SSE_C1.csv::H-1,SSE,C1,PL_SSE_C1.csv,H-1,10.81665383,89.0,wallpath_residual_extra,89.097464569112,0.09746456911200596,0.09746456911200596,random,33,random
PL_Comms_C1.csv::B-13,Comms,C1,PL_Comms_C1.csv,B-13,16.2788206,94.0,wallpath_residual_extra,93.27701339445392,-0.7229866055460832,0.7229866055460832,random,33,random
PL_Comms_C1.csv::O-43,Comms,C1,PL_Comms_C1.csv,O-43,17.20465053,109.0,wallpath_residual_extra,104.74062174897544,-4.2593782510245575,4.2593782510245575,random,33,random
PL_Comms_C1.csv::J-46,Comms,C1,PL_Comms_C1.csv,J-46,17.72004515,105.0,wallpath_residual_extra,108.02913600223836,3.02913600223836,3.02913600223836,random,33,random
PL_Comms_C2.csv::K-21,Comms,C2,PL_Comms_C2.csv,K-21,10.07354084,87.0,wallpath_residual_extra,86.41769729518653,-0.5823027048134719,0.5823027048134719,random,33,random
PL_Comms_C1.csv::J-13,Comms,C1,PL_Comms_C1.csv,J-13,16.76305461,99.0,wallpath_residual_extra,93.54578421814591,-5.454215781854089,5.454215781854089,random,33,random
PL_Library_C2.csv::Q-18,Library,C2,PL_Library_C2.csv,Q-18,5.034337096,66.0,wallpath_residual_extra,74.27197328412494,8.27197328412494,8.27197328412494,random,33,random
PL_Comms_C1.csv::C-57,Comms,C1,PL_Comms_C1.csv,C-57,28.0713377,110.0,wallpath_residual_extra,114.19747274150107,4.197472741501073,4.197472741501073,random,33,random
PL_Library_C2.csv::A-4,Library,C2,PL_Library_C2.csv,A-4,24.0031675,91.0,wallpath_residual_extra,96.02655787251695,5.026557872516946,5.026557872516946,random,33,random
PL_Library_C1.csv::M-14,Library,C1,PL_Library_C1.csv,M-14,3.0299,72.0,wallpath_residual_extra,64.30466436138734,-7.6953356386126615,7.6953356386126615,random,33,random
PL_SSE_C1.csv::K-6,SSE,C1,PL_SSE_C1.csv,K-6,5.0,70.0,wallpath_residual_extra,72.99516357939824,2.9951635793982376,2.9951635793982376,random,33,random
PL_Comms_C2.csv::G-19,Comms,C2,PL_Comms_C2.csv,G-19,10.27016188,88.0,wallpath_residual_extra,91.74743774246886,3.747437742468861,3.747437742468861,random,33,random
PL_Comms_C1.csv::H-20,Comms,C1,PL_Comms_C1.csv,H-20,9.486832981,83.0,wallpath_residual_extra,79.79995067657327,-3.2000493234267253,3.2000493234267253,random,33,random
PL_Comms_C1.csv::C-18,Comms,C1,PL_Comms_C1.csv,C-18,11.18033989,89.0,wallpath_residual_extra,93.34292539686045,4.342925396860451,4.342925396860451,random,33,random
PL_SSE_C1.csv::E-7,SSE,C1,PL_SSE_C1.csv,E-7,9.486832981,97.0,wallpath_residual_extra,83.03921364554765,-13.960786354452352,13.960786354452352,random,33,random
PL_Comms_C2.csv::L-13,Comms,C2,PL_Comms_C2.csv,L-13,17.50646238,116.0,wallpath_residual_extra,104.10039644082153,-11.899603559178473,11.899603559178473,random,33,random
PL_Library_C2.csv::C-16,Library,C2,PL_Library_C2.csv,C-16,14.95443914,81.0,wallpath_residual_extra,82.27447496394761,1.2744749639476112,1.2744749639476112,random,33,random
PL_Comms_C2.csv::A-28,Comms,C2,PL_Comms_C2.csv,A-28,4.298397957,65.0,wallpath_residual_extra,75.2468679877817,10.246867987781698,10.246867987781698,random,33,random
PL_SSE_C2.csv::C-5,SSE,C2,PL_SSE_C2.csv,C-5,12.14397896,101.0,wallpath_residual_extra,100.60540653280164,-0.3945934671983622,0.3945934671983622,random,33,random
PL_Comms_C1.csv::L-49,Comms,C1,PL_Comms_C1.csv,L-49,21.1896201,112.0,wallpath_residual_extra,106.87500340373295,-5.124996596267053,5.124996596267053,random,33,random
PL_SSE_C1.csv::N-6,SSE,C1,PL_SSE_C1.csv,N-6,4.0,67.0,wallpath_residual_extra,77.73301674929125,10.733016749291252,10.733016749291252,random,33,random
PL_Comms_C1.csv::E-56,Comms,C1,PL_Comms_C1.csv,E-56,27.0,107.0,wallpath_residual_extra,113.299796010582,6.299796010582,6.299796010582,random,33,random
PL_Comms_C1.csv::B-20,Comms,C1,PL_Comms_C1.csv,B-20,9.486832981,93.0,wallpath_residual_extra,86.69560454126685,-6.304395458733154,6.304395458733154,random,33,random
PL_Comms_C1.csv::F-34,Comms,C1,PL_Comms_C1.csv,F-34,5.099019514,91.0,wallpath_residual_extra,71.37941646446816,-19.620583535531836,19.620583535531836,random,33,random
PL_Library_C1.csv::O-26,Library,C1,PL_Library_C1.csv,O-26,13.6176,88.0,wallpath_residual_extra,78.2224409439572,-9.777559056042804,9.777559056042804,random,33,random
PL_Comms_C2.csv::G-23,Comms,C2,PL_Comms_C2.csv,G-23,6.440203801,80.0,wallpath_residual_extra,78.7460699460617,-1.253930053938305,1.253930053938305,random,33,random
PL_Comms_C1.csv::H-2,Comms,C1,PL_Comms_C1.csv,H-2,27.16615541,101.0,wallpath_residual_extra,98.40689073459065,-2.5931092654093533,2.5931092654093533,random,33,random
PL_Library_C2.csv::R-9,Library,C2,PL_Library_C2.csv,R-9,10.99171734,71.0,wallpath_residual_extra,75.1357059962114,4.135705996211399,4.135705996211399,random,33,random
PL_Comms_C1.csv::N-27,Comms,C1,PL_Comms_C1.csv,N-27,9.219544457,82.0,wallpath_residual_extra,78.1664848103977,-3.833515189602295,3.833515189602295,random,33,random
PL_Comms_C2.csv::K-25,Comms,C2,PL_Comms_C2.csv,K-25,7.312744013,79.0,wallpath_residual_extra,86.71352015588182,7.713520155881824,7.713520155881824,random,33,random
PL_SSE_C1.csv::L-1,SSE,C1,PL_SSE_C1.csv,L-1,9.219544457,71.0,wallpath_residual_extra,78.02848141014965,7.028481410149652,7.028481410149652,random,33,random
PL_SSE_C1.csv::E-2,SSE,C1,PL_SSE_C1.csv,E-2,12.04159458,96.0,wallpath_residual_extra,89.64514336258188,-6.3548566374181235,6.3548566374181235,random,33,random
PL_Library_C2.csv::U-18,Library,C2,PL_Library_C2.csv,U-18,9.939092011,75.0,wallpath_residual_extra,77.64633324203079,2.646333242030792,2.646333242030792,random,33,random
PL_SSE_C2.csv::I-1,SSE,C2,PL_SSE_C2.csv,I-1,10.36707408,86.0,wallpath_residual_extra,90.19506882564541,4.195068825645407,4.195068825645407,random,33,random
PL_Comms_C2.csv::K-33,Comms,C2,PL_Comms_C2.csv,K-33,7.312744013,82.0,wallpath_residual_extra,88.66446698854887,6.664466988548867,6.664466988548867,random,33,random
PL_Comms_C1.csv::O-37,Comms,C1,PL_Comms_C1.csv,O-37,12.80624847,90.0,wallpath_residual_extra,93.34556484360658,3.3455648436065815,3.3455648436065815,random,33,random
PL_Library_C2.csv::H-13,Library,C2,PL_Library_C2.csv,H-13,9.17046073,74.0,wallpath_residual_extra,76.4297933962145,2.4297933962145066,2.4297933962145066,random,33,random
PL_Library_C1.csv::G-6,Library,C1,PL_Library_C1.csv,G-6,16.5399,82.0,wallpath_residual_extra,79.05451426575344,-2.94548573424656,2.94548573424656,random,33,random
PL_Comms_C1.csv::A-45,Comms,C1,PL_Comms_C1.csv,A-45,16.4924225,105.0,wallpath_residual_extra,103.90639399423127,-1.0936060057687342,1.0936060057687342,random,33,random
PL_Comms_C1.csv::C-38,Comms,C1,PL_Comms_C1.csv,C-38,9.219544457,90.0,wallpath_residual_extra,88.8059197073818,-1.194080292618196,1.194080292618196,random,33,random
PL_Comms_C1.csv::O-28,Comms,C1,PL_Comms_C1.csv,O-28,10.04987562,82.0,wallpath_residual_extra,78.67820170085746,-3.321798299142543,3.321798299142543,random,33,random
PL_Library_C1.csv::J-2,Library,C1,PL_Library_C1.csv,J-2,19.7291,82.0,wallpath_residual_extra,78.89451081467367,-3.1054891853263342,3.1054891853263342,random,33,random
PL_Comms_C1.csv::I-22,Comms,C1,PL_Comms_C1.csv,I-22,8.062257748,88.0,wallpath_residual_extra,88.34276979849355,0.34276979849354916,0.34276979849354916,random,33,random
PL_Comms_C2.csv::G-43,Comms,C2,PL_Comms_C2.csv,G-43,14.1942321,89.0,wallpath_residual_extra,95.53872764860694,6.538727648606937,6.538727648606937,random,33,random
PL_Comms_C2.csv::I-8,Comms,C2,PL_Comms_C2.csv,I-8,21.41205793,112.0,wallpath_residual_extra,107.13752992912433,-4.862470070875673,4.862470070875673,random,33,random
PL_Comms_C2.csv::G-28,Comms,C2,PL_Comms_C2.csv,G-28,2.544842824,72.0,wallpath_residual_extra,76.60961012979435,4.609610129794348,4.609610129794348,random,33,random
PL_Comms_C2.csv::D-27,Comms,C2,PL_Comms_C2.csv,D-27,2.544842824,72.0,wallpath_residual_extra,71.80658282731761,-0.19341717268238767,0.19341717268238767,random,33,random
PL_Library_C2.csv::T-18,Library,C2,PL_Library_C2.csv,T-18,8.655473702,80.0,wallpath_residual_extra,83.98536761189781,3.9853676118978143,3.9853676118978143,random,33,random
PL_Comms_C1.csv::G-49,Comms,C1,PL_Comms_C1.csv,G-49,20.09975124,95.0,wallpath_residual_extra,98.4771744933419,3.4771744933419058,3.4771744933419058,random,33,random
PL_Comms_C2.csv::G-6,Comms,C2,PL_Comms_C2.csv,G-6,23.11874186,91.0,wallpath_residual_extra,102.73979940840924,11.73979940840924,11.73979940840924,random,33,random
PL_Comms_C1.csv::A-24,Comms,C1,PL_Comms_C1.csv,A-24,6.403124237,87.0,wallpath_residual_extra,74.69455802463602,-12.305441975363976,12.305441975363976,random,33,random
PL_Library_C2.csv::F-2,Library,C2,PL_Library_C2.csv,F-2,21.88247529,94.0,wallpath_residual_extra,92.02717650768639,-1.9728234923136085,1.9728234923136085,random,33,random
PL_Library_C1.csv::C-5,Library,C1,PL_Library_C1.csv,C-5,21.0789,74.0,wallpath_residual_extra,82.49101159638484,8.491011596384837,8.491011596384837,random,33,random
PL_Comms_C1.csv::F-3,Comms,C1,PL_Comms_C1.csv,F-3,26.01922366,95.0,wallpath_residual_extra,96.84421082197271,1.844210821972709,1.844210821972709,random,33,random
PL_Library_C1.csv::R-9,Library,C1,PL_Library_C1.csv,R-9,10.9244,77.0,wallpath_residual_extra,71.56167544345213,-5.438324556547869,5.438324556547869,random,33,random
PL_Library_C2.csv::L-15,Library,C2,PL_Library_C2.csv,L-15,3.264406531,71.0,wallpath_residual_extra,70.82916560735822,-0.1708343926417797,0.1708343926417797,random,33,random
PL_Library_C2.csv::N-17,Library,C2,PL_Library_C2.csv,N-17,1.819958791,57.0,wallpath_residual_extra,61.36713686894212,4.367136868942119,4.367136868942119,random,33,random
PL_SSE_C2.csv::G-9,SSE,C2,PL_SSE_C2.csv,G-9,7.174693373,84.0,wallpath_residual_extra,84.06581719293183,0.06581719293183141,0.06581719293183141,random,33,random
PL_Library_C2.csv::C-4,Library,C2,PL_Library_C2.csv,C-4,22.09123921,86.0,wallpath_residual_extra,93.07009403116935,7.070094031169347,7.070094031169347,random,33,random
PL_Library_C1.csv::P-6,Library,C1,PL_Library_C1.csv,P-6,13.8183,87.0,wallpath_residual_extra,83.40325155875007,-3.596748441249929,3.596748441249929,random,33,random
PL_Library_C1.csv::R-6,Library,C1,PL_Library_C1.csv,R-6,14.5938,76.0,wallpath_residual_extra,84.26611848337373,8.266118483373731,8.266118483373731,random,33,random
PL_Comms_C2.csv::J-11,Comms,C2,PL_Comms_C2.csv,J-11,18.72101026,103.0,wallpath_residual_extra,107.9101735962637,4.910173596263704,4.910173596263704,random,33,random
PL_Comms_C1.csv::C-39,Comms,C1,PL_Comms_C1.csv,C-39,10.19803903,85.0,wallpath_residual_extra,90.24583992728357,5.245839927283569,5.245839927283569,random,33,random
PL_Library_C2.csv::Q-12,Library,C2,PL_Library_C2.csv,Q-12,6.883084338,75.0,wallpath_residual_extra,76.1254357630653,1.1254357630652976,1.1254357630652976,random,33,random
PL_Library_C2.csv::Q-21,Library,C2,PL_Library_C2.csv,Q-21,7.993814796,78.0,wallpath_residual_extra,75.69148204634891,-2.3085179536510907,2.3085179536510907,random,33,random
PL_Comms_C2.csv::I-2,Comms,C2,PL_Comms_C2.csv,I-2,27.32171709,106.0,wallpath_residual_extra,105.12053755859928,-0.8794624414007188,0.8794624414007188,random,33,random
PL_Comms_C2.csv::M-51,Comms,C2,PL_Comms_C2.csv,M-51,23.44090922,117.0,wallpath_residual_extra,119.39095677108769,2.390956771087687,2.390956771087687,random,33,random
PL_SSE_C2.csv::L-3,SSE,C2,PL_SSE_C2.csv,L-3,7.380801108,73.0,wallpath_residual_extra,75.50661146072818,2.5066114607281804,2.5066114607281804,random,33,random
PL_Comms_C1.csv::B-43,Comms,C1,PL_Comms_C1.csv,B-43,14.31782106,97.0,wallpath_residual_extra,95.66524719460409,-1.3347528053959081,1.3347528053959081,random,33,random
PL_SSE_C1.csv::M-3,SSE,C1,PL_SSE_C1.csv,M-3,7.071067812,69.0,wallpath_residual_extra,72.12088790505469,3.120887905054687,3.120887905054687,random,33,random
PL_Library_C2.csv::I-4,Library,C2,PL_Library_C2.csv,I-4,17.65685278,82.0,wallpath_residual_extra,88.90972099549356,6.909720995493558,6.909720995493558,random,33,random
PL_Comms_C2.csv::B-35,Comms,C2,PL_Comms_C2.csv,B-35,6.817347358,78.0,wallpath_residual_extra,85.45801347594401,7.458013475944014,7.458013475944014,random,33,random
PL_Library_C1.csv::V-21,Library,C1,PL_Library_C1.csv,V-21,12.783,79.0,wallpath_residual_extra,74.75829811686289,-4.241701883137111,4.241701883137111,random,33,random
PL_Comms_C1.csv::G-28,Comms,C1,PL_Comms_C1.csv,G-28,2.236067977,62.0,wallpath_residual_extra,66.60109756588297,4.6010975658829665,4.6010975658829665,random,33,random
PL_Comms_C1.csv::H-50,Comms,C1,PL_Comms_C1.csv,H-50,21.21320344,87.0,wallpath_residual_extra,102.75738956859593,15.757389568595926,15.757389568595926,random,33,random
PL_SSE_C1.csv::H-8,SSE,C1,PL_SSE_C1.csv,H-8,6.32455532,73.0,wallpath_residual_extra,78.4398058515132,5.439805851513199,5.439805851513199,random,33,random
PL_Comms_C2.csv::C-42,Comms,C2,PL_Comms_C2.csv,C-42,13.20894489,107.0,wallpath_residual_extra,99.51280169612558,-7.487198303874422,7.487198303874422,random,33,random
PL_Comms_C2.csv::C-23,Comms,C2,PL_Comms_C2.csv,C-23,6.440203801,84.0,wallpath_residual_extra,78.7460699460617,-5.253930053938305,5.253930053938305,random,33,random
PL_Comms_C2.csv::L-48,Comms,C2,PL_Comms_C2.csv,L-48,20.28487676,119.0,wallpath_residual_extra,110.0819122879524,-8.918087712047594,8.918087712047594,random,33,random
PL_Library_C2.csv::C-8,Library,C2,PL_Library_C2.csv,C-8,18.46999865,83.0,wallpath_residual_extra,88.99024708675785,5.990247086757847,5.990247086757847,random,33,random
PL_Comms_C1.csv::A-54,Comms,C1,PL_Comms_C1.csv,A-54,25.3179778,114.0,wallpath_residual_extra,110.12124684151426,-3.878753158485736,3.878753158485736,random,33,random
PL_SSE_C2.csv::A-7,SSE,C2,PL_SSE_C2.csv,A-7,13.3968737,106.0,wallpath_residual_extra,101.16903125405676,-4.830968745943238,4.830968745943238,random,33,random
PL_Library_C1.csv::S-12,Library,C1,PL_Library_C1.csv,S-12,8.6762,76.0,wallpath_residual_extra,72.44227030738352,-3.5577296926164763,3.5577296926164763,random,33,random
PL_Comms_C2.csv::H-56,Comms,C2,PL_Comms_C2.csv,H-56,27.19331214,94.0,wallpath_residual_extra,99.9536767127754,5.953676712775405,5.953676712775405,random,33,random
PL_Comms_C1.csv::E-22,Comms,C1,PL_Comms_C1.csv,E-22,7.0,87.0,wallpath_residual_extra,82.74328610218954,-4.256713897810457,4.256713897810457,random,33,random
PL_Library_C2.csv::U-20,Library,C2,PL_Library_C2.csv,U-20,10.99171734,73.0,wallpath_residual_extra,74.61775649922224,1.6177564992222386,1.6177564992222386,random,33,random
PL_Library_C2.csv::J-6,Library,C2,PL_Library_C2.csv,J-6,14.64428643,96.0,wallpath_residual_extra,82.06419333075331,-13.935806669246688,13.935806669246688,random,33,random
PL_Comms_C1.csv::I-21,Comms,C1,PL_Comms_C1.csv,I-21,8.94427191,87.0,wallpath_residual_extra,87.48515476965669,0.48515476965668825,0.48515476965668825,random,33,random
PL_Comms_C2.csv::D-13,Comms,C2,PL_Comms_C2.csv,D-13,16.07719581,93.0,wallpath_residual_extra,96.47947614460263,3.4794761446026286,3.4794761446026286,random,33,random
PL_Comms_C1.csv::D-38,Comms,C1,PL_Comms_C1.csv,D-38,9.055385138,92.0,wallpath_residual_extra,87.32250326150782,-4.677496738492181,4.677496738492181,random,33,random
PL_Comms_C2.csv::N-51,Comms,C2,PL_Comms_C2.csv,N-51,23.80076102,115.0,wallpath_residual_extra,115.5050840010503,0.5050840010503066,0.5050840010503066,random,33,random
PL_Library_C1.csv::A-8,Library,C1,PL_Library_C1.csv,A-8,20.6832,88.0,wallpath_residual_extra,84.53337592225708,-3.466624077742921,3.466624077742921,random,33,random
PL_Library_C2.csv::L-9,Library,C2,PL_Library_C2.csv,L-9,9.939092011,70.0,wallpath_residual_extra,77.56883568232698,7.568835682326977,7.568835682326977,random,33,random
PL_Library_C2.csv::D-2,Library,C2,PL_Library_C2.csv,D-2,23.34394193,97.0,wallpath_residual_extra,93.74102355743821,-3.2589764425617886,3.2589764425617886,random,33,random
PL_SSE_C1.csv::M-7,SSE,C1,PL_SSE_C1.csv,M-7,3.16227766,71.0,wallpath_residual_extra,74.8311790138089,3.8311790138089066,3.8311790138089066,random,33,random
PL_Library_C1.csv::I-9,Library,C1,PL_Library_C1.csv,I-9,11.6562,68.0,wallpath_residual_extra,77.31175873322732,9.311758733227322,9.311758733227322,random,33,random
PL_Comms_C2.csv::J-44,Comms,C2,PL_Comms_C2.csv,J-44,15.85800192,105.0,wallpath_residual_extra,101.24285223234703,-3.7571477676529668,3.7571477676529668,random,33,random
PL_Comms_C2.csv::D-12,Comms,C2,PL_Comms_C2.csv,D-12,17.07267481,105.0,wallpath_residual_extra,102.31550667276102,-2.6844933272389824,2.6844933272389824,random,33,random
PL_Comms_C1.csv::M-28,Comms,C1,PL_Comms_C1.csv,M-28,8.062257748,76.0,wallpath_residual_extra,77.89175837511976,1.891758375119764,1.891758375119764,random,33,random
PL_Comms_C1.csv::D-33,Comms,C1,PL_Comms_C1.csv,D-33,4.123105626,79.0,wallpath_residual_extra,73.55117757524968,-5.448822424750318,5.448822424750318,random,33,random
PL_Library_C1.csv::Q-4,Library,C1,PL_Library_C1.csv,Q-4,16.7604,78.0,wallpath_residual_extra,83.08885278199827,5.08885278199827,5.08885278199827,random,33,random
PL_Comms_C2.csv::A-12,Comms,C2,PL_Comms_C2.csv,A-12,17.50646238,116.0,wallpath_residual_extra,105.4542006186225,-10.545799381377506,10.545799381377506,random,33,random
PL_Comms_C2.csv::H-44,Comms,C2,PL_Comms_C2.csv,H-44,15.3452346,87.0,wallpath_residual_extra,90.9182621157789,3.9182621157789015,3.9182621157789015,random,33,random
PL_Comms_C1.csv::J-39,Comms,C1,PL_Comms_C1.csv,J-39,11.18033989,96.0,wallpath_residual_extra,96.58599754979011,0.5859975497901075,0.5859975497901075,random,33,random
PL_Comms_C1.csv::E-54,Comms,C1,PL_Comms_C1.csv,E-54,25.0,106.0,wallpath_residual_extra,108.6576477340527,2.657647734052702,2.657647734052702,random,33,random
PL_Comms_C2.csv::F-28,Comms,C2,PL_Comms_C2.csv,F-28,1.86446373,77.0,wallpath_residual_extra,76.06115479837044,-0.9388452016295616,0.9388452016295616,random,33,random
PL_Comms_C1.csv::I-35,Comms,C1,PL_Comms_C1.csv,I-35,7.211102551,81.0,wallpath_residual_extra,84.0057614306486,3.0057614306486045,3.0057614306486045,random,33,random
PL_Library_C1.csv::A-4,Library,C1,PL_Library_C1.csv,A-4,23.9724,83.0,wallpath_residual_extra,82.19872514706579,-0.8012748529342133,0.8012748529342133,random,33,random
PL_Comms_C2.csv::E-23,Comms,C2,PL_Comms_C2.csv,E-23,6.121782829,80.0,wallpath_residual_extra,77.99175203683441,-2.008247963165587,2.008247963165587,random,33,random
PL_Library_C2.csv::Q-23,Library,C2,PL_Library_C2.csv,Q-23,10.39065325,75.0,wallpath_residual_extra,74.16622010018195,-0.8337798998180546,0.8337798998180546,random,33,random
PL_SSE_C1.csv::D-6,SSE,C1,PL_SSE_C1.csv,D-6,10.77032961,89.0,wallpath_residual_extra,95.00321414207237,6.003214142072366,6.003214142072366,random,33,random
PL_Comms_C1.csv::G-34,Comms,C1,PL_Comms_C1.csv,G-34,5.385164807,78.0,wallpath_residual_extra,79.51387198623534,1.513871986235344,1.513871986235344,random,33,random
PL_Comms_C1.csv::C-51,Comms,C1,PL_Comms_C1.csv,C-51,22.09072203,115.0,wallpath_residual_extra,110.06751438026885,-4.932485619731153,4.932485619731153,random,33,random
PL_Comms_C1.csv::B-44,Comms,C1,PL_Comms_C1.csv,B-44,15.29705854,104.0,wallpath_residual_extra,97.59843046284578,-6.4015695371542165,6.4015695371542165,random,33,random
PL_Comms_C2.csv::N-35,Comms,C2,PL_Comms_C2.csv,N-35,10.88467845,100.0,wallpath_residual_extra,92.27187664646785,-7.728123353532155,7.728123353532155,random,33,random
PL_Comms_C2.csv::D-33,Comms,C2,PL_Comms_C2.csv,D-33,4.298397957,86.0,wallpath_residual_extra,78.42076311874447,-7.579236881255525,7.579236881255525,random,33,random
PL_Comms_C2.csv::O-22,Comms,C2,PL_Comms_C2.csv,O-22,12.26687511,95.0,wallpath_residual_extra,89.58312932412287,-5.416870675877135,5.416870675877135,random,33,random
PL_Library_C2.csv::C-12,Library,C2,PL_Library_C2.csv,C-12,15.90633993,87.0,wallpath_residual_extra,91.11227137474285,4.112271374742846,4.112271374742846,random,33,random
PL_Library_C2.csv::V-10,Library,C2,PL_Library_C2.csv,V-10,13.60436419,87.0,wallpath_residual_extra,79.45414844863866,-7.545851551361338,7.545851551361338,random,33,random
PL_Comms_C2.csv::F-44,Comms,C2,PL_Comms_C2.csv,F-44,15.08231497,84.0,wallpath_residual_extra,102.56864839863782,18.56864839863782,18.56864839863782,random,33,random
PL_Comms_C2.csv::C-34,Comms,C2,PL_Comms_C2.csv,C-34,5.520527602,80.0,wallpath_residual_extra,84.72815493766231,4.72815493766231,4.72815493766231,random,33,random
PL_Library_C2.csv::N-20,Library,C2,PL_Library_C2.csv,N-20,5.55451393,79.0,wallpath_residual_extra,73.9685336160947,-5.031466383905297,5.031466383905297,random,33,random
PL_Library_C1.csv::G-4,Library,C1,PL_Library_C1.csv,G-4,18.8243,87.0,wallpath_residual_extra,81.56407846047819,-5.435921539521814,5.435921539521814,random,33,random
PL_Library_C2.csv::D-8,Library,C2,PL_Library_C2.csv,D-8,17.39495114,80.0,wallpath_residual_extra,89.11121586462896,9.11121586462896,9.11121586462896,random,33,random
PL_Comms_C2.csv::B-21,Comms,C2,PL_Comms_C2.csv,B-21,8.629960892,86.0,wallpath_residual_extra,86.48269450212571,0.4826945021257103,0.4826945021257103,random,33,random
PL_Comms_C1.csv::G-57,Comms,C1,PL_Comms_C1.csv,G-57,28.0713377,96.0,wallpath_residual_extra,107.52116414764362,11.521164147643617,11.521164147643617,random,33,random
PL_Comms_C2.csv::M-31,Comms,C2,PL_Comms_C2.csv,M-31,8.335239949,94.0,wallpath_residual_extra,95.78182243813546,1.781822438135464,1.781822438135464,random,33,random
PL_Library_C2.csv::C-9,Library,C2,PL_Library_C2.csv,C-9,17.70876831,81.0,wallpath_residual_extra,91.5489209094389,10.548920909438905,10.548920909438905,random,33,random
PL_Comms_C1.csv::O-24,Comms,C1,PL_Comms_C1.csv,O-24,11.18033989,90.0,wallpath_residual_extra,89.73399871767765,-0.26600128232234965,0.26600128232234965,random,33,random
PL_Comms_C1.csv::H-17,Comms,C1,PL_Comms_C1.csv,H-17,12.36931688,85.0,wallpath_residual_extra,93.28074879395523,8.280748793955226,8.280748793955226,random,33,random
PL_Comms_C2.csv::K-44,Comms,C2,PL_Comms_C2.csv,K-44,16.20111802,110.0,wallpath_residual_extra,106.70326586306366,-3.2967341369363368,3.2967341369363368,random,33,random
PL_Comms_C2.csv::F-45,Comms,C2,PL_Comms_C2.csv,F-45,16.07719581,93.0,wallpath_residual_extra,100.2758323709112,7.275832370911203,7.275832370911203,random,33,random
PL_Library_C1.csv::M-24,Library,C1,PL_Library_C1.csv,M-24,10.9244,78.0,wallpath_residual_extra,83.77845946399873,5.778459463998729,5.778459463998729,random,33,random
PL_SSE_C1.csv::I-5,SSE,C1,PL_SSE_C1.csv,I-5,7.071067812,86.0,wallpath_residual_extra,87.94585187438022,1.9458518743802244,1.9458518743802244,random,33,random
PL_Comms_C1.csv::H-21,Comms,C1,PL_Comms_C1.csv,H-21,8.544003745,80.0,wallpath_residual_extra,77.20451161137407,-2.7954883886259267,2.7954883886259267,random,33,random
PL_Comms_C1.csv::I-4,Comms,C1,PL_Comms_C1.csv,I-4,25.3179778,115.0,wallpath_residual_extra,99.01911959337836,-15.980880406621637,15.980880406621637,random,33,random
PL_Comms_C1.csv::O-19,Comms,C1,PL_Comms_C1.csv,O-19,14.14213562,88.0,wallpath_residual_extra,90.78149886258367,2.7814988625836747,2.7814988625836747,random,33,random
PL_Library_C2.csv::E-15,Library,C2,PL_Library_C2.csv,E-15,12.33005576,76.0,wallpath_residual_extra,82.85762026420103,6.8576202642010315,6.8576202642010315,random,33,random
PL_Comms_C1.csv::D-30,Comms,C1,PL_Comms_C1.csv,D-30,1.414213562,69.0,wallpath_residual_extra,60.593373332069966,-8.406626667930034,8.406626667930034,random,33,random
PL_SSE_C1.csv::A-2,SSE,C1,PL_SSE_C1.csv,A-2,15.26433752,106.0,wallpath_residual_extra,97.40771151300635,-8.592288486993652,8.592288486993652,random,33,random
PL_Comms_C2.csv::H-53,Comms,C2,PL_Comms_C2.csv,H-53,24.21727121,94.0,wallpath_residual_extra,99.60021947954213,5.600219479542133,5.600219479542133,random,33,random
PL_Comms_C1.csv::D-44,Comms,C1,PL_Comms_C1.csv,D-44,15.03329638,105.0,wallpath_residual_extra,96.01241411705693,-8.987585882943065,8.987585882943065,random,33,random
PL_Comms_C2.csv::N-19,Comms,C2,PL_Comms_C2.csv,N-19,13.50837611,92.0,wallpath_residual_extra,88.52714939071846,-3.4728506092815365,3.4728506092815365,random,33,random
PL_Comms_C2.csv::E-35,Comms,C2,PL_Comms_C2.csv,E-35,6.121782829,88.0,wallpath_residual_extra,86.97569418883671,-1.0243058111632877,1.0243058111632877,random,33,random
PL_Comms_C2.csv::B-14,Comms,C2,PL_Comms_C2.csv,B-14,15.3452346,100.0,wallpath_residual_extra,97.21654406703904,-2.783455932960962,2.783455932960962,random,33,random
PL_SSE_C1.csv::L-8,SSE,C1,PL_SSE_C1.csv,L-8,2.828427125,61.0,wallpath_residual_extra,65.16705486430482,4.167054864304816,4.167054864304816,random,33,random
PL_Comms_C2.csv::K-39,Comms,C2,PL_Comms_C2.csv,K-39,11.72502559,107.0,wallpath_residual_extra,97.4888494340813,-9.511150565918697,9.511150565918697,random,33,random
PL_Comms_C2.csv::L-46,Comms,C2,PL_Comms_C2.csv,L-46,18.4248806,110.0,wallpath_residual_extra,109.663947133108,-0.336052866892004,0.336052866892004,random,33,random
PL_Library_C2.csv::F-9,Library,C2,PL_Library_C2.csv,F-9,14.45500086,91.0,wallpath_residual_extra,81.00241777850314,-9.997582221496856,9.997582221496856,random,33,random
PL_Comms_C2.csv::G-3,Comms,C2,PL_Comms_C2.csv,G-3,26.1050996,89.0,wallpath_residual_extra,98.76596345307978,9.765963453079777,9.765963453079777,random,33,random
PL_Comms_C2.csv::A-3,Comms,C2,PL_Comms_C2.csv,A-3,26.33393675,122.0,wallpath_residual_extra,115.62859637371261,-6.371403626287389,6.371403626287389,random,33,random
PL_Comms_C2.csv::I-53,Comms,C2,PL_Comms_C2.csv,I-53,24.36136747,112.0,wallpath_residual_extra,106.44408486932382,-5.555915130676183,5.555915130676183,random,33,random
PL_SSE_C1.csv::A-6,SSE,C1,PL_SSE_C1.csv,A-6,13.60147051,96.0,wallpath_residual_extra,94.26373478486286,-1.7362652151371378,1.7362652151371378,random,33,random
PL_Comms_C2.csv::G-37,Comms,C2,PL_Comms_C2.csv,G-37,8.335239949,88.0,wallpath_residual_extra,87.66120830989577,-0.33879169010423027,0.33879169010423027,random,33,random
PL_Comms_C1.csv::J-18,Comms,C1,PL_Comms_C1.csv,J-18,12.08304597,91.0,wallpath_residual_extra,92.42509340242296,1.4250934024229593,1.4250934024229593,random,33,random
PL_Comms_C2.csv::C-29,Comms,C2,PL_Comms_C2.csv,C-29,2.340133543,77.0,wallpath_residual_extra,69.28962797916897,-7.710372020831031,7.710372020831031,random,33,random
PL_Library_C1.csv::N-15,Library,C1,PL_Library_C1.csv,N-15,1.355,59.0,wallpath_residual_extra,55.347358408603284,-3.6526415913967156,3.6526415913967156,random,33,random
PL_Comms_C2.csv::H-43,Comms,C2,PL_Comms_C2.csv,H-43,14.3692806,87.0,wallpath_residual_extra,88.85816953526032,1.8581695352603163,1.8581695352603163,random,33,random
PL_Library_C1.csv::F-9,Library,C1,PL_Library_C1.csv,F-9,14.4038,76.0,wallpath_residual_extra,85.84317292526144,9.843172925261442,9.843172925261442,random,33,random
PL_SSE_C2.csv::I-6,SSE,C2,PL_SSE_C2.csv,I-6,6.517378691,78.0,wallpath_residual_extra,75.31334831539185,-2.686651684608151,2.686651684608151,random,33,random
PL_Comms_C1.csv::B-30,Comms,C1,PL_Comms_C1.csv,B-30,3.16227766,71.0,wallpath_residual_extra,71.37533507671827,0.3753350767182724,0.3753350767182724,random,33,random
PL_Comms_C1.csv::D-24,Comms,C1,PL_Comms_C1.csv,D-24,5.099019514,84.0,wallpath_residual_extra,71.37941646446816,-12.620583535531836,12.620583535531836,random,33,random
PL_Comms_C1.csv::J-21,Comms,C1,PL_Comms_C1.csv,J-21,9.433981132,81.0,wallpath_residual_extra,85.57278842266138,4.572788422661375,4.572788422661375,random,33,random
PL_Library_C2.csv::H-14,Library,C2,PL_Library_C2.csv,H-14,8.655473702,73.0,wallpath_residual_extra,72.78583301567492,-0.2141669843250753,0.2141669843250753,random,33,random
PL_Comms_C1.csv::O-41,Comms,C1,PL_Comms_C1.csv,O-41,15.62049935,97.0,wallpath_residual_extra,99.0660710481122,2.0660710481122067,2.0660710481122067,random,33,random
PL_Comms_C2.csv::P-35,Comms,C2,PL_Comms_C2.csv,P-35,12.58873405,94.0,wallpath_residual_extra,93.8237740743236,-0.17622592567640538,0.17622592567640538,random,33,random
PL_Library_C1.csv::N-18,Library,C1,PL_Library_C1.csv,N-18,2.71,54.0,wallpath_residual_extra,58.44215092174094,4.442150921740939,4.442150921740939,random,33,random
PL_Comms_C2.csv::M-13,Comms,C2,PL_Comms_C2.csv,M-13,17.92975809,120.0,wallpath_residual_extra,111.95493441564447,-8.045065584355527,8.045065584355527,random,33,random
PL_Comms_C2.csv::I-56,Comms,C2,PL_Comms_C2.csv,I-56,27.32171709,113.0,wallpath_residual_extra,106.50830668254744,-6.491693317452558,6.491693317452558,random,33,random
PL_Comms_C1.csv::F-21,Comms,C1,PL_Comms_C1.csv,F-21,8.062257748,74.0,wallpath_residual_extra,88.34276979849355,14.34276979849355,14.34276979849355,random,33,random
PL_Library_C1.csv::O-8,Library,C1,PL_Library_C1.csv,O-8,10.9244,69.0,wallpath_residual_extra,76.6913412314357,7.6913412314357,7.6913412314357,random,33,random
PL_Comms_C1.csv::B-38,Comms,C1,PL_Comms_C1.csv,B-38,9.486832981,78.0,wallpath_residual_extra,90.07071890126939,12.070718901269387,12.070718901269387,random,33,random
PL_Library_C1.csv::G-5,Library,C1,PL_Library_C1.csv,G-5,17.667,84.0,wallpath_residual_extra,78.74507958940136,-5.254920410598643,5.254920410598643,random,33,random
PL_Library_C1.csv::Q-8,Library,C1,PL_Library_C1.csv,Q-8,11.5771,71.0,wallpath_residual_extra,73.45939705707333,2.459397057073332,2.459397057073332,random,33,random
PL_Library_C2.csv::G-12,Library,C2,PL_Library_C2.csv,G-12,10.99171734,80.0,wallpath_residual_extra,80.24598023805113,0.245980238051132,0.245980238051132,random,33,random
PL_Comms_C2.csv::C-15,Comms,C2,PL_Comms_C2.csv,C-15,14.1942321,96.0,wallpath_residual_extra,101.00577628973761,5.005776289737611,5.005776289737611,random,33,random
PL_Comms_C1.csv::K-53,Comms,C1,PL_Comms_C1.csv,K-53,24.73863375,113.0,wallpath_residual_extra,108.94311723458306,-4.056882765416944,4.056882765416944,random,33,random
PL_Comms_C2.csv::D-42,Comms,C2,PL_Comms_C2.csv,D-42,13.09489309,106.0,wallpath_residual_extra,98.23751553430311,-7.762484465696886,7.762484465696886,random,33,random
PL_Library_C2.csv::G-2,Library,C2,PL_Library_C2.csv,G-2,21.24387794,93.0,wallpath_residual_extra,88.28931299160728,-4.710687008392725,4.710687008392725,random,33,random
PL_Library_C1.csv::I-16,Library,C1,PL_Library_C1.csv,I-16,6.775,80.0,wallpath_residual_extra,77.3704892311346,-2.6295107688654014,2.6295107688654014,random,33,random
PL_Comms_C2.csv::L-37,Comms,C2,PL_Comms_C2.csv,L-37,10.69935629,90.0,wallpath_residual_extra,92.25600068369693,2.256000683696925,2.256000683696925,random,33,random
PL_Comms_C2.csv::J-10,Comms,C2,PL_Comms_C2.csv,J-10,19.68441579,111.0,wallpath_residual_extra,109.10705985713601,-1.892940142863992,1.892940142863992,random,33,random
PL_Comms_C1.csv::O-20,Comms,C1,PL_Comms_C1.csv,O-20,13.45362405,94.0,wallpath_residual_extra,90.05491087094498,-3.9450891290550203,3.9450891290550203,random,33,random
PL_Comms_C1.csv::B-15,Comms,C1,PL_Comms_C1.csv,B-15,14.31782106,99.0,wallpath_residual_extra,94.21181130966197,-4.788188690338032,4.788188690338032,random,33,random
PL_Comms_C2.csv::A-15,Comms,C2,PL_Comms_C2.csv,A-15,14.61082561,98.0,wallpath_residual_extra,98.54347576751027,0.543475767510273,0.543475767510273,random,33,random
PL_Library_C1.csv::J-13,Library,C1,PL_Library_C1.csv,J-13,6.775,87.0,wallpath_residual_extra,83.09099708882688,-3.9090029111731184,3.9090029111731184,random,33,random
PL_Comms_C1.csv::C-30,Comms,C1,PL_Comms_C1.csv,C-30,2.236067977,68.0,wallpath_residual_extra,66.60109756588297,-1.3989024341170335,1.3989024341170335,random,33,random
PL_Comms_C2.csv::B-50,Comms,C2,PL_Comms_C2.csv,B-50,21.2479699,106.0,wallpath_residual_extra,110.26625809116484,4.266258091164843,4.266258091164843,random,33,random
PL_Comms_C1.csv::G-3,Comms,C1,PL_Comms_C1.csv,G-3,26.07680962,100.0,wallpath_residual_extra,99.6660999871558,-0.3339000128441967,0.3339000128441967,random,33,random
PL_Comms_C2.csv::B-18,Comms,C2,PL_Comms_C2.csv,B-18,11.46630826,91.0,wallpath_residual_extra,93.37726815800444,2.3772681580044406,2.3772681580044406,random,33,random
PL_Comms_C1.csv::C-41,Comms,C1,PL_Comms_C1.csv,C-41,12.16552506,96.0,wallpath_residual_extra,97.76616854020851,1.7661685402085112,1.7661685402085112,random,33,random
PL_Library_C2.csv::V-19,Library,C2,PL_Library_C2.csv,V-19,11.64070659,80.0,wallpath_residual_extra,84.4999551981803,4.499955198180302,4.499955198180302,random,33,random
PL_Comms_C2.csv::G-10,Comms,C2,PL_Comms_C2.csv,G-10,19.14356876,90.0,wallpath_residual_extra,105.24334442389353,15.243344423893532,15.243344423893532,random,33,random
PL_Comms_C1.csv::H-15,Comms,C1,PL_Comms_C1.csv,H-15,14.31782106,86.0,wallpath_residual_extra,92.11896448396641,6.118964483966408,6.118964483966408,random,33,random
PL_Comms_C2.csv::N-21,Comms,C2,PL_Comms_C2.csv,N-21,12.10273626,95.0,wallpath_residual_extra,89.22018125794865,-5.779818742051347,5.779818742051347,random,33,random
PL_Comms_C2.csv::P-20,Comms,C2,PL_Comms_C2.csv,P-20,14.26450928,99.0,wallpath_residual_extra,89.22000371471862,-9.779996285281385,9.779996285281385,random,33,random
PL_Comms_C2.csv::D-36,Comms,C2,PL_Comms_C2.csv,D-36,7.174693373,87.0,wallpath_residual_extra,86.5926822108225,-0.4073177891774975,0.4073177891774975,random,33,random
PL_Library_C1.csv::Y-19,Library,C1,PL_Library_C1.csv,Y-19,15.4494,74.0,wallpath_residual_extra,79.98115461217138,5.98115461217138,5.98115461217138,random,33,random
PL_Library_C1.csv::O-5,Library,C1,PL_Library_C1.csv,O-5,14.9665,77.0,wallpath_residual_extra,82.41063176205301,5.410631762053015,5.410631762053015,random,33,random
PL_Library_C2.csv::J-13,Library,C2,PL_Library_C2.csv,J-13,6.883084338,82.0,wallpath_residual_extra,73.90483283413509,-8.095167165864908,8.095167165864908,random,33,random
PL_SSE_C1.csv::C-1,SSE,C1,PL_SSE_C1.csv,C-1,14.2126704,89.0,wallpath_residual_extra,99.94861395155407,10.948613951554066,10.948613951554066,random,33,random
PL_Comms_C1.csv::O-35,Comms,C1,PL_Comms_C1.csv,O-35,11.66190379,95.0,wallpath_residual_extra,91.86328326087852,-3.136716739121482,3.136716739121482,random,33,random
PL_Comms_C2.csv::I-15,Comms,C2,PL_Comms_C2.csv,I-15,14.61082561,108.0,wallpath_residual_extra,97.33457970069914,-10.665420299300862,10.665420299300862,random,33,random
PL_Comms_C1.csv::I-45,Comms,C1,PL_Comms_C1.csv,I-45,16.4924225,104.0,wallpath_residual_extra,103.90639399423127,-0.09360600576873424,0.09360600576873424,random,33,random
PL_Comms_C1.csv::H-52,Comms,C1,PL_Comms_C1.csv,H-52,23.19482701,115.0,wallpath_residual_extra,96.42087658138786,-18.57912341861214,18.57912341861214,random,33,random
PL_Comms_C1.csv::E-15,Comms,C1,PL_Comms_C1.csv,E-15,14.0,98.0,wallpath_residual_extra,94.35126831346368,-3.6487316865363226,3.6487316865363226,random,33,random
PL_Comms_C2.csv::C-11,Comms,C2,PL_Comms_C2.csv,C-11,18.15147997,109.0,wallpath_residual_extra,104.68306875742869,-4.316931242571314,4.316931242571314,random,33,random
PL_Library_C2.csv::S-13,Library,C2,PL_Library_C2.csv,S-13,7.993814796,77.0,wallpath_residual_extra,78.70165608705643,1.7016560870564348,1.7016560870564348,random,33,random
PL_Comms_C1.csv::J-40,Comms,C1,PL_Comms_C1.csv,J-40,12.08304597,91.0,wallpath_residual_extra,97.67534472209363,6.675344722093627,6.675344722093627,random,33,random
PL_Comms_C2.csv::K-35,Comms,C2,PL_Comms_C2.csv,K-35,8.571827401,84.0,wallpath_residual_extra,89.4310661900877,5.431066190087705,5.431066190087705,random,33,random
PL_Library_C2.csv::N-9,Library,C2,PL_Library_C2.csv,N-9,9.562502288,78.0,wallpath_residual_extra,71.10672775041768,-6.893272249582324,6.893272249582324,random,33,random
PL_Comms_C1.csv::I-57,Comms,C1,PL_Comms_C1.csv,I-57,28.28427125,104.0,wallpath_residual_extra,108.01257013299765,4.012570132997652,4.012570132997652,random,33,random
PL_Comms_C1.csv::M-29,Comms,C1,PL_Comms_C1.csv,M-29,8.0,78.0,wallpath_residual_extra,86.40566427325959,8.405664273259589,8.405664273259589,random,33,random
PL_Comms_C1.csv::J-57,Comms,C1,PL_Comms_C1.csv,J-57,28.44292531,113.0,wallpath_residual_extra,108.40145235678573,-4.598547643214275,4.598547643214275,random,33,random
PL_Comms_C2.csv::F-3,Comms,C2,PL_Comms_C2.csv,F-3,26.04757618,110.0,wallpath_residual_extra,100.54250408021689,-9.457495919783113,9.457495919783113,random,33,random
PL_Comms_C1.csv::D-41,Comms,C1,PL_Comms_C1.csv,D-41,12.04159458,98.0,wallpath_residual_extra,97.50841308455185,-0.4915869154481527,0.4915869154481527,random,33,random
PL_Library_C2.csv::H-12,Library,C2,PL_Library_C2.csv,H-12,9.846294988,80.0,wallpath_residual_extra,77.99274533845809,-2.007254661541907,2.007254661541907,random,33,random
PL_SSE_C2.csv::I-4,SSE,C2,PL_SSE_C2.csv,I-4,7.904190344,82.0,wallpath_residual_extra,85.28565978569551,3.2856597856955148,3.2856597856955148,random,33,random
PL_Comms_C2.csv::M-25,Comms,C2,PL_Comms_C2.csv,M-25,9.026418171,87.0,wallpath_residual_extra,87.91762187640181,0.9176218764018103,0.9176218764018103,random,33,random
PL_Comms_C1.csv::O-36,Comms,C1,PL_Comms_C1.csv,O-36,12.20655562,91.0,wallpath_residual_extra,93.0123244867843,2.012324486784294,2.012324486784294,random,33,random
PL_Library_C2.csv::T-16,Library,C2,PL_Library_C2.csv,T-16,8.220287404,72.0,wallpath_residual_extra,73.88915869998084,1.8891586999808396,1.8891586999808396,random,33,random
PL_Library_C2.csv::E-3,Library,C2,PL_Library_C2.csv,E-3,21.4588554,83.0,wallpath_residual_extra,89.89554225592745,6.895542255927452,6.895542255927452,random,33,random
PL_Comms_C2.csv::O-39,Comms,C2,PL_Comms_C2.csv,O-39,14.1942321,103.0,wallpath_residual_extra,105.31335388191822,2.313353881918218,2.313353881918218,random,33,random
PL_Comms_C1.csv::M-42,Comms,C1,PL_Comms_C1.csv,M-42,15.26433752,100.0,wallpath_residual_extra,97.797889647548,-2.202110352451996,2.202110352451996,random,33,random
PL_Comms_C2.csv::H-5,Comms,C2,PL_Comms_C2.csv,H-5,24.21727121,96.0,wallpath_residual_extra,102.88378095110147,6.883780951101471,6.883780951101471,random,33,random
PL_Library_C1.csv::K-12,Library,C1,PL_Library_C1.csv,K-12,6.775,81.0,wallpath_residual_extra,71.07977773375822,-9.92022226624178,9.92022226624178,random,33,random
PL_SSE_C1.csv::H-7,SSE,C1,PL_SSE_C1.csv,H-7,6.708203932,80.0,wallpath_residual_extra,78.70967451135009,-1.2903254886499127,1.2903254886499127,random,33,random
PL_Comms_C1.csv::N-42,Comms,C1,PL_Comms_C1.csv,N-42,15.8113883,102.0,wallpath_residual_extra,98.56481654752788,-3.435183452472117,3.435183452472117,random,33,random
PL_Comms_C1.csv::G-25,Comms,C1,PL_Comms_C1.csv,G-25,4.472135955,81.0,wallpath_residual_extra,70.87311467044178,-10.12688532955822,10.12688532955822,random,33,random
PL_Library_C2.csv::F-4,Library,C2,PL_Library_C2.csv,F-4,19.57982188,80.0,wallpath_residual_extra,90.91515647461226,10.91515647461226,10.91515647461226,random,33,random
PL_Library_C1.csv::Q-14,Library,C1,PL_Library_C1.csv,Q-14,4.8855,71.0,wallpath_residual_extra,68.44156564484098,-2.5584343551590223,2.5584343551590223,random,33,random
PL_Library_C1.csv::N-8,Library,C1,PL_Library_C1.csv,N-8,10.84,82.0,wallpath_residual_extra,76.5198375039607,-5.4801624960392985,5.4801624960392985,random,33,random
PL_Comms_C2.csv::E-43,Comms,C2,PL_Comms_C2.csv,E-43,14.05262342,105.0,wallpath_residual_extra,98.42201282058383,-6.577987179416169,6.577987179416169,random,33,random
PL_Comms_C2.csv::N-41,Comms,C2,PL_Comms_C2.csv,N-41,15.04912705,103.0,wallpath_residual_extra,103.70395142684053,0.7039514268405327,0.7039514268405327,random,33,random
PL_Library_C1.csv::A-7,Library,C1,PL_Library_C1.csv,A-7,21.4244,82.0,wallpath_residual_extra,80.81130990614807,-1.1886900938519318,1.1886900938519318,random,33,random
PL_Comms_C2.csv::J-34,Comms,C2,PL_Comms_C2.csv,J-34,7.174693373,79.0,wallpath_residual_extra,86.49938081262678,7.499380812626782,7.499380812626782,random,33,random
PL_Comms_C2.csv::O-42,Comms,C2,PL_Comms_C2.csv,O-42,16.44616141,112.0,wallpath_residual_extra,105.77931283149765,-6.2206871685023515,6.2206871685023515,random,33,random
PL_Library_C2.csv::I-8,Library,C2,PL_Library_C2.csv,I-8,12.84065614,79.0,wallpath_residual_extra,81.47542427566171,2.475424275661709,2.475424275661709,random,33,random
PL_SSE_C1.csv::C-3,SSE,C1,PL_SSE_C1.csv,C-3,13.03840481,97.0,wallpath_residual_extra,94.78235014015718,-2.2176498598428225,2.2176498598428225,random,33,random
PL_Comms_C2.csv::K-13,Comms,C2,PL_Comms_C2.csv,K-13,17.1311478,113.0,wallpath_residual_extra,103.5432910198795,-9.456708980120496,9.456708980120496,random,33,random
PL_Comms_C1.csv::I-39,Comms,C1,PL_Comms_C1.csv,I-39,10.77032961,92.0,wallpath_residual_extra,96.39252794238945,4.392527942389449,4.392527942389449,random,33,random
PL_Comms_C1.csv::F-40,Comms,C1,PL_Comms_C1.csv,F-40,11.04536102,91.0,wallpath_residual_extra,89.6446355939878,-1.3553644060121997,1.3553644060121997,random,33,random
PL_Comms_C1.csv::G-8,Comms,C1,PL_Comms_C1.csv,G-8,21.09502311,89.0,wallpath_residual_extra,102.81786787502067,13.817867875020667,13.817867875020667,random,33,random
PL_Library_C1.csv::G-2,Library,C1,PL_Library_C1.csv,G-2,21.2091,85.0,wallpath_residual_extra,82.94023525247941,-2.059764747520589,2.059764747520589,random,33,random
PL_Comms_C2.csv::K-34,Comms,C2,PL_Comms_C2.csv,K-34,7.904190344,82.0,wallpath_residual_extra,88.28566210233657,6.285662102336573,6.285662102336573,random,33,random
PL_Comms_C2.csv::A-43,Comms,C2,PL_Comms_C2.csv,A-43,14.61082561,100.0,wallpath_residual_extra,100.1763553299164,0.17635532991640446,0.17635532991640446,random,33,random
PL_SSE_C1.csv::N-2,SSE,C1,PL_SSE_C1.csv,N-2,8.0,67.0,wallpath_residual_extra,75.2291921975894,8.229192197589398,8.229192197589398,random,33,random
PL_Comms_C1.csv::A-31,Comms,C1,PL_Comms_C1.csv,A-31,4.472135955,68.0,wallpath_residual_extra,70.87311467044178,2.8731146704417796,2.8731146704417796,random,33,random
PL_Library_C2.csv::H-9,Library,C2,PL_Library_C2.csv,H-9,12.55142821,76.0,wallpath_residual_extra,82.75567691918049,6.7556769191804875,6.7556769191804875,random,33,random
PL_Comms_C1.csv::E-30,Comms,C1,PL_Comms_C1.csv,E-30,1.0,69.0,wallpath_residual_extra,57.15479979217658,-11.845200207823417,11.845200207823417,random,33,random
PL_Library_C2.csv::V-9,Library,C2,PL_Library_C2.csv,V-9,14.45500086,82.0,wallpath_residual_extra,85.1587492464903,3.158749246490302,3.158749246490302,random,33,random
PL_SSE_C2.csv::F-4,SSE,C2,PL_SSE_C2.csv,F-4,10.07354084,82.0,wallpath_residual_extra,82.11606129651437,0.11606129651437413,0.11606129651437413,random,33,random
PL_SSE_C1.csv::M-9,SSE,C1,PL_SSE_C1.csv,M-9,1.414213562,54.0,wallpath_residual_extra,54.09064012950502,0.09064012950501876,0.09064012950501876,random,33,random
PL_Comms_C1.csv::I-20,Comms,C1,PL_Comms_C1.csv,I-20,9.848857802,92.0,wallpath_residual_extra,86.27146263999215,-5.728537360007849,5.728537360007849,random,33,random
PL_Comms_C1.csv::A-36,Comms,C1,PL_Comms_C1.csv,A-36,8.062257748,79.0,wallpath_residual_extra,86.21492523880015,7.214925238800149,7.214925238800149,random,33,random
PL_Comms_C2.csv::J-51,Comms,C2,PL_Comms_C2.csv,J-51,22.59372092,114.0,wallpath_residual_extra,98.69457841349463,-15.305421586505375,15.305421586505375,random,33,random
PL_SSE_C2.csv::K-6,SSE,C2,PL_SSE_C2.csv,K-6,5.14550532,73.0,wallpath_residual_extra,71.08815211583105,-1.9118478841689495,1.9118478841689495,random,33,random
PL_Library_C2.csv::M-25,Library,C2,PL_Library_C2.csv,M-25,12.33005576,85.0,wallpath_residual_extra,88.02169556917971,3.0216955691797125,3.0216955691797125,random,33,random
PL_Library_C2.csv::J-11,Library,C2,PL_Library_C2.csv,J-11,8.760893219,78.0,wallpath_residual_extra,75.52516784491803,-2.4748321550819696,2.4748321550819696,random,33,random
PL_Comms_C1.csv::F-8,Comms,C1,PL_Comms_C1.csv,F-8,21.02379604,85.0,wallpath_residual_extra,104.11907397043464,19.11907397043464,19.11907397043464,random,33,random
PL_Comms_C1.csv::K-10,Comms,C1,PL_Comms_C1.csv,K-10,19.92485885,104.0,wallpath_residual_extra,93.82725097486802,-10.172749025131978,10.172749025131978,random,33,random
PL_Comms_C2.csv::G-27,Comms,C2,PL_Comms_C2.csv,G-27,3.078347771,76.0,wallpath_residual_extra,73.4032311502983,-2.5967688497017036,2.5967688497017036,random,33,random
PL_Library_C1.csv::N-12,Library,C1,PL_Library_C1.csv,N-12,5.42,70.0,wallpath_residual_extra,71.15551594527061,1.1555159452706079,1.1555159452706079,random,33,random
PL_Library_C2.csv::N-24,Library,C2,PL_Library_C2.csv,N-24,10.90787903,82.0,wallpath_residual_extra,79.80156150484879,-2.1984384951512084,2.1984384951512084,random,33,random
PL_SSE_C1.csv::M-6,SSE,C1,PL_SSE_C1.csv,M-6,4.123105626,73.0,wallpath_residual_extra,77.68106612073265,4.681066120732652,4.681066120732652,random,33,random
PL_Comms_C1.csv::G-33,Comms,C1,PL_Comms_C1.csv,G-33,4.472135955,75.0,wallpath_residual_extra,75.25622402174835,0.256224021748352,0.256224021748352,random,33,random
PL_Comms_C2.csv::N-53,Comms,C2,PL_Comms_C2.csv,N-53,25.66079159,113.0,wallpath_residual_extra,115.53011721655959,2.5301172165595887,2.5301172165595887,random,33,random
PL_Comms_C1.csv::I-49,Comms,C1,PL_Comms_C1.csv,I-49,20.39607805,109.0,wallpath_residual_extra,99.75050962748685,-9.24949037251315,9.24949037251315,random,33,random
PL_Library_C1.csv::R-17,Library,C1,PL_Library_C1.csv,R-17,5.5868,66.0,wallpath_residual_extra,72.10892546466695,6.108925464666953,6.108925464666953,random,33,random
PL_Library_C1.csv::A-5,Library,C1,PL_Library_C1.csv,A-5,23.0748,75.0,wallpath_residual_extra,81.59637986205826,6.5963798620582565,6.5963798620582565,random,33,random
PL_Library_C1.csv::L-23,Library,C1,PL_Library_C1.csv,L-23,9.8645,83.0,wallpath_residual_extra,76.752260223366,-6.247739776634006,6.247739776634006,random,33,random
PL_Comms_C2.csv::D-39,Comms,C2,PL_Comms_C2.csv,D-39,10.12305413,88.0,wallpath_residual_extra,89.88280128994005,1.8828012899400477,1.8828012899400477,random,33,random
PL_Comms_C2.csv::N-40,Comms,C2,PL_Comms_C2.csv,N-40,14.26450928,100.0,wallpath_residual_extra,104.89292977526881,4.8929297752688115,4.8929297752688115,random,33,random
PL_Library_C1.csv::V-16,Library,C1,PL_Library_C1.csv,V-16,10.84,74.0,wallpath_residual_extra,75.83825992444385,1.8382599244438467,1.8382599244438467,random,33,random
PL_Comms_C1.csv::J-19,Comms,C1,PL_Comms_C1.csv,J-19,11.18033989,90.0,wallpath_residual_extra,86.75807843736719,-3.241921562632811,3.241921562632811,random,33,random
PL_Library_C2.csv::L-14,Library,C2,PL_Library_C2.csv,L-14,4.020500591,77.0,wallpath_residual_extra,67.40905782555565,-9.59094217444435,9.59094217444435,random,33,random
PL_Comms_C2.csv::J-22,Comms,C2,PL_Comms_C2.csv,J-22,8.687705393,80.0,wallpath_residual_extra,84.1512335929598,4.151233592959798,4.151233592959798,random,33,random
PL_Comms_C1.csv::P-42,Comms,C1,PL_Comms_C1.csv,P-42,17.02938637,110.0,wallpath_residual_extra,100.03372018831865,-9.966279811681346,9.966279811681346,random,33,random
PL_Library_C1.csv::Q-10,Library,C1,PL_Library_C1.csv,Q-10,9.0896,73.0,wallpath_residual_extra,72.80855879382547,-0.19144120617453098,0.19144120617453098,random,33,random
PL_Comms_C1.csv::L-30,Comms,C1,PL_Comms_C1.csv,L-30,7.071067812,94.0,wallpath_residual_extra,86.04975946539317,-7.950240534606834,7.950240534606834,random,33,random
PL_Library_C1.csv::T-10,Library,C1,PL_Library_C1.csv,T-10,11.4976,78.0,wallpath_residual_extra,76.08623133665694,-1.9137686633430633,1.9137686633430633,random,33,random
PL_Library_C1.csv::H-12,Library,C1,PL_Library_C1.csv,H-12,9.771,78.0,wallpath_residual_extra,78.27034215515388,0.2703421551538838,0.2703421551538838,random,33,random
PL_Comms_C1.csv::E-16,Comms,C1,PL_Comms_C1.csv,E-16,13.0,88.0,wallpath_residual_extra,92.34317278586606,4.343172785866059,4.343172785866059,random,33,random
PL_Comms_C1.csv::M-52,Comms,C1,PL_Comms_C1.csv,M-52,24.35159132,108.0,wallpath_residual_extra,109.43301255915007,1.4330125591500718,1.4330125591500718,random,33,random
PL_Comms_C2.csv::H-24,Comms,C2,PL_Comms_C2.csv,H-24,5.956192156,77.0,wallpath_residual_extra,78.43293631130443,1.4329363113044309,1.4329363113044309,random,33,random
PL_SSE_C1.csv::D-7,SSE,C1,PL_SSE_C1.csv,D-7,10.44030651,101.0,wallpath_residual_extra,90.39588418815296,-10.604115811847038,10.604115811847038,random,33,random
PL_Comms_C2.csv::F-35,Comms,C2,PL_Comms_C2.csv,F-35,6.202920683,96.0,wallpath_residual_extra,77.71144796325483,-18.288552036745173,18.288552036745173,random,33,random
PL_Comms_C1.csv::H-29,Comms,C1,PL_Comms_C1.csv,H-29,3.0,73.0,wallpath_residual_extra,74.75453332442015,1.7545333244201515,1.7545333244201515,random,33,random
PL_Library_C1.csv::Q-22,Library,C1,PL_Library_C1.csv,Q-22,9.0896,72.0,wallpath_residual_extra,71.46083823339983,-0.5391617666001736,0.5391617666001736,random,33,random
PL_Comms_C2.csv::L-31,Comms,C2,PL_Comms_C2.csv,L-31,7.380801108,91.0,wallpath_residual_extra,93.77425557112532,2.774255571125323,2.774255571125323,random,33,random
PL_Comms_C1.csv::C-54,Comms,C1,PL_Comms_C1.csv,C-54,25.07987241,113.0,wallpath_residual_extra,108.58093506535563,-4.419064934644368,4.419064934644368,random,33,random
PL_Library_C2.csv::L-16,Library,C2,PL_Library_C2.csv,L-16,2.969903197,74.0,wallpath_residual_extra,71.36063755716403,-2.6393624428359743,2.6393624428359743,random,33,random
PL_Library_C2.csv::K-7,Library,C2,PL_Library_C2.csv,K-7,12.91195086,65.0,wallpath_residual_extra,80.32829916617877,15.328299166178766,15.328299166178766,random,33,random
PL_SSE_C1.csv::N-7,SSE,C1,PL_SSE_C1.csv,N-7,3.0,67.0,wallpath_residual_extra,74.06037525744065,7.060375257440654,7.060375257440654,random,33,random
PL_Library_C1.csv::J-7,Library,C1,PL_Library_C1.csv,J-7,13.3452,88.0,wallpath_residual_extra,79.39755046569223,-8.602449534307766,8.602449534307766,random,33,random
PL_Library_C2.csv::V-5,Library,C2,PL_Library_C2.csv,V-5,18.46999865,84.0,wallpath_residual_extra,85.15177019797295,1.1517701979729509,1.1517701979729509,random,33,random
PL_Library_C2.csv::F-8,Library,C2,PL_Library_C2.csv,F-8,15.37814765,75.0,wallpath_residual_extra,79.44739369729677,4.447393697296775,4.447393697296775,random,33,random
PL_Comms_C2.csv::G-4,Comms,C2,PL_Comms_C2.csv,G-4,25.10928563,92.0,wallpath_residual_extra,106.92598308929234,14.925983089292345,14.925983089292345,random,33,random
PL_Comms_C1.csv::K-32,Comms,C1,PL_Comms_C1.csv,K-32,6.708203932,84.0,wallpath_residual_extra,83.07545510260593,-0.9245448973940711,0.9245448973940711,random,33,random
PL_Comms_C1.csv::D-22,Comms,C1,PL_Comms_C1.csv,D-22,7.071067812,83.0,wallpath_residual_extra,81.8303362647894,-1.1696637352106052,1.1696637352106052,random,33,random
PL_Library_C1.csv::P-11,Library,C1,PL_Library_C1.csv,P-11,7.2969,80.0,wallpath_residual_extra,69.42270648909563,-10.577293510904369,10.577293510904369,random,33,random
PL_Library_C2.csv::O-13,Library,C2,PL_Library_C2.csv,O-13,4.45381578,72.0,wallpath_residual_extra,69.67771249227008,-2.322287507729925,2.322287507729925,random,33,random
PL_Comms_C1.csv::C-14,Comms,C1,PL_Comms_C1.csv,C-14,15.13274595,95.0,wallpath_residual_extra,93.54420883310836,-1.4557911668916432,1.4557911668916432,random,33,random
PL_Comms_C1.csv::A-20,Comms,C1,PL_Comms_C1.csv,A-20,9.848857802,87.0,wallpath_residual_extra,86.27146263999215,-0.7285373600078486,0.7285373600078486,random,33,random
PL_Comms_C1.csv::K-23,Comms,C1,PL_Comms_C1.csv,K-23,8.485281374,90.0,wallpath_residual_extra,85.56615578616557,-4.433844213834433,4.433844213834433,random,33,random
PL_Comms_C2.csv::L-23,Comms,C2,PL_Comms_C2.csv,L-23,9.299259379,89.0,wallpath_residual_extra,87.59812029069616,-1.4018797093038415,1.4018797093038415,random,33,random
PL_SSE_C2.csv::M-5,SSE,C2,PL_SSE_C2.csv,M-5,5.241776893,77.0,wallpath_residual_extra,71.27321402298655,-5.726785977013449,5.726785977013449,random,33,random
PL_Library_C1.csv::P-14,Library,C1,PL_Library_C1.csv,P-14,3.8325,80.0,wallpath_residual_extra,64.20281511507237,-15.797184884927631,15.797184884927631,random,33,random
PL_Comms_C2.csv::F-21,Comms,C2,PL_Comms_C2.csv,F-21,8.153295346,82.0,wallpath_residual_extra,87.69797229926081,5.697972299260812,5.697972299260812,random,33,random
PL_Library_C2.csv::N-10,Library,C2,PL_Library_C2.csv,N-10,8.220287404,71.0,wallpath_residual_extra,71.22047200815088,0.2204720081508782,0.2204720081508782,random,33,random
PL_Comms_C2.csv::G-7,Comms,C2,PL_Comms_C2.csv,G-7,22.12410959,92.0,wallpath_residual_extra,105.97386130706067,13.973861307060673,13.973861307060673,random,33,random
PL_Library_C2.csv::M-24,Library,C2,PL_Library_C2.csv,M-24,10.99171734,78.0,wallpath_residual_extra,82.256004813329,4.256004813329,4.256004813329,random,33,random
PL_Comms_C2.csv::E-3,Comms,C2,PL_Comms_C2.csv,E-3,26.02837346,110.0,wallpath_residual_extra,114.51324065742367,4.513240657423665,4.513240657423665,random,33,random
PL_Comms_C1.csv::M-38,Comms,C1,PL_Comms_C1.csv,M-38,12.04159458,100.0,wallpath_residual_extra,97.63180199635336,-2.36819800364664,2.36819800364664,random,33,random
PL_SSE_C2.csv::G-6,SSE,C2,PL_SSE_C2.csv,G-6,8.153295346,87.0,wallpath_residual_extra,88.25797627582864,1.2579762758286392,1.2579762758286392,random,33,random
PL_Comms_C1.csv::P-43,Comms,C1,PL_Comms_C1.csv,P-43,17.80449381,105.0,wallpath_residual_extra,108.064190437903,3.064190437902994,3.064190437902994,random,33,random
PL_Comms_C1.csv::A-15,Comms,C1,PL_Comms_C1.csv,A-15,14.56021978,90.0,wallpath_residual_extra,93.97857446227744,3.978574462277436,3.978574462277436,random,33,random
PL_Comms_C2.csv::N-17,Comms,C2,PL_Comms_C2.csv,N-17,15.04912705,93.0,wallpath_residual_extra,94.50156464578626,1.5015646457862601,1.5015646457862601,random,33,random
PL_Comms_C1.csv::K-46,Comms,C1,PL_Comms_C1.csv,K-46,18.02775638,106.0,wallpath_residual_extra,96.82674925164352,-9.17325074835648,9.17325074835648,random,33,random
PL_SSE_C2.csv::L-5,SSE,C2,PL_SSE_C2.csv,L-5,5.520527602,82.0,wallpath_residual_extra,71.64873604271081,-10.351263957289191,10.351263957289191,random,33,random
PL_SSE_C1.csv::F-1,SSE,C1,PL_SSE_C1.csv,F-1,12.04159458,86.0,wallpath_residual_extra,93.00945231689764,7.009452316897637,7.009452316897637,random,33,random
PL_Comms_C2.csv::D-55,Comms,C2,PL_Comms_C2.csv,D-55,26.04757618,118.0,wallpath_residual_extra,116.04240721693421,-1.9575927830657918,1.9575927830657918,random,33,random
PL_Comms_C2.csv::G-46,Comms,C2,PL_Comms_C2.csv,G-46,17.16030958,96.0,wallpath_residual_extra,103.63241758269145,7.6324175826914455,7.6324175826914455,random,33,random
PL_SSE_C1.csv::A-7,SSE,C1,PL_SSE_C1.csv,A-7,13.34166406,106.0,wallpath_residual_extra,97.76842549885812,-8.231574501141878,8.231574501141878,random,33,random
PL_Comms_C2.csv::C-47,Comms,C2,PL_Comms_C2.csv,C-47,18.15147997,102.0,wallpath_residual_extra,109.90258426176595,7.902584261765952,7.902584261765952,random,33,random
PL_Library_C2.csv::O-14,Library,C2,PL_Library_C2.csv,O-14,3.264406531,81.0,wallpath_residual_extra,68.22320649676168,-12.776793503238324,12.776793503238324,random,33,random
PL_Comms_C2.csv::G-30,Comms,C2,PL_Comms_C2.csv,G-30,2.544842824,84.0,wallpath_residual_extra,74.0917793682664,-9.908220631733599,9.908220631733599,random,33,random
PL_Library_C1.csv::T-14,Library,C1,PL_Library_C1.csv,T-14,8.5698,71.0,wallpath_residual_extra,70.54940951543716,-0.4505904845628379,0.4505904845628379,random,33,random
PL_Comms_C2.csv::O-20,Comms,C2,PL_Comms_C2.csv,O-20,13.50837611,89.0,wallpath_residual_extra,91.12891754955156,2.1289175495515593,2.1289175495515593,random,33,random
PL_Comms_C1.csv::I-11,Comms,C1,PL_Comms_C1.csv,I-11,18.43908891,104.0,wallpath_residual_extra,98.84253994571061,-5.157460054289388,5.157460054289388,random,33,random
PL_Comms_C2.csv::K-38,Comms,C2,PL_Comms_C2.csv,K-38,10.88467845,99.0,wallpath_residual_extra,94.22218190124492,-4.777818098755077,4.777818098755077,random,33,random
PL_Comms_C1.csv::I-23,Comms,C1,PL_Comms_C1.csv,I-23,7.211102551,82.0,wallpath_residual_extra,85.54588641541625,3.5458864154162484,3.5458864154162484,random,33,random
PL_Comms_C2.csv::D-54,Comms,C2,PL_Comms_C2.csv,D-54,25.04947554,111.0,wallpath_residual_extra,111.7352515250784,0.7352515250783966,0.7352515250783966,random,33,random
PL_Comms_C2.csv::K-24,Comms,C2,PL_Comms_C2.csv,K-24,7.904190344,92.0,wallpath_residual_extra,86.41862352895379,-5.581376471046212,5.581376471046212,random,33,random
PL_Comms_C2.csv::D-57,Comms,C2,PL_Comms_C2.csv,D-57,28.04418344,110.0,wallpath_residual_extra,112.64987799638594,2.649877996385939,2.649877996385939,random,33,random
PL_Comms_C2.csv::F-34,Comms,C2,PL_Comms_C2.csv,F-34,5.241776893,93.0,wallpath_residual_extra,78.66866822078214,-14.331331779217862,14.331331779217862,random,33,random
PL_Library_C2.csv::M-19,Library,C2,PL_Library_C2.csv,M-19,4.45381578,76.0,wallpath_residual_extra,72.88980608176584,-3.1101939182341596,3.1101939182341596,random,33,random
PL_Comms_C1.csv::A-11,Comms,C1,PL_Comms_C1.csv,A-11,18.43908891,105.0,wallpath_residual_extra,102.67924592961057,-2.3207540703894267,2.3207540703894267,random,33,random
PL_Library_C1.csv::B-10,Library,C1,PL_Library_C1.csv,B-10,18.1792,93.0,wallpath_residual_extra,85.14289417624481,-7.857105823755191,7.857105823755191,random,33,random
PL_Library_C2.csv::M-14,Library,C2,PL_Library_C2.csv,M-14,3.264406531,83.0,wallpath_residual_extra,70.82916560735822,-12.17083439264178,12.17083439264178,random,33,random
PL_Comms_C2.csv::B-22,Comms,C2,PL_Comms_C2.csv,B-22,7.712083052,83.0,wallpath_residual_extra,85.43339041213959,2.4333904121395875,2.4333904121395875,random,33,random
PL_SSE_C2.csv::A-6,SSE,C2,PL_SSE_C2.csv,A-6,13.65562979,106.0,wallpath_residual_extra,97.31334529417393,-8.686654705826072,8.686654705826072,random,33,random
PL_Comms_C1.csv::D-25,Comms,C1,PL_Comms_C1.csv,D-25,4.123105626,75.0,wallpath_residual_extra,73.55117757524968,-1.4488224247503183,1.4488224247503183,random,33,random
PL_Comms_C1.csv::B-14,Comms,C1,PL_Comms_C1.csv,B-14,15.29705854,98.0,wallpath_residual_extra,94.07272290718112,-3.9272770928188834,3.9272770928188834,random,33,random
PL_Library_C2.csv::T-19,Library,C2,PL_Library_C2.csv,T-19,9.17046073,73.0,wallpath_residual_extra,76.48180844390912,3.4818084439091166,3.4818084439091166,random,33,random
PL_SSE_C2.csv::B-5,SSE,C2,PL_SSE_C2.csv,B-5,13.05665443,100.0,wallpath_residual_extra,103.19045545876153,3.1904554587615337,3.1904554587615337,random,33,random
PL_Comms_C1.csv::D-45,Comms,C1,PL_Comms_C1.csv,D-45,16.03121954,114.0,wallpath_residual_extra,105.23889369349295,-8.761106306507045,8.761106306507045,random,33,random
PL_Comms_C2.csv::P-56,Comms,C2,PL_Comms_C2.csv,P-56,29.18006554,123.0,wallpath_residual_extra,120.97835736604674,-2.021642633953263,2.021642633953263,random,33,random
PL_Library_C1.csv::E-1,Library,C1,PL_Library_C1.csv,E-1,23.7028,80.0,wallpath_residual_extra,85.58725027457581,5.587250274575808,5.587250274575808,random,33,random
PL_Comms_C2.csv::F-26,Comms,C2,PL_Comms_C2.csv,F-26,3.387657745,77.0,wallpath_residual_extra,75.24374700931597,-1.7562529906840325,1.7562529906840325,random,33,random
PL_Comms_C1.csv::L-32,Comms,C1,PL_Comms_C1.csv,L-32,7.615773106,100.0,wallpath_residual_extra,86.7947960235585,-13.205203976441496,13.205203976441496,random,33,random
PL_Comms_C2.csv::P-52,Comms,C2,PL_Comms_C2.csv,P-52,25.5240323,117.0,wallpath_residual_extra,115.39452867224183,-1.605471327758167,1.605471327758167,random,33,random
PL_Comms_C2.csv::O-57,Comms,C2,PL_Comms_C2.csv,O-57,29.75695255,123.0,wallpath_residual_extra,121.41516968175566,-1.584830318244343,1.584830318244343,random,33,random
PL_Comms_C1.csv::K-41,Comms,C1,PL_Comms_C1.csv,K-41,13.41640786,94.0,wallpath_residual_extra,96.86111330996448,2.8611133099644803,2.8611133099644803,random,33,random
PL_Comms_C2.csv::O-38,Comms,C2,PL_Comms_C2.csv,O-38,13.50837611,106.0,wallpath_residual_extra,108.2823016297961,2.2823016297960947,2.2823016297960947,random,33,random
PL_Comms_C1.csv::J-29,Comms,C1,PL_Comms_C1.csv,J-29,5.0,76.0,wallpath_residual_extra,72.38867765077035,-3.6113223492296527,3.6113223492296527,random,33,random
PL_Comms_C2.csv::D-16,Comms,C2,PL_Comms_C2.csv,D-16,13.09489309,92.0,wallpath_residual_extra,98.29284622467587,6.29284622467587,6.29284622467587,random,33,random
PL_Library_C2.csv::Q-7,Library,C2,PL_Library_C2.csv,Q-7,12.91195086,93.0,wallpath_residual_extra,83.48172627806348,-9.518273721936524,9.518273721936524,random,33,random
PL_Library_C2.csv::Q-14,Library,C2,PL_Library_C2.csv,Q-14,5.034337096,65.0,wallpath_residual_extra,74.27197328412494,9.27197328412494,9.27197328412494,random,33,random
PL_Comms_C2.csv::C-22,Comms,C2,PL_Comms_C2.csv,C-22,7.380801108,86.0,wallpath_residual_extra,89.67613321128302,3.676133211283016,3.676133211283016,random,33,random
PL_SSE_C2.csv::M-8,SSE,C2,PL_SSE_C2.csv,M-8,2.544842824,76.0,wallpath_residual_extra,72.77875670117169,-3.2212432988283126,3.2212432988283126,random,33,random
PL_Comms_C2.csv::E-49,Comms,C2,PL_Comms_C2.csv,E-49,20.03687164,101.0,wallpath_residual_extra,108.60983623327239,7.6098362332723894,7.6098362332723894,random,33,random
PL_Comms_C2.csv::M-36,Comms,C2,PL_Comms_C2.csv,M-36,10.69935629,91.0,wallpath_residual_extra,92.25600068369693,1.256000683696925,1.256000683696925,random,33,random
PL_SSE_C1.csv::N-8,SSE,C1,PL_SSE_C1.csv,N-8,2.0,63.0,wallpath_residual_extra,55.274315499157204,-7.725684500842796,7.725684500842796,random,33,random
PL_Comms_C1.csv::O-26,Comms,C1,PL_Comms_C1.csv,O-26,10.44030651,95.0,wallpath_residual_extra,89.05539761418189,-5.944602385818115,5.944602385818115,random,33,random
PL_Library_C1.csv::P-8,Library,C1,PL_Library_C1.csv,P-8,11.1736,74.0,wallpath_residual_extra,72.44493117292546,-1.5550688270745354,1.5550688270745354,random,33,random
PL_Comms_C2.csv::L-20,Comms,C2,PL_Comms_C2.csv,L-20,11.46630826,93.0,wallpath_residual_extra,90.00820544353112,-2.991794556468875,2.991794556468875,random,33,random
PL_Library_C2.csv::K-11,Library,C2,PL_Library_C2.csv,K-11,7.993814796,80.0,wallpath_residual_extra,74.69404007246796,-5.305959927532044,5.305959927532044,random,33,random
PL_Comms_C2.csv::M-42,Comms,C2,PL_Comms_C2.csv,M-42,15.31261653,110.0,wallpath_residual_extra,102.45901731279906,-7.540982687200938,7.540982687200938,random,33,random
PL_Comms_C2.csv::G-44,Comms,C2,PL_Comms_C2.csv,G-44,15.18144344,86.0,wallpath_residual_extra,99.63602156629969,13.63602156629969,13.63602156629969,random,33,random
PL_Library_C1.csv::P-18,Library,C1,PL_Library_C1.csv,P-18,3.8325,64.0,wallpath_residual_extra,60.51475829674261,-3.485241703257387,3.485241703257387,random,33,random
PL_Comms_C2.csv::F-33,Comms,C2,PL_Comms_C2.csv,F-33,4.298397957,75.0,wallpath_residual_extra,79.40183362151667,4.401833621516673,4.401833621516673,random,33,random
PL_Library_C2.csv::O-5,Library,C2,PL_Library_C2.csv,O-5,15.01570095,81.0,wallpath_residual_extra,78.9615551010542,-2.038444898945798,2.038444898945798,random,33,random
PL_Comms_C1.csv::J-55,Comms,C1,PL_Comms_C1.csv,J-55,26.47640459,104.0,wallpath_residual_extra,101.03702885750135,-2.9629711424986453,2.9629711424986453,random,33,random
PL_Comms_C2.csv::N-24,Comms,C2,PL_Comms_C2.csv,N-24,10.36707408,80.0,wallpath_residual_extra,90.4973492692848,10.497349269284797,10.497349269284797,random,33,random
PL_Library_C1.csv::D-9,Library,C1,PL_Library_C1.csv,D-9,16.5399,83.0,wallpath_residual_extra,87.17939102790078,4.1793910279007775,4.1793910279007775,random,33,random
PL_Comms_C2.csv::A-32,Comms,C2,PL_Comms_C2.csv,A-32,5.14550532,78.0,wallpath_residual_extra,78.72909898652796,0.7290989865279585,0.7290989865279585,random,33,random
PL_Comms_C2.csv::A-31,Comms,C2,PL_Comms_C2.csv,A-31,4.634244814,73.0,wallpath_residual_extra,77.69862767457604,4.698627674576045,4.698627674576045,random,33,random
PL_Library_C1.csv::I-5,Library,C1,PL_Library_C1.csv,I-5,16.3725,87.0,wallpath_residual_extra,87.26902671102751,0.2690267110275073,0.2690267110275073,random,33,random
PL_SSE_C2.csv::K-5,SSE,C2,PL_SSE_C2.csv,K-5,5.956192156,83.0,wallpath_residual_extra,72.09436827847183,-10.905631721528167,10.905631721528167,random,33,random
PL_Comms_C2.csv::D-51,Comms,C2,PL_Comms_C2.csv,D-51,22.05620604,112.0,wallpath_residual_extra,107.6500220655675,-4.349977934432502,4.349977934432502,random,33,random
PL_Comms_C1.csv::N-53,Comms,C1,PL_Comms_C1.csv,N-53,25.63201124,108.0,wallpath_residual_extra,108.10349146107187,0.10349146107186868,0.10349146107186868,random,33,random
PL_Comms_C2.csv::B-11,Comms,C2,PL_Comms_C2.csv,B-11,18.28869118,111.0,wallpath_residual_extra,105.52272870257202,-5.477271297427976,5.477271297427976,random,33,random
PL_Comms_C1.csv::F-7,Comms,C1,PL_Comms_C1.csv,F-7,22.02271555,97.0,wallpath_residual_extra,102.94051718097704,5.940517180977039,5.940517180977039,random,33,random
PL_Comms_C2.csv::F-29,Comms,C2,PL_Comms_C2.csv,F-29,1.573602555,71.0,wallpath_residual_extra,71.399138735066,0.3991387350660034,0.3991387350660034,random,33,random
PL_Comms_C2.csv::C-51,Comms,C2,PL_Comms_C2.csv,C-51,22.12410959,109.0,wallpath_residual_extra,109.92347484428244,0.9234748442824383,0.9234748442824383,random,33,random
PL_Comms_C2.csv::G-39,Comms,C2,PL_Comms_C2.csv,G-39,10.27016188,85.0,wallpath_residual_extra,91.74743774246886,6.747437742468861,6.747437742468861,random,33,random
PL_SSE_C2.csv::E-1,SSE,C2,PL_SSE_C2.csv,E-1,12.78578214,97.0,wallpath_residual_extra,97.03891411834839,0.038914118348387206,0.038914118348387206,random,33,random
PL_Comms_C1.csv::B-37,Comms,C1,PL_Comms_C1.csv,B-37,8.544003745,86.0,wallpath_residual_extra,89.3854101790203,3.3854101790202975,3.3854101790202975,random,33,random
PL_Library_C2.csv::R-12,Library,C2,PL_Library_C2.csv,R-12,7.760736112,71.0,wallpath_residual_extra,71.9096366089116,0.9096366089115975,0.9096366089115975,random,33,random
PL_Comms_C1.csv::P-55,Comms,C1,PL_Comms_C1.csv,P-55,28.23118843,114.0,wallpath_residual_extra,114.69451024284534,0.6945102428453396,0.6945102428453396,random,33,random
PL_Comms_C1.csv::J-50,Comms,C1,PL_Comms_C1.csv,J-50,21.58703314,107.0,wallpath_residual_extra,101.25745874247895,-5.742541257521054,5.742541257521054,random,33,random
PL_Comms_C2.csv::J-46,Comms,C2,PL_Comms_C2.csv,J-46,17.7616504,115.0,wallpath_residual_extra,111.08780881496097,-3.9121911850390347,3.9121911850390347,random,33,random
PL_Library_C1.csv::A-10,Library,C1,PL_Library_C1.csv,A-10,19.4006,84.0,wallpath_residual_extra,83.46899510474485,-0.5310048952551512,0.5310048952551512,random,33,random
PL_Comms_C2.csv::F-30,Comms,C2,PL_Comms_C2.csv,F-30,1.86446373,69.0,wallpath_residual_rf,78.43240372586139,9.432403725861391,9.432403725861391,random,33,random
PL_Library_C1.csv::D-16,Library,C1,PL_Library_C1.csv,D-16,13.55,79.0,wallpath_residual_rf,84.36811009457955,5.368110094579549,5.368110094579549,random,33,random
PL_Comms_C2.csv::K-47,Comms,C2,PL_Comms_C2.csv,K-47,19.01252811,115.0,wallpath_residual_rf,108.50153200417915,-6.498467995820846,6.498467995820846,random,33,random
PL_Comms_C2.csv::B-34,Comms,C2,PL_Comms_C2.csv,B-34,5.956192156,84.0,wallpath_residual_rf,81.0856515665207,-2.9143484334793044,2.9143484334793044,random,33,random
PL_Library_C2.csv::V-14,Library,C2,PL_Library_C2.csv,V-14,11.23948064,75.0,wallpath_residual_rf,76.97130110425839,1.9713011042583872,1.9713011042583872,random,33,random
PL_SSE_C2.csv::N-6,SSE,C2,PL_SSE_C2.csv,N-6,4.180457511,72.0,wallpath_residual_rf,76.93315561057771,4.933155610577714,4.933155610577714,random,33,random
PL_Library_C2.csv::O-4,Library,C2,PL_Library_C2.csv,O-4,16.36153569,92.0,wallpath_residual_rf,80.45687947744156,-11.54312052255844,11.54312052255844,random,33,random
PL_Comms_C2.csv::I-35,Comms,C2,PL_Comms_C2.csv,I-35,7.312744013,89.0,wallpath_residual_rf,87.35817482829003,-1.641825171709968,1.641825171709968,random,33,random
PL_Comms_C1.csv::B-47,Comms,C1,PL_Comms_C1.csv,B-47,18.24828759,102.0,wallpath_residual_rf,105.89655995690431,3.896559956904312,3.896559956904312,random,33,random
PL_Comms_C1.csv::C-25,Comms,C1,PL_Comms_C1.csv,C-25,4.472135955,70.0,wallpath_residual_rf,70.65589608654206,0.6558960865420573,0.6558960865420573,random,33,random
PL_Comms_C1.csv::H-48,Comms,C1,PL_Comms_C1.csv,H-48,19.23538406,86.0,wallpath_residual_rf,88.68208530382363,2.6820853038236265,2.6820853038236265,random,33,random
PL_Comms_C1.csv::G-50,Comms,C1,PL_Comms_C1.csv,G-50,21.09502311,90.0,wallpath_residual_rf,102.64047554598945,12.640475545989446,12.640475545989446,random,33,random
PL_SSE_C2.csv::E-7,SSE,C2,PL_SSE_C2.csv,E-7,9.564320415,94.0,wallpath_residual_rf,87.97301431896261,-6.026985681037388,6.026985681037388,random,33,random
PL_Library_C1.csv::V-20,Library,C1,PL_Library_C1.csv,V-20,12.1195,73.0,wallpath_residual_rf,72.64673338752635,-0.35326661247364655,0.35326661247364655,random,33,random
PL_Comms_C1.csv::O-23,Comms,C1,PL_Comms_C1.csv,O-23,11.66190379,96.0,wallpath_residual_rf,91.43373453503133,-4.566265464968666,4.566265464968666,random,33,random
PL_Comms_C1.csv::F-27,Comms,C1,PL_Comms_C1.csv,F-27,2.236067977,76.0,wallpath_residual_rf,66.66100355482249,-9.338996445177514,9.338996445177514,random,33,random
PL_Comms_C2.csv::K-36,Comms,C2,PL_Comms_C2.csv,K-36,9.299259379,82.0,wallpath_residual_rf,90.5870388299358,8.587038829935807,8.587038829935807,random,33,random
PL_Library_C1.csv::R-13,Library,C1,PL_Library_C1.csv,R-13,6.775,74.0,wallpath_residual_rf,71.09025497360236,-2.909745026397644,2.909745026397644,random,33,random
PL_Comms_C2.csv::H-49,Comms,C2,PL_Comms_C2.csv,H-49,20.26021286,94.0,wallpath_residual_rf,110.9513866778137,16.9513866778137,16.9513866778137,random,33,random
PL_Comms_C1.csv::M-57,Comms,C1,PL_Comms_C1.csv,M-57,29.12043956,104.0,wallpath_residual_rf,105.20051141800734,1.2005114180073377,1.2005114180073377,random,33,random
PL_Comms_C2.csv::E-16,Comms,C2,PL_Comms_C2.csv,E-16,13.05665443,94.0,wallpath_residual_rf,98.06391978365761,4.06391978365761,4.06391978365761,random,33,random
PL_Library_C2.csv::M-26,Library,C2,PL_Library_C2.csv,M-26,13.67167693,80.0,wallpath_residual_rf,86.61433279774022,6.614332797740218,6.614332797740218,random,33,random
PL_Comms_C2.csv::C-56,Comms,C2,PL_Comms_C2.csv,C-56,27.10122184,118.0,wallpath_residual_rf,112.57188306001453,-5.428116939985472,5.428116939985472,random,33,random
PL_Library_C1.csv::V-13,Library,C1,PL_Library_C1.csv,V-13,11.5771,77.0,wallpath_residual_rf,72.73452244693479,-4.26547755306521,4.26547755306521,random,33,random
PL_Comms_C2.csv::A-24,Comms,C2,PL_Comms_C2.csv,A-24,6.517378691,91.0,wallpath_residual_rf,79.90134199542463,-11.09865800457537,11.09865800457537,random,33,random
PL_Library_C2.csv::P-19,Library,C2,PL_Library_C2.csv,P-19,5.034337096,70.0,wallpath_residual_rf,70.53343116214907,0.5334311621490713,0.5334311621490713,random,33,random
PL_Comms_C1.csv::K-47,Comms,C1,PL_Comms_C1.csv,K-47,18.97366596,104.0,wallpath_residual_rf,105.79397041570613,1.7939704157061271,1.7939704157061271,random,33,random
PL_Comms_C1.csv::N-24,Comms,C1,PL_Comms_C1.csv,N-24,10.29563014,90.0,wallpath_residual_rf,88.82726431797943,-1.1727356820205728,1.1727356820205728,random,33,random
PL_Library_C2.csv::A-8,Library,C2,PL_Library_C2.csv,A-8,20.71883322,90.0,wallpath_residual_rf,93.1367023890376,3.1367023890375947,3.1367023890375947,random,33,random
PL_Library_C2.csv::T-11,Library,C2,PL_Library_C2.csv,T-11,10.65240583,75.0,wallpath_residual_rf,73.67159553861046,-1.328404461389539,1.328404461389539,random,33,random
PL_Library_C2.csv::C-15,Library,C2,PL_Library_C2.csv,C-15,15.01570095,82.0,wallpath_residual_rf,78.68589577412027,-3.3141042258797313,3.3141042258797313,random,33,random
PL_Comms_C1.csv::K-39,Comms,C1,PL_Comms_C1.csv,K-39,11.66190379,92.0,wallpath_residual_rf,97.09638629072762,5.096386290727622,5.096386290727622,random,33,random
PL_Comms_C1.csv::K-36,Comms,C1,PL_Comms_C1.csv,K-36,9.219544457,86.0,wallpath_residual_rf,85.71500366252859,-0.2849963374714122,0.2849963374714122,random,33,random
PL_Comms_C2.csv::I-6,Comms,C2,PL_Comms_C2.csv,I-6,23.37683094,100.0,wallpath_residual_rf,94.2558292743386,-5.744170725661405,5.744170725661405,random,33,random
PL_Comms_C2.csv::M-28,Comms,C2,PL_Comms_C2.csv,M-28,8.153295346,77.0,wallpath_residual_rf,85.53164347205316,8.531643472053162,8.531643472053162,random,33,random
PL_Comms_C2.csv::M-40,Comms,C2,PL_Comms_C2.csv,M-40,13.65562979,97.0,wallpath_residual_rf,98.7908312877815,1.7908312877815007,1.7908312877815007,random,33,random
PL_Library_C2.csv::G-10,Library,C2,PL_Library_C2.csv,G-10,12.55142821,83.0,wallpath_residual_rf,82.83304438428306,-0.16695561571694384,0.16695561571694384,random,33,random
PL_Comms_C1.csv::B-12,Comms,C1,PL_Comms_C1.csv,B-12,17.2626765,114.0,wallpath_residual_rf,106.60690578110204,-7.393094218897957,7.393094218897957,random,33,random
PL_Comms_C2.csv::N-52,Comms,C2,PL_Comms_C2.csv,N-52,24.72804531,106.0,wallpath_residual_rf,114.81242197033355,8.812421970333546,8.812421970333546,random,33,random
PL_Comms_C1.csv::E-40,Comms,C1,PL_Comms_C1.csv,E-40,11.0,99.0,wallpath_residual_rf,89.79971084774913,-9.200289152250875,9.200289152250875,random,33,random
PL_Comms_C1.csv::G-44,Comms,C1,PL_Comms_C1.csv,G-44,15.13274595,87.0,wallpath_residual_rf,95.8924146015412,8.892414601541205,8.892414601541205,random,33,random
PL_Library_C2.csv::V-8,Library,C2,PL_Library_C2.csv,V-8,15.37814765,89.0,wallpath_residual_rf,83.9730052707652,-5.026994729234801,5.026994729234801,random,33,random
PL_Comms_C2.csv::D-37,Comms,C2,PL_Comms_C2.csv,D-37,8.153295346,86.0,wallpath_residual_rf,90.44187056416246,4.441870564162457,4.441870564162457,random,33,random
PL_Comms_C2.csv::F-54,Comms,C2,PL_Comms_C2.csv,F-54,25.04947554,89.0,wallpath_residual_rf,103.05605613932764,14.056056139327637,14.056056139327637,random,33,random
PL_Library_C1.csv::Q-5,Library,C1,PL_Library_C1.csv,Q-5,15.4494,88.0,wallpath_residual_rf,87.0381371893678,-0.9618628106321978,0.9618628106321978,random,33,random
PL_Comms_C2.csv::O-53,Comms,C2,PL_Comms_C2.csv,O-53,26.02837346,116.0,wallpath_residual_rf,117.22768338943449,1.227683389434489,1.227683389434489,random,33,random
PL_Comms_C1.csv::J-22,Comms,C1,PL_Comms_C1.csv,J-22,8.602325267,78.0,wallpath_residual_rf,83.44719795083668,5.4471979508366815,5.4471979508366815,random,33,random
PL_Comms_C1.csv::B-29,Comms,C1,PL_Comms_C1.csv,B-29,3.0,68.0,wallpath_residual_rf,65.84810964974017,-2.1518903502598334,2.1518903502598334,random,33,random
PL_Comms_C2.csv::I-21,Comms,C2,PL_Comms_C2.csv,I-21,9.026418171,95.0,wallpath_residual_rf,89.62379567328128,-5.376204326718721,5.376204326718721,random,33,random
PL_Comms_C1.csv::C-42,Comms,C1,PL_Comms_C1.csv,C-42,13.15294644,105.0,wallpath_residual_rf,97.29776071541042,-7.702239284589581,7.702239284589581,random,33,random
PL_Library_C1.csv::P-21,Library,C1,PL_Library_C1.csv,P-21,7.2969,72.0,wallpath_residual_rf,68.4582583692304,-3.541741630769593,3.541741630769593,random,33,random
PL_Library_C1.csv::B-9,Library,C1,PL_Library_C1.csv,B-9,18.8243,80.0,wallpath_residual_rf,85.42768744519569,5.427687445195687,5.427687445195687,random,33,random
PL_Library_C2.csv::N-23,Library,C2,PL_Library_C2.csv,N-23,9.562502288,90.0,wallpath_residual_rf,77.04478682332076,-12.955213176679237,12.955213176679237,random,33,random
PL_Comms_C1.csv::E-41,Comms,C1,PL_Comms_C1.csv,E-41,12.0,97.0,wallpath_residual_rf,96.73348032208636,-0.2665196779136352,0.2665196779136352,random,33,random
PL_Comms_C1.csv::F-42,Comms,C1,PL_Comms_C1.csv,F-42,13.03840481,95.0,wallpath_residual_rf,97.4377387919172,2.437738791917198,2.437738791917198,random,33,random
PL_SSE_C1.csv::D-2,SSE,C1,PL_SSE_C1.csv,D-2,12.80624847,91.0,wallpath_residual_rf,94.88758935875562,3.887589358755619,3.887589358755619,random,33,random
PL_Library_C2.csv::C-7,Library,C2,PL_Library_C2.csv,C-7,19.29645758,85.0,wallpath_residual_rf,89.9043310171484,4.904331017148394,4.904331017148394,random,33,random
PL_Comms_C2.csv::A-25,Comms,C2,PL_Comms_C2.csv,A-25,5.78586424,82.0,wallpath_residual_rf,79.51058447762061,-2.489415522379389,2.489415522379389,random,33,random
PL_Comms_C2.csv::F-41,Comms,C2,PL_Comms_C2.csv,F-41,12.10273626,88.0,wallpath_residual_rf,90.579941466799,2.5799414667989993,2.5799414667989993,random,33,random
PL_Comms_C2.csv::G-52,Comms,C2,PL_Comms_C2.csv,G-52,23.11874186,91.0,wallpath_residual_rf,94.83328842327819,3.8332884232781907,3.8332884232781907,random,33,random
PL_Library_C1.csv::M-15,Library,C1,PL_Library_C1.csv,M-15,1.9163,72.0,wallpath_residual_rf,58.55042612977904,-13.44957387022096,13.44957387022096,random,33,random
PL_Library_C1.csv::W-15,Library,C1,PL_Library_C1.csv,W-15,12.27,69.0,wallpath_residual_rf,79.47513649309091,10.475136493090915,10.475136493090915,random,33,random
PL_SSE_C2.csv::D-3,SSE,C2,PL_SSE_C2.csv,D-3,12.26687511,96.0,wallpath_residual_rf,96.66098744884168,0.6609874488416807,0.6609874488416807,random,33,random
PL_Library_C1.csv::V-19,Library,C1,PL_Library_C1.csv,V-19,11.5771,71.0,wallpath_residual_rf,76.84786757267484,5.8478675726748435,5.8478675726748435,random,33,random
PL_SSE_C1.csv::H-1,SSE,C1,PL_SSE_C1.csv,H-1,10.81665383,89.0,wallpath_residual_rf,91.20025452714732,2.2002545271473224,2.2002545271473224,random,33,random
PL_Comms_C1.csv::B-13,Comms,C1,PL_Comms_C1.csv,B-13,16.2788206,94.0,wallpath_residual_rf,92.8939717427175,-1.106028257282503,1.106028257282503,random,33,random
PL_Comms_C1.csv::O-43,Comms,C1,PL_Comms_C1.csv,O-43,17.20465053,109.0,wallpath_residual_rf,104.79437996171896,-4.20562003828104,4.20562003828104,random,33,random
PL_Comms_C1.csv::J-46,Comms,C1,PL_Comms_C1.csv,J-46,17.72004515,105.0,wallpath_residual_rf,108.20418156848531,3.2041815684853105,3.2041815684853105,random,33,random
PL_Comms_C2.csv::K-21,Comms,C2,PL_Comms_C2.csv,K-21,10.07354084,87.0,wallpath_residual_rf,87.13504360566981,0.13504360566980722,0.13504360566980722,random,33,random
PL_Comms_C1.csv::J-13,Comms,C1,PL_Comms_C1.csv,J-13,16.76305461,99.0,wallpath_residual_rf,95.27158481159174,-3.7284151884082632,3.7284151884082632,random,33,random
PL_Library_C2.csv::Q-18,Library,C2,PL_Library_C2.csv,Q-18,5.034337096,66.0,wallpath_residual_rf,75.63941133425935,9.63941133425935,9.63941133425935,random,33,random
PL_Comms_C1.csv::C-57,Comms,C1,PL_Comms_C1.csv,C-57,28.0713377,110.0,wallpath_residual_rf,112.05914853224678,2.0591485322467804,2.0591485322467804,random,33,random
PL_Library_C2.csv::A-4,Library,C2,PL_Library_C2.csv,A-4,24.0031675,91.0,wallpath_residual_rf,95.68672423595318,4.686724235953179,4.686724235953179,random,33,random
PL_Library_C1.csv::M-14,Library,C1,PL_Library_C1.csv,M-14,3.0299,72.0,wallpath_residual_rf,64.64667978243396,-7.353320217566036,7.353320217566036,random,33,random
PL_SSE_C1.csv::K-6,SSE,C1,PL_SSE_C1.csv,K-6,5.0,70.0,wallpath_residual_rf,73.24660047083525,3.246600470835247,3.246600470835247,random,33,random
PL_Comms_C2.csv::G-19,Comms,C2,PL_Comms_C2.csv,G-19,10.27016188,88.0,wallpath_residual_rf,92.22918823155474,4.229188231554744,4.229188231554744,random,33,random
PL_Comms_C1.csv::H-20,Comms,C1,PL_Comms_C1.csv,H-20,9.486832981,83.0,wallpath_residual_rf,80.61631443439092,-2.3836855656090847,2.3836855656090847,random,33,random
PL_Comms_C1.csv::C-18,Comms,C1,PL_Comms_C1.csv,C-18,11.18033989,89.0,wallpath_residual_rf,92.55078338996806,3.5507833899680605,3.5507833899680605,random,33,random
PL_SSE_C1.csv::E-7,SSE,C1,PL_SSE_C1.csv,E-7,9.486832981,97.0,wallpath_residual_rf,82.32336180183071,-14.676638198169286,14.676638198169286,random,33,random
PL_Comms_C2.csv::L-13,Comms,C2,PL_Comms_C2.csv,L-13,17.50646238,116.0,wallpath_residual_rf,105.6101605375911,-10.3898394624089,10.3898394624089,random,33,random
PL_Library_C2.csv::C-16,Library,C2,PL_Library_C2.csv,C-16,14.95443914,81.0,wallpath_residual_rf,82.38658545636108,1.3865854563610753,1.3865854563610753,random,33,random
PL_Comms_C2.csv::A-28,Comms,C2,PL_Comms_C2.csv,A-28,4.298397957,65.0,wallpath_residual_rf,74.19117164216667,9.191171642166665,9.191171642166665,random,33,random
PL_SSE_C2.csv::C-5,SSE,C2,PL_SSE_C2.csv,C-5,12.14397896,101.0,wallpath_residual_rf,100.96006809496504,-0.0399319050349618,0.0399319050349618,random,33,random
PL_Comms_C1.csv::L-49,Comms,C1,PL_Comms_C1.csv,L-49,21.1896201,112.0,wallpath_residual_rf,108.0729080301722,-3.9270919698277993,3.9270919698277993,random,33,random
PL_SSE_C1.csv::N-6,SSE,C1,PL_SSE_C1.csv,N-6,4.0,67.0,wallpath_residual_rf,76.94758723379448,9.94758723379448,9.94758723379448,random,33,random
PL_Comms_C1.csv::E-56,Comms,C1,PL_Comms_C1.csv,E-56,27.0,107.0,wallpath_residual_rf,113.11338567521274,6.11338567521274,6.11338567521274,random,33,random
PL_Comms_C1.csv::B-20,Comms,C1,PL_Comms_C1.csv,B-20,9.486832981,93.0,wallpath_residual_rf,85.41531763433798,-7.584682365662019,7.584682365662019,random,33,random
PL_Comms_C1.csv::F-34,Comms,C1,PL_Comms_C1.csv,F-34,5.099019514,91.0,wallpath_residual_rf,71.31935860389926,-19.68064139610074,19.68064139610074,random,33,random
PL_Library_C1.csv::O-26,Library,C1,PL_Library_C1.csv,O-26,13.6176,88.0,wallpath_residual_rf,77.76495492596153,-10.235045074038467,10.235045074038467,random,33,random
PL_Comms_C2.csv::G-23,Comms,C2,PL_Comms_C2.csv,G-23,6.440203801,80.0,wallpath_residual_rf,79.18636818567545,-0.8136318143245518,0.8136318143245518,random,33,random
PL_Comms_C1.csv::H-2,Comms,C1,PL_Comms_C1.csv,H-2,27.16615541,101.0,wallpath_residual_rf,95.17830422377214,-5.821695776227855,5.821695776227855,random,33,random
PL_Library_C2.csv::R-9,Library,C2,PL_Library_C2.csv,R-9,10.99171734,71.0,wallpath_residual_rf,74.32269229638355,3.3226922963835506,3.3226922963835506,random,33,random
PL_Comms_C1.csv::N-27,Comms,C1,PL_Comms_C1.csv,N-27,9.219544457,82.0,wallpath_residual_rf,77.75723843517339,-4.242761564826608,4.242761564826608,random,33,random
PL_Comms_C2.csv::K-25,Comms,C2,PL_Comms_C2.csv,K-25,7.312744013,79.0,wallpath_residual_rf,88.27220180573286,9.272201805732863,9.272201805732863,random,33,random
PL_SSE_C1.csv::L-1,SSE,C1,PL_SSE_C1.csv,L-1,9.219544457,71.0,wallpath_residual_rf,79.8334363766652,8.833436376665205,8.833436376665205,random,33,random
PL_SSE_C1.csv::E-2,SSE,C1,PL_SSE_C1.csv,E-2,12.04159458,96.0,wallpath_residual_rf,91.75292392066757,-4.24707607933243,4.24707607933243,random,33,random
PL_Library_C2.csv::U-18,Library,C2,PL_Library_C2.csv,U-18,9.939092011,75.0,wallpath_residual_rf,77.46189112065665,2.461891120656645,2.461891120656645,random,33,random
PL_SSE_C2.csv::I-1,SSE,C2,PL_SSE_C2.csv,I-1,10.36707408,86.0,wallpath_residual_rf,90.01682794653958,4.016827946539578,4.016827946539578,random,33,random
PL_Comms_C2.csv::K-33,Comms,C2,PL_Comms_C2.csv,K-33,7.312744013,82.0,wallpath_residual_rf,90.72905750537348,8.729057505373476,8.729057505373476,random,33,random
PL_Comms_C1.csv::O-37,Comms,C1,PL_Comms_C1.csv,O-37,12.80624847,90.0,wallpath_residual_rf,95.97384421595592,5.973844215955921,5.973844215955921,random,33,random
PL_Library_C2.csv::H-13,Library,C2,PL_Library_C2.csv,H-13,9.17046073,74.0,wallpath_residual_rf,77.17073087209445,3.1707308720944525,3.1707308720944525,random,33,random
PL_Library_C1.csv::G-6,Library,C1,PL_Library_C1.csv,G-6,16.5399,82.0,wallpath_residual_rf,81.0023076084896,-0.9976923915103981,0.9976923915103981,random,33,random
PL_Comms_C1.csv::A-45,Comms,C1,PL_Comms_C1.csv,A-45,16.4924225,105.0,wallpath_residual_rf,104.90034443740178,-0.0996555625982154,0.0996555625982154,random,33,random
PL_Comms_C1.csv::C-38,Comms,C1,PL_Comms_C1.csv,C-38,9.219544457,90.0,wallpath_residual_rf,88.85049256775758,-1.149507432242416,1.149507432242416,random,33,random
PL_Comms_C1.csv::O-28,Comms,C1,PL_Comms_C1.csv,O-28,10.04987562,82.0,wallpath_residual_rf,77.58594246273807,-4.414057537261925,4.414057537261925,random,33,random
PL_Library_C1.csv::J-2,Library,C1,PL_Library_C1.csv,J-2,19.7291,82.0,wallpath_residual_rf,79.10440014092727,-2.895599859072732,2.895599859072732,random,33,random
PL_Comms_C1.csv::I-22,Comms,C1,PL_Comms_C1.csv,I-22,8.062257748,88.0,wallpath_residual_rf,89.7941525442748,1.7941525442747945,1.7941525442747945,random,33,random
PL_Comms_C2.csv::G-43,Comms,C2,PL_Comms_C2.csv,G-43,14.1942321,89.0,wallpath_residual_rf,93.90975629271463,4.909756292714633,4.909756292714633,random,33,random
PL_Comms_C2.csv::I-8,Comms,C2,PL_Comms_C2.csv,I-8,21.41205793,112.0,wallpath_residual_rf,109.45744299279947,-2.5425570072005286,2.5425570072005286,random,33,random
PL_Comms_C2.csv::G-28,Comms,C2,PL_Comms_C2.csv,G-28,2.544842824,72.0,wallpath_residual_rf,75.97287796718079,3.972877967180793,3.972877967180793,random,33,random
PL_Comms_C2.csv::D-27,Comms,C2,PL_Comms_C2.csv,D-27,2.544842824,72.0,wallpath_residual_rf,71.4019572383916,-0.5980427616083972,0.5980427616083972,random,33,random
PL_Library_C2.csv::T-18,Library,C2,PL_Library_C2.csv,T-18,8.655473702,80.0,wallpath_residual_rf,79.52598883229028,-0.47401116770971896,0.47401116770971896,random,33,random
PL_Comms_C1.csv::G-49,Comms,C1,PL_Comms_C1.csv,G-49,20.09975124,95.0,wallpath_residual_rf,96.44170059248695,1.4417005924869528,1.4417005924869528,random,33,random
PL_Comms_C2.csv::G-6,Comms,C2,PL_Comms_C2.csv,G-6,23.11874186,91.0,wallpath_residual_rf,99.13232566137921,8.132325661379213,8.132325661379213,random,33,random
PL_Comms_C1.csv::A-24,Comms,C1,PL_Comms_C1.csv,A-24,6.403124237,87.0,wallpath_residual_rf,75.57029075627929,-11.429709243720708,11.429709243720708,random,33,random
PL_Library_C2.csv::F-2,Library,C2,PL_Library_C2.csv,F-2,21.88247529,94.0,wallpath_residual_rf,92.05655175438002,-1.943448245619976,1.943448245619976,random,33,random
PL_Library_C1.csv::C-5,Library,C1,PL_Library_C1.csv,C-5,21.0789,74.0,wallpath_residual_rf,83.36453061641618,9.364530616416175,9.364530616416175,random,33,random
PL_Comms_C1.csv::F-3,Comms,C1,PL_Comms_C1.csv,F-3,26.01922366,95.0,wallpath_residual_rf,96.30179350337426,1.301793503374256,1.301793503374256,random,33,random
PL_Library_C1.csv::R-9,Library,C1,PL_Library_C1.csv,R-9,10.9244,77.0,wallpath_residual_rf,73.22652743506013,-3.7734725649398655,3.7734725649398655,random,33,random
PL_Library_C2.csv::L-15,Library,C2,PL_Library_C2.csv,L-15,3.264406531,71.0,wallpath_residual_rf,70.61862305916348,-0.3813769408365175,0.3813769408365175,random,33,random
PL_Library_C2.csv::N-17,Library,C2,PL_Library_C2.csv,N-17,1.819958791,57.0,wallpath_residual_rf,62.62405381890809,5.624053818908088,5.624053818908088,random,33,random
PL_SSE_C2.csv::G-9,SSE,C2,PL_SSE_C2.csv,G-9,7.174693373,84.0,wallpath_residual_rf,85.15160886674994,1.151608866749939,1.151608866749939,random,33,random
PL_Library_C2.csv::C-4,Library,C2,PL_Library_C2.csv,C-4,22.09123921,86.0,wallpath_residual_rf,92.90507915469553,6.905079154695528,6.905079154695528,random,33,random
PL_Library_C1.csv::P-6,Library,C1,PL_Library_C1.csv,P-6,13.8183,87.0,wallpath_residual_rf,83.42811961727617,-3.5718803827238332,3.5718803827238332,random,33,random
PL_Library_C1.csv::R-6,Library,C1,PL_Library_C1.csv,R-6,14.5938,76.0,wallpath_residual_rf,84.00718532192585,8.007185321925846,8.007185321925846,random,33,random
PL_Comms_C2.csv::J-11,Comms,C2,PL_Comms_C2.csv,J-11,18.72101026,103.0,wallpath_residual_rf,108.62044376533319,5.620443765333192,5.620443765333192,random,33,random
PL_Comms_C1.csv::C-39,Comms,C1,PL_Comms_C1.csv,C-39,10.19803903,85.0,wallpath_residual_rf,89.71707547253575,4.717075472535754,4.717075472535754,random,33,random
PL_Library_C2.csv::Q-12,Library,C2,PL_Library_C2.csv,Q-12,6.883084338,75.0,wallpath_residual_rf,75.58685940125126,0.5868594012512602,0.5868594012512602,random,33,random
PL_Library_C2.csv::Q-21,Library,C2,PL_Library_C2.csv,Q-21,7.993814796,78.0,wallpath_residual_rf,77.46470608384946,-0.5352939161505361,0.5352939161505361,random,33,random
PL_Comms_C2.csv::I-2,Comms,C2,PL_Comms_C2.csv,I-2,27.32171709,106.0,wallpath_residual_rf,104.24682872864193,-1.7531712713580703,1.7531712713580703,random,33,random
PL_Comms_C2.csv::M-51,Comms,C2,PL_Comms_C2.csv,M-51,23.44090922,117.0,wallpath_residual_rf,119.24522392344537,2.2452239234453657,2.2452239234453657,random,33,random
PL_SSE_C2.csv::L-3,SSE,C2,PL_SSE_C2.csv,L-3,7.380801108,73.0,wallpath_residual_rf,76.18976389924542,3.1897638992454205,3.1897638992454205,random,33,random
PL_Comms_C1.csv::B-43,Comms,C1,PL_Comms_C1.csv,B-43,14.31782106,97.0,wallpath_residual_rf,94.43881935877312,-2.5611806412268834,2.5611806412268834,random,33,random
PL_SSE_C1.csv::M-3,SSE,C1,PL_SSE_C1.csv,M-3,7.071067812,69.0,wallpath_residual_rf,72.93671258176806,3.936712581768063,3.936712581768063,random,33,random
PL_Library_C2.csv::I-4,Library,C2,PL_Library_C2.csv,I-4,17.65685278,82.0,wallpath_residual_rf,86.24331013277599,4.243310132775989,4.243310132775989,random,33,random
PL_Comms_C2.csv::B-35,Comms,C2,PL_Comms_C2.csv,B-35,6.817347358,78.0,wallpath_residual_rf,84.14556708712347,6.145567087123467,6.145567087123467,random,33,random
PL_Library_C1.csv::V-21,Library,C1,PL_Library_C1.csv,V-21,12.783,79.0,wallpath_residual_rf,75.47020369134194,-3.5297963086580637,3.5297963086580637,random,33,random
PL_Comms_C1.csv::G-28,Comms,C1,PL_Comms_C1.csv,G-28,2.236067977,62.0,wallpath_residual_rf,66.66100355482249,4.661003554822486,4.661003554822486,random,33,random
PL_Comms_C1.csv::H-50,Comms,C1,PL_Comms_C1.csv,H-50,21.21320344,87.0,wallpath_residual_rf,102.62347583389766,15.623475833897658,15.623475833897658,random,33,random
PL_SSE_C1.csv::H-8,SSE,C1,PL_SSE_C1.csv,H-8,6.32455532,73.0,wallpath_residual_rf,76.87891034504541,3.878910345045412,3.878910345045412,random,33,random
PL_Comms_C2.csv::C-42,Comms,C2,PL_Comms_C2.csv,C-42,13.20894489,107.0,wallpath_residual_rf,99.1183901856433,-7.881609814356693,7.881609814356693,random,33,random
PL_Comms_C2.csv::C-23,Comms,C2,PL_Comms_C2.csv,C-23,6.440203801,84.0,wallpath_residual_rf,79.18636818567545,-4.813631814324552,4.813631814324552,random,33,random
PL_Comms_C2.csv::L-48,Comms,C2,PL_Comms_C2.csv,L-48,20.28487676,119.0,wallpath_residual_rf,109.49201475146741,-9.507985248532592,9.507985248532592,random,33,random
PL_Library_C2.csv::C-8,Library,C2,PL_Library_C2.csv,C-8,18.46999865,83.0,wallpath_residual_rf,87.51409887472914,4.514098874729143,4.514098874729143,random,33,random
PL_Comms_C1.csv::A-54,Comms,C1,PL_Comms_C1.csv,A-54,25.3179778,114.0,wallpath_residual_rf,110.60200549285302,-3.3979945071469757,3.3979945071469757,random,33,random
PL_SSE_C2.csv::A-7,SSE,C2,PL_SSE_C2.csv,A-7,13.3968737,106.0,wallpath_residual_rf,100.86287008991938,-5.137129910080617,5.137129910080617,random,33,random
PL_Library_C1.csv::S-12,Library,C1,PL_Library_C1.csv,S-12,8.6762,76.0,wallpath_residual_rf,72.32474242027926,-3.6752575797207356,3.6752575797207356,random,33,random
PL_Comms_C2.csv::H-56,Comms,C2,PL_Comms_C2.csv,H-56,27.19331214,94.0,wallpath_residual_rf,102.47614411150319,8.476144111503189,8.476144111503189,random,33,random
PL_Comms_C1.csv::E-22,Comms,C1,PL_Comms_C1.csv,E-22,7.0,87.0,wallpath_residual_rf,83.66115337193068,-3.3388466280693194,3.3388466280693194,random,33,random
PL_Library_C2.csv::U-20,Library,C2,PL_Library_C2.csv,U-20,10.99171734,73.0,wallpath_residual_rf,74.33819883025289,1.3381988302528924,1.3381988302528924,random,33,random
PL_Library_C2.csv::J-6,Library,C2,PL_Library_C2.csv,J-6,14.64428643,96.0,wallpath_residual_rf,81.54235813690053,-14.457641863099468,14.457641863099468,random,33,random
PL_Comms_C1.csv::I-21,Comms,C1,PL_Comms_C1.csv,I-21,8.94427191,87.0,wallpath_residual_rf,87.25946436414654,0.2594643641465382,0.2594643641465382,random,33,random
PL_Comms_C2.csv::D-13,Comms,C2,PL_Comms_C2.csv,D-13,16.07719581,93.0,wallpath_residual_rf,95.71249980616592,2.7124998061659227,2.7124998061659227,random,33,random
PL_Comms_C1.csv::D-38,Comms,C1,PL_Comms_C1.csv,D-38,9.055385138,92.0,wallpath_residual_rf,87.14759888164244,-4.852401118357562,4.852401118357562,random,33,random
PL_Comms_C2.csv::N-51,Comms,C2,PL_Comms_C2.csv,N-51,23.80076102,115.0,wallpath_residual_rf,115.63492748236685,0.634927482366848,0.634927482366848,random,33,random
PL_Library_C1.csv::A-8,Library,C1,PL_Library_C1.csv,A-8,20.6832,88.0,wallpath_residual_rf,86.03150480142473,-1.968495198575269,1.968495198575269,random,33,random
PL_Library_C2.csv::L-9,Library,C2,PL_Library_C2.csv,L-9,9.939092011,70.0,wallpath_residual_rf,78.27768677703354,8.277686777033537,8.277686777033537,random,33,random
PL_Library_C2.csv::D-2,Library,C2,PL_Library_C2.csv,D-2,23.34394193,97.0,wallpath_residual_rf,94.27639237436709,-2.7236076256329085,2.7236076256329085,random,33,random
PL_SSE_C1.csv::M-7,SSE,C1,PL_SSE_C1.csv,M-7,3.16227766,71.0,wallpath_residual_rf,73.88417721337572,2.8841772133757217,2.8841772133757217,random,33,random
PL_Library_C1.csv::I-9,Library,C1,PL_Library_C1.csv,I-9,11.6562,68.0,wallpath_residual_rf,76.43617415614783,8.436174156147828,8.436174156147828,random,33,random
PL_Comms_C2.csv::J-44,Comms,C2,PL_Comms_C2.csv,J-44,15.85800192,105.0,wallpath_residual_rf,101.4545300373105,-3.545469962689495,3.545469962689495,random,33,random
PL_Comms_C2.csv::D-12,Comms,C2,PL_Comms_C2.csv,D-12,17.07267481,105.0,wallpath_residual_rf,101.3043776532176,-3.6956223467824003,3.6956223467824003,random,33,random
PL_Comms_C1.csv::M-28,Comms,C1,PL_Comms_C1.csv,M-28,8.062257748,76.0,wallpath_residual_rf,81.87923346385729,5.87923346385729,5.87923346385729,random,33,random
PL_Comms_C1.csv::D-33,Comms,C1,PL_Comms_C1.csv,D-33,4.123105626,79.0,wallpath_residual_rf,73.50506982693666,-5.494930173063338,5.494930173063338,random,33,random
PL_Library_C1.csv::Q-4,Library,C1,PL_Library_C1.csv,Q-4,16.7604,78.0,wallpath_residual_rf,83.42661098592497,5.426610985924967,5.426610985924967,random,33,random
PL_Comms_C2.csv::A-12,Comms,C2,PL_Comms_C2.csv,A-12,17.50646238,116.0,wallpath_residual_rf,108.36151038399974,-7.638489616000257,7.638489616000257,random,33,random
PL_Comms_C2.csv::H-44,Comms,C2,PL_Comms_C2.csv,H-44,15.3452346,87.0,wallpath_residual_rf,91.7162299060246,4.716229906024594,4.716229906024594,random,33,random
PL_Comms_C1.csv::J-39,Comms,C1,PL_Comms_C1.csv,J-39,11.18033989,96.0,wallpath_residual_rf,95.41327351690697,-0.586726483093031,0.586726483093031,random,33,random
PL_Comms_C1.csv::E-54,Comms,C1,PL_Comms_C1.csv,E-54,25.0,106.0,wallpath_residual_rf,108.638607422514,2.6386074225139993,2.6386074225139993,random,33,random
PL_Comms_C2.csv::F-28,Comms,C2,PL_Comms_C2.csv,F-28,1.86446373,77.0,wallpath_residual_rf,76.56497928493802,-0.4350207150619809,0.4350207150619809,random,33,random
PL_Comms_C1.csv::I-35,Comms,C1,PL_Comms_C1.csv,I-35,7.211102551,81.0,wallpath_residual_rf,85.03257489742685,4.032574897426855,4.032574897426855,random,33,random
PL_Library_C1.csv::A-4,Library,C1,PL_Library_C1.csv,A-4,23.9724,83.0,wallpath_residual_rf,82.76812348083034,-0.2318765191696599,0.2318765191696599,random,33,random
PL_Comms_C2.csv::E-23,Comms,C2,PL_Comms_C2.csv,E-23,6.121782829,80.0,wallpath_residual_rf,78.73808649573297,-1.261913504267028,1.261913504267028,random,33,random
PL_Library_C2.csv::Q-23,Library,C2,PL_Library_C2.csv,Q-23,10.39065325,75.0,wallpath_residual_rf,73.63651115732482,-1.3634888426751814,1.3634888426751814,random,33,random
PL_SSE_C1.csv::D-6,SSE,C1,PL_SSE_C1.csv,D-6,10.77032961,89.0,wallpath_residual_rf,95.7977519143241,6.797751914324095,6.797751914324095,random,33,random
PL_Comms_C1.csv::G-34,Comms,C1,PL_Comms_C1.csv,G-34,5.385164807,78.0,wallpath_residual_rf,79.1213047034685,1.1213047034684962,1.1213047034684962,random,33,random
PL_Comms_C1.csv::C-51,Comms,C1,PL_Comms_C1.csv,C-51,22.09072203,115.0,wallpath_residual_rf,107.3018614074133,-7.698138592586702,7.698138592586702,random,33,random
PL_Comms_C1.csv::B-44,Comms,C1,PL_Comms_C1.csv,B-44,15.29705854,104.0,wallpath_residual_rf,99.42740987169473,-4.572590128305265,4.572590128305265,random,33,random
PL_Comms_C2.csv::N-35,Comms,C2,PL_Comms_C2.csv,N-35,10.88467845,100.0,wallpath_residual_rf,93.59253307936574,-6.407466920634263,6.407466920634263,random,33,random
PL_Comms_C2.csv::D-33,Comms,C2,PL_Comms_C2.csv,D-33,4.298397957,86.0,wallpath_residual_rf,77.35720076607858,-8.642799233921423,8.642799233921423,random,33,random
PL_Comms_C2.csv::O-22,Comms,C2,PL_Comms_C2.csv,O-22,12.26687511,95.0,wallpath_residual_rf,90.11025701761665,-4.889742982383353,4.889742982383353,random,33,random
PL_Library_C2.csv::C-12,Library,C2,PL_Library_C2.csv,C-12,15.90633993,87.0,wallpath_residual_rf,91.1468135214613,4.146813521461297,4.146813521461297,random,33,random
PL_Library_C2.csv::V-10,Library,C2,PL_Library_C2.csv,V-10,13.60436419,87.0,wallpath_residual_rf,78.2076448078388,-8.792355192161196,8.792355192161196,random,33,random
PL_Comms_C2.csv::F-44,Comms,C2,PL_Comms_C2.csv,F-44,15.08231497,84.0,wallpath_residual_rf,102.39093814689782,18.390938146897824,18.390938146897824,random,33,random
PL_Comms_C2.csv::C-34,Comms,C2,PL_Comms_C2.csv,C-34,5.520527602,80.0,wallpath_residual_rf,84.67083427960154,4.670834279601536,4.670834279601536,random,33,random
PL_Library_C2.csv::N-20,Library,C2,PL_Library_C2.csv,N-20,5.55451393,79.0,wallpath_residual_rf,73.32225527952345,-5.677744720476554,5.677744720476554,random,33,random
PL_Library_C1.csv::G-4,Library,C1,PL_Library_C1.csv,G-4,18.8243,87.0,wallpath_residual_rf,82.18761199765727,-4.812388002342729,4.812388002342729,random,33,random
PL_Library_C2.csv::D-8,Library,C2,PL_Library_C2.csv,D-8,17.39495114,80.0,wallpath_residual_rf,89.7489532671752,9.748953267175196,9.748953267175196,random,33,random
PL_Comms_C2.csv::B-21,Comms,C2,PL_Comms_C2.csv,B-21,8.629960892,86.0,wallpath_residual_rf,85.86933382138896,-0.1306661786110368,0.1306661786110368,random,33,random
PL_Comms_C1.csv::G-57,Comms,C1,PL_Comms_C1.csv,G-57,28.0713377,96.0,wallpath_residual_rf,105.62614152641895,9.626141526418948,9.626141526418948,random,33,random
PL_Comms_C2.csv::M-31,Comms,C2,PL_Comms_C2.csv,M-31,8.335239949,94.0,wallpath_residual_rf,93.75741029408906,-0.24258970591094453,0.24258970591094453,random,33,random
PL_Library_C2.csv::C-9,Library,C2,PL_Library_C2.csv,C-9,17.70876831,81.0,wallpath_residual_rf,89.28624993969326,8.286249939693263,8.286249939693263,random,33,random
PL_Comms_C1.csv::O-24,Comms,C1,PL_Comms_C1.csv,O-24,11.18033989,90.0,wallpath_residual_rf,89.3751836045247,-0.6248163954753068,0.6248163954753068,random,33,random
PL_Comms_C1.csv::H-17,Comms,C1,PL_Comms_C1.csv,H-17,12.36931688,85.0,wallpath_residual_rf,93.0212953735069,8.021295373506902,8.021295373506902,random,33,random
PL_Comms_C2.csv::K-44,Comms,C2,PL_Comms_C2.csv,K-44,16.20111802,110.0,wallpath_residual_rf,106.22079854594628,-3.7792014540537195,3.7792014540537195,random,33,random
PL_Comms_C2.csv::F-45,Comms,C2,PL_Comms_C2.csv,F-45,16.07719581,93.0,wallpath_residual_rf,99.36833962861958,6.36833962861958,6.36833962861958,random,33,random
PL_Library_C1.csv::M-24,Library,C1,PL_Library_C1.csv,M-24,10.9244,78.0,wallpath_residual_rf,86.97001761386682,8.970017613866816,8.970017613866816,random,33,random
PL_SSE_C1.csv::I-5,SSE,C1,PL_SSE_C1.csv,I-5,7.071067812,86.0,wallpath_residual_rf,84.7146555334769,-1.2853444665230995,1.2853444665230995,random,33,random
PL_Comms_C1.csv::H-21,Comms,C1,PL_Comms_C1.csv,H-21,8.544003745,80.0,wallpath_residual_rf,78.29086972313549,-1.7091302768645136,1.7091302768645136,random,33,random
PL_Comms_C1.csv::I-4,Comms,C1,PL_Comms_C1.csv,I-4,25.3179778,115.0,wallpath_residual_rf,99.02530312137343,-15.974696878626574,15.974696878626574,random,33,random
PL_Comms_C1.csv::O-19,Comms,C1,PL_Comms_C1.csv,O-19,14.14213562,88.0,wallpath_residual_rf,89.07076959906345,1.0707695990634534,1.0707695990634534,random,33,random
PL_Library_C2.csv::E-15,Library,C2,PL_Library_C2.csv,E-15,12.33005576,76.0,wallpath_residual_rf,81.96691157293718,5.966911572937178,5.966911572937178,random,33,random
PL_Comms_C1.csv::D-30,Comms,C1,PL_Comms_C1.csv,D-30,1.414213562,69.0,wallpath_residual_rf,60.87233371256639,-8.127666287433613,8.127666287433613,random,33,random
PL_SSE_C1.csv::A-2,SSE,C1,PL_SSE_C1.csv,A-2,15.26433752,106.0,wallpath_residual_rf,97.70474231306781,-8.295257686932189,8.295257686932189,random,33,random
PL_Comms_C2.csv::H-53,Comms,C2,PL_Comms_C2.csv,H-53,24.21727121,94.0,wallpath_residual_rf,97.86503232200401,3.865032322004012,3.865032322004012,random,33,random
PL_Comms_C1.csv::D-44,Comms,C1,PL_Comms_C1.csv,D-44,15.03329638,105.0,wallpath_residual_rf,95.34185248578187,-9.658147514218129,9.658147514218129,random,33,random
PL_Comms_C2.csv::N-19,Comms,C2,PL_Comms_C2.csv,N-19,13.50837611,92.0,wallpath_residual_rf,89.139452421699,-2.860547578300995,2.860547578300995,random,33,random
PL_Comms_C2.csv::E-35,Comms,C2,PL_Comms_C2.csv,E-35,6.121782829,88.0,wallpath_residual_rf,86.62393914927691,-1.3760608507230927,1.3760608507230927,random,33,random
PL_Comms_C2.csv::B-14,Comms,C2,PL_Comms_C2.csv,B-14,15.3452346,100.0,wallpath_residual_rf,97.32834150028914,-2.6716584997108583,2.6716584997108583,random,33,random
PL_SSE_C1.csv::L-8,SSE,C1,PL_SSE_C1.csv,L-8,2.828427125,61.0,wallpath_residual_rf,64.15720436538385,3.1572043653838477,3.1572043653838477,random,33,random
PL_Comms_C2.csv::K-39,Comms,C2,PL_Comms_C2.csv,K-39,11.72502559,107.0,wallpath_residual_rf,96.17821793618391,-10.821782063816087,10.821782063816087,random,33,random
PL_Comms_C2.csv::L-46,Comms,C2,PL_Comms_C2.csv,L-46,18.4248806,110.0,wallpath_residual_rf,108.9609579190284,-1.0390420809715977,1.0390420809715977,random,33,random
PL_Library_C2.csv::F-9,Library,C2,PL_Library_C2.csv,F-9,14.45500086,91.0,wallpath_residual_rf,81.11342678350324,-9.886573216496757,9.886573216496757,random,33,random
PL_Comms_C2.csv::G-3,Comms,C2,PL_Comms_C2.csv,G-3,26.1050996,89.0,wallpath_residual_rf,98.6892256460603,9.689225646060294,9.689225646060294,random,33,random
PL_Comms_C2.csv::A-3,Comms,C2,PL_Comms_C2.csv,A-3,26.33393675,122.0,wallpath_residual_rf,115.83356895874365,-6.166431041256345,6.166431041256345,random,33,random
PL_Comms_C2.csv::I-53,Comms,C2,PL_Comms_C2.csv,I-53,24.36136747,112.0,wallpath_residual_rf,106.53576896248714,-5.46423103751286,5.46423103751286,random,33,random
PL_SSE_C1.csv::A-6,SSE,C1,PL_SSE_C1.csv,A-6,13.60147051,96.0,wallpath_residual_rf,94.9482591077819,-1.0517408922181062,1.0517408922181062,random,33,random
PL_Comms_C2.csv::G-37,Comms,C2,PL_Comms_C2.csv,G-37,8.335239949,88.0,wallpath_residual_rf,88.03030217924328,0.030302179243278715,0.030302179243278715,random,33,random
PL_Comms_C1.csv::J-18,Comms,C1,PL_Comms_C1.csv,J-18,12.08304597,91.0,wallpath_residual_rf,91.68932929678559,0.6893292967855871,0.6893292967855871,random,33,random
PL_Comms_C2.csv::C-29,Comms,C2,PL_Comms_C2.csv,C-29,2.340133543,77.0,wallpath_residual_rf,69.96779338426488,-7.03220661573512,7.03220661573512,random,33,random
PL_Library_C1.csv::N-15,Library,C1,PL_Library_C1.csv,N-15,1.355,59.0,wallpath_residual_rf,56.3984531816491,-2.601546818350897,2.601546818350897,random,33,random
PL_Comms_C2.csv::H-43,Comms,C2,PL_Comms_C2.csv,H-43,14.3692806,87.0,wallpath_residual_rf,88.29200308636013,1.2920030863601255,1.2920030863601255,random,33,random
PL_Library_C1.csv::F-9,Library,C1,PL_Library_C1.csv,F-9,14.4038,76.0,wallpath_residual_rf,87.12032830303934,11.120328303039344,11.120328303039344,random,33,random
PL_SSE_C2.csv::I-6,SSE,C2,PL_SSE_C2.csv,I-6,6.517378691,78.0,wallpath_residual_rf,75.05135667008115,-2.948643329918852,2.948643329918852,random,33,random
PL_Comms_C1.csv::B-30,Comms,C1,PL_Comms_C1.csv,B-30,3.16227766,71.0,wallpath_residual_rf,71.8056609990188,0.805660999018798,0.805660999018798,random,33,random
PL_Comms_C1.csv::D-24,Comms,C1,PL_Comms_C1.csv,D-24,5.099019514,84.0,wallpath_residual_rf,71.31935860389926,-12.68064139610074,12.68064139610074,random,33,random
PL_Comms_C1.csv::J-21,Comms,C1,PL_Comms_C1.csv,J-21,9.433981132,81.0,wallpath_residual_rf,84.98723521263467,3.9872352126346726,3.9872352126346726,random,33,random
PL_Library_C2.csv::H-14,Library,C2,PL_Library_C2.csv,H-14,8.655473702,73.0,wallpath_residual_rf,72.04810828831054,-0.9518917116894556,0.9518917116894556,random,33,random
PL_Comms_C1.csv::O-41,Comms,C1,PL_Comms_C1.csv,O-41,15.62049935,97.0,wallpath_residual_rf,99.47766669352077,2.4776666935207743,2.4776666935207743,random,33,random
PL_Comms_C2.csv::P-35,Comms,C2,PL_Comms_C2.csv,P-35,12.58873405,94.0,wallpath_residual_rf,95.16793972304,1.167939723040007,1.167939723040007,random,33,random
PL_Library_C1.csv::N-18,Library,C1,PL_Library_C1.csv,N-18,2.71,54.0,wallpath_residual_rf,58.953559843176286,4.953559843176286,4.953559843176286,random,33,random
PL_Comms_C2.csv::M-13,Comms,C2,PL_Comms_C2.csv,M-13,17.92975809,120.0,wallpath_residual_rf,110.34866161148406,-9.651338388515939,9.651338388515939,random,33,random
PL_Comms_C2.csv::I-56,Comms,C2,PL_Comms_C2.csv,I-56,27.32171709,113.0,wallpath_residual_rf,105.98330993234121,-7.016690067658786,7.016690067658786,random,33,random
PL_Comms_C1.csv::F-21,Comms,C1,PL_Comms_C1.csv,F-21,8.062257748,74.0,wallpath_residual_rf,89.7941525442748,15.794152544274795,15.794152544274795,random,33,random
PL_Library_C1.csv::O-8,Library,C1,PL_Library_C1.csv,O-8,10.9244,69.0,wallpath_residual_rf,75.55093151244225,6.550931512442247,6.550931512442247,random,33,random
PL_Comms_C1.csv::B-38,Comms,C1,PL_Comms_C1.csv,B-38,9.486832981,78.0,wallpath_residual_rf,89.82756072097585,11.827560720975853,11.827560720975853,random,33,random
PL_Library_C1.csv::G-5,Library,C1,PL_Library_C1.csv,G-5,17.667,84.0,wallpath_residual_rf,78.3116468178388,-5.688353182161194,5.688353182161194,random,33,random
PL_Library_C1.csv::Q-8,Library,C1,PL_Library_C1.csv,Q-8,11.5771,71.0,wallpath_residual_rf,73.7263948322492,2.7263948322491984,2.7263948322491984,random,33,random
PL_Library_C2.csv::G-12,Library,C2,PL_Library_C2.csv,G-12,10.99171734,80.0,wallpath_residual_rf,79.58284775540916,-0.417152244590838,0.417152244590838,random,33,random
PL_Comms_C2.csv::C-15,Comms,C2,PL_Comms_C2.csv,C-15,14.1942321,96.0,wallpath_residual_rf,99.34370234184978,3.3437023418497773,3.3437023418497773,random,33,random
PL_Comms_C1.csv::K-53,Comms,C1,PL_Comms_C1.csv,K-53,24.73863375,113.0,wallpath_residual_rf,109.27149059218918,-3.7285094078108187,3.7285094078108187,random,33,random
PL_Comms_C2.csv::D-42,Comms,C2,PL_Comms_C2.csv,D-42,13.09489309,106.0,wallpath_residual_rf,97.82175927854507,-8.178240721454927,8.178240721454927,random,33,random
PL_Library_C2.csv::G-2,Library,C2,PL_Library_C2.csv,G-2,21.24387794,93.0,wallpath_residual_rf,88.07573688537308,-4.924263114626925,4.924263114626925,random,33,random
PL_Library_C1.csv::I-16,Library,C1,PL_Library_C1.csv,I-16,6.775,80.0,wallpath_residual_rf,75.35553126488708,-4.644468735112923,4.644468735112923,random,33,random
PL_Comms_C2.csv::L-37,Comms,C2,PL_Comms_C2.csv,L-37,10.69935629,90.0,wallpath_residual_rf,93.0661881913329,3.0661881913328983,3.0661881913328983,random,33,random
PL_Comms_C2.csv::J-10,Comms,C2,PL_Comms_C2.csv,J-10,19.68441579,111.0,wallpath_residual_rf,109.62047125372546,-1.379528746274545,1.379528746274545,random,33,random
PL_Comms_C1.csv::O-20,Comms,C1,PL_Comms_C1.csv,O-20,13.45362405,94.0,wallpath_residual_rf,89.93091438562685,-4.069085614373151,4.069085614373151,random,33,random
PL_Comms_C1.csv::B-15,Comms,C1,PL_Comms_C1.csv,B-15,14.31782106,99.0,wallpath_residual_rf,93.5773879560909,-5.422612043909098,5.422612043909098,random,33,random
PL_Comms_C2.csv::A-15,Comms,C2,PL_Comms_C2.csv,A-15,14.61082561,98.0,wallpath_residual_rf,99.87732846752843,1.8773284675284287,1.8773284675284287,random,33,random
PL_Library_C1.csv::J-13,Library,C1,PL_Library_C1.csv,J-13,6.775,87.0,wallpath_residual_rf,79.93511931035157,-7.064880689648433,7.064880689648433,random,33,random
PL_Comms_C1.csv::C-30,Comms,C1,PL_Comms_C1.csv,C-30,2.236067977,68.0,wallpath_residual_rf,66.66100355482249,-1.3389964451775143,1.3389964451775143,random,33,random
PL_Comms_C2.csv::B-50,Comms,C2,PL_Comms_C2.csv,B-50,21.2479699,106.0,wallpath_residual_rf,111.73433931438694,5.734339314386943,5.734339314386943,random,33,random
PL_Comms_C1.csv::G-3,Comms,C1,PL_Comms_C1.csv,G-3,26.07680962,100.0,wallpath_residual_rf,94.92791424718962,-5.072085752810381,5.072085752810381,random,33,random
PL_Comms_C2.csv::B-18,Comms,C2,PL_Comms_C2.csv,B-18,11.46630826,91.0,wallpath_residual_rf,91.3647295016449,0.36472950164490214,0.36472950164490214,random,33,random
PL_Comms_C1.csv::C-41,Comms,C1,PL_Comms_C1.csv,C-41,12.16552506,96.0,wallpath_residual_rf,97.34519623269878,1.3451962326987825,1.3451962326987825,random,33,random
PL_Library_C2.csv::V-19,Library,C2,PL_Library_C2.csv,V-19,11.64070659,80.0,wallpath_residual_rf,83.03053719623382,3.030537196233823,3.030537196233823,random,33,random
PL_Comms_C2.csv::G-10,Comms,C2,PL_Comms_C2.csv,G-10,19.14356876,90.0,wallpath_residual_rf,102.8165090800172,12.816509080017198,12.816509080017198,random,33,random
PL_Comms_C1.csv::H-15,Comms,C1,PL_Comms_C1.csv,H-15,14.31782106,86.0,wallpath_residual_rf,91.70948256283063,5.70948256283063,5.70948256283063,random,33,random
PL_Comms_C2.csv::N-21,Comms,C2,PL_Comms_C2.csv,N-21,12.10273626,95.0,wallpath_residual_rf,88.9850594055427,-6.0149405944573004,6.0149405944573004,random,33,random
PL_Comms_C2.csv::P-20,Comms,C2,PL_Comms_C2.csv,P-20,14.26450928,99.0,wallpath_residual_rf,90.01400708119515,-8.985992918804854,8.985992918804854,random,33,random
PL_Comms_C2.csv::D-36,Comms,C2,PL_Comms_C2.csv,D-36,7.174693373,87.0,wallpath_residual_rf,86.69479918518066,-0.3052008148193437,0.3052008148193437,random,33,random
PL_Library_C1.csv::Y-19,Library,C1,PL_Library_C1.csv,Y-19,15.4494,74.0,wallpath_residual_rf,83.93106212518892,9.931062125188916,9.931062125188916,random,33,random
PL_Library_C1.csv::O-5,Library,C1,PL_Library_C1.csv,O-5,14.9665,77.0,wallpath_residual_rf,83.54105251505835,6.541052515058354,6.541052515058354,random,33,random
PL_Library_C2.csv::J-13,Library,C2,PL_Library_C2.csv,J-13,6.883084338,82.0,wallpath_residual_rf,74.11837134879545,-7.881628651204551,7.881628651204551,random,33,random
PL_SSE_C1.csv::C-1,SSE,C1,PL_SSE_C1.csv,C-1,14.2126704,89.0,wallpath_residual_rf,93.26354012643296,4.263540126432957,4.263540126432957,random,33,random
PL_Comms_C1.csv::O-35,Comms,C1,PL_Comms_C1.csv,O-35,11.66190379,95.0,wallpath_residual_rf,89.48029995044973,-5.519700049550266,5.519700049550266,random,33,random
PL_Comms_C2.csv::I-15,Comms,C2,PL_Comms_C2.csv,I-15,14.61082561,108.0,wallpath_residual_rf,98.38870085599511,-9.611299144004889,9.611299144004889,random,33,random
PL_Comms_C1.csv::I-45,Comms,C1,PL_Comms_C1.csv,I-45,16.4924225,104.0,wallpath_residual_rf,104.90034443740178,0.9003444374017846,0.9003444374017846,random,33,random
PL_Comms_C1.csv::H-52,Comms,C1,PL_Comms_C1.csv,H-52,23.19482701,115.0,wallpath_residual_rf,96.67493220059771,-18.32506779940229,18.32506779940229,random,33,random
PL_Comms_C1.csv::E-15,Comms,C1,PL_Comms_C1.csv,E-15,14.0,98.0,wallpath_residual_rf,93.8091453203995,-4.1908546796005055,4.1908546796005055,random,33,random
PL_Comms_C2.csv::C-11,Comms,C2,PL_Comms_C2.csv,C-11,18.15147997,109.0,wallpath_residual_rf,103.45553327217084,-5.54446672782916,5.54446672782916,random,33,random
PL_Library_C2.csv::S-13,Library,C2,PL_Library_C2.csv,S-13,7.993814796,77.0,wallpath_residual_rf,77.98369815600543,0.9836981560054312,0.9836981560054312,random,33,random
PL_Comms_C1.csv::J-40,Comms,C1,PL_Comms_C1.csv,J-40,12.08304597,91.0,wallpath_residual_rf,97.14040024726575,6.140400247265745,6.140400247265745,random,33,random
PL_Comms_C2.csv::K-35,Comms,C2,PL_Comms_C2.csv,K-35,8.571827401,84.0,wallpath_residual_rf,89.96537279230263,5.965372792302631,5.965372792302631,random,33,random
PL_Library_C2.csv::N-9,Library,C2,PL_Library_C2.csv,N-9,9.562502288,78.0,wallpath_residual_rf,71.18931025958042,-6.810689740419576,6.810689740419576,random,33,random
PL_Comms_C1.csv::I-57,Comms,C1,PL_Comms_C1.csv,I-57,28.28427125,104.0,wallpath_residual_rf,107.50455027641355,3.5045502764135534,3.5045502764135534,random,33,random
PL_Comms_C1.csv::M-29,Comms,C1,PL_Comms_C1.csv,M-29,8.0,78.0,wallpath_residual_rf,86.06563787634254,8.065637876342535,8.065637876342535,random,33,random
PL_Comms_C1.csv::J-57,Comms,C1,PL_Comms_C1.csv,J-57,28.44292531,113.0,wallpath_residual_rf,108.12097898466101,-4.879021015338992,4.879021015338992,random,33,random
PL_Comms_C2.csv::F-3,Comms,C2,PL_Comms_C2.csv,F-3,26.04757618,110.0,wallpath_residual_rf,100.44065074993783,-9.55934925006217,9.55934925006217,random,33,random
PL_Comms_C1.csv::D-41,Comms,C1,PL_Comms_C1.csv,D-41,12.04159458,98.0,wallpath_residual_rf,96.45561062426319,-1.544389375736813,1.544389375736813,random,33,random
PL_Library_C2.csv::H-12,Library,C2,PL_Library_C2.csv,H-12,9.846294988,80.0,wallpath_residual_rf,77.9857238657952,-2.014276134204806,2.014276134204806,random,33,random
PL_SSE_C2.csv::I-4,SSE,C2,PL_SSE_C2.csv,I-4,7.904190344,82.0,wallpath_residual_rf,84.92004073182872,2.9200407318287205,2.9200407318287205,random,33,random
PL_Comms_C2.csv::M-25,Comms,C2,PL_Comms_C2.csv,M-25,9.026418171,87.0,wallpath_residual_rf,88.15405944261288,1.1540594426128763,1.1540594426128763,random,33,random
PL_Comms_C1.csv::O-36,Comms,C1,PL_Comms_C1.csv,O-36,12.20655562,91.0,wallpath_residual_rf,91.3192380857214,0.3192380857213948,0.3192380857213948,random,33,random
PL_Library_C2.csv::T-16,Library,C2,PL_Library_C2.csv,T-16,8.220287404,72.0,wallpath_residual_rf,75.30773362586899,3.307733625868991,3.307733625868991,random,33,random
PL_Library_C2.csv::E-3,Library,C2,PL_Library_C2.csv,E-3,21.4588554,83.0,wallpath_residual_rf,91.46653337707177,8.46653337707177,8.46653337707177,random,33,random
PL_Comms_C2.csv::O-39,Comms,C2,PL_Comms_C2.csv,O-39,14.1942321,103.0,wallpath_residual_rf,103.58825900740975,0.5882590074097465,0.5882590074097465,random,33,random
PL_Comms_C1.csv::M-42,Comms,C1,PL_Comms_C1.csv,M-42,15.26433752,100.0,wallpath_residual_rf,99.21570360517568,-0.7842963948243238,0.7842963948243238,random,33,random
PL_Comms_C2.csv::H-5,Comms,C2,PL_Comms_C2.csv,H-5,24.21727121,96.0,wallpath_residual_rf,100.88231645791335,4.882316457913348,4.882316457913348,random,33,random
PL_Library_C1.csv::K-12,Library,C1,PL_Library_C1.csv,K-12,6.775,81.0,wallpath_residual_rf,71.09025497360236,-9.909745026397644,9.909745026397644,random,33,random
PL_SSE_C1.csv::H-7,SSE,C1,PL_SSE_C1.csv,H-7,6.708203932,80.0,wallpath_residual_rf,76.8222517325278,-3.1777482674721966,3.1777482674721966,random,33,random
PL_Comms_C1.csv::N-42,Comms,C1,PL_Comms_C1.csv,N-42,15.8113883,102.0,wallpath_residual_rf,98.06674475024882,-3.933255249751184,3.933255249751184,random,33,random
PL_Comms_C1.csv::G-25,Comms,C1,PL_Comms_C1.csv,G-25,4.472135955,81.0,wallpath_residual_rf,70.65589608654206,-10.344103913457943,10.344103913457943,random,33,random
PL_Library_C2.csv::F-4,Library,C2,PL_Library_C2.csv,F-4,19.57982188,80.0,wallpath_residual_rf,89.7272496925711,9.727249692571107,9.727249692571107,random,33,random
PL_Library_C1.csv::Q-14,Library,C1,PL_Library_C1.csv,Q-14,4.8855,71.0,wallpath_residual_rf,68.02698275422284,-2.9730172457771573,2.9730172457771573,random,33,random
PL_Library_C1.csv::N-8,Library,C1,PL_Library_C1.csv,N-8,10.84,82.0,wallpath_residual_rf,75.07399599933524,-6.926004000664761,6.926004000664761,random,33,random
PL_Comms_C2.csv::E-43,Comms,C2,PL_Comms_C2.csv,E-43,14.05262342,105.0,wallpath_residual_rf,99.18422150931873,-5.815778490681268,5.815778490681268,random,33,random
PL_Comms_C2.csv::N-41,Comms,C2,PL_Comms_C2.csv,N-41,15.04912705,103.0,wallpath_residual_rf,102.7678709215533,-0.23212907844670383,0.23212907844670383,random,33,random
PL_Library_C1.csv::A-7,Library,C1,PL_Library_C1.csv,A-7,21.4244,82.0,wallpath_residual_rf,81.7616050588374,-0.2383949411625963,0.2383949411625963,random,33,random
PL_Comms_C2.csv::J-34,Comms,C2,PL_Comms_C2.csv,J-34,7.174693373,79.0,wallpath_residual_rf,86.90445482263546,7.904454822635458,7.904454822635458,random,33,random
PL_Comms_C2.csv::O-42,Comms,C2,PL_Comms_C2.csv,O-42,16.44616141,112.0,wallpath_residual_rf,103.46303676487548,-8.536963235124517,8.536963235124517,random,33,random
PL_Library_C2.csv::I-8,Library,C2,PL_Library_C2.csv,I-8,12.84065614,79.0,wallpath_residual_rf,81.58214729482437,2.5821472948243667,2.5821472948243667,random,33,random
PL_SSE_C1.csv::C-3,SSE,C1,PL_SSE_C1.csv,C-3,13.03840481,97.0,wallpath_residual_rf,94.99287834607877,-2.0071216539212315,2.0071216539212315,random,33,random
PL_Comms_C2.csv::K-13,Comms,C2,PL_Comms_C2.csv,K-13,17.1311478,113.0,wallpath_residual_rf,101.65364471686254,-11.346355283137456,11.346355283137456,random,33,random
PL_Comms_C1.csv::I-39,Comms,C1,PL_Comms_C1.csv,I-39,10.77032961,92.0,wallpath_residual_rf,96.23235754224359,4.232357542243591,4.232357542243591,random,33,random
PL_Comms_C1.csv::F-40,Comms,C1,PL_Comms_C1.csv,F-40,11.04536102,91.0,wallpath_residual_rf,89.48372405966947,-1.5162759403305301,1.5162759403305301,random,33,random
PL_Comms_C1.csv::G-8,Comms,C1,PL_Comms_C1.csv,G-8,21.09502311,89.0,wallpath_residual_rf,102.64047554598945,13.640475545989446,13.640475545989446,random,33,random
PL_Library_C1.csv::G-2,Library,C1,PL_Library_C1.csv,G-2,21.2091,85.0,wallpath_residual_rf,83.44480126382737,-1.5551987361726276,1.5551987361726276,random,33,random
PL_Comms_C2.csv::K-34,Comms,C2,PL_Comms_C2.csv,K-34,7.904190344,82.0,wallpath_residual_rf,88.04927660139884,6.049276601398844,6.049276601398844,random,33,random
PL_Comms_C2.csv::A-43,Comms,C2,PL_Comms_C2.csv,A-43,14.61082561,100.0,wallpath_residual_rf,102.272728772044,2.2727287720440046,2.2727287720440046,random,33,random
PL_SSE_C1.csv::N-2,SSE,C1,PL_SSE_C1.csv,N-2,8.0,67.0,wallpath_residual_rf,76.56046758931417,9.560467589314172,9.560467589314172,random,33,random
PL_Comms_C1.csv::A-31,Comms,C1,PL_Comms_C1.csv,A-31,4.472135955,68.0,wallpath_residual_rf,70.65589608654206,2.6558960865420573,2.6558960865420573,random,33,random
PL_Library_C2.csv::H-9,Library,C2,PL_Library_C2.csv,H-9,12.55142821,76.0,wallpath_residual_rf,81.59518944485974,5.5951894448597415,5.5951894448597415,random,33,random
PL_Comms_C1.csv::E-30,Comms,C1,PL_Comms_C1.csv,E-30,1.0,69.0,wallpath_residual_rf,57.54468456600321,-11.455315433996788,11.455315433996788,random,33,random
PL_Library_C2.csv::V-9,Library,C2,PL_Library_C2.csv,V-9,14.45500086,82.0,wallpath_residual_rf,84.8609634792056,2.8609634792055942,2.8609634792055942,random,33,random
PL_SSE_C2.csv::F-4,SSE,C2,PL_SSE_C2.csv,F-4,10.07354084,82.0,wallpath_residual_rf,83.21188017544442,1.2118801754444206,1.2118801754444206,random,33,random
PL_SSE_C1.csv::M-9,SSE,C1,PL_SSE_C1.csv,M-9,1.414213562,54.0,wallpath_residual_rf,54.60161488195931,0.601614881959307,0.601614881959307,random,33,random
PL_Comms_C1.csv::I-20,Comms,C1,PL_Comms_C1.csv,I-20,9.848857802,92.0,wallpath_residual_rf,85.19567157769768,-6.804328422302319,6.804328422302319,random,33,random
PL_Comms_C1.csv::A-36,Comms,C1,PL_Comms_C1.csv,A-36,8.062257748,79.0,wallpath_residual_rf,85.52187754452311,6.521877544523107,6.521877544523107,random,33,random
PL_Comms_C2.csv::J-51,Comms,C2,PL_Comms_C2.csv,J-51,22.59372092,114.0,wallpath_residual_rf,99.4064713326325,-14.593528667367494,14.593528667367494,random,33,random
PL_SSE_C2.csv::K-6,SSE,C2,PL_SSE_C2.csv,K-6,5.14550532,73.0,wallpath_residual_rf,72.11950796805364,-0.8804920319463605,0.8804920319463605,random,33,random
PL_Library_C2.csv::M-25,Library,C2,PL_Library_C2.csv,M-25,12.33005576,85.0,wallpath_residual_rf,89.0254993046828,4.025499304682796,4.025499304682796,random,33,random
PL_Library_C2.csv::J-11,Library,C2,PL_Library_C2.csv,J-11,8.760893219,78.0,wallpath_residual_rf,75.96446168410401,-2.035538315895991,2.035538315895991,random,33,random
PL_Comms_C1.csv::F-8,Comms,C1,PL_Comms_C1.csv,F-8,21.02379604,85.0,wallpath_residual_rf,105.95974374812809,20.95974374812809,20.95974374812809,random,33,random
PL_Comms_C1.csv::K-10,Comms,C1,PL_Comms_C1.csv,K-10,19.92485885,104.0,wallpath_residual_rf,98.11213126202975,-5.887868737970251,5.887868737970251,random,33,random
PL_Comms_C2.csv::G-27,Comms,C2,PL_Comms_C2.csv,G-27,3.078347771,76.0,wallpath_residual_rf,72.93777269190241,-3.06222730809759,3.06222730809759,random,33,random
PL_Library_C1.csv::N-12,Library,C1,PL_Library_C1.csv,N-12,5.42,70.0,wallpath_residual_rf,72.25290851865087,2.2529085186508695,2.2529085186508695,random,33,random
PL_Library_C2.csv::N-24,Library,C2,PL_Library_C2.csv,N-24,10.90787903,82.0,wallpath_residual_rf,79.67465915173926,-2.325340848260737,2.325340848260737,random,33,random
PL_SSE_C1.csv::M-6,SSE,C1,PL_SSE_C1.csv,M-6,4.123105626,73.0,wallpath_residual_rf,76.3660454505954,3.3660454505953936,3.3660454505953936,random,33,random
PL_Comms_C1.csv::G-33,Comms,C1,PL_Comms_C1.csv,G-33,4.472135955,75.0,wallpath_residual_rf,74.97693378070954,-0.023066219290456047,0.023066219290456047,random,33,random
PL_Comms_C2.csv::N-53,Comms,C2,PL_Comms_C2.csv,N-53,25.66079159,113.0,wallpath_residual_rf,116.54011873648213,3.5401187364821283,3.5401187364821283,random,33,random
PL_Comms_C1.csv::I-49,Comms,C1,PL_Comms_C1.csv,I-49,20.39607805,109.0,wallpath_residual_rf,99.28060567826559,-9.719394321734413,9.719394321734413,random,33,random
PL_Library_C1.csv::R-17,Library,C1,PL_Library_C1.csv,R-17,5.5868,66.0,wallpath_residual_rf,73.00136974831796,7.0013697483179556,7.0013697483179556,random,33,random
PL_Library_C1.csv::A-5,Library,C1,PL_Library_C1.csv,A-5,23.0748,75.0,wallpath_residual_rf,81.7374261490449,6.737426149044893,6.737426149044893,random,33,random
PL_Library_C1.csv::L-23,Library,C1,PL_Library_C1.csv,L-23,9.8645,83.0,wallpath_residual_rf,79.66816825357955,-3.3318317464204483,3.3318317464204483,random,33,random
PL_Comms_C2.csv::D-39,Comms,C2,PL_Comms_C2.csv,D-39,10.12305413,88.0,wallpath_residual_rf,90.31736508489239,2.317365084892387,2.317365084892387,random,33,random
PL_Comms_C2.csv::N-40,Comms,C2,PL_Comms_C2.csv,N-40,14.26450928,100.0,wallpath_residual_rf,103.01614627605318,3.0161462760531776,3.0161462760531776,random,33,random
PL_Library_C1.csv::V-16,Library,C1,PL_Library_C1.csv,V-16,10.84,74.0,wallpath_residual_rf,76.38812044248733,2.3881204424873346,2.3881204424873346,random,33,random
PL_Comms_C1.csv::J-19,Comms,C1,PL_Comms_C1.csv,J-19,11.18033989,90.0,wallpath_residual_rf,85.22742501400738,-4.77257498599262,4.77257498599262,random,33,random
PL_Library_C2.csv::L-14,Library,C2,PL_Library_C2.csv,L-14,4.020500591,77.0,wallpath_residual_rf,67.0543469409461,-9.945653059053896,9.945653059053896,random,33,random
PL_Comms_C2.csv::J-22,Comms,C2,PL_Comms_C2.csv,J-22,8.687705393,80.0,wallpath_residual_rf,86.61409439395662,6.61409439395662,6.61409439395662,random,33,random
PL_Comms_C1.csv::P-42,Comms,C1,PL_Comms_C1.csv,P-42,17.02938637,110.0,wallpath_residual_rf,100.18715908816898,-9.812840911831017,9.812840911831017,random,33,random
PL_Library_C1.csv::Q-10,Library,C1,PL_Library_C1.csv,Q-10,9.0896,73.0,wallpath_residual_rf,73.10228603049967,0.10228603049966978,0.10228603049966978,random,33,random
PL_Comms_C1.csv::L-30,Comms,C1,PL_Comms_C1.csv,L-30,7.071067812,94.0,wallpath_residual_rf,85.27122449044417,-8.728775509555831,8.728775509555831,random,33,random
PL_Library_C1.csv::T-10,Library,C1,PL_Library_C1.csv,T-10,11.4976,78.0,wallpath_residual_rf,76.22352622837242,-1.776473771627579,1.776473771627579,random,33,random
PL_Library_C1.csv::H-12,Library,C1,PL_Library_C1.csv,H-12,9.771,78.0,wallpath_residual_rf,74.80696407409805,-3.1930359259019525,3.1930359259019525,random,33,random
PL_Comms_C1.csv::E-16,Comms,C1,PL_Comms_C1.csv,E-16,13.0,88.0,wallpath_residual_rf,94.21849389037635,6.218493890376351,6.218493890376351,random,33,random
PL_Comms_C1.csv::M-52,Comms,C1,PL_Comms_C1.csv,M-52,24.35159132,108.0,wallpath_residual_rf,112.23004196709896,4.2300419670989555,4.2300419670989555,random,33,random
PL_Comms_C2.csv::H-24,Comms,C2,PL_Comms_C2.csv,H-24,5.956192156,77.0,wallpath_residual_rf,78.57653602900606,1.5765360290060642,1.5765360290060642,random,33,random
PL_SSE_C1.csv::D-7,SSE,C1,PL_SSE_C1.csv,D-7,10.44030651,101.0,wallpath_residual_rf,91.92877752218423,-9.071222477815766,9.071222477815766,random,33,random
PL_Comms_C2.csv::F-35,Comms,C2,PL_Comms_C2.csv,F-35,6.202920683,96.0,wallpath_residual_rf,78.56690634359092,-17.433093656409085,17.433093656409085,random,33,random
PL_Comms_C1.csv::H-29,Comms,C1,PL_Comms_C1.csv,H-29,3.0,73.0,wallpath_residual_rf,71.27622234743765,-1.7237776525623474,1.7237776525623474,random,33,random
PL_Library_C1.csv::Q-22,Library,C1,PL_Library_C1.csv,Q-22,9.0896,72.0,wallpath_residual_rf,71.03332772347363,-0.9666722765263671,0.9666722765263671,random,33,random
PL_Comms_C2.csv::L-31,Comms,C2,PL_Comms_C2.csv,L-31,7.380801108,91.0,wallpath_residual_rf,90.53899532632828,-0.4610046736717237,0.4610046736717237,random,33,random
PL_Comms_C1.csv::C-54,Comms,C1,PL_Comms_C1.csv,C-54,25.07987241,113.0,wallpath_residual_rf,107.39498617741565,-5.605013822584354,5.605013822584354,random,33,random
PL_Library_C2.csv::L-16,Library,C2,PL_Library_C2.csv,L-16,2.969903197,74.0,wallpath_residual_rf,71.13186380648342,-2.868136193516577,2.868136193516577,random,33,random
PL_Library_C2.csv::K-7,Library,C2,PL_Library_C2.csv,K-7,12.91195086,65.0,wallpath_residual_rf,81.3713366717727,16.371336671772696,16.371336671772696,random,33,random
PL_SSE_C1.csv::N-7,SSE,C1,PL_SSE_C1.csv,N-7,3.0,67.0,wallpath_residual_rf,72.98496911535294,5.984969115352939,5.984969115352939,random,33,random
PL_Library_C1.csv::J-7,Library,C1,PL_Library_C1.csv,J-7,13.3452,88.0,wallpath_residual_rf,77.9500588088013,-10.049941191198698,10.049941191198698,random,33,random
PL_Library_C2.csv::V-5,Library,C2,PL_Library_C2.csv,V-5,18.46999865,84.0,wallpath_residual_rf,85.88248417061104,1.8824841706110362,1.8824841706110362,random,33,random
PL_Library_C2.csv::F-8,Library,C2,PL_Library_C2.csv,F-8,15.37814765,75.0,wallpath_residual_rf,79.98095387705884,4.9809538770588375,4.9809538770588375,random,33,random
PL_Comms_C2.csv::G-4,Comms,C2,PL_Comms_C2.csv,G-4,25.10928563,92.0,wallpath_residual_rf,104.40483673677788,12.404836736777881,12.404836736777881,random,33,random
PL_Comms_C1.csv::K-32,Comms,C1,PL_Comms_C1.csv,K-32,6.708203932,84.0,wallpath_residual_rf,82.66531877120806,-1.3346812287919363,1.3346812287919363,random,33,random
PL_Comms_C1.csv::D-22,Comms,C1,PL_Comms_C1.csv,D-22,7.071067812,83.0,wallpath_residual_rf,80.8696914275203,-2.1303085724797057,2.1303085724797057,random,33,random
PL_Library_C1.csv::P-11,Library,C1,PL_Library_C1.csv,P-11,7.2969,80.0,wallpath_residual_rf,69.56587738640539,-10.43412261359461,10.43412261359461,random,33,random
PL_Library_C2.csv::O-13,Library,C2,PL_Library_C2.csv,O-13,4.45381578,72.0,wallpath_residual_rf,69.80871135589568,-2.1912886441043185,2.1912886441043185,random,33,random
PL_Comms_C1.csv::C-14,Comms,C1,PL_Comms_C1.csv,C-14,15.13274595,95.0,wallpath_residual_rf,93.26668701338787,-1.733312986612134,1.733312986612134,random,33,random
PL_Comms_C1.csv::A-20,Comms,C1,PL_Comms_C1.csv,A-20,9.848857802,87.0,wallpath_residual_rf,85.19567157769768,-1.8043284223023193,1.8043284223023193,random,33,random
PL_Comms_C1.csv::K-23,Comms,C1,PL_Comms_C1.csv,K-23,8.485281374,90.0,wallpath_residual_rf,84.62063409668636,-5.379365903313641,5.379365903313641,random,33,random
PL_Comms_C2.csv::L-23,Comms,C2,PL_Comms_C2.csv,L-23,9.299259379,89.0,wallpath_residual_rf,86.76330449620656,-2.2366955037934417,2.2366955037934417,random,33,random
PL_SSE_C2.csv::M-5,SSE,C2,PL_SSE_C2.csv,M-5,5.241776893,77.0,wallpath_residual_rf,71.68728430603079,-5.31271569396921,5.31271569396921,random,33,random
PL_Library_C1.csv::P-14,Library,C1,PL_Library_C1.csv,P-14,3.8325,80.0,wallpath_residual_rf,64.28214912017955,-15.717850879820446,15.717850879820446,random,33,random
PL_Comms_C2.csv::F-21,Comms,C2,PL_Comms_C2.csv,F-21,8.153295346,82.0,wallpath_residual_rf,87.68689249833704,5.686892498337045,5.686892498337045,random,33,random
PL_Library_C2.csv::N-10,Library,C2,PL_Library_C2.csv,N-10,8.220287404,71.0,wallpath_residual_rf,72.15172903605978,1.151729036059777,1.151729036059777,random,33,random
PL_Comms_C2.csv::G-7,Comms,C2,PL_Comms_C2.csv,G-7,22.12410959,92.0,wallpath_residual_rf,101.21906797270483,9.219067972704835,9.219067972704835,random,33,random
PL_Library_C2.csv::M-24,Library,C2,PL_Library_C2.csv,M-24,10.99171734,78.0,wallpath_residual_rf,82.92281944420407,4.922819444204066,4.922819444204066,random,33,random
PL_Comms_C2.csv::E-3,Comms,C2,PL_Comms_C2.csv,E-3,26.02837346,110.0,wallpath_residual_rf,114.09620128036488,4.09620128036488,4.09620128036488,random,33,random
PL_Comms_C1.csv::M-38,Comms,C1,PL_Comms_C1.csv,M-38,12.04159458,100.0,wallpath_residual_rf,95.74945178507234,-4.250548214927662,4.250548214927662,random,33,random
PL_SSE_C2.csv::G-6,SSE,C2,PL_SSE_C2.csv,G-6,8.153295346,87.0,wallpath_residual_rf,88.61048011759718,1.6104801175971772,1.6104801175971772,random,33,random
PL_Comms_C1.csv::P-43,Comms,C1,PL_Comms_C1.csv,P-43,17.80449381,105.0,wallpath_residual_rf,106.88839340098953,1.8883934009895285,1.8883934009895285,random,33,random
PL_Comms_C1.csv::A-15,Comms,C1,PL_Comms_C1.csv,A-15,14.56021978,90.0,wallpath_residual_rf,95.72906865637133,5.729068656371325,5.729068656371325,random,33,random
PL_Comms_C2.csv::N-17,Comms,C2,PL_Comms_C2.csv,N-17,15.04912705,93.0,wallpath_residual_rf,94.48551664310125,1.4855166431012492,1.4855166431012492,random,33,random
PL_Comms_C1.csv::K-46,Comms,C1,PL_Comms_C1.csv,K-46,18.02775638,106.0,wallpath_residual_rf,96.47382767586997,-9.52617232413003,9.52617232413003,random,33,random
PL_SSE_C2.csv::L-5,SSE,C2,PL_SSE_C2.csv,L-5,5.520527602,82.0,wallpath_residual_rf,72.20027486930998,-9.799725130690021,9.799725130690021,random,33,random
PL_SSE_C1.csv::F-1,SSE,C1,PL_SSE_C1.csv,F-1,12.04159458,86.0,wallpath_residual_rf,94.26337887404198,8.263378874041976,8.263378874041976,random,33,random
PL_Comms_C2.csv::D-55,Comms,C2,PL_Comms_C2.csv,D-55,26.04757618,118.0,wallpath_residual_rf,114.46015929032232,-3.5398407096776765,3.5398407096776765,random,33,random
PL_Comms_C2.csv::G-46,Comms,C2,PL_Comms_C2.csv,G-46,17.16030958,96.0,wallpath_residual_rf,101.42194787100074,5.421947871000739,5.421947871000739,random,33,random
PL_SSE_C1.csv::A-7,SSE,C1,PL_SSE_C1.csv,A-7,13.34166406,106.0,wallpath_residual_rf,97.06702283064502,-8.932977169354984,8.932977169354984,random,33,random
PL_Comms_C2.csv::C-47,Comms,C2,PL_Comms_C2.csv,C-47,18.15147997,102.0,wallpath_residual_rf,106.96718562489583,4.9671856248958335,4.9671856248958335,random,33,random
PL_Library_C2.csv::O-14,Library,C2,PL_Library_C2.csv,O-14,3.264406531,81.0,wallpath_residual_rf,68.6992074001083,-12.300792599891693,12.300792599891693,random,33,random
PL_Comms_C2.csv::G-30,Comms,C2,PL_Comms_C2.csv,G-30,2.544842824,84.0,wallpath_residual_rf,73.6390595886025,-10.360940411397493,10.360940411397493,random,33,random
PL_Library_C1.csv::T-14,Library,C1,PL_Library_C1.csv,T-14,8.5698,71.0,wallpath_residual_rf,70.22869604518311,-0.7713039548168865,0.7713039548168865,random,33,random
PL_Comms_C2.csv::O-20,Comms,C2,PL_Comms_C2.csv,O-20,13.50837611,89.0,wallpath_residual_rf,92.37338316645554,3.3733831664555396,3.3733831664555396,random,33,random
PL_Comms_C1.csv::I-11,Comms,C1,PL_Comms_C1.csv,I-11,18.43908891,104.0,wallpath_residual_rf,98.99671479307696,-5.003285206923039,5.003285206923039,random,33,random
PL_Comms_C2.csv::K-38,Comms,C2,PL_Comms_C2.csv,K-38,10.88467845,99.0,wallpath_residual_rf,95.98365723576576,-3.0163427642342384,3.0163427642342384,random,33,random
PL_Comms_C1.csv::I-23,Comms,C1,PL_Comms_C1.csv,I-23,7.211102551,82.0,wallpath_residual_rf,84.31589851874756,2.3158985187475594,2.3158985187475594,random,33,random
PL_Comms_C2.csv::D-54,Comms,C2,PL_Comms_C2.csv,D-54,25.04947554,111.0,wallpath_residual_rf,112.2510263432503,1.2510263432503024,1.2510263432503024,random,33,random
PL_Comms_C2.csv::K-24,Comms,C2,PL_Comms_C2.csv,K-24,7.904190344,92.0,wallpath_residual_rf,86.2104039242734,-5.789596075726607,5.789596075726607,random,33,random
PL_Comms_C2.csv::D-57,Comms,C2,PL_Comms_C2.csv,D-57,28.04418344,110.0,wallpath_residual_rf,111.15758281344732,1.1575828134473198,1.1575828134473198,random,33,random
PL_Comms_C2.csv::F-34,Comms,C2,PL_Comms_C2.csv,F-34,5.241776893,93.0,wallpath_residual_rf,78.64148725409063,-14.358512745909366,14.358512745909366,random,33,random
PL_Library_C2.csv::M-19,Library,C2,PL_Library_C2.csv,M-19,4.45381578,76.0,wallpath_residual_rf,72.49719905209308,-3.5028009479069198,3.5028009479069198,random,33,random
PL_Comms_C1.csv::A-11,Comms,C1,PL_Comms_C1.csv,A-11,18.43908891,105.0,wallpath_residual_rf,104.62097376446967,-0.37902623553033266,0.37902623553033266,random,33,random
PL_Library_C1.csv::B-10,Library,C1,PL_Library_C1.csv,B-10,18.1792,93.0,wallpath_residual_rf,84.01418443428079,-8.985815565719207,8.985815565719207,random,33,random
PL_Library_C2.csv::M-14,Library,C2,PL_Library_C2.csv,M-14,3.264406531,83.0,wallpath_residual_rf,70.61862305916348,-12.381376940836518,12.381376940836518,random,33,random
PL_Comms_C2.csv::B-22,Comms,C2,PL_Comms_C2.csv,B-22,7.712083052,83.0,wallpath_residual_rf,85.53767276260386,2.5376727626038615,2.5376727626038615,random,33,random
PL_SSE_C2.csv::A-6,SSE,C2,PL_SSE_C2.csv,A-6,13.65562979,106.0,wallpath_residual_rf,98.88917742086856,-7.110822579131437,7.110822579131437,random,33,random
PL_Comms_C1.csv::D-25,Comms,C1,PL_Comms_C1.csv,D-25,4.123105626,75.0,wallpath_residual_rf,73.50506982693666,-1.494930173063338,1.494930173063338,random,33,random
PL_Comms_C1.csv::B-14,Comms,C1,PL_Comms_C1.csv,B-14,15.29705854,98.0,wallpath_residual_rf,95.18033601100197,-2.8196639889980304,2.8196639889980304,random,33,random
PL_Library_C2.csv::T-19,Library,C2,PL_Library_C2.csv,T-19,9.17046073,73.0,wallpath_residual_rf,75.99195717447148,2.99195717447148,2.99195717447148,random,33,random
PL_SSE_C2.csv::B-5,SSE,C2,PL_SSE_C2.csv,B-5,13.05665443,100.0,wallpath_residual_rf,102.89828191502548,2.8982819150254784,2.8982819150254784,random,33,random
PL_Comms_C1.csv::D-45,Comms,C1,PL_Comms_C1.csv,D-45,16.03121954,114.0,wallpath_residual_rf,102.96620703090771,-11.03379296909229,11.03379296909229,random,33,random
PL_Comms_C2.csv::P-56,Comms,C2,PL_Comms_C2.csv,P-56,29.18006554,123.0,wallpath_residual_rf,121.59554479839433,-1.4044552016056713,1.4044552016056713,random,33,random
PL_Library_C1.csv::E-1,Library,C1,PL_Library_C1.csv,E-1,23.7028,80.0,wallpath_residual_rf,87.25908107863003,7.259081078630032,7.259081078630032,random,33,random
PL_Comms_C2.csv::F-26,Comms,C2,PL_Comms_C2.csv,F-26,3.387657745,77.0,wallpath_residual_rf,75.14498741042372,-1.8550125895762761,1.8550125895762761,random,33,random
PL_Comms_C1.csv::L-32,Comms,C1,PL_Comms_C1.csv,L-32,7.615773106,100.0,wallpath_residual_rf,86.77207916729668,-13.227920832703319,13.227920832703319,random,33,random
PL_Comms_C2.csv::P-52,Comms,C2,PL_Comms_C2.csv,P-52,25.5240323,117.0,wallpath_residual_rf,116.3700931601665,-0.6299068398334953,0.6299068398334953,random,33,random
PL_Comms_C2.csv::O-57,Comms,C2,PL_Comms_C2.csv,O-57,29.75695255,123.0,wallpath_residual_rf,121.78803980813628,-1.2119601918637244,1.2119601918637244,random,33,random
PL_Comms_C1.csv::K-41,Comms,C1,PL_Comms_C1.csv,K-41,13.41640786,94.0,wallpath_residual_rf,97.06159942836666,3.0615994283666623,3.0615994283666623,random,33,random
PL_Comms_C2.csv::O-38,Comms,C2,PL_Comms_C2.csv,O-38,13.50837611,106.0,wallpath_residual_rf,107.82607386216289,1.826073862162886,1.826073862162886,random,33,random
PL_Comms_C1.csv::J-29,Comms,C1,PL_Comms_C1.csv,J-29,5.0,76.0,wallpath_residual_rf,72.60492960571818,-3.3950703942818166,3.3950703942818166,random,33,random
PL_Comms_C2.csv::D-16,Comms,C2,PL_Comms_C2.csv,D-16,13.09489309,92.0,wallpath_residual_rf,96.94768578979208,4.947685789792075,4.947685789792075,random,33,random
PL_Library_C2.csv::Q-7,Library,C2,PL_Library_C2.csv,Q-7,12.91195086,93.0,wallpath_residual_rf,84.18167938967294,-8.818320610327063,8.818320610327063,random,33,random
PL_Library_C2.csv::Q-14,Library,C2,PL_Library_C2.csv,Q-14,5.034337096,65.0,wallpath_residual_rf,75.63941133425935,10.63941133425935,10.63941133425935,random,33,random
PL_Comms_C2.csv::C-22,Comms,C2,PL_Comms_C2.csv,C-22,7.380801108,86.0,wallpath_residual_rf,90.97665621868276,4.976656218682763,4.976656218682763,random,33,random
PL_SSE_C2.csv::M-8,SSE,C2,PL_SSE_C2.csv,M-8,2.544842824,76.0,wallpath_residual_rf,72.01998070233857,-3.9800192976614284,3.9800192976614284,random,33,random
PL_Comms_C2.csv::E-49,Comms,C2,PL_Comms_C2.csv,E-49,20.03687164,101.0,wallpath_residual_rf,106.71058827717091,5.710588277170913,5.710588277170913,random,33,random
PL_Comms_C2.csv::M-36,Comms,C2,PL_Comms_C2.csv,M-36,10.69935629,91.0,wallpath_residual_rf,93.0661881913329,2.0661881913328983,2.0661881913328983,random,33,random
PL_SSE_C1.csv::N-8,SSE,C1,PL_SSE_C1.csv,N-8,2.0,63.0,wallpath_residual_rf,56.464662220615395,-6.535337779384605,6.535337779384605,random,33,random
PL_Comms_C1.csv::O-26,Comms,C1,PL_Comms_C1.csv,O-26,10.44030651,95.0,wallpath_residual_rf,89.34038295878675,-5.659617041213252,5.659617041213252,random,33,random
PL_Library_C1.csv::P-8,Library,C1,PL_Library_C1.csv,P-8,11.1736,74.0,wallpath_residual_rf,74.25753911838169,0.2575391183816862,0.2575391183816862,random,33,random
PL_Comms_C2.csv::L-20,Comms,C2,PL_Comms_C2.csv,L-20,11.46630826,93.0,wallpath_residual_rf,88.51217620961262,-4.487823790387381,4.487823790387381,random,33,random
PL_Library_C2.csv::K-11,Library,C2,PL_Library_C2.csv,K-11,7.993814796,80.0,wallpath_residual_rf,77.28076421444406,-2.719235785555938,2.719235785555938,random,33,random
PL_Comms_C2.csv::M-42,Comms,C2,PL_Comms_C2.csv,M-42,15.31261653,110.0,wallpath_residual_rf,103.11675127521826,-6.883248724781737,6.883248724781737,random,33,random
PL_Comms_C2.csv::G-44,Comms,C2,PL_Comms_C2.csv,G-44,15.18144344,86.0,wallpath_residual_rf,98.31154409333098,12.31154409333098,12.31154409333098,random,33,random
PL_Library_C1.csv::P-18,Library,C1,PL_Library_C1.csv,P-18,3.8325,64.0,wallpath_residual_rf,62.489279420743,-1.510720579256997,1.510720579256997,random,33,random
PL_Comms_C2.csv::F-33,Comms,C2,PL_Comms_C2.csv,F-33,4.298397957,75.0,wallpath_residual_rf,79.26696340689581,4.266963406895812,4.266963406895812,random,33,random
PL_Library_C2.csv::O-5,Library,C2,PL_Library_C2.csv,O-5,15.01570095,81.0,wallpath_residual_rf,80.40486552617668,-0.5951344738233217,0.5951344738233217,random,33,random
PL_Comms_C1.csv::J-55,Comms,C1,PL_Comms_C1.csv,J-55,26.47640459,104.0,wallpath_residual_rf,101.92036083911042,-2.0796391608895846,2.0796391608895846,random,33,random
PL_Comms_C2.csv::N-24,Comms,C2,PL_Comms_C2.csv,N-24,10.36707408,80.0,wallpath_residual_rf,90.63428559746029,10.634285597460291,10.634285597460291,random,33,random
PL_Library_C1.csv::D-9,Library,C1,PL_Library_C1.csv,D-9,16.5399,83.0,wallpath_residual_rf,85.86203357938373,2.862033579383734,2.862033579383734,random,33,random
PL_Comms_C2.csv::A-32,Comms,C2,PL_Comms_C2.csv,A-32,5.14550532,78.0,wallpath_residual_rf,79.66727808103175,1.6672780810317533,1.6672780810317533,random,33,random
PL_Comms_C2.csv::A-31,Comms,C2,PL_Comms_C2.csv,A-31,4.634244814,73.0,wallpath_residual_rf,77.65752591430785,4.657525914307854,4.657525914307854,random,33,random
PL_Library_C1.csv::I-5,Library,C1,PL_Library_C1.csv,I-5,16.3725,87.0,wallpath_residual_rf,85.56309473508256,-1.436905264917442,1.436905264917442,random,33,random
PL_SSE_C2.csv::K-5,SSE,C2,PL_SSE_C2.csv,K-5,5.956192156,83.0,wallpath_residual_rf,72.79387256458753,-10.20612743541247,10.20612743541247,random,33,random
PL_Comms_C2.csv::D-51,Comms,C2,PL_Comms_C2.csv,D-51,22.05620604,112.0,wallpath_residual_rf,105.87725831229518,-6.122741687704817,6.122741687704817,random,33,random
PL_Comms_C1.csv::N-53,Comms,C1,PL_Comms_C1.csv,N-53,25.63201124,108.0,wallpath_residual_rf,109.33216961293797,1.3321696129379745,1.3321696129379745,random,33,random
PL_Comms_C2.csv::B-11,Comms,C2,PL_Comms_C2.csv,B-11,18.28869118,111.0,wallpath_residual_rf,106.43039083631867,-4.569609163681335,4.569609163681335,random,33,random
PL_Comms_C1.csv::F-7,Comms,C1,PL_Comms_C1.csv,F-7,22.02271555,97.0,wallpath_residual_rf,102.1329129183586,5.132912918358599,5.132912918358599,random,33,random
PL_Comms_C2.csv::F-29,Comms,C2,PL_Comms_C2.csv,F-29,1.573602555,71.0,wallpath_residual_rf,70.02550432331249,-0.9744956766875106,0.9744956766875106,random,33,random
PL_Comms_C2.csv::C-51,Comms,C2,PL_Comms_C2.csv,C-51,22.12410959,109.0,wallpath_residual_rf,110.03763360939185,1.0376336093918468,1.0376336093918468,random,33,random
PL_Comms_C2.csv::G-39,Comms,C2,PL_Comms_C2.csv,G-39,10.27016188,85.0,wallpath_residual_rf,92.22918823155474,7.229188231554744,7.229188231554744,random,33,random
PL_SSE_C2.csv::E-1,SSE,C2,PL_SSE_C2.csv,E-1,12.78578214,97.0,wallpath_residual_rf,97.10114446979124,0.1011444697912367,0.1011444697912367,random,33,random
PL_Comms_C1.csv::B-37,Comms,C1,PL_Comms_C1.csv,B-37,8.544003745,86.0,wallpath_residual_rf,87.1675641901893,1.167564190189296,1.167564190189296,random,33,random
PL_Library_C2.csv::R-12,Library,C2,PL_Library_C2.csv,R-12,7.760736112,71.0,wallpath_residual_rf,72.39363842070671,1.3936384207067078,1.3936384207067078,random,33,random
PL_Comms_C1.csv::P-55,Comms,C1,PL_Comms_C1.csv,P-55,28.23118843,114.0,wallpath_residual_rf,118.116338708346,4.116338708346007,4.116338708346007,random,33,random
PL_Comms_C1.csv::J-50,Comms,C1,PL_Comms_C1.csv,J-50,21.58703314,107.0,wallpath_residual_rf,102.21572719993326,-4.784272800066745,4.784272800066745,random,33,random
PL_Comms_C2.csv::J-46,Comms,C2,PL_Comms_C2.csv,J-46,17.7616504,115.0,wallpath_residual_rf,111.48492173440694,-3.5150782655930612,3.5150782655930612,random,33,random
PL_Library_C1.csv::A-10,Library,C1,PL_Library_C1.csv,A-10,19.4006,84.0,wallpath_residual_rf,85.26953543798439,1.2695354379843877,1.2695354379843877,random,33,random
