task,scope,building,baseline_method,metric,num_valid_maps,mean_wallpath_value,mean_baseline_value,mean_paired_difference,median_paired_difference,wallpath_improvement_percent,wallpath_map_win_rate,building_winner
task2,overall,21,direct_extra_all_features,free_space_rmse,150,6.487246108768197,8.512744406137871,2.0254982973696745,0.36727803046492014,23.793716817214044,0.6533333333333333,wallpath_extra
task2,overall,21,direct_extra_all_features,high_wall_rmse,150,7.052649524951386,9.244202036839708,2.191552511888322,0.389318707537762,23.707319497719915,0.6333333333333333,wallpath_extra
task2,overall,21,direct_extra_all_features,los_rmse,141,4.443226435119253,2.37322335945526,-2.0700030756639927,-1.2528811873886518,-87.22327240783324,0.1276595744680851,baseline
task2,overall,21,direct_extra_all_features,mae,150,4.795274865362379,6.553709727128346,1.7584348617659675,0.3471395174662275,26.831137401266393,0.6533333333333333,wallpath_extra
task2,overall,21,direct_extra_all_features,nlos_rmse,150,6.847404850378466,8.862876288876299,2.015471438497833,0.32609645568129153,22.740602179310898,0.6133333333333333,wallpath_extra
task2,overall,21,direct_extra_all_features,non_anchor_rmse,150,6.732737809116267,8.631768192166906,1.899030383050638,0.2679591877701242,22.000479400894445,0.6,wallpath_extra
task2,overall,21,direct_extra_all_features,p90_ae,150,11.044784735573662,14.501641516155665,3.4568567805820045,0.4995110829671221,23.837692972418775,0.6133333333333333,wallpath_extra
task2,overall,21,direct_extra_all_features,rmse,150,6.705461634831722,8.613348899651657,1.9078872648199343,0.27327619710420725,22.150353910510855,0.6,wallpath_extra
task2,overall,21,direct_extra_all_features,wall_region_rmse,150,8.756622669172968,9.62086303091226,0.8642403617392929,-0.1909300065321693,8.9829816614419,0.42,wallpath_extra
task2,overall,21,direct_rf_all_features,free_space_rmse,150,6.487246108768197,6.7008453115040565,0.21359920273585994,-0.046469011118739356,3.1876456298603246,0.4533333333333333,wallpath_extra
task2,overall,21,direct_rf_all_features,high_wall_rmse,150,7.052649524951386,7.30506606905089,0.2524165440995039,-0.009576841902864341,3.4553629181932846,0.49333333333333335,wallpath_extra
task2,overall,21,direct_rf_all_features,los_rmse,141,4.443226435119253,2.913197087540281,-1.5300293475789717,-1.1487527577979442,-52.52062602021999,0.07092198581560284,baseline
task2,overall,21,direct_rf_all_features,mae,150,4.795274865362379,4.980135071542528,0.1848602061801486,-0.00783240795135498,3.7119516544134834,0.48,wallpath_extra
task2,overall,21,direct_rf_all_features,nlos_rmse,150,6.847404850378466,7.0565253918858675,0.20912054150740184,-0.040791253124035975,2.9635058317492047,0.47333333333333333,wallpath_extra
task2,overall,21,direct_rf_all_features,non_anchor_rmse,150,6.732737809116267,6.8975475440133645,0.16480973489709694,-0.05558439976367424,2.3893961418235135,0.43333333333333335,wallpath_extra
task2,overall,21,direct_rf_all_features,p90_ae,150,11.044784735573662,11.603350658416748,0.5585659228430855,-0.08819063504536917,4.813832997780835,0.4266666666666667,wallpath_extra
task2,overall,21,direct_rf_all_features,rmse,150,6.705461634831722,6.873210893043059,0.1677492582113363,-0.05399174467623524,2.4406243431455032,0.43333333333333335,wallpath_extra
task2,overall,21,direct_rf_all_features,wall_region_rmse,150,8.756622669172968,8.555320943554289,-0.20130172561867815,-0.12517054407886485,-2.3529418352252782,0.36,baseline
task2,overall,21,multi_wall_residual_idw,free_space_rmse,150,6.487246108768197,6.992227872402011,0.5049817636338135,0.6362833394897889,7.222043858538318,0.9266666666666666,wallpath_extra
task2,overall,21,multi_wall_residual_idw,high_wall_rmse,150,7.052649524951386,7.572263051195746,0.5196135262443602,0.5666277177895123,6.862063860318573,0.9,wallpath_extra
task2,overall,21,multi_wall_residual_idw,los_rmse,141,4.443226435119253,7.034561798531899,2.591335363412646,2.1815786379714166,36.83719665315121,0.9929078014184397,wallpath_extra
task2,overall,21,multi_wall_residual_idw,mae,150,4.795274865362379,5.1088473818037246,0.3135725164413452,0.4832465648651123,6.137832920165171,0.8933333333333333,wallpath_extra
task2,overall,21,multi_wall_residual_idw,nlos_rmse,150,6.847404850378466,7.381866056246425,0.5344612058679592,0.5953339435320388,7.240191054614239,0.9066666666666666,wallpath_extra
task2,overall,21,multi_wall_residual_idw,non_anchor_rmse,150,6.732737809116267,7.349602778107146,0.6168649689908792,0.6816113163460102,8.393174265531528,0.9333333333333333,wallpath_extra
task2,overall,21,multi_wall_residual_idw,p90_ae,150,11.044784735573662,11.516711197959053,0.4719264623853896,0.7465360959370932,4.097753727375079,0.9,wallpath_extra
task2,overall,21,multi_wall_residual_idw,rmse,150,6.705461634831722,7.312697900828316,0.607236265996593,0.6770112291954418,8.303860958454358,0.9333333333333333,wallpath_extra
task2,overall,21,multi_wall_residual_idw,wall_region_rmse,150,8.756622669172968,10.082075707766416,1.3254530385934493,0.9343468935607078,13.146628502029857,0.9133333333333333,wallpath_extra
task2,overall,22,direct_extra_all_features,free_space_rmse,150,3.957331514818341,4.10143131341607,0.1440997985977296,-0.021980403413907945,3.513402702280262,0.46,wallpath_extra
task2,overall,22,direct_extra_all_features,high_wall_rmse,150,4.611060114879655,4.629604506046291,0.018544391166635935,-0.06538789739238982,0.4005610229214253,0.32,wallpath_extra
task2,overall,22,direct_extra_all_features,los_rmse,150,2.0491499207465904,2.340101789852861,0.29095186910627074,-0.15953915662671003,12.433299712341356,0.44,wallpath_extra
task2,overall,22,direct_extra_all_features,mae,150,2.630963104036119,3.008007613288032,0.3770445092519124,0.14936351776123025,12.534692651251907,0.68,wallpath_extra
task2,overall,22,direct_extra_all_features,nlos_rmse,150,4.343566227106807,4.3734088026292675,0.02984257552246126,-0.06435508562524439,0.682364189337139,0.34,wallpath_extra
task2,overall,22,direct_extra_all_features,non_anchor_rmse,150,4.130785407934441,4.226231238396718,0.09544583046227686,-0.03977350364836951,2.258414769052847,0.43333333333333335,wallpath_extra
task2,overall,22,direct_extra_all_features,p90_ae,150,6.757183952331543,6.8106976164711845,0.05351366413964166,-0.09187110265095999,0.7857295559594759,0.3,wallpath_extra
task2,overall,22,direct_extra_all_features,rmse,150,4.111579509771918,4.209373431594794,0.09779392182287665,-0.03910921952741986,2.323241770113637,0.43333333333333335,wallpath_extra
task2,overall,22,direct_extra_all_features,wall_region_rmse,150,6.502464805353828,5.9988383338877895,-0.503626471466039,-0.3596197735534665,-8.395399966373871,0.15333333333333332,baseline
task2,overall,22,direct_rf_all_features,free_space_rmse,150,3.957331514818341,3.911730785640242,-0.04560072917809823,-0.05934550618368384,-1.1657430349117206,0.32,baseline
task2,overall,22,direct_rf_all_features,high_wall_rmse,150,4.611060114879655,4.521352829154914,-0.08970728572474136,-0.06745633784738203,-1.9840806306087064,0.28,baseline
task2,overall,22,direct_rf_all_features,los_rmse,150,2.0491499207465904,1.8037621839195246,-0.24538773682706586,-0.31472280483862475,-13.60421784061606,0.29333333333333333,baseline
task2,overall,22,direct_rf_all_features,mae,150,2.630963104036119,2.702604134877523,0.07164103084140351,0.05537251631418849,2.6508148166009655,0.6266666666666667,wallpath_extra
task2,overall,22,direct_rf_all_features,nlos_rmse,150,4.343566227106807,4.267479305081594,-0.07608692202521318,-0.06653948789537667,-1.7829476509613404,0.2866666666666667,baseline
task2,overall,22,direct_rf_all_features,non_anchor_rmse,150,4.130785407934441,4.061648859800126,-0.0691365481343153,-0.06311859921048901,-1.7021793493423099,0.26,baseline
task2,overall,22,direct_rf_all_features,p90_ae,150,6.757183952331543,6.689771748118931,-0.06741220421261254,-0.10180171330769827,-1.0076906470174791,0.20666666666666667,baseline
task2,overall,22,direct_rf_all_features,rmse,150,4.111579509771918,4.043498708190819,-0.06808080158109817,-0.06290375765762612,-1.6837102344855177,0.26666666666666666,baseline
task2,overall,22,direct_rf_all_features,wall_region_rmse,150,6.502464805353828,6.163122456464824,-0.33934234888900416,-0.18773230663481266,-5.506013409372552,0.21333333333333335,baseline
task2,overall,22,multi_wall_residual_idw,free_space_rmse,150,3.957331514818341,4.788913914420351,0.8315823996020102,0.7736116089728384,17.364738946297486,0.9933333333333333,wallpath_extra
task2,overall,22,multi_wall_residual_idw,high_wall_rmse,150,4.611060114879655,5.465013580512463,0.8539534656328075,0.7409858216276257,15.625825133864186,0.9933333333333333,wallpath_extra
task2,overall,22,multi_wall_residual_idw,los_rmse,150,2.0491499207465904,3.6700930870707764,1.6209431663241856,1.5495925030672093,44.16626848061543,1.0,wallpath_extra
task2,overall,22,multi_wall_residual_idw,mae,150,2.630963104036119,3.4877026149961687,0.8567395109600491,0.7886857191721598,24.564580342266098,0.9933333333333333,wallpath_extra
task2,overall,22,multi_wall_residual_idw,nlos_rmse,150,4.343566227106807,5.162087592838087,0.8185213657312804,0.7262896498162044,15.856402104972052,0.9933333333333333,wallpath_extra
task2,overall,22,multi_wall_residual_idw,non_anchor_rmse,150,4.130785407934441,4.976122752327701,0.8453373443932588,0.7688716656767673,16.98787161144352,0.9933333333333333,wallpath_extra
task2,overall,22,multi_wall_residual_idw,p90_ae,150,6.757183952331543,7.7881124475267205,1.0309284951951767,0.9755888779958086,13.237206089937372,0.9933333333333333,wallpath_extra
task2,overall,22,multi_wall_residual_idw,rmse,150,4.111579509771918,4.951179624066478,0.8396001142945608,0.7636263689164458,16.957577346082715,0.9933333333333333,wallpath_extra
task2,overall,22,multi_wall_residual_idw,wall_region_rmse,150,6.502464805353828,7.437502788237392,0.9350379828835639,0.5715543081920118,12.571934552580627,0.9,wallpath_extra
task2,overall,23,direct_extra_all_features,free_space_rmse,150,3.0809686723711724,3.7392275227390095,0.6582588503678372,0.10657316595357313,17.604140062749057,0.68,wallpath_extra
task2,overall,23,direct_extra_all_features,high_wall_rmse,150,3.480528922126755,4.163790850708253,0.6832619285814973,0.023792271036180423,16.409612131821564,0.6066666666666667,wallpath_extra
task2,overall,23,direct_extra_all_features,los_rmse,147,1.9039851366076472,2.3808108547258664,0.47682571811821917,0.5385196270547754,20.027870637926938,0.6054421768707483,wallpath_extra
task2,overall,23,direct_extra_all_features,mae,150,2.001277230580648,2.7399017473061877,0.7386245167255402,0.32235787312189734,26.958065830343717,0.8466666666666667,wallpath_extra
task2,overall,23,direct_extra_all_features,nlos_rmse,150,3.276528509883309,3.9052061232667157,0.6286776133834067,0.030826504604680283,16.098448930463018,0.6333333333333333,wallpath_extra
task2,overall,23,direct_extra_all_features,non_anchor_rmse,150,3.2179492821019395,3.842749240333632,0.6247999582316927,0.08930882306867449,16.259191509916132,0.66,wallpath_extra
task2,overall,23,direct_extra_all_features,p90_ae,150,5.287217086156209,6.453629517555237,1.1664124313990276,-0.02659853299458792,18.073743282383028,0.4666666666666667,wallpath_extra
task2,overall,23,direct_extra_all_features,rmse,150,3.204826223331807,3.832270840975168,0.6274446176433611,0.09088528426196185,16.372658501446107,0.66,wallpath_extra
task2,overall,23,direct_extra_all_features,wall_region_rmse,150,6.077310455583224,6.1676200942790596,0.09030963869583469,-0.11402408984511614,1.4642542393232751,0.30666666666666664,wallpath_extra
task2,overall,23,direct_rf_all_features,free_space_rmse,150,3.0809686723711724,3.4175404023610465,0.3365717299898741,0.07249790170515258,9.848361405101448,0.7266666666666667,wallpath_extra
task2,overall,23,direct_rf_all_features,high_wall_rmse,150,3.480528922126755,3.838482385341112,0.3579534632143566,0.05357675765910774,9.325390278755881,0.6466666666666666,wallpath_extra
task2,overall,23,direct_rf_all_features,los_rmse,147,1.9039851366076472,1.9628877581354491,0.05890262152780152,0.0456666322378072,3.000814554152277,0.5170068027210885,wallpath_extra
task2,overall,23,direct_rf_all_features,mae,150,2.001277230580648,2.394466684659322,0.39318945407867434,0.22646733125050866,16.42075275457909,0.86,wallpath_extra
task2,overall,23,direct_rf_all_features,nlos_rmse,150,3.276528509883309,3.605136077804766,0.3286075679214567,0.049117427763295085,9.114983757327476,0.6533333333333333,wallpath_extra
task2,overall,23,direct_rf_all_features,non_anchor_rmse,150,3.2179492821019395,3.533753892443893,0.3158046103419538,0.05431428237015812,8.93680261710437,0.7066666666666667,wallpath_extra
task2,overall,23,direct_rf_all_features,p90_ae,150,5.287217086156209,5.931682960722182,0.6444658745659722,0.01581339041392016,10.864806477915826,0.5333333333333333,wallpath_extra
task2,overall,23,direct_rf_all_features,rmse,150,3.204826223331807,3.5225838975708244,0.31775767423901713,0.05519446031197339,9.020584987575262,0.7066666666666667,wallpath_extra
task2,overall,23,direct_rf_all_features,wall_region_rmse,150,6.077310455583224,6.092425152100353,0.015114696517129487,-0.0447908370815564,0.24808998288502843,0.37333333333333335,wallpath_extra
task2,overall,23,multi_wall_residual_idw,free_space_rmse,150,3.0809686723711724,3.843316326521214,0.7623476541500414,0.8504021020484971,19.83567287681683,0.94,wallpath_extra
task2,overall,23,multi_wall_residual_idw,high_wall_rmse,150,3.480528922126755,4.116740246479597,0.6362113243528422,0.7648125013800804,15.454249873960197,0.92,wallpath_extra
task2,overall,23,multi_wall_residual_idw,los_rmse,147,1.9039851366076472,4.049216115976427,2.1452309793687796,2.125217547730779,52.97892031261658,1.0,wallpath_extra
task2,overall,23,multi_wall_residual_idw,mae,150,2.001277230580648,2.7643036699295043,0.7630264393488566,0.8225707213083903,27.602844349163533,0.9533333333333334,wallpath_extra
task2,overall,23,multi_wall_residual_idw,nlos_rmse,150,3.276528509883309,3.947718758426461,0.6711902485431516,0.7359635813967385,17.00197733464389,0.9266666666666666,wallpath_extra
task2,overall,23,multi_wall_residual_idw,non_anchor_rmse,150,3.2179492821019395,3.9781223469523357,0.7601730648503962,0.8255078758330772,19.108840768378315,0.94,wallpath_extra
task2,overall,23,multi_wall_residual_idw,p90_ae,150,5.287217086156209,6.159249250094096,0.8720321639378865,1.0621027549107869,14.158091814916634,0.9333333333333333,wallpath_extra
task2,overall,23,multi_wall_residual_idw,rmse,150,3.204826223331807,3.958181758490676,0.7533555351588695,0.8209808536071275,19.03286865346317,0.94,wallpath_extra
task2,overall,23,multi_wall_residual_idw,wall_region_rmse,150,6.077310455583224,6.729082169705289,0.6517717141220647,0.3794311661672367,9.685893227108712,0.7866666666666666,wallpath_extra
task2,overall,24,direct_extra_all_features,free_space_rmse,150,4.403989364238558,4.738583564480969,0.3345942002424105,0.0703434900271227,7.061059400754922,0.68,wallpath_extra
task2,overall,24,direct_extra_all_features,high_wall_rmse,150,4.8116695748671905,5.09894371709184,0.2872741422246502,0.035031024135302236,5.633993198663808,0.64,wallpath_extra
task2,overall,24,direct_extra_all_features,los_rmse,146,2.739844599148385,2.406039367924063,-0.33380523122432176,-0.33063399287152606,-13.87363962844589,0.3150684931506849,baseline
task2,overall,24,direct_extra_all_features,mae,150,3.0144671527544658,3.4531460348765055,0.4386788821220398,0.19242163499196363,12.703745445209016,0.9133333333333333,wallpath_extra
task2,overall,24,direct_extra_all_features,nlos_rmse,150,4.6840987556799165,4.973842668912497,0.28974391323258086,0.03936257030550072,5.82535340419064,0.64,wallpath_extra
task2,overall,24,direct_extra_all_features,non_anchor_rmse,150,4.554405729036209,4.836374030955991,0.28196830191978167,0.04436678569857011,5.830159125721007,0.6533333333333333,wallpath_extra
task2,overall,24,direct_extra_all_features,p90_ae,150,7.579686326980591,8.00592189470927,0.4262355677286784,0.005479693412780762,5.32400357303457,0.52,wallpath_extra
task2,overall,24,direct_extra_all_features,rmse,150,4.533556583875944,4.818046714446595,0.2844901305706512,0.04476951958651432,5.904677713431591,0.6533333333333333,wallpath_extra
task2,overall,24,direct_extra_all_features,wall_region_rmse,150,6.440432429178837,6.101396406210451,-0.3390360229683856,-0.2547436985630849,-5.556695556172841,0.20666666666666667,baseline
task2,overall,24,direct_rf_all_features,free_space_rmse,150,4.403989364238558,4.518788897483691,0.11479953324513259,0.05341034354029084,2.5404933899226783,0.6866666666666666,wallpath_extra
task2,overall,24,direct_rf_all_features,high_wall_rmse,150,4.8116695748671905,4.897901081255898,0.08623150638870837,0.0369088142652243,1.7605808071280296,0.62,wallpath_extra
task2,overall,24,direct_rf_all_features,los_rmse,146,2.739844599148385,2.3208898038373325,-0.4189547953110528,-0.37312364320402663,-18.05147295741303,0.19863013698630136,baseline
task2,overall,24,direct_rf_all_features,mae,150,3.0144671527544658,3.179276700814565,0.1648095480600993,0.1256617307662964,5.183869274979214,0.92,wallpath_extra
task2,overall,24,direct_rf_all_features,nlos_rmse,150,4.6840987556799165,4.780320285948247,0.09622153026833039,0.033154219796243334,2.012867852205922,0.64,wallpath_extra
task2,overall,24,direct_rf_all_features,non_anchor_rmse,150,4.554405729036209,4.638740549440319,0.08433482040411021,0.0298588382446785,1.818054265058765,0.6266666666666667,wallpath_extra
task2,overall,24,direct_rf_all_features,p90_ae,150,7.579686326980591,7.7384370512432525,0.15875072426266143,0.030036211013793945,2.05145720268096,0.56,wallpath_extra
task2,overall,24,direct_rf_all_features,rmse,150,4.533556583875944,4.618934699160918,0.08537811528497447,0.0300921096252873,1.8484373745418803,0.6266666666666667,wallpath_extra
task2,overall,24,direct_rf_all_features,wall_region_rmse,150,6.440432429178837,6.214274878660749,-0.22615755051808795,-0.10507654577645997,-3.639323250644931,0.3,baseline
task2,overall,24,multi_wall_residual_idw,free_space_rmse,150,4.403989364238558,5.255630792558258,0.8516414283196996,0.8100408031915891,16.204361796600843,0.9933333333333333,wallpath_extra
task2,overall,24,multi_wall_residual_idw,high_wall_rmse,150,4.8116695748671905,5.660502177466068,0.8488326025988772,0.7238590364971247,14.995711970185274,0.9933333333333333,wallpath_extra
task2,overall,24,multi_wall_residual_idw,los_rmse,146,2.739844599148385,5.117113792712429,2.377269193564044,2.108432942344258,46.457227450162385,1.0,wallpath_extra
task2,overall,24,multi_wall_residual_idw,mae,150,3.0144671527544658,3.826500803364648,0.812033650610182,0.7603381872177124,21.221311384441883,0.9933333333333333,wallpath_extra
task2,overall,24,multi_wall_residual_idw,nlos_rmse,150,4.6840987556799165,5.528484978764421,0.8443862230845046,0.7496494892753232,15.273374646542303,0.9933333333333333,wallpath_extra
task2,overall,24,multi_wall_residual_idw,non_anchor_rmse,150,4.554405729036209,5.449549796870114,0.895144067833905,0.8348799415377326,16.426018684112595,0.9933333333333333,wallpath_extra
task2,overall,24,multi_wall_residual_idw,p90_ae,150,7.579686326980591,8.569279606077405,0.9895932790968154,0.9515604178110757,11.548150189836104,0.98,wallpath_extra
task2,overall,24,multi_wall_residual_idw,rmse,150,4.533556583875944,5.422211230609789,0.8886546467338448,0.8294471937473076,16.38915580634629,0.9933333333333333,wallpath_extra
task2,overall,24,multi_wall_residual_idw,wall_region_rmse,150,6.440432429178837,7.555132894881849,1.1147004657030122,0.6472426684827979,14.754213873036637,0.9866666666666667,wallpath_extra
task2,overall,25,direct_extra_all_features,free_space_rmse,150,5.402047174372005,6.026189072400206,0.6241418980282012,0.2938637505653676,10.357157575535675,0.72,wallpath_extra
task2,overall,25,direct_extra_all_features,high_wall_rmse,150,5.772000646072105,6.4137252107048415,0.6417245646327371,0.29096506731191285,10.005488909341864,0.7,wallpath_extra
task2,overall,25,direct_extra_all_features,los_rmse,127,3.1018643783445214,2.391121971787297,-0.7107424065572244,-0.5377808658382679,-29.724222141038016,0.29133858267716534,baseline
task2,overall,25,direct_extra_all_features,mae,150,3.826813051435683,4.369868948989445,0.5430558975537618,0.31736234823862697,12.427281089959148,0.76,wallpath_extra
task2,overall,25,direct_extra_all_features,nlos_rmse,150,5.62439948272433,6.230138427611153,0.6057389448868231,0.2507256490127694,9.722720480852681,0.68,wallpath_extra
task2,overall,25,direct_extra_all_features,non_anchor_rmse,150,5.560974087681542,6.141214546193373,0.5802404585118311,0.2547328106799158,9.448301376663231,0.6866666666666666,wallpath_extra
task2,overall,25,direct_extra_all_features,p90_ae,150,9.221655830807157,10.47346908569336,1.2518132548862033,0.4724744160970049,11.95223134420825,0.7333333333333333,wallpath_extra
task2,overall,25,direct_extra_all_features,rmse,150,5.537294182558907,6.123398769628103,0.5861045870691963,0.25777882283289655,9.571556730491894,0.6866666666666666,wallpath_extra
task2,overall,25,direct_extra_all_features,wall_region_rmse,150,6.831187119879645,7.101072212560228,0.26988509268058336,-0.03364369448629412,3.8006245339009013,0.48,wallpath_extra
task2,overall,25,direct_rf_all_features,free_space_rmse,150,5.402047174372005,5.459352845125274,0.057305670753268485,-0.012560642619971585,1.0496788241931898,0.4866666666666667,wallpath_extra
task2,overall,25,direct_rf_all_features,high_wall_rmse,150,5.772000646072105,5.837943402380657,0.06594275630855177,0.0047176273841915695,1.1295545667959146,0.5066666666666667,wallpath_extra
task2,overall,25,direct_rf_all_features,los_rmse,127,3.1018643783445214,2.3932522138499857,-0.7086121644945357,-0.6515466692759859,-29.608754162796867,0.15748031496062992,baseline
task2,overall,25,direct_rf_all_features,mae,150,3.826813051435683,3.8805043763584557,0.053691324922773564,0.01772805054982496,1.3836171722903163,0.5533333333333333,wallpath_extra
task2,overall,25,direct_rf_all_features,nlos_rmse,150,5.62439948272433,5.6756112970554655,0.05121181433113541,-0.009640391618373823,0.90231363021115,0.48,wallpath_extra
task2,overall,25,direct_rf_all_features,non_anchor_rmse,150,5.560974087681542,5.598395308611623,0.03742122093008104,-0.03339633314645374,0.668427627333122,0.46,wallpath_extra
task2,overall,25,direct_rf_all_features,p90_ae,150,9.221655830807157,9.397065353393554,0.1754095225863986,-0.012606938680013613,1.866641509767216,0.4866666666666667,wallpath_extra
task2,overall,25,direct_rf_all_features,rmse,150,5.537294182558907,5.576499161980973,0.03920497942206544,-0.03248110649715352,0.7030392775696015,0.46,wallpath_extra
task2,overall,25,direct_rf_all_features,wall_region_rmse,150,6.831187119879645,6.7302097586017675,-0.10097736127787689,-0.05804509949728853,-1.5003597941181521,0.4,baseline
task2,overall,25,multi_wall_residual_idw,free_space_rmse,150,5.402047174372005,6.350574820309652,0.9485276459376467,0.8934353421214256,14.936091185071604,0.96,wallpath_extra
task2,overall,25,multi_wall_residual_idw,high_wall_rmse,150,5.772000646072105,6.717236060743387,0.9452354146712819,0.849756198649898,14.071790928941594,0.96,wallpath_extra
task2,overall,25,multi_wall_residual_idw,los_rmse,127,3.1018643783445214,5.266854218152426,2.1649898398079053,1.9774020298427197,41.105938196393964,1.0,wallpath_extra
task2,overall,25,multi_wall_residual_idw,mae,150,3.826813051435683,4.447673881318834,0.6208608298831515,0.5770412286122644,13.959225573864513,0.9666666666666667,wallpath_extra
task2,overall,25,multi_wall_residual_idw,nlos_rmse,150,5.62439948272433,6.5564451218399125,0.9320456391155818,0.8409983289922267,14.215716318754538,0.96,wallpath_extra
task2,overall,25,multi_wall_residual_idw,non_anchor_rmse,150,5.560974087681542,6.52488013829382,0.9639060506122781,0.8867726633032236,14.772777892964157,0.96,wallpath_extra
task2,overall,25,multi_wall_residual_idw,p90_ae,150,9.221655830807157,10.246202420128716,1.0245465893215602,1.0476195017496739,9.99928117083489,0.9466666666666667,wallpath_extra
task2,overall,25,multi_wall_residual_idw,rmse,150,5.537294182558907,6.4920915883744295,0.9547974058155216,0.8814147977316891,14.707084655510792,0.96,wallpath_extra
task2,overall,25,multi_wall_residual_idw,wall_region_rmse,150,6.831187119879645,7.8379660303491345,1.006778910469491,0.69509644291653,12.84490015102354,0.9266666666666666,wallpath_extra
task3,overall,21,direct_extra_all_features,free_space_rmse,1110,7.069883919235385,11.705401904192053,4.6355179849566674,3.207511974930959,39.60152776383143,0.9324324324324325,wallpath_extra
task3,overall,21,direct_extra_all_features,high_wall_rmse,1110,7.5309257652106565,12.138885775876743,4.607960010666086,2.827973223785237,37.96032103558757,0.8882882882882883,wallpath_extra
task3,overall,21,direct_extra_all_features,los_rmse,1049,6.2077868349016985,9.242292996393338,3.0345061614916413,3.0201585868170806,32.83282798625632,0.7397521448999047,wallpath_extra
task3,overall,21,direct_extra_all_features,mae,1110,5.358240939045811,9.761611914670503,4.403370975624692,3.094982703526815,45.109055903021165,0.9495495495495495,wallpath_extra
task3,overall,21,direct_extra_all_features,nlos_rmse,1110,7.333454421156137,11.762063526862702,4.428609105706565,2.8138472523814078,37.65163396365203,0.8981981981981982,wallpath_extra
task3,overall,21,direct_extra_all_features,non_anchor_rmse,1110,7.270952052516039,11.73250642337481,4.461554370858771,3.0180270396872118,38.02729109928262,0.9108108108108108,wallpath_extra
task3,overall,21,direct_extra_all_features,p90_ae,1110,11.888401953808897,18.45937692238404,6.570974968575142,4.580533345540365,35.596948890550614,0.918918918918919,wallpath_extra
task3,overall,21,direct_extra_all_features,rmse,1110,7.244795850198649,11.717831763620456,4.473035913421807,3.0276344062014124,38.17289754328897,0.9126126126126126,wallpath_extra
task3,overall,21,direct_extra_all_features,wall_region_rmse,1110,8.938867568062713,11.790661916887196,2.8517943488244826,1.1879200646223151,24.186889327561797,0.6702702702702703,wallpath_extra
task3,overall,21,direct_rf_all_features,free_space_rmse,1110,7.069883919235385,7.827077065476417,0.7571931462410336,0.46585737249022463,9.674021859077529,0.8405405405405405,wallpath_extra
task3,overall,21,direct_rf_all_features,high_wall_rmse,1110,7.5309257652106565,8.246919760266808,0.7159939950561529,0.32590468239642023,8.681956607675145,0.7594594594594595,wallpath_extra
task3,overall,21,direct_rf_all_features,los_rmse,1049,6.2077868349016985,6.4461361851186485,0.2383493502169501,0.49525531416066837,3.697553749596479,0.6234509056244042,wallpath_extra
task3,overall,21,direct_rf_all_features,mae,1110,5.358240939045811,6.060577293845626,0.7023363547998148,0.44351637363433793,11.58860485968921,0.890990990990991,wallpath_extra
task3,overall,21,direct_rf_all_features,nlos_rmse,1110,7.333454421156137,8.025339271372552,0.6918848502164147,0.3539758013799257,8.621253592162258,0.7855855855855856,wallpath_extra
task3,overall,21,direct_rf_all_features,non_anchor_rmse,1110,7.270952052516039,7.9602659203758535,0.6893138678598141,0.40791937121641597,8.659432671657127,0.8,wallpath_extra
task3,overall,21,direct_rf_all_features,p90_ae,1110,11.888401953808897,13.052968459659152,1.1645665058502566,0.6390484968821206,8.921851833545798,0.8054054054054054,wallpath_extra
task3,overall,21,direct_rf_all_features,rmse,1110,7.244795850198649,7.937479368962343,0.6926835187636935,0.40976922755698597,8.72674417866547,0.8009009009009009,wallpath_extra
task3,overall,21,direct_rf_all_features,wall_region_rmse,1110,8.938867568062713,9.060455324415383,0.12158775635266947,0.01771598998548063,1.3419607734836947,0.5135135135135135,wallpath_extra
task3,overall,21,multi_wall_residual_idw,free_space_rmse,1110,7.069883919235385,7.1330504630047,0.0631665437693161,0.49976456160159977,0.8855474119652812,0.7558558558558559,wallpath_extra
task3,overall,21,multi_wall_residual_idw,high_wall_rmse,1110,7.5309257652106565,7.576267955287736,0.04534219007708085,0.4660084328341867,0.5984765895909651,0.7360360360360361,wallpath_extra
task3,overall,21,multi_wall_residual_idw,los_rmse,1049,6.2077868349016985,7.991067519104986,1.7832806842032862,1.541133265998841,22.315925624953525,0.9752144899904671,wallpath_extra
task3,overall,21,multi_wall_residual_idw,mae,1110,5.358240939045811,5.2475862181580455,-0.11065472088776551,0.3986595471700034,-2.108678472111062,0.7306306306306306,baseline
task3,overall,21,multi_wall_residual_idw,nlos_rmse,1110,7.333454421156137,7.441978568253279,0.10852414709714113,0.4863117123785239,1.4582700837126108,0.7513513513513513,wallpath_extra
task3,overall,21,multi_wall_residual_idw,non_anchor_rmse,1110,7.270952052516039,7.468133375284667,0.19718132276862757,0.5395750747858017,2.6403026413693667,0.7720720720720721,wallpath_extra
task3,overall,21,multi_wall_residual_idw,p90_ae,1110,11.888401953808897,11.715118474072522,-0.17328347973637395,0.5875913302103681,-1.4791440660193018,0.718018018018018,baseline
task3,overall,21,multi_wall_residual_idw,rmse,1110,7.244795850198649,7.43063331520825,0.1858374650095998,0.5349108595411036,2.500964011092406,0.7702702702702703,wallpath_extra
task3,overall,21,multi_wall_residual_idw,wall_region_rmse,1110,8.938867568062713,10.014463921875398,1.0755963538126871,0.8041940195299273,10.740428666013498,0.8189189189189189,wallpath_extra
task3,overall,22,direct_extra_all_features,free_space_rmse,1110,4.413481030097832,6.090618295407609,1.6771372653097776,1.2463208923437537,27.536404088470892,0.9144144144144144,wallpath_extra
task3,overall,22,direct_extra_all_features,high_wall_rmse,1110,4.974473076670727,5.854315887590554,0.8798428109198271,0.2674848979819875,15.028960305760698,0.7333333333333333,wallpath_extra
task3,overall,22,direct_extra_all_features,los_rmse,1106,3.4188056585131448,8.269838059450954,4.851032400937809,4.975684182849132,58.65933971214759,0.9132007233273056,wallpath_extra
task3,overall,22,direct_extra_all_features,mae,1110,3.060297804515999,4.793240735910318,1.7329429313943192,1.2800422509511313,36.15388892135842,0.9567567567567568,wallpath_extra
task3,overall,22,direct_extra_all_features,nlos_rmse,1110,4.7287514714954515,5.760702067443515,1.0319505959480637,0.4952898644117969,17.91362552457122,0.8243243243243243,wallpath_extra
task3,overall,22,direct_extra_all_features,non_anchor_rmse,1110,4.5755259502092605,6.140839136756924,1.565313186547663,1.1277511970457288,25.490216429514394,0.9072072072072072,wallpath_extra
task3,overall,22,direct_extra_all_features,p90_ae,1110,7.502782280810244,9.798094579407403,2.2953122985971586,1.6073974768320718,23.426108821415163,0.8945945945945946,wallpath_extra
task3,overall,22,direct_extra_all_features,rmse,1110,4.555264006546889,6.126508737271659,1.5712447307247708,1.132490394921641,25.64665779656586,0.9072072072072072,wallpath_extra
task3,overall,22,direct_extra_all_features,wall_region_rmse,1110,6.816931681860623,6.719076713717262,-0.09785496814336185,-0.2747074149043591,-1.4563752180948761,0.2972972972972973,baseline
task3,overall,22,direct_rf_all_features,free_space_rmse,1110,4.413481030097832,4.734067589378983,0.3205865592811521,0.27621708651122945,6.771904989282299,0.8693693693693694,wallpath_extra
task3,overall,22,direct_rf_all_features,high_wall_rmse,1110,4.974473076670727,5.143868143456873,0.16939506678614674,0.09795357542655303,3.293145587365431,0.681981981981982,wallpath_extra
task3,overall,22,direct_rf_all_features,los_rmse,1106,3.4188056585131448,4.176766648131406,0.757960989618262,0.7352206628284195,18.147075320986783,0.8028933092224232,wallpath_extra
task3,overall,22,direct_rf_all_features,mae,1110,3.060297804515999,3.444450700247252,0.38415289573125294,0.34337568283081055,11.152805749366001,0.9477477477477477,wallpath_extra
task3,overall,22,direct_rf_all_features,nlos_rmse,1110,4.7287514714954515,4.952670960790128,0.223919489294677,0.16437377601353798,4.521186468219426,0.7801801801801802,wallpath_extra
task3,overall,22,direct_rf_all_features,non_anchor_rmse,1110,4.5755259502092605,4.854410718633347,0.27888476842408627,0.23246093649454247,5.744976776555087,0.8306306306306306,wallpath_extra
task3,overall,22,direct_rf_all_features,p90_ae,1110,7.502782280810244,8.004069979913957,0.5012876991037134,0.3407743771870928,6.262909999059028,0.8324324324324325,wallpath_extra
task3,overall,22,direct_rf_all_features,rmse,1110,4.555264006546889,4.835799817719507,0.28053581117261883,0.233953328498699,5.801228788352017,0.8315315315315316,wallpath_extra
task3,overall,22,direct_rf_all_features,wall_region_rmse,1110,6.816931681860623,6.573695363067534,-0.2432363187930885,-0.15242983897211282,-3.7001458899304094,0.2693693693693694,baseline
task3,overall,22,multi_wall_residual_idw,free_space_rmse,1110,4.413481030097832,5.168512798575271,0.7550317684774388,0.7620647585565339,14.608298322983112,0.9594594594594594,wallpath_extra
task3,overall,22,multi_wall_residual_idw,high_wall_rmse,1110,4.974473076670727,5.716066135288604,0.7415930586178765,0.73248346225201,12.973836219976375,0.9468468468468468,wallpath_extra
task3,overall,22,multi_wall_residual_idw,los_rmse,1106,3.4188056585131448,4.738119055563579,1.3193133970504343,1.2257637044487661,27.844665395253717,0.9936708860759493,wallpath_extra
task3,overall,22,multi_wall_residual_idw,mae,1110,3.060297804515999,3.8200983273732407,0.7598005228572421,0.7568959395090737,19.8895540832765,0.9666666666666667,wallpath_extra
task3,overall,22,multi_wall_residual_idw,nlos_rmse,1110,4.7287514714954515,5.472045281084114,0.7432938095886622,0.7396209008459427,13.583473297600383,0.9522522522522523,wallpath_extra
task3,overall,22,multi_wall_residual_idw,non_anchor_rmse,1110,4.5755259502092605,5.345250573496862,0.7697246232876008,0.7639495741528262,14.400159781172755,0.9567567567567568,wallpath_extra
task3,overall,22,multi_wall_residual_idw,p90_ae,1110,7.502782280810244,8.456762140792412,0.9539798599821668,1.0310823917388912,11.280675086987586,0.9468468468468468,wallpath_extra
task3,overall,22,multi_wall_residual_idw,rmse,1110,4.555264006546889,5.318457168816333,0.7631931622694444,0.7587382494219117,14.349897687326857,0.9558558558558559,wallpath_extra
task3,overall,22,multi_wall_residual_idw,wall_region_rmse,1110,6.816931681860623,7.686247211755501,0.8693155298948779,0.6020799422866334,11.31001262313459,0.8675675675675676,wallpath_extra
task3,overall,23,direct_extra_all_features,free_space_rmse,1110,3.674710987403615,5.919755140493931,2.245044153090315,1.4708794439994093,37.92461174167745,0.9522522522522523,wallpath_extra
task3,overall,23,direct_extra_all_features,high_wall_rmse,1110,4.058240644057573,5.905327822123568,1.8470871780659952,0.5559238850319927,31.278317372087546,0.9009009009009009,wallpath_extra
task3,overall,23,direct_extra_all_features,los_rmse,1087,2.8742821829226632,7.979003442703985,5.104721259781321,5.596355095806641,63.97692765064649,0.9457221711131555,wallpath_extra
task3,overall,23,direct_extra_all_features,mae,1110,2.5105308479553945,4.6777110193405775,2.167180171385184,1.3508959809939065,46.32992851470959,0.9792792792792793,wallpath_extra
task3,overall,23,direct_extra_all_features,nlos_rmse,1110,3.835033493109304,5.6769273181401445,1.8418938250308408,0.7253610268553987,32.44525994097587,0.9306306306306307,wallpath_extra
task3,overall,23,direct_extra_all_features,non_anchor_rmse,1110,3.795481655990476,5.968565046620149,2.173083390629674,1.398628291783165,36.408808041059,0.9468468468468468,wallpath_extra
task3,overall,23,direct_extra_all_features,p90_ae,1110,6.255100739753998,9.785129926154562,3.530029186400565,2.1974264780680333,36.075445221889076,0.9234234234234234,wallpath_extra
task3,overall,23,direct_extra_all_features,rmse,1110,3.782378332691267,5.960438553853968,2.178060221162701,1.403778556121076,36.54194572233928,0.9468468468468468,wallpath_extra
task3,overall,23,direct_extra_all_features,wall_region_rmse,1110,6.415560385996031,7.102946265373161,0.6873858793771296,-0.04278936367857722,9.67747542633307,0.44324324324324327,wallpath_extra
task3,overall,23,direct_rf_all_features,free_space_rmse,1110,3.674710987403615,4.631879871998655,0.9571688845950399,0.5810255570443129,20.664803730801896,0.9576576576576576,wallpath_extra
task3,overall,23,direct_rf_all_features,high_wall_rmse,1110,4.058240644057573,4.98229064198273,0.9240499979251563,0.4242321273192726,18.54668995298568,0.9315315315315316,wallpath_extra
task3,overall,23,direct_rf_all_features,los_rmse,1087,2.8742821829226632,3.957811199605737,1.0835290166830738,1.1403215919469658,27.376975859561234,0.9153633854645814,wallpath_extra
task3,overall,23,direct_rf_all_features,mae,1110,2.5105308479553945,3.415565985566503,0.9050351376111085,0.6119144558906555,26.497369438494395,0.9801801801801802,wallpath_extra
task3,overall,23,direct_rf_all_features,nlos_rmse,1110,3.835033493109304,4.735289810842412,0.9002563177331072,0.4829294442885307,19.011641392503307,0.9423423423423424,wallpath_extra
task3,overall,23,direct_rf_all_features,non_anchor_rmse,1110,3.795481655990476,4.715615080169408,0.9201334241789321,0.5500294268130694,19.512479465263652,0.9513513513513514,wallpath_extra
task3,overall,23,direct_rf_all_features,p90_ae,1110,6.255100739753998,7.949774639312928,1.6946738995589292,0.8468344608942668,21.31725711039017,0.9279279279279279,wallpath_extra
task3,overall,23,direct_rf_all_features,rmse,1110,3.782378332691267,4.705300410999242,0.9229220783079745,0.5516656516157392,19.614519747783298,0.9513513513513514,wallpath_extra
task3,overall,23,direct_rf_all_features,wall_region_rmse,1110,6.415560385996031,6.712873638250413,0.2973132522543816,0.014793665948456214,4.429001174106281,0.5207207207207207,wallpath_extra
task3,overall,23,multi_wall_residual_idw,free_space_rmse,1110,3.674710987403615,4.05452256438668,0.3798115769830653,0.8191979606594573,9.367602990280027,0.8504504504504504,wallpath_extra
task3,overall,23,multi_wall_residual_idw,high_wall_rmse,1110,4.058240644057573,4.2115625479292715,0.1533219038716985,0.7097672634706527,3.640499271394729,0.80990990990991,wallpath_extra
task3,overall,23,multi_wall_residual_idw,los_rmse,1087,2.8742821829226632,4.760579194795391,1.886297011872729,1.8241185027214184,39.62326714226211,1.0,wallpath_extra
task3,overall,23,multi_wall_residual_idw,mae,1110,2.5105308479553945,2.956157875347424,0.4456270273920294,0.7802767753601075,15.074534114307308,0.8648648648648649,wallpath_extra
task3,overall,23,multi_wall_residual_idw,nlos_rmse,1110,3.835033493109304,4.113057426727338,0.27802393361803424,0.7471096598549722,6.759544172940253,0.8333333333333334,wallpath_extra
task3,overall,23,multi_wall_residual_idw,non_anchor_rmse,1110,3.795481655990476,4.182787905208325,0.38730624921785006,0.8163955394511131,9.259523982451597,0.8486486486486486,wallpath_extra
task3,overall,23,multi_wall_residual_idw,p90_ae,1110,6.255100739753998,6.5937462148723665,0.33864547511836784,1.1192532380421962,5.135858495047089,0.8216216216216217,wallpath_extra
task3,overall,23,multi_wall_residual_idw,rmse,1110,3.782378332691267,4.161821417763799,0.3794430850725321,0.8112900158731378,9.117236108521254,0.8486486486486486,wallpath_extra
task3,overall,23,multi_wall_residual_idw,wall_region_rmse,1110,6.415560385996031,6.764604000930295,0.3490436149342639,0.3696543894255129,5.159852888450861,0.7279279279279279,wallpath_extra
task3,overall,24,direct_extra_all_features,free_space_rmse,1110,4.852468786277319,6.768024066477632,1.915555280200314,1.319997286197548,28.30302110904357,0.9522522522522523,wallpath_extra
task3,overall,24,direct_extra_all_features,high_wall_rmse,1110,5.192350956339431,6.6096023195562985,1.4172513632168673,0.5223928748238844,21.442309154115758,0.8801801801801802,wallpath_extra
task3,overall,24,direct_extra_all_features,los_rmse,1078,4.109805709569146,8.471101319409389,4.3612956098402424,4.718541240067168,51.48439908099594,0.891465677179963,wallpath_extra
task3,overall,24,direct_extra_all_features,mae,1110,3.4270498123612847,5.3240452969038445,1.89699548454256,1.3405551513036096,35.63071647128439,0.9882882882882883,wallpath_extra
task3,overall,24,direct_extra_all_features,nlos_rmse,1110,5.067974803206877,6.55378076023655,1.4858059570296729,0.6754095041409696,22.670974379314515,0.9153153153153153,wallpath_extra
task3,overall,24,direct_extra_all_features,non_anchor_rmse,1110,4.977539482429414,6.791595266198446,1.8140557837690323,1.2116866411834295,26.710304614256536,0.9459459459459459,wallpath_extra
task3,overall,24,direct_extra_all_features,p90_ae,1110,8.262437406817714,10.9703157393424,2.7078783325246865,1.7362268765767412,24.683686384827844,0.918918918918919,wallpath_extra
task3,overall,24,direct_extra_all_features,rmse,1110,4.956625979793737,6.776737764986619,1.8201117851928807,1.2152684479317417,26.858229554002463,0.9459459459459459,wallpath_extra
task3,overall,24,direct_extra_all_features,wall_region_rmse,1110,6.579512523884146,6.847733572672678,0.2682210487885321,-0.1794224378671827,3.916931725540907,0.35945945945945945,wallpath_extra
task3,overall,24,direct_rf_all_features,free_space_rmse,1110,4.852468786277319,5.400038028572017,0.5475692422946993,0.39311724316599084,10.140099743695643,0.9441441441441442,wallpath_extra
task3,overall,24,direct_rf_all_features,high_wall_rmse,1110,5.192350956339431,5.644327667937182,0.45197671159775027,0.22757721689550747,8.007627093749742,0.8738738738738738,wallpath_extra
task3,overall,24,direct_rf_all_features,los_rmse,1078,4.109805709569146,4.920434550781136,0.8106288412119894,0.8575370237074029,16.474740855628276,0.8218923933209648,wallpath_extra
task3,overall,24,direct_rf_all_features,mae,1110,3.4270498123612847,3.95850075816249,0.5314509458012051,0.4180477857589723,13.425561298816104,0.9891891891891892,wallpath_extra
task3,overall,24,direct_rf_all_features,nlos_rmse,1110,5.067974803206877,5.546328504564714,0.4783537013578372,0.2970581875500302,8.624691108075268,0.9054054054054054,wallpath_extra
task3,overall,24,direct_rf_all_features,non_anchor_rmse,1110,4.977539482429414,5.48530931019673,0.5077698277673166,0.356181317224022,9.256904197242154,0.9297297297297298,wallpath_extra
task3,overall,24,direct_rf_all_features,p90_ae,1110,8.262437406817714,9.18854948128308,0.926112074465365,0.4981346925099692,10.078980108360302,0.9063063063063063,wallpath_extra
task3,overall,24,direct_rf_all_features,rmse,1110,4.956625979793737,5.46639806187228,0.5097720820785419,0.357369986888723,9.3255572738869,0.9306306306306307,wallpath_extra
task3,overall,24,direct_rf_all_features,wall_region_rmse,1110,6.579512523884146,6.577708890216967,-0.0018036336671785483,-0.076826950443587,-0.027420393594211747,0.3783783783783784,baseline
task3,overall,24,multi_wall_residual_idw,free_space_rmse,1110,4.852468786277319,5.5424003773580885,0.6899315910807696,0.8036076604758156,12.448245238638668,0.9162162162162162,wallpath_extra
task3,overall,24,multi_wall_residual_idw,high_wall_rmse,1110,5.192350956339431,5.845694344280022,0.6533433879405909,0.7287666410352265,11.1764890441096,0.8990990990990991,wallpath_extra
task3,overall,24,multi_wall_residual_idw,los_rmse,1078,4.109805709569146,5.891423476878641,1.7816177673094946,1.660616462074382,30.240870891416908,0.9972170686456401,wallpath_extra
task3,overall,24,multi_wall_residual_idw,mae,1110,3.4270498123612847,4.057455798097559,0.6304059857362742,0.7313824494679768,15.536977285910444,0.9198198198198199,wallpath_extra
task3,overall,24,multi_wall_residual_idw,nlos_rmse,1110,5.067974803206877,5.743332856983433,0.6753580537765569,0.7603411703212006,11.758992045104515,0.9108108108108108,wallpath_extra
task3,overall,24,multi_wall_residual_idw,non_anchor_rmse,1110,4.977539482429414,5.708099380471356,0.730559898041942,0.8106603438358977,12.798654146445756,0.918918918918919,wallpath_extra
task3,overall,24,multi_wall_residual_idw,p90_ae,1110,8.262437406817714,9.033121034977315,0.7706836281596003,1.0046377976735439,8.531753589655475,0.8963963963963963,wallpath_extra
task3,overall,24,multi_wall_residual_idw,rmse,1110,4.956625979793737,5.679463757539133,0.7228377777453959,0.8056321186244777,12.727218776347932,0.918918918918919,wallpath_extra
task3,overall,24,multi_wall_residual_idw,wall_region_rmse,1110,6.579512523884146,7.618939275687888,1.0394267518037428,0.7579128174950942,13.64267011709311,0.9279279279279279,wallpath_extra
task3,overall,25,direct_extra_all_features,free_space_rmse,1110,5.943436235851412,8.218124227285657,2.274687991434244,1.6480107438774971,27.67891952620854,0.9486486486486486,wallpath_extra
task3,overall,25,direct_extra_all_features,high_wall_rmse,1110,6.242331220528226,8.255356199555859,2.013024979027633,1.1885708830807376,24.38447149180473,0.9162162162162162,wallpath_extra
task3,overall,25,direct_extra_all_features,los_rmse,947,4.889976604031608,9.236596620288525,4.346620016256916,4.314426771243319,47.05867534270585,0.8553326293558606,wallpath_extra
task3,overall,25,direct_extra_all_features,mae,1110,4.320845428100219,6.428554935963662,2.107709507863443,1.4669297138849893,32.78667645931054,0.9621621621621622,wallpath_extra
task3,overall,25,direct_extra_all_features,nlos_rmse,1110,6.118765173817851,8.135835180684376,2.0170700068665255,1.2648449175863175,24.79241481753877,0.9225225225225225,wallpath_extra
task3,overall,25,direct_extra_all_features,non_anchor_rmse,1110,6.081679351681666,8.267427208886136,2.185747857204472,1.5276990264725447,26.438065942148818,0.9369369369369369,wallpath_extra
task3,overall,25,direct_extra_all_features,p90_ae,1110,10.11530630552733,13.798940726157065,3.6836344206297365,2.6944519678751626,26.69505213285751,0.9495495495495495,wallpath_extra
task3,overall,25,direct_extra_all_features,rmse,1110,6.058572332942797,8.25285145680553,2.1942791238627337,1.537737966212481,26.58813302707963,0.9378378378378378,wallpath_extra
task3,overall,25,direct_extra_all_features,wall_region_rmse,1110,7.184860791799894,8.588276102693342,1.403415310893448,0.6925823161106459,16.341059534093553,0.7603603603603604,wallpath_extra
task3,overall,25,direct_rf_all_features,free_space_rmse,1110,5.943436235851412,6.328745876630331,0.3853096407789185,0.325650403133364,6.088246364919175,0.8594594594594595,wallpath_extra
task3,overall,25,direct_rf_all_features,high_wall_rmse,1110,6.242331220528226,6.5485163775245425,0.3061851569963164,0.22414283656732303,4.675641616277977,0.8171171171171171,wallpath_extra
task3,overall,25,direct_rf_all_features,los_rmse,947,4.889976604031608,5.676038321646957,0.7860617176153492,0.9764362018222492,13.8487739699979,0.7486800422386484,wallpath_extra
task3,overall,25,direct_rf_all_features,mae,1110,4.320845428100219,4.692159257386182,0.3713138292859624,0.32886711756388376,7.913495875091154,0.9036036036036036,wallpath_extra
task3,overall,25,direct_rf_all_features,nlos_rmse,1110,6.118765173817851,6.446479077335408,0.32771390351755747,0.25988514441993593,5.083610752259128,0.8333333333333334,wallpath_extra
task3,overall,25,direct_rf_all_features,non_anchor_rmse,1110,6.081679351681666,6.433232226790064,0.35155287510839855,0.28434817617687713,5.464638345316028,0.8486486486486486,wallpath_extra
task3,overall,25,direct_rf_all_features,p90_ae,1110,10.11530630552733,10.819797157596897,0.7044908520695684,0.4742488861083989,6.511128090556884,0.8450450450450451,wallpath_extra
task3,overall,25,direct_rf_all_features,rmse,1110,6.058572332942797,6.411902642337178,0.35333030939438065,0.2855545722409476,5.510537653229086,0.8495495495495495,wallpath_extra
task3,overall,25,direct_rf_all_features,wall_region_rmse,1110,7.184860791799894,7.2519656367654814,0.06710484496558818,0.0472350600322331,0.9253331900165739,0.5693693693693693,wallpath_extra
task3,overall,25,multi_wall_residual_idw,free_space_rmse,1110,5.943436235851412,6.555898481013632,0.6124622451622193,0.7521759122445428,9.34215572336813,0.8567567567567568,wallpath_extra
task3,overall,25,multi_wall_residual_idw,high_wall_rmse,1110,6.242331220528226,6.843060128743992,0.600728908215766,0.7310584164569889,8.778658917410777,0.8414414414414414,wallpath_extra
task3,overall,25,multi_wall_residual_idw,los_rmse,947,4.889976604031608,6.400789387070789,1.5108127830391818,1.400917170906014,23.60353843372714,0.9778247096092925,wallpath_extra
task3,overall,25,multi_wall_residual_idw,mae,1110,4.320845428100219,4.707315896080063,0.3864704679798436,0.533081650733948,8.209996450454302,0.8396396396396396,wallpath_extra
task3,overall,25,multi_wall_residual_idw,nlos_rmse,1110,6.118765173817851,6.729335240463295,0.6105700666454443,0.747343975684315,9.07325976233291,0.8504504504504504,wallpath_extra
task3,overall,25,multi_wall_residual_idw,non_anchor_rmse,1110,6.081679351681666,6.723835353285448,0.6421560016037822,0.7679198860085972,9.550442089424559,0.8585585585585586,wallpath_extra
task3,overall,25,multi_wall_residual_idw,p90_ae,1110,10.11530630552733,10.632952663776754,0.5176463582494237,0.9653431574503575,4.8683218539370365,0.8189189189189189,wallpath_extra
task3,overall,25,multi_wall_residual_idw,rmse,1110,6.058572332942797,6.690047022088821,0.6314746891460244,0.7620376122045771,9.439017200642342,0.8567567567567568,wallpath_extra
task3,overall,25,multi_wall_residual_idw,wall_region_rmse,1110,7.184860791799894,7.9700297709978765,0.7851689791979836,0.6784373740404597,9.851518774184916,0.8513513513513513,wallpath_extra
task2,Ant1-f1 source-like,21,direct_extra_all_features,free_space_rmse,50,3.853363992650919,3.6529923443582977,-0.20037164829262175,-0.1938936425928488,-5.4851373724359584,0.12,baseline
task2,Ant1-f1 source-like,21,direct_extra_all_features,high_wall_rmse,50,4.307401888479252,4.084207368408762,-0.22319452007049037,-0.19433141726957737,-5.464818505468012,0.14,baseline
task2,Ant1-f1 source-like,21,direct_extra_all_features,los_rmse,48,1.925035463668032,0.9381478176549302,-0.986887646013102,-0.7294698090931808,-105.19532502671122,0.0,baseline
task2,Ant1-f1 source-like,21,direct_extra_all_features,mae,50,2.6987786658604938,2.563637673854828,-0.13514099200566612,-0.13685802618662524,-5.271454440847734,0.08,baseline
task2,Ant1-f1 source-like,21,direct_extra_all_features,nlos_rmse,50,4.162241683492628,3.9330732911357313,-0.2291683923568964,-0.21199752064357535,-5.826700277195209,0.1,baseline
task2,Ant1-f1 source-like,21,direct_extra_all_features,non_anchor_rmse,50,4.043081801727769,3.7941776597973904,-0.2489041419303795,-0.2272626949577774,-6.560160441819441,0.1,baseline
task2,Ant1-f1 source-like,21,direct_extra_all_features,p90_ae,50,6.53206064860026,6.3277346134185795,-0.2043260351816813,-0.24831477801005075,-3.2290550673283196,0.1,baseline
task2,Ant1-f1 source-like,21,direct_extra_all_features,rmse,50,4.0236844717607205,3.777956156446214,-0.24572831531450728,-0.22486702860201024,-6.504265934776077,0.1,baseline
task2,Ant1-f1 source-like,21,direct_extra_all_features,wall_region_rmse,50,5.578856293000416,4.972932433937401,-0.6059238590630147,-0.5117051977745648,-12.18443779625747,0.08,baseline
task2,Ant1-f1 source-like,21,direct_rf_all_features,free_space_rmse,50,3.853363992650919,3.6462123529866006,-0.20715163966431863,-0.19416179044283277,-5.6812829207449,0.06,baseline
task2,Ant1-f1 source-like,21,direct_rf_all_features,high_wall_rmse,50,4.307401888479252,4.092510424771604,-0.21489146370764778,-0.17085394307380364,-5.250847069488912,0.08,baseline
task2,Ant1-f1 source-like,21,direct_rf_all_features,los_rmse,48,1.925035463668032,1.0178085896501996,-0.9072268740178323,-0.6932891444020353,-89.13531318591329,0.0,baseline
task2,Ant1-f1 source-like,21,direct_rf_all_features,mae,50,2.6987786658604938,2.5469035466512047,-0.1518751192092896,-0.15357345342636108,-5.963128026932234,0.08,baseline
task2,Ant1-f1 source-like,21,direct_rf_all_features,nlos_rmse,50,4.162241683492628,3.9404688338829237,-0.22177284960970423,-0.18940350252909632,-5.628082823615936,0.06,baseline
task2,Ant1-f1 source-like,21,direct_rf_all_features,non_anchor_rmse,50,4.043081801727769,3.806507857772,-0.23657394395577003,-0.2085360011599069,-6.214986354822327,0.06,baseline
task2,Ant1-f1 source-like,21,direct_rf_all_features,p90_ae,50,6.53206064860026,6.319388704299927,-0.21267194430033365,-0.2333465417226157,-3.3653879236076123,0.08,baseline
task2,Ant1-f1 source-like,21,direct_rf_all_features,rmse,50,4.0236844717607205,3.7893780756632447,-0.2343063960974764,-0.20707860115925847,-6.18324145596018,0.06,baseline
task2,Ant1-f1 source-like,21,direct_rf_all_features,wall_region_rmse,50,5.578856293000416,5.132313869413441,-0.4465424235869746,-0.35691732295723444,-8.700606294720037,0.12,baseline
task2,Ant1-f1 source-like,21,multi_wall_residual_idw,free_space_rmse,50,3.853363992650919,4.480321651117059,0.6269576584661398,0.522235077586523,13.993585891535783,1.0,wallpath_extra
task2,Ant1-f1 source-like,21,multi_wall_residual_idw,high_wall_rmse,50,4.307401888479252,4.958031561530628,0.6506296730513759,0.4712934386158296,13.122741656176862,1.0,wallpath_extra
task2,Ant1-f1 source-like,21,multi_wall_residual_idw,los_rmse,48,1.925035463668032,3.8682676342382174,1.9432321705701856,1.8844421969830862,50.23520485941941,1.0,wallpath_extra
task2,Ant1-f1 source-like,21,multi_wall_residual_idw,mae,50,2.6987786658604938,3.138478949864705,0.4397002840042114,0.4124978780746462,14.009980344879043,1.0,wallpath_extra
task2,Ant1-f1 source-like,21,multi_wall_residual_idw,nlos_rmse,50,4.162241683492628,4.801355649473569,0.639113965980941,0.5004666937364932,13.311114873379882,1.0,wallpath_extra
task2,Ant1-f1 source-like,21,multi_wall_residual_idw,non_anchor_rmse,50,4.043081801727769,4.730814049856887,0.6877322481291176,0.5429969734044977,14.537291909622242,1.0,wallpath_extra
task2,Ant1-f1 source-like,21,multi_wall_residual_idw,p90_ae,50,6.53206064860026,7.166117779413859,0.6340571308135986,0.619436502456665,8.84798645976846,1.0,wallpath_extra
task2,Ant1-f1 source-like,21,multi_wall_residual_idw,rmse,50,4.0236844717607205,4.707059009317962,0.6833745375572405,0.5392157829590172,14.518078830209099,1.0,wallpath_extra
task2,Ant1-f1 source-like,21,multi_wall_residual_idw,wall_region_rmse,50,5.578856293000416,6.642674103033288,1.0638178100328726,0.6992485864435456,16.014902937163424,0.94,wallpath_extra
task2,Ant1-f1 source-like,22,direct_extra_all_features,free_space_rmse,50,2.5629043742069375,2.4091560862220556,-0.15374828798488183,-0.12416050273882884,-6.381831748642903,0.02,baseline
task2,Ant1-f1 source-like,22,direct_extra_all_features,high_wall_rmse,50,3.0185341201336886,2.849038409878022,-0.1694957102556669,-0.1289527523588283,-5.9492251725354395,0.04,baseline
task2,Ant1-f1 source-like,22,direct_extra_all_features,los_rmse,50,1.1060969108749767,0.6822262642679077,-0.42387064660706913,-0.38897750391952685,-62.13050842625089,0.0,baseline
task2,Ant1-f1 source-like,22,direct_extra_all_features,mae,50,1.6367745113372802,1.5650133164723714,-0.07176119486490885,-0.06453990936279308,-4.585340847237174,0.08,baseline
task2,Ant1-f1 source-like,22,direct_extra_all_features,nlos_rmse,50,2.823999230168222,2.6586570311477633,-0.16534219902045832,-0.14016143724926056,-6.219011970456345,0.04,baseline
task2,Ant1-f1 source-like,22,direct_extra_all_features,non_anchor_rmse,50,2.686355279498077,2.5193901623098434,-0.16696511718823362,-0.14421540061196625,-6.627203665634527,0.02,baseline
task2,Ant1-f1 source-like,22,direct_extra_all_features,p90_ae,50,4.194012883504231,4.068686442375183,-0.12532644112904864,-0.12393109003702785,-3.0802678678744835,0.12,baseline
task2,Ant1-f1 source-like,22,direct_extra_all_features,rmse,50,2.6734877057342548,2.507903940315539,-0.16558376541871617,-0.1427594158569132,-6.6024763850358,0.02,baseline
task2,Ant1-f1 source-like,22,direct_extra_all_features,wall_region_rmse,50,4.329742901335196,4.022701688243458,-0.3070412130917378,-0.08324117174278145,-7.632711468242372,0.34,baseline
task2,Ant1-f1 source-like,22,direct_rf_all_features,free_space_rmse,50,2.5629043742069375,2.430455391541095,-0.13244898266584268,-0.10935660569336414,-5.449554150502626,0.06,baseline
task2,Ant1-f1 source-like,22,direct_rf_all_features,high_wall_rmse,50,3.0185341201336886,2.8722611606883772,-0.14627295944531132,-0.10224181249394859,-5.092606530607232,0.04,baseline
task2,Ant1-f1 source-like,22,direct_rf_all_features,los_rmse,50,1.1060969108749767,0.7153071209711803,-0.3907897899037965,-0.3653169566930568,-54.63244786004881,0.0,baseline
task2,Ant1-f1 source-like,22,direct_rf_all_features,mae,50,1.6367745113372802,1.56103746732076,-0.07573704401652019,-0.07299019893010461,-4.851712121074785,0.1,baseline
task2,Ant1-f1 source-like,22,direct_rf_all_features,nlos_rmse,50,2.823999230168222,2.6813647946963926,-0.14263443547182944,-0.11908896552588133,-5.319471477881462,0.06,baseline
task2,Ant1-f1 source-like,22,direct_rf_all_features,non_anchor_rmse,50,2.686355279498077,2.543039905795135,-0.14331537370294134,-0.1282978053479953,-5.6355927949204245,0.06,baseline
task2,Ant1-f1 source-like,22,direct_rf_all_features,p90_ae,50,4.194012883504231,4.102286225954692,-0.0917266575495402,-0.10488653182983398,-2.2359887267055063,0.18,baseline
task2,Ant1-f1 source-like,22,direct_rf_all_features,rmse,50,2.6734877057342548,2.5312032785972054,-0.14228442713704947,-0.12718305908465477,-5.621216926358577,0.06,baseline
task2,Ant1-f1 source-like,22,direct_rf_all_features,wall_region_rmse,50,4.329742901335196,4.0789088160834215,-0.2508340852517751,-0.08146004172919241,-6.149538922339192,0.36,baseline
task2,Ant1-f1 source-like,22,multi_wall_residual_idw,free_space_rmse,50,2.5629043742069375,3.1519689581981307,0.5890645839911932,0.5273451563517624,18.68878126033134,1.0,wallpath_extra
task2,Ant1-f1 source-like,22,multi_wall_residual_idw,high_wall_rmse,50,3.0185341201336886,3.6440353878078167,0.6255012676741284,0.5365085857979333,17.165071167171565,1.0,wallpath_extra
task2,Ant1-f1 source-like,22,multi_wall_residual_idw,los_rmse,50,1.1060969108749767,2.2797295224903005,1.1736326116153237,1.2000820423395175,51.48122178692877,1.0,wallpath_extra
task2,Ant1-f1 source-like,22,multi_wall_residual_idw,mae,50,1.6367745113372802,2.20192494392395,0.56515043258667,0.5381106932957969,25.666198756963123,1.0,wallpath_extra
task2,Ant1-f1 source-like,22,multi_wall_residual_idw,nlos_rmse,50,2.823999230168222,3.419733594915278,0.595734364747056,0.5177683915284104,17.420490462556483,1.0,wallpath_extra
task2,Ant1-f1 source-like,22,multi_wall_residual_idw,non_anchor_rmse,50,2.686355279498077,3.295838812589598,0.6094835330915211,0.5442286050385146,18.492516404727915,1.0,wallpath_extra
task2,Ant1-f1 source-like,22,multi_wall_residual_idw,p90_ae,50,4.194012883504231,4.98848380724589,0.7944709237416585,0.737271189689636,15.926100082507455,1.0,wallpath_extra
task2,Ant1-f1 source-like,22,multi_wall_residual_idw,rmse,50,2.6734877057342548,3.27931821325505,0.6058305075207945,0.541062426753677,18.47428240028735,1.0,wallpath_extra
task2,Ant1-f1 source-like,22,multi_wall_residual_idw,wall_region_rmse,50,4.329742901335196,5.140268984595406,0.8105260832602097,0.5371038746031334,15.768164772879231,0.98,wallpath_extra
task2,Ant1-f1 source-like,23,direct_extra_all_features,free_space_rmse,50,1.7176069507582656,1.65445430303711,-0.06315264772115571,-0.06250924525091639,-3.817128560470078,0.14,baseline
task2,Ant1-f1 source-like,23,direct_extra_all_features,high_wall_rmse,50,1.9481518590425466,1.8885267720633347,-0.05962508697921191,-0.04929679547858756,-3.1572275204797706,0.18,baseline
task2,Ant1-f1 source-like,23,direct_extra_all_features,los_rmse,48,0.8179135660661482,0.5793088172287996,-0.23860474883734853,-0.24544467236709058,-41.18783311097283,0.0,baseline
task2,Ant1-f1 source-like,23,direct_extra_all_features,mae,50,1.076223422686259,1.0929828321933746,0.016759409507115693,0.007867902517318726,1.5333643872047922,0.54,wallpath_extra
task2,Ant1-f1 source-like,23,direct_extra_all_features,nlos_rmse,50,1.8378927082619825,1.7763010339522771,-0.06159167430970534,-0.05438060099601638,-3.4674119494635223,0.16,baseline
task2,Ant1-f1 source-like,23,direct_extra_all_features,non_anchor_rmse,50,1.7999716259571925,1.7340448219743803,-0.06592680398281228,-0.0620831098237824,-3.8019088749821424,0.1,baseline
task2,Ant1-f1 source-like,23,direct_extra_all_features,p90_ae,50,2.8759047603607177,2.7745637464523316,-0.10134101390838621,-0.08908816178639745,-3.652502633538869,0.02,baseline
task2,Ant1-f1 source-like,23,direct_extra_all_features,rmse,50,1.7913273345350365,1.7265092608842059,-0.06481807365083052,-0.061117300680971764,-3.7542847362217437,0.1,baseline
task2,Ant1-f1 source-like,23,direct_extra_all_features,wall_region_rmse,50,3.485449633088406,3.386344485488067,-0.09910514760033937,-0.03877621259687869,-2.9266115135375976,0.34,baseline
task2,Ant1-f1 source-like,23,direct_rf_all_features,free_space_rmse,50,1.7176069507582656,1.667797239608327,-0.04980971114993864,-0.0556787191137289,-2.986556756841512,0.24,baseline
task2,Ant1-f1 source-like,23,direct_rf_all_features,high_wall_rmse,50,1.9481518590425466,1.9026032766119625,-0.045548582430584315,-0.04641684970589588,-2.3940136648820562,0.22,baseline
task2,Ant1-f1 source-like,23,direct_rf_all_features,los_rmse,48,0.8179135660661482,0.5963942621150072,-0.22151930395114094,-0.22494524447303815,-37.143097783261986,0.0,baseline
task2,Ant1-f1 source-like,23,direct_rf_all_features,mae,50,1.076223422686259,1.0909531688690186,0.014729746182759615,0.010463178157806396,1.3501721799873196,0.58,wallpath_extra
task2,Ant1-f1 source-like,23,direct_rf_all_features,nlos_rmse,50,1.8378927082619825,1.7873750270462188,-0.05051768121576352,-0.05447115381012324,-2.82636158899726,0.22,baseline
task2,Ant1-f1 source-like,23,direct_rf_all_features,non_anchor_rmse,50,1.7999716259571925,1.7452718783201469,-0.05469974763704574,-0.05810824653450952,-3.1341677085689983,0.22,baseline
task2,Ant1-f1 source-like,23,direct_rf_all_features,p90_ae,50,2.8759047603607177,2.7857844734191897,-0.09012028694152831,-0.07933723926544212,-3.235005715676098,0.1,baseline
task2,Ant1-f1 source-like,23,direct_rf_all_features,rmse,50,1.7913273345350365,1.7375139258997072,-0.05381340863532916,-0.05715509853794176,-3.0971497743515326,0.22,baseline
task2,Ant1-f1 source-like,23,direct_rf_all_features,wall_region_rmse,50,3.485449633088406,3.3629374092423188,-0.12251222384608777,-0.050767171196693495,-3.643012311480689,0.32,baseline
task2,Ant1-f1 source-like,23,multi_wall_residual_idw,free_space_rmse,50,1.7176069507582656,2.431259695956698,0.7136527451984324,0.6599076216484758,29.35320921846692,1.0,wallpath_extra
task2,Ant1-f1 source-like,23,multi_wall_residual_idw,high_wall_rmse,50,1.9481518590425466,2.6376186808648674,0.6894668218223207,0.6353144718574094,26.139745931593367,1.0,wallpath_extra
task2,Ant1-f1 source-like,23,multi_wall_residual_idw,los_rmse,48,0.8179135660661482,2.339318420494046,1.5214048544278977,1.4135432601164737,65.03624479247203,1.0,wallpath_extra
task2,Ant1-f1 source-like,23,multi_wall_residual_idw,mae,50,1.076223422686259,1.669306033452352,0.593082610766093,0.5863757928212484,35.52869269510261,1.0,wallpath_extra
task2,Ant1-f1 source-like,23,multi_wall_residual_idw,nlos_rmse,50,1.8378927082619825,2.5222186267647952,0.6843259185028127,0.6459244195917982,27.131903287090758,1.0,wallpath_extra
task2,Ant1-f1 source-like,23,multi_wall_residual_idw,non_anchor_rmse,50,1.7999716259571925,2.5228684060819977,0.7228967801248051,0.6795326842470029,28.65376483300056,1.0,wallpath_extra
task2,Ant1-f1 source-like,23,multi_wall_residual_idw,p90_ae,50,2.8759047603607177,3.719231444994609,0.8433266846338907,0.8201386133829753,22.67475679064962,1.0,wallpath_extra
task2,Ant1-f1 source-like,23,multi_wall_residual_idw,rmse,50,1.7913273345350365,2.5102223695247905,0.7188950349897538,0.6757644946995489,28.638699253000755,1.0,wallpath_extra
task2,Ant1-f1 source-like,23,multi_wall_residual_idw,wall_region_rmse,50,3.485449633088406,4.3567854541958,0.8713358211073944,0.5011525735405127,19.99951180217641,0.94,wallpath_extra
task2,Ant1-f1 source-like,24,direct_extra_all_features,free_space_rmse,50,2.6696499595928764,2.6418995222506583,-0.027750437342217903,-0.017221760187020152,-1.0503971520679678,0.38,baseline
task2,Ant1-f1 source-like,24,direct_extra_all_features,high_wall_rmse,50,2.979110863621989,2.927487500348766,-0.05162336327322288,-0.023807590238860366,-1.763401663271753,0.38,baseline
task2,Ant1-f1 source-like,24,direct_extra_all_features,los_rmse,50,1.322448092152639,0.8814887287699387,-0.4409593633827004,-0.4067517726697982,-50.02439044206849,0.02,baseline
task2,Ant1-f1 source-like,24,direct_extra_all_features,mae,50,1.8032853976885477,1.8432405710220336,0.039955173333485916,0.03221605221430457,2.167659173828393,0.76,wallpath_extra
task2,Ant1-f1 source-like,24,direct_extra_all_features,nlos_rmse,50,2.8867384176940827,2.847697057475736,-0.03904136021834699,-0.02194008931874558,-1.3709801088516758,0.36,baseline
task2,Ant1-f1 source-like,24,direct_extra_all_features,non_anchor_rmse,50,2.7857681606733653,2.734756069060742,-0.051012091612623794,-0.031033938296525454,-1.8653251085075218,0.34,baseline
task2,Ant1-f1 source-like,24,direct_extra_all_features,p90_ae,50,4.61072247505188,4.567696555455526,-0.043025919596354184,-0.0564877986907959,-0.941960987863016,0.36,baseline
task2,Ant1-f1 source-like,24,direct_extra_all_features,rmse,50,2.7722800844788313,2.7222889647501405,-0.04999111972869104,-0.030064894525212882,-1.8363634564885065,0.34,baseline
task2,Ant1-f1 source-like,24,direct_extra_all_features,wall_region_rmse,50,4.228592318520761,3.9535458823464795,-0.2750464361742812,-0.10746869110719337,-6.956955714171141,0.28,baseline
task2,Ant1-f1 source-like,24,direct_rf_all_features,free_space_rmse,50,2.6696499595928764,2.6937601540457634,0.02411019445288699,0.009617171247520595,0.8950386476196046,0.58,wallpath_extra
task2,Ant1-f1 source-like,24,direct_rf_all_features,high_wall_rmse,50,2.979110863621989,2.9768483202837843,-0.0022625433382042104,-0.0055315597664982175,-0.07600465642767272,0.44,baseline
task2,Ant1-f1 source-like,24,direct_rf_all_features,los_rmse,50,1.322448092152639,0.914474555351481,-0.4079735368011579,-0.3662726479490968,-44.612891021812196,0.02,baseline
task2,Ant1-f1 source-like,24,direct_rf_all_features,mae,50,1.8032853976885477,1.8635618329048156,0.06027643521626789,0.045745790004730114,3.2344746577210364,0.78,wallpath_extra
task2,Ant1-f1 source-like,24,direct_rf_all_features,nlos_rmse,50,2.8867384176940827,2.9010293354289627,0.014290917734879791,-0.00019197460069753092,0.4926154162025,0.5,wallpath_extra
task2,Ant1-f1 source-like,24,direct_rf_all_features,non_anchor_rmse,50,2.7857681606733653,2.786231509312523,0.0004633486391579389,-0.006094942494158095,0.016629940391141254,0.48,wallpath_extra
task2,Ant1-f1 source-like,24,direct_rf_all_features,p90_ae,50,4.61072247505188,4.661626884142558,0.05090440909067798,0.032557010650634766,1.0919880624474707,0.64,wallpath_extra
task2,Ant1-f1 source-like,24,direct_rf_all_features,rmse,50,2.7722800844788313,2.7734002910932545,0.0011202066144223631,-0.0056578412645260645,0.04039109024473198,0.48,wallpath_extra
task2,Ant1-f1 source-like,24,direct_rf_all_features,wall_region_rmse,50,4.228592318520761,3.995039997080882,-0.2335523214398786,-0.10484820648744364,-5.846057151130702,0.32,baseline
task2,Ant1-f1 source-like,24,multi_wall_residual_idw,free_space_rmse,50,2.6696499595928764,3.3685091057086023,0.6988591461157254,0.6795986429125425,20.74683856224023,1.0,wallpath_extra
task2,Ant1-f1 source-like,24,multi_wall_residual_idw,high_wall_rmse,50,2.979110863621989,3.7189167174925375,0.7398058538705492,0.6722907747657487,19.893047090588233,1.0,wallpath_extra
task2,Ant1-f1 source-like,24,multi_wall_residual_idw,los_rmse,50,1.322448092152639,3.1182043650118505,1.7957562728592114,1.664899171827806,57.589434900697626,1.0,wallpath_extra
task2,Ant1-f1 source-like,24,multi_wall_residual_idw,mae,50,1.8032853976885477,2.4174601165453593,0.6141747188568115,0.5884594519933065,25.405784966350975,1.0,wallpath_extra
task2,Ant1-f1 source-like,24,multi_wall_residual_idw,nlos_rmse,50,2.8867384176940827,3.6129353836580247,0.7261969659639418,0.6757754551802011,20.099915687633533,1.0,wallpath_extra
task2,Ant1-f1 source-like,24,multi_wall_residual_idw,non_anchor_rmse,50,2.7857681606733653,3.5484071666257995,0.7626390059524343,0.6825302430522902,21.492432241862254,1.0,wallpath_extra
task2,Ant1-f1 source-like,24,multi_wall_residual_idw,p90_ae,50,4.61072247505188,5.393430983225504,0.7827085081736247,0.7112872600555424,14.512255938900159,1.0,wallpath_extra
task2,Ant1-f1 source-like,24,multi_wall_residual_idw,rmse,50,2.7722800844788313,3.530605996243041,0.758325911764209,0.6786122619168298,21.47863320266133,1.0,wallpath_extra
task2,Ant1-f1 source-like,24,multi_wall_residual_idw,wall_region_rmse,50,4.228592318520761,5.468384695044432,1.2397923765236718,0.7516617082518886,22.67200362928376,1.0,wallpath_extra
task2,Ant1-f1 source-like,25,direct_extra_all_features,free_space_rmse,50,3.479270654994733,3.583696995274506,0.10442634027977327,-0.0945334484729794,2.913927723729724,0.44,wallpath_extra
task2,Ant1-f1 source-like,25,direct_extra_all_features,high_wall_rmse,50,3.754280724768236,3.854800241777535,0.10051951700929823,-0.09456210724035086,2.6076452917038035,0.44,wallpath_extra
task2,Ant1-f1 source-like,25,direct_extra_all_features,los_rmse,42,1.4084372861595367,0.6532802658045422,-0.7551570203549943,-0.7178749871617847,-115.5946474864026,0.0,baseline
task2,Ant1-f1 source-like,25,direct_extra_all_features,mae,50,2.390879815419515,2.4772441601753235,0.08636434475580851,-0.02052450180053711,3.4863073307112424,0.44,wallpath_extra
task2,Ant1-f1 source-like,25,direct_extra_all_features,nlos_rmse,50,3.6393489149104807,3.730589679646105,0.09124076473562404,-0.10570383870120192,2.4457464521876746,0.44,wallpath_extra
task2,Ant1-f1 source-like,25,direct_extra_all_features,non_anchor_rmse,50,3.591086315469755,3.6702228283686544,0.07913651289889874,-0.11711276804297044,2.1561773385316267,0.44,wallpath_extra
task2,Ant1-f1 source-like,25,direct_extra_all_features,p90_ae,50,5.829290911356607,6.164109865824381,0.3348189544677735,0.03132756551106741,5.4317486507517865,0.5,wallpath_extra
task2,Ant1-f1 source-like,25,direct_extra_all_features,rmse,50,3.5745027888486516,3.6572219953159286,0.08271920646727668,-0.11387020452187468,2.261804357876595,0.44,wallpath_extra
task2,Ant1-f1 source-like,25,direct_extra_all_features,wall_region_rmse,50,4.470868209737,4.384952680243699,-0.08591552949330089,-0.0860555363661839,-1.9593262632089765,0.4,baseline
task2,Ant1-f1 source-like,25,direct_rf_all_features,free_space_rmse,50,3.479270654994733,3.5349261330442965,0.05565547804956351,-0.08509008173048005,1.5744452912127047,0.4,wallpath_extra
task2,Ant1-f1 source-like,25,direct_rf_all_features,high_wall_rmse,50,3.754280724768236,3.8135852864307,0.05930456166246337,-0.07290574303921726,1.5550868069865402,0.4,wallpath_extra
task2,Ant1-f1 source-like,25,direct_rf_all_features,los_rmse,42,1.4084372861595367,0.7021213233619081,-0.7063159627976284,-0.6733308564153704,-100.59742373520798,0.0,baseline
task2,Ant1-f1 source-like,25,direct_rf_all_features,mae,50,2.390879815419515,2.4260538522402446,0.03517403682072957,-0.02904101212819432,1.449845673798606,0.42,wallpath_extra
task2,Ant1-f1 source-like,25,direct_rf_all_features,nlos_rmse,50,3.6393489149104807,3.689830030517082,0.05048111560660101,-0.0786968165621893,1.3681149318286323,0.38,wallpath_extra
task2,Ant1-f1 source-like,25,direct_rf_all_features,non_anchor_rmse,50,3.591086315469755,3.6317249872163875,0.0406386717466325,-0.08990458196869366,1.1189908897198977,0.38,wallpath_extra
task2,Ant1-f1 source-like,25,direct_rf_all_features,p90_ae,50,5.829290911356607,6.010258712768555,0.18096780141194663,-0.08689371744791652,3.0109818904715113,0.44,wallpath_extra
task2,Ant1-f1 source-like,25,direct_rf_all_features,rmse,50,3.5745027888486516,3.617561498490354,0.043058709641702546,-0.08605975507082753,1.1902689051636413,0.38,wallpath_extra
task2,Ant1-f1 source-like,25,direct_rf_all_features,wall_region_rmse,50,4.470868209737,4.425301352548949,-0.04556685718804972,-0.05150586812781022,-1.0296893602919055,0.46,baseline
task2,Ant1-f1 source-like,25,multi_wall_residual_idw,free_space_rmse,50,3.479270654994733,4.277443169802512,0.7981725148077797,0.6780286858481073,18.66003785725645,1.0,wallpath_extra
task2,Ant1-f1 source-like,25,multi_wall_residual_idw,high_wall_rmse,50,3.754280724768236,4.547084722927368,0.7928039981591314,0.6473582881530877,17.43543493178487,1.0,wallpath_extra
task2,Ant1-f1 source-like,25,multi_wall_residual_idw,los_rmse,42,1.4084372861595367,3.412294377548455,2.003857091388918,1.7844336243710766,58.72462541841361,1.0,wallpath_extra
task2,Ant1-f1 source-like,25,multi_wall_residual_idw,mae,50,2.390879815419515,2.864425729115804,0.47354591369628907,0.4735881487528484,16.531966909907066,1.0,wallpath_extra
task2,Ant1-f1 source-like,25,multi_wall_residual_idw,nlos_rmse,50,3.6393489149104807,4.42371088043306,0.7843619655225785,0.6354653961970249,17.73085960459047,1.0,wallpath_extra
task2,Ant1-f1 source-like,25,multi_wall_residual_idw,non_anchor_rmse,50,3.591086315469755,4.4019945419896205,0.810908226519865,0.6656002272892476,18.421381916419865,1.0,wallpath_extra
task2,Ant1-f1 source-like,25,multi_wall_residual_idw,p90_ae,50,5.829290911356607,6.6645799763997395,0.8352890650431316,0.8042424519856772,12.533258930060317,1.0,wallpath_extra
task2,Ant1-f1 source-like,25,multi_wall_residual_idw,rmse,50,3.5745027888486516,4.3798738264016315,0.8053710375529799,0.6605985140848352,18.3879963093514,1.0,wallpath_extra
task2,Ant1-f1 source-like,25,multi_wall_residual_idw,wall_region_rmse,50,4.470868209737,5.336072008439453,0.8652037987024529,0.5741385021470644,16.21424518511107,0.98,wallpath_extra
task3,Ant1-f1 source-like,21,direct_extra_all_features,free_space_rmse,50,3.853363992650919,3.6529923443582977,-0.20037164829262175,-0.1938936425928488,-5.4851373724359584,0.12,baseline
task3,Ant1-f1 source-like,21,direct_extra_all_features,high_wall_rmse,50,4.307401888479252,4.084207368408762,-0.22319452007049037,-0.19433141726957737,-5.464818505468012,0.14,baseline
task3,Ant1-f1 source-like,21,direct_extra_all_features,los_rmse,48,1.925035463668032,0.9381478176549302,-0.986887646013102,-0.7294698090931808,-105.19532502671122,0.0,baseline
task3,Ant1-f1 source-like,21,direct_extra_all_features,mae,50,2.6987786658604938,2.563637673854828,-0.13514099200566612,-0.13685802618662524,-5.271454440847734,0.08,baseline
task3,Ant1-f1 source-like,21,direct_extra_all_features,nlos_rmse,50,4.162241683492628,3.9330732911357313,-0.2291683923568964,-0.21199752064357535,-5.826700277195209,0.1,baseline
task3,Ant1-f1 source-like,21,direct_extra_all_features,non_anchor_rmse,50,4.043081801727769,3.7941776597973904,-0.2489041419303795,-0.2272626949577774,-6.560160441819441,0.1,baseline
task3,Ant1-f1 source-like,21,direct_extra_all_features,p90_ae,50,6.53206064860026,6.3277346134185795,-0.2043260351816813,-0.24831477801005075,-3.2290550673283196,0.1,baseline
task3,Ant1-f1 source-like,21,direct_extra_all_features,rmse,50,4.0236844717607205,3.777956156446214,-0.24572831531450728,-0.22486702860201024,-6.504265934776077,0.1,baseline
task3,Ant1-f1 source-like,21,direct_extra_all_features,wall_region_rmse,50,5.578856293000416,4.972932433937401,-0.6059238590630147,-0.5117051977745648,-12.18443779625747,0.08,baseline
task3,Ant1-f1 source-like,21,direct_rf_all_features,free_space_rmse,50,3.853363992650919,3.6462123529866006,-0.20715163966431863,-0.19416179044283277,-5.6812829207449,0.06,baseline
task3,Ant1-f1 source-like,21,direct_rf_all_features,high_wall_rmse,50,4.307401888479252,4.092510424771604,-0.21489146370764778,-0.17085394307380364,-5.250847069488912,0.08,baseline
task3,Ant1-f1 source-like,21,direct_rf_all_features,los_rmse,48,1.925035463668032,1.0178085896501996,-0.9072268740178323,-0.6932891444020353,-89.13531318591329,0.0,baseline
task3,Ant1-f1 source-like,21,direct_rf_all_features,mae,50,2.6987786658604938,2.5469035466512047,-0.1518751192092896,-0.15357345342636108,-5.963128026932234,0.08,baseline
task3,Ant1-f1 source-like,21,direct_rf_all_features,nlos_rmse,50,4.162241683492628,3.9404688338829237,-0.22177284960970423,-0.18940350252909632,-5.628082823615936,0.06,baseline
task3,Ant1-f1 source-like,21,direct_rf_all_features,non_anchor_rmse,50,4.043081801727769,3.806507857772,-0.23657394395577003,-0.2085360011599069,-6.214986354822327,0.06,baseline
task3,Ant1-f1 source-like,21,direct_rf_all_features,p90_ae,50,6.53206064860026,6.319388704299927,-0.21267194430033365,-0.2333465417226157,-3.3653879236076123,0.08,baseline
task3,Ant1-f1 source-like,21,direct_rf_all_features,rmse,50,4.0236844717607205,3.7893780756632447,-0.2343063960974764,-0.20707860115925847,-6.18324145596018,0.06,baseline
task3,Ant1-f1 source-like,21,direct_rf_all_features,wall_region_rmse,50,5.578856293000416,5.132313869413441,-0.4465424235869746,-0.35691732295723444,-8.700606294720037,0.12,baseline
task3,Ant1-f1 source-like,21,multi_wall_residual_idw,free_space_rmse,50,3.853363992650919,4.480321651117059,0.6269576584661398,0.522235077586523,13.993585891535783,1.0,wallpath_extra
task3,Ant1-f1 source-like,21,multi_wall_residual_idw,high_wall_rmse,50,4.307401888479252,4.958031561530628,0.6506296730513759,0.4712934386158296,13.122741656176862,1.0,wallpath_extra
task3,Ant1-f1 source-like,21,multi_wall_residual_idw,los_rmse,48,1.925035463668032,3.8682676342382174,1.9432321705701856,1.8844421969830862,50.23520485941941,1.0,wallpath_extra
task3,Ant1-f1 source-like,21,multi_wall_residual_idw,mae,50,2.6987786658604938,3.138478949864705,0.4397002840042114,0.4124978780746462,14.009980344879043,1.0,wallpath_extra
task3,Ant1-f1 source-like,21,multi_wall_residual_idw,nlos_rmse,50,4.162241683492628,4.801355649473569,0.639113965980941,0.5004666937364932,13.311114873379882,1.0,wallpath_extra
task3,Ant1-f1 source-like,21,multi_wall_residual_idw,non_anchor_rmse,50,4.043081801727769,4.730814049856887,0.6877322481291176,0.5429969734044977,14.537291909622242,1.0,wallpath_extra
task3,Ant1-f1 source-like,21,multi_wall_residual_idw,p90_ae,50,6.53206064860026,7.166117779413859,0.6340571308135986,0.619436502456665,8.84798645976846,1.0,wallpath_extra
task3,Ant1-f1 source-like,21,multi_wall_residual_idw,rmse,50,4.0236844717607205,4.707059009317962,0.6833745375572405,0.5392157829590172,14.518078830209099,1.0,wallpath_extra
task3,Ant1-f1 source-like,21,multi_wall_residual_idw,wall_region_rmse,50,5.578856293000416,6.642674103033288,1.0638178100328726,0.6992485864435456,16.014902937163424,0.94,wallpath_extra
task3,Ant1-f1 source-like,22,direct_extra_all_features,free_space_rmse,50,2.5629043742069375,2.4091560862220556,-0.15374828798488183,-0.12416050273882884,-6.381831748642903,0.02,baseline
task3,Ant1-f1 source-like,22,direct_extra_all_features,high_wall_rmse,50,3.0185341201336886,2.849038409878022,-0.1694957102556669,-0.1289527523588283,-5.9492251725354395,0.04,baseline
task3,Ant1-f1 source-like,22,direct_extra_all_features,los_rmse,50,1.1060969108749767,0.6822262642679077,-0.42387064660706913,-0.38897750391952685,-62.13050842625089,0.0,baseline
task3,Ant1-f1 source-like,22,direct_extra_all_features,mae,50,1.6367745113372802,1.5650133164723714,-0.07176119486490885,-0.06453990936279308,-4.585340847237174,0.08,baseline
task3,Ant1-f1 source-like,22,direct_extra_all_features,nlos_rmse,50,2.823999230168222,2.6586570311477633,-0.16534219902045832,-0.14016143724926056,-6.219011970456345,0.04,baseline
task3,Ant1-f1 source-like,22,direct_extra_all_features,non_anchor_rmse,50,2.686355279498077,2.5193901623098434,-0.16696511718823362,-0.14421540061196625,-6.627203665634527,0.02,baseline
task3,Ant1-f1 source-like,22,direct_extra_all_features,p90_ae,50,4.194012883504231,4.068686442375183,-0.12532644112904864,-0.12393109003702785,-3.0802678678744835,0.12,baseline
task3,Ant1-f1 source-like,22,direct_extra_all_features,rmse,50,2.6734877057342548,2.507903940315539,-0.16558376541871617,-0.1427594158569132,-6.6024763850358,0.02,baseline
task3,Ant1-f1 source-like,22,direct_extra_all_features,wall_region_rmse,50,4.329742901335196,4.022701688243458,-0.3070412130917378,-0.08324117174278145,-7.632711468242372,0.34,baseline
task3,Ant1-f1 source-like,22,direct_rf_all_features,free_space_rmse,50,2.5629043742069375,2.430455391541095,-0.13244898266584268,-0.10935660569336414,-5.449554150502626,0.06,baseline
task3,Ant1-f1 source-like,22,direct_rf_all_features,high_wall_rmse,50,3.0185341201336886,2.8722611606883772,-0.14627295944531132,-0.10224181249394859,-5.092606530607232,0.04,baseline
task3,Ant1-f1 source-like,22,direct_rf_all_features,los_rmse,50,1.1060969108749767,0.7153071209711803,-0.3907897899037965,-0.3653169566930568,-54.63244786004881,0.0,baseline
task3,Ant1-f1 source-like,22,direct_rf_all_features,mae,50,1.6367745113372802,1.56103746732076,-0.07573704401652019,-0.07299019893010461,-4.851712121074785,0.1,baseline
task3,Ant1-f1 source-like,22,direct_rf_all_features,nlos_rmse,50,2.823999230168222,2.6813647946963926,-0.14263443547182944,-0.11908896552588133,-5.319471477881462,0.06,baseline
task3,Ant1-f1 source-like,22,direct_rf_all_features,non_anchor_rmse,50,2.686355279498077,2.543039905795135,-0.14331537370294134,-0.1282978053479953,-5.6355927949204245,0.06,baseline
task3,Ant1-f1 source-like,22,direct_rf_all_features,p90_ae,50,4.194012883504231,4.102286225954692,-0.0917266575495402,-0.10488653182983398,-2.2359887267055063,0.18,baseline
task3,Ant1-f1 source-like,22,direct_rf_all_features,rmse,50,2.6734877057342548,2.5312032785972054,-0.14228442713704947,-0.12718305908465477,-5.621216926358577,0.06,baseline
task3,Ant1-f1 source-like,22,direct_rf_all_features,wall_region_rmse,50,4.329742901335196,4.0789088160834215,-0.2508340852517751,-0.08146004172919241,-6.149538922339192,0.36,baseline
task3,Ant1-f1 source-like,22,multi_wall_residual_idw,free_space_rmse,50,2.5629043742069375,3.1519689581981307,0.5890645839911932,0.5273451563517624,18.68878126033134,1.0,wallpath_extra
task3,Ant1-f1 source-like,22,multi_wall_residual_idw,high_wall_rmse,50,3.0185341201336886,3.6440353878078167,0.6255012676741284,0.5365085857979333,17.165071167171565,1.0,wallpath_extra
task3,Ant1-f1 source-like,22,multi_wall_residual_idw,los_rmse,50,1.1060969108749767,2.2797295224903005,1.1736326116153237,1.2000820423395175,51.48122178692877,1.0,wallpath_extra
task3,Ant1-f1 source-like,22,multi_wall_residual_idw,mae,50,1.6367745113372802,2.20192494392395,0.56515043258667,0.5381106932957969,25.666198756963123,1.0,wallpath_extra
task3,Ant1-f1 source-like,22,multi_wall_residual_idw,nlos_rmse,50,2.823999230168222,3.419733594915278,0.595734364747056,0.5177683915284104,17.420490462556483,1.0,wallpath_extra
task3,Ant1-f1 source-like,22,multi_wall_residual_idw,non_anchor_rmse,50,2.686355279498077,3.295838812589598,0.6094835330915211,0.5442286050385146,18.492516404727915,1.0,wallpath_extra
task3,Ant1-f1 source-like,22,multi_wall_residual_idw,p90_ae,50,4.194012883504231,4.98848380724589,0.7944709237416585,0.737271189689636,15.926100082507455,1.0,wallpath_extra
task3,Ant1-f1 source-like,22,multi_wall_residual_idw,rmse,50,2.6734877057342548,3.27931821325505,0.6058305075207945,0.541062426753677,18.47428240028735,1.0,wallpath_extra
task3,Ant1-f1 source-like,22,multi_wall_residual_idw,wall_region_rmse,50,4.329742901335196,5.140268984595406,0.8105260832602097,0.5371038746031334,15.768164772879231,0.98,wallpath_extra
task3,Ant1-f1 source-like,23,direct_extra_all_features,free_space_rmse,50,1.717606950756675,1.65445430303711,-0.06315264771956514,-0.06250924525091639,-3.81712856037393,0.14,baseline
task3,Ant1-f1 source-like,23,direct_extra_all_features,high_wall_rmse,50,1.9481518590409015,1.8885267720633347,-0.059625086977566744,-0.04929679547858756,-3.157227520392659,0.18,baseline
task3,Ant1-f1 source-like,23,direct_extra_all_features,los_rmse,48,0.8179135660661482,0.5793088172287996,-0.23860474883734853,-0.24544467236709058,-41.18783311097283,0.0,baseline
task3,Ant1-f1 source-like,23,direct_extra_all_features,mae,50,1.076223422686259,1.0929828321933746,0.016759409507115693,0.007867902517318726,1.5333643872047922,0.54,wallpath_extra
task3,Ant1-f1 source-like,23,direct_extra_all_features,nlos_rmse,50,1.8378927082604608,1.7763010339522771,-0.061591674308183686,-0.05438060099601638,-3.4674119493778575,0.16,baseline
task3,Ant1-f1 source-like,23,direct_extra_all_features,non_anchor_rmse,50,1.799971625955693,1.7340448219743803,-0.06592680398131268,-0.0620831098237824,-3.80190887489567,0.1,baseline
task3,Ant1-f1 source-like,23,direct_extra_all_features,p90_ae,50,2.8759047603607177,2.7745637464523316,-0.10134101390838621,-0.08908816178639745,-3.652502633538869,0.02,baseline
task3,Ant1-f1 source-like,23,direct_extra_all_features,rmse,50,1.7913273345335445,1.7265092608842059,-0.06481807364933875,-0.061117300680971764,-3.7542847361353315,0.1,baseline
task3,Ant1-f1 source-like,23,direct_extra_all_features,wall_region_rmse,50,3.485449633088406,3.386344485488067,-0.09910514760033937,-0.03877621259687869,-2.9266115135375976,0.34,baseline
task3,Ant1-f1 source-like,23,direct_rf_all_features,free_space_rmse,50,1.717606950756675,1.667797239608327,-0.04980971114834807,-0.0556787191137289,-2.986556756746133,0.24,baseline
task3,Ant1-f1 source-like,23,direct_rf_all_features,high_wall_rmse,50,1.9481518590409015,1.9026032766119625,-0.04554858242893914,-0.04641684970589588,-2.394013664795589,0.22,baseline
task3,Ant1-f1 source-like,23,direct_rf_all_features,los_rmse,48,0.8179135660661482,0.5963942621150072,-0.22151930395114094,-0.22494524447303815,-37.143097783261986,0.0,baseline
task3,Ant1-f1 source-like,23,direct_rf_all_features,mae,50,1.076223422686259,1.0909531688690186,0.014729746182759615,0.010463178157806396,1.3501721799873196,0.58,wallpath_extra
task3,Ant1-f1 source-like,23,direct_rf_all_features,nlos_rmse,50,1.8378927082604608,1.7873750270462188,-0.050517681214241855,-0.05447115381012324,-2.826361588912126,0.22,baseline
task3,Ant1-f1 source-like,23,direct_rf_all_features,non_anchor_rmse,50,1.799971625955693,1.7452718783201469,-0.054699747635546137,-0.05810824653450952,-3.134167708483082,0.22,baseline
task3,Ant1-f1 source-like,23,direct_rf_all_features,p90_ae,50,2.8759047603607177,2.7857844734191897,-0.09012028694152831,-0.07933723926544212,-3.235005715676098,0.1,baseline
task3,Ant1-f1 source-like,23,direct_rf_all_features,rmse,50,1.7913273345335445,1.7375139258997072,-0.05381340863383739,-0.05715509853794176,-3.0971497742656675,0.22,baseline
task3,Ant1-f1 source-like,23,direct_rf_all_features,wall_region_rmse,50,3.485449633088406,3.3629374092423188,-0.12251222384608777,-0.050767171196693495,-3.643012311480689,0.32,baseline
task3,Ant1-f1 source-like,23,multi_wall_residual_idw,free_space_rmse,50,1.717606950756675,2.431259695956698,0.7136527452000229,0.6599076216484758,29.35320921853235,1.0,wallpath_extra
task3,Ant1-f1 source-like,23,multi_wall_residual_idw,high_wall_rmse,50,1.9481518590409015,2.6376186808648674,0.6894668218239657,0.6353144718574094,26.139745931655735,1.0,wallpath_extra
task3,Ant1-f1 source-like,23,multi_wall_residual_idw,los_rmse,48,0.8179135660661482,2.339318420494046,1.5214048544278977,1.4135432601164737,65.03624479247203,1.0,wallpath_extra
task3,Ant1-f1 source-like,23,multi_wall_residual_idw,mae,50,1.076223422686259,1.669306033452352,0.593082610766093,0.5863757928212484,35.52869269510261,1.0,wallpath_extra
task3,Ant1-f1 source-like,23,multi_wall_residual_idw,nlos_rmse,50,1.8378927082604608,2.5222186267647952,0.6843259185043344,0.6459244195917982,27.131903287151083,1.0,wallpath_extra
task3,Ant1-f1 source-like,23,multi_wall_residual_idw,non_anchor_rmse,50,1.799971625955693,2.5228684060819977,0.7228967801263048,0.6795326842470029,28.65376483305999,1.0,wallpath_extra
task3,Ant1-f1 source-like,23,multi_wall_residual_idw,p90_ae,50,2.8759047603607177,3.719231444994609,0.8433266846338907,0.8201386133829753,22.67475679064962,1.0,wallpath_extra
task3,Ant1-f1 source-like,23,multi_wall_residual_idw,rmse,50,1.7913273345335445,2.5102223695247905,0.7188950349912456,0.6757644946995489,28.638699253060192,1.0,wallpath_extra
task3,Ant1-f1 source-like,23,multi_wall_residual_idw,wall_region_rmse,50,3.485449633088406,4.3567854541958,0.8713358211073944,0.5011525735405127,19.99951180217641,0.94,wallpath_extra
task3,Ant1-f1 source-like,24,direct_extra_all_features,free_space_rmse,50,2.6696499595928764,2.6418995222506583,-0.027750437342217903,-0.017221760187020152,-1.0503971520679678,0.38,baseline
task3,Ant1-f1 source-like,24,direct_extra_all_features,high_wall_rmse,50,2.979110863621989,2.927487500348766,-0.05162336327322288,-0.023807590238860366,-1.763401663271753,0.38,baseline
task3,Ant1-f1 source-like,24,direct_extra_all_features,los_rmse,50,1.322448092152639,0.8814887287699387,-0.4409593633827004,-0.4067517726697982,-50.02439044206849,0.02,baseline
task3,Ant1-f1 source-like,24,direct_extra_all_features,mae,50,1.8032853976885477,1.8432405710220336,0.039955173333485916,0.03221605221430457,2.167659173828393,0.76,wallpath_extra
task3,Ant1-f1 source-like,24,direct_extra_all_features,nlos_rmse,50,2.8867384176940827,2.847697057475736,-0.03904136021834699,-0.02194008931874558,-1.3709801088516758,0.36,baseline
task3,Ant1-f1 source-like,24,direct_extra_all_features,non_anchor_rmse,50,2.7857681606733653,2.734756069060742,-0.051012091612623794,-0.031033938296525454,-1.8653251085075218,0.34,baseline
task3,Ant1-f1 source-like,24,direct_extra_all_features,p90_ae,50,4.61072247505188,4.567696555455526,-0.043025919596354184,-0.0564877986907959,-0.941960987863016,0.36,baseline
task3,Ant1-f1 source-like,24,direct_extra_all_features,rmse,50,2.7722800844788313,2.7222889647501405,-0.04999111972869104,-0.030064894525212882,-1.8363634564885065,0.34,baseline
task3,Ant1-f1 source-like,24,direct_extra_all_features,wall_region_rmse,50,4.228592318520761,3.9535458823464795,-0.2750464361742812,-0.10746869110719337,-6.956955714171141,0.28,baseline
task3,Ant1-f1 source-like,24,direct_rf_all_features,free_space_rmse,50,2.6696499595928764,2.6937601540457634,0.02411019445288699,0.009617171247520595,0.8950386476196046,0.58,wallpath_extra
task3,Ant1-f1 source-like,24,direct_rf_all_features,high_wall_rmse,50,2.979110863621989,2.9768483202837843,-0.0022625433382042104,-0.0055315597664982175,-0.07600465642767272,0.44,baseline
task3,Ant1-f1 source-like,24,direct_rf_all_features,los_rmse,50,1.322448092152639,0.914474555351481,-0.4079735368011579,-0.3662726479490968,-44.612891021812196,0.02,baseline
task3,Ant1-f1 source-like,24,direct_rf_all_features,mae,50,1.8032853976885477,1.8635618329048156,0.06027643521626789,0.045745790004730114,3.2344746577210364,0.78,wallpath_extra
task3,Ant1-f1 source-like,24,direct_rf_all_features,nlos_rmse,50,2.8867384176940827,2.9010293354289627,0.014290917734879791,-0.00019197460069753092,0.4926154162025,0.5,wallpath_extra
task3,Ant1-f1 source-like,24,direct_rf_all_features,non_anchor_rmse,50,2.7857681606733653,2.786231509312523,0.0004633486391579389,-0.006094942494158095,0.016629940391141254,0.48,wallpath_extra
task3,Ant1-f1 source-like,24,direct_rf_all_features,p90_ae,50,4.61072247505188,4.661626884142558,0.05090440909067798,0.032557010650634766,1.0919880624474707,0.64,wallpath_extra
task3,Ant1-f1 source-like,24,direct_rf_all_features,rmse,50,2.7722800844788313,2.7734002910932545,0.0011202066144223631,-0.0056578412645260645,0.04039109024473198,0.48,wallpath_extra
task3,Ant1-f1 source-like,24,direct_rf_all_features,wall_region_rmse,50,4.228592318520761,3.995039997080882,-0.2335523214398786,-0.10484820648744364,-5.846057151130702,0.32,baseline
task3,Ant1-f1 source-like,24,multi_wall_residual_idw,free_space_rmse,50,2.6696499595928764,3.3685091057086023,0.6988591461157254,0.6795986429125425,20.74683856224023,1.0,wallpath_extra
task3,Ant1-f1 source-like,24,multi_wall_residual_idw,high_wall_rmse,50,2.979110863621989,3.7189167174925375,0.7398058538705492,0.6722907747657487,19.893047090588233,1.0,wallpath_extra
task3,Ant1-f1 source-like,24,multi_wall_residual_idw,los_rmse,50,1.322448092152639,3.1182043650118505,1.7957562728592114,1.664899171827806,57.589434900697626,1.0,wallpath_extra
task3,Ant1-f1 source-like,24,multi_wall_residual_idw,mae,50,1.8032853976885477,2.4174601165453593,0.6141747188568115,0.5884594519933065,25.405784966350975,1.0,wallpath_extra
task3,Ant1-f1 source-like,24,multi_wall_residual_idw,nlos_rmse,50,2.8867384176940827,3.6129353836580247,0.7261969659639418,0.6757754551802011,20.099915687633533,1.0,wallpath_extra
task3,Ant1-f1 source-like,24,multi_wall_residual_idw,non_anchor_rmse,50,2.7857681606733653,3.5484071666257995,0.7626390059524343,0.6825302430522902,21.492432241862254,1.0,wallpath_extra
task3,Ant1-f1 source-like,24,multi_wall_residual_idw,p90_ae,50,4.61072247505188,5.393430983225504,0.7827085081736247,0.7112872600555424,14.512255938900159,1.0,wallpath_extra
task3,Ant1-f1 source-like,24,multi_wall_residual_idw,rmse,50,2.7722800844788313,3.530605996243041,0.758325911764209,0.6786122619168298,21.47863320266133,1.0,wallpath_extra
task3,Ant1-f1 source-like,24,multi_wall_residual_idw,wall_region_rmse,50,4.228592318520761,5.468384695044432,1.2397923765236718,0.7516617082518886,22.67200362928376,1.0,wallpath_extra
task3,Ant1-f1 source-like,25,direct_extra_all_features,free_space_rmse,50,3.479270654994733,3.583696995274506,0.10442634027977327,-0.0945334484729794,2.913927723729724,0.44,wallpath_extra
task3,Ant1-f1 source-like,25,direct_extra_all_features,high_wall_rmse,50,3.754280724768236,3.854800241777535,0.10051951700929823,-0.09456210724035086,2.6076452917038035,0.44,wallpath_extra
task3,Ant1-f1 source-like,25,direct_extra_all_features,los_rmse,42,1.4084372861595367,0.6532802658045422,-0.7551570203549943,-0.7178749871617847,-115.5946474864026,0.0,baseline
task3,Ant1-f1 source-like,25,direct_extra_all_features,mae,50,2.390879815419515,2.4772441601753235,0.08636434475580851,-0.02052450180053711,3.4863073307112424,0.44,wallpath_extra
task3,Ant1-f1 source-like,25,direct_extra_all_features,nlos_rmse,50,3.6393489149104807,3.730589679646105,0.09124076473562404,-0.10570383870120192,2.4457464521876746,0.44,wallpath_extra
task3,Ant1-f1 source-like,25,direct_extra_all_features,non_anchor_rmse,50,3.591086315469755,3.6702228283686544,0.07913651289889874,-0.11711276804297044,2.1561773385316267,0.44,wallpath_extra
task3,Ant1-f1 source-like,25,direct_extra_all_features,p90_ae,50,5.829290911356607,6.164109865824381,0.3348189544677735,0.03132756551106741,5.4317486507517865,0.5,wallpath_extra
task3,Ant1-f1 source-like,25,direct_extra_all_features,rmse,50,3.5745027888486516,3.6572219953159286,0.08271920646727668,-0.11387020452187468,2.261804357876595,0.44,wallpath_extra
task3,Ant1-f1 source-like,25,direct_extra_all_features,wall_region_rmse,50,4.470868209737,4.384952680243699,-0.08591552949330089,-0.0860555363661839,-1.9593262632089765,0.4,baseline
task3,Ant1-f1 source-like,25,direct_rf_all_features,free_space_rmse,50,3.479270654994733,3.5349261330442965,0.05565547804956351,-0.08509008173048005,1.5744452912127047,0.4,wallpath_extra
task3,Ant1-f1 source-like,25,direct_rf_all_features,high_wall_rmse,50,3.754280724768236,3.8135852864307,0.05930456166246337,-0.07290574303921726,1.5550868069865402,0.4,wallpath_extra
task3,Ant1-f1 source-like,25,direct_rf_all_features,los_rmse,42,1.4084372861595367,0.7021213233619081,-0.7063159627976284,-0.6733308564153704,-100.59742373520798,0.0,baseline
task3,Ant1-f1 source-like,25,direct_rf_all_features,mae,50,2.390879815419515,2.4260538522402446,0.03517403682072957,-0.02904101212819432,1.449845673798606,0.42,wallpath_extra
task3,Ant1-f1 source-like,25,direct_rf_all_features,nlos_rmse,50,3.6393489149104807,3.689830030517082,0.05048111560660101,-0.0786968165621893,1.3681149318286323,0.38,wallpath_extra
task3,Ant1-f1 source-like,25,direct_rf_all_features,non_anchor_rmse,50,3.591086315469755,3.6317249872163875,0.0406386717466325,-0.08990458196869366,1.1189908897198977,0.38,wallpath_extra
task3,Ant1-f1 source-like,25,direct_rf_all_features,p90_ae,50,5.829290911356607,6.010258712768555,0.18096780141194663,-0.08689371744791652,3.0109818904715113,0.44,wallpath_extra
task3,Ant1-f1 source-like,25,direct_rf_all_features,rmse,50,3.5745027888486516,3.617561498490354,0.043058709641702546,-0.08605975507082753,1.1902689051636413,0.38,wallpath_extra
task3,Ant1-f1 source-like,25,direct_rf_all_features,wall_region_rmse,50,4.470868209737,4.425301352548949,-0.04556685718804972,-0.05150586812781022,-1.0296893602919055,0.46,baseline
task3,Ant1-f1 source-like,25,multi_wall_residual_idw,free_space_rmse,50,3.479270654994733,4.277443169802512,0.7981725148077797,0.6780286858481073,18.66003785725645,1.0,wallpath_extra
task3,Ant1-f1 source-like,25,multi_wall_residual_idw,high_wall_rmse,50,3.754280724768236,4.547084722927368,0.7928039981591314,0.6473582881530877,17.43543493178487,1.0,wallpath_extra
task3,Ant1-f1 source-like,25,multi_wall_residual_idw,los_rmse,42,1.4084372861595367,3.412294377548455,2.003857091388918,1.7844336243710766,58.72462541841361,1.0,wallpath_extra
task3,Ant1-f1 source-like,25,multi_wall_residual_idw,mae,50,2.390879815419515,2.864425729115804,0.47354591369628907,0.4735881487528484,16.531966909907066,1.0,wallpath_extra
task3,Ant1-f1 source-like,25,multi_wall_residual_idw,nlos_rmse,50,3.6393489149104807,4.42371088043306,0.7843619655225785,0.6354653961970249,17.73085960459047,1.0,wallpath_extra
task3,Ant1-f1 source-like,25,multi_wall_residual_idw,non_anchor_rmse,50,3.591086315469755,4.4019945419896205,0.810908226519865,0.6656002272892476,18.421381916419865,1.0,wallpath_extra
task3,Ant1-f1 source-like,25,multi_wall_residual_idw,p90_ae,50,5.829290911356607,6.6645799763997395,0.8352890650431316,0.8042424519856772,12.533258930060317,1.0,wallpath_extra
task3,Ant1-f1 source-like,25,multi_wall_residual_idw,rmse,50,3.5745027888486516,4.3798738264016315,0.8053710375529799,0.6605985140848352,18.3879963093514,1.0,wallpath_extra
task3,Ant1-f1 source-like,25,multi_wall_residual_idw,wall_region_rmse,50,4.470868209737,5.336072008439453,0.8652037987024529,0.5741385021470644,16.21424518511107,0.98,wallpath_extra
task2,Ant1-f2-f3 frequency shift,21,direct_extra_all_features,free_space_rmse,100,7.804187166826836,10.942620437027658,3.138433270200822,1.5677972054791116,28.68081999427657,0.92,wallpath_extra
task2,Ant1-f2-f3 frequency shift,21,direct_extra_all_features,high_wall_rmse,100,8.425273343187452,11.824199371055181,3.398926027867728,2.2662316968003395,28.74550674600484,0.88,wallpath_extra
task2,Ant1-f2-f3 frequency shift,21,direct_extra_all_features,los_rmse,93,5.742937904255366,3.1139075100618814,-2.6290303941934847,-1.8561905871464268,-84.42866031500208,0.1935483870967742,baseline
task2,Ant1-f2-f3 frequency shift,21,direct_extra_all_features,mae,100,5.843522965113322,8.548745753765106,2.705222788651784,1.4456547896067304,31.64467474612084,0.94,wallpath_extra
task2,Ant1-f2-f3 frequency shift,21,direct_extra_all_features,nlos_rmse,100,8.189986433821385,11.327777787746584,3.1377913539251976,1.8724641576904277,27.699972692961822,0.87,wallpath_extra
task2,Ant1-f2-f3 frequency shift,21,direct_extra_all_features,non_anchor_rmse,100,8.077565812810516,11.050563458351663,2.972997645541147,1.4579765156110578,26.90358420858848,0.85,wallpath_extra
task2,Ant1-f2-f3 frequency shift,21,direct_extra_all_features,p90_ae,100,13.301146779060364,18.588594967524212,5.287448188463847,3.0845022201538086,28.44458227048064,0.87,wallpath_extra
task2,Ant1-f2-f3 frequency shift,21,direct_extra_all_features,rmse,100,8.046350216367223,11.031045271254378,2.9846950548871547,1.4687448733866764,27.057227864569853,0.85,wallpath_extra
task2,Ant1-f2-f3 frequency shift,21,direct_extra_all_features,wall_region_rmse,100,10.345505857259242,11.94482832939969,1.5993224721404464,0.72895427311675,13.389246191207716,0.59,wallpath_extra
task2,Ant1-f2-f3 frequency shift,21,direct_rf_all_features,free_space_rmse,100,7.804187166826836,8.228161790762785,0.4239746239359492,0.16879417360269144,5.152725903031195,0.65,wallpath_extra
task2,Ant1-f2-f3 frequency shift,21,direct_rf_all_features,high_wall_rmse,100,8.425273343187452,8.911343891190533,0.48607054800307986,0.25202015946191203,5.454514537179904,0.7,wallpath_extra
task2,Ant1-f2-f3 frequency shift,21,direct_rf_all_features,los_rmse,93,5.742937904255366,3.891462118709356,-1.851475785546011,-1.7169690325606553,-47.57789563579438,0.10752688172043011,baseline
task2,Ant1-f2-f3 frequency shift,21,direct_rf_all_features,mae,100,5.843522965113322,6.196750833988189,0.35322786887486773,0.1304380098978677,5.700210938569114,0.68,wallpath_extra
task2,Ant1-f2-f3 frequency shift,21,direct_rf_all_features,nlos_rmse,100,8.189986433821385,8.61455367088734,0.42456723706595484,0.21177287988390336,4.928487920398802,0.68,wallpath_extra
task2,Ant1-f2-f3 frequency shift,21,direct_rf_all_features,non_anchor_rmse,100,8.077565812810516,8.443067387134045,0.3655015743235305,0.14642656701866308,4.329014060464544,0.62,wallpath_extra
task2,Ant1-f2-f3 frequency shift,21,direct_rf_all_features,p90_ae,100,13.301146779060364,14.245331635475159,0.9441848564147951,0.37257877985636334,6.62803001415208,0.6,wallpath_extra
task2,Ant1-f2-f3 frequency shift,21,direct_rf_all_features,rmse,100,8.046350216367223,8.415127301732966,0.36877708536574266,0.14909209436214077,4.382311427300674,0.62,wallpath_extra
task2,Ant1-f2-f3 frequency shift,21,direct_rf_all_features,wall_region_rmse,100,10.345505857259242,10.266824480624713,-0.0786813766345299,-0.021143195075707055,-0.7663652649659572,0.48,baseline
task2,Ant1-f2-f3 frequency shift,21,multi_wall_residual_idw,free_space_rmse,100,7.804187166826836,8.248180983044486,0.4439938162176504,0.6793369747396767,5.382930092469529,0.89,wallpath_extra
task2,Ant1-f2-f3 frequency shift,21,multi_wall_residual_idw,high_wall_rmse,100,8.425273343187452,8.879378796028305,0.45410545284085235,0.6411789991526251,5.1141579075776304,0.85,wallpath_extra
task2,Ant1-f2-f3 frequency shift,21,multi_wall_residual_idw,los_rmse,93,5.742937904255366,8.668778141393155,2.925840237137787,2.2921321743087586,33.75147211539524,0.989247311827957,wallpath_extra
task2,Ant1-f2-f3 frequency shift,21,multi_wall_residual_idw,mae,100,5.843522965113322,6.094031597773234,0.2505086326599121,0.5199416081110637,4.11072093474947,0.84,wallpath_extra
task2,Ant1-f2-f3 frequency shift,21,multi_wall_residual_idw,nlos_rmse,100,8.189986433821385,8.672121259632853,0.48213482581146827,0.6849800674868622,5.559595067653372,0.86,wallpath_extra
task2,Ant1-f2-f3 frequency shift,21,multi_wall_residual_idw,non_anchor_rmse,100,8.077565812810516,8.658997142232275,0.5814313294217599,0.7591301234581609,6.714765230559569,0.9,wallpath_extra
task2,Ant1-f2-f3 frequency shift,21,multi_wall_residual_idw,p90_ae,100,13.301146779060364,13.692007907231648,0.3908611281712851,0.8539368311564122,2.854666246320563,0.85,wallpath_extra
task2,Ant1-f2-f3 frequency shift,21,multi_wall_residual_idw,rmse,100,8.046350216367223,8.615517346583493,0.5691671302162692,0.7460883758491317,6.606302411334298,0.9,wallpath_extra
task2,Ant1-f2-f3 frequency shift,21,multi_wall_residual_idw,wall_region_rmse,100,10.345505857259242,11.801776510132981,1.4562706528737375,1.0737430819508305,12.339418998685394,0.9,wallpath_extra
task2,Ant1-f2-f3 frequency shift,22,direct_extra_all_features,free_space_rmse,100,4.654545085124043,4.947568927013077,0.2930238418890353,0.2080435712972848,5.922582306820689,0.68,wallpath_extra
task2,Ant1-f2-f3 frequency shift,22,direct_extra_all_features,high_wall_rmse,100,5.407323112252638,5.519887554130426,0.11256444187778737,-0.013988957026329185,2.0392524444371656,0.46,wallpath_extra
task2,Ant1-f2-f3 frequency shift,22,direct_extra_all_features,los_rmse,100,2.5206764256823972,3.169039552645338,0.6483631269629406,0.46392932729808134,20.4592942496323,0.66,wallpath_extra
task2,Ant1-f2-f3 frequency shift,22,direct_extra_all_features,mae,100,3.128057400385539,3.729504761695862,0.6014473613103231,0.5633609294891357,16.12673531047687,0.98,wallpath_extra
task2,Ant1-f2-f3 frequency shift,22,direct_extra_all_features,nlos_rmse,100,5.1033497255760985,5.2307846883700195,0.12743496279392105,-0.0018939490129790126,2.436249442215743,0.49,wallpath_extra
task2,Ant1-f2-f3 frequency shift,22,direct_extra_all_features,non_anchor_rmse,100,4.853000472152623,5.079651776440156,0.22665130428753208,0.1101677712492779,4.461945705387914,0.64,wallpath_extra
task2,Ant1-f2-f3 frequency shift,22,direct_extra_all_features,p90_ae,100,8.038769486745199,8.181703203519186,0.1429337167739868,-0.06811269124349018,1.7469921997721345,0.39,wallpath_extra
task2,Ant1-f2-f3 frequency shift,22,direct_extra_all_features,rmse,100,4.830625411790749,5.060108177234421,0.22948276544367302,0.11086840703277656,4.535135562439607,0.64,wallpath_extra
task2,Ant1-f2-f3 frequency shift,22,direct_extra_all_features,wall_region_rmse,100,7.588825757363144,6.986906656709953,-0.6019191006531895,-0.4802627992045805,-8.614958381834551,0.06,baseline
task2,Ant1-f2-f3 frequency shift,22,direct_rf_all_features,free_space_rmse,100,4.654545085124043,4.652368482689816,-0.002176602434226016,-0.007583491303948753,-0.0467848245968693,0.45,baseline
task2,Ant1-f2-f3 frequency shift,22,direct_rf_all_features,high_wall_rmse,100,5.407323112252638,5.345898663388182,-0.06142444886445638,-0.04471352455686528,-1.1490013696878825,0.4,baseline
task2,Ant1-f2-f3 frequency shift,22,direct_rf_all_features,los_rmse,100,2.5206764256823972,2.3479897153936964,-0.17268671028870058,-0.16318332834027305,-7.354662124648439,0.44,baseline
task2,Ant1-f2-f3 frequency shift,22,direct_rf_all_features,mae,100,3.128057400385539,3.273387468655904,0.14533006827036538,0.12152691682179784,4.439745360485519,0.89,wallpath_extra
task2,Ant1-f2-f3 frequency shift,22,direct_rf_all_features,nlos_rmse,100,5.1033497255760985,5.060536560274194,-0.04281316530190507,-0.032505447050336755,-0.8460202745691583,0.4,baseline
task2,Ant1-f2-f3 frequency shift,22,direct_rf_all_features,non_anchor_rmse,100,4.853000472152623,4.820953336802621,-0.03204713535000228,-0.03648429143717524,-0.664746848001171,0.36,baseline
task2,Ant1-f2-f3 frequency shift,22,direct_rf_all_features,p90_ae,100,8.038769486745199,7.98351450920105,-0.055254977544148716,-0.09240372975667288,-0.6921134480367965,0.22,baseline
task2,Ant1-f2-f3 frequency shift,22,direct_rf_all_features,rmse,100,4.830625411790749,4.799646422987626,-0.03097898880312252,-0.035726281745610544,-0.6454431446189487,0.37,baseline
task2,Ant1-f2-f3 frequency shift,22,direct_rf_all_features,wall_region_rmse,100,7.588825757363144,7.205229276655525,-0.3835964807076187,-0.21331638401959552,-5.323862239199606,0.14,baseline
task2,Ant1-f2-f3 frequency shift,22,multi_wall_residual_idw,free_space_rmse,100,4.654545085124043,5.607386392531461,0.9528413074074187,0.9248567537392702,16.992610116479895,0.99,wallpath_extra
task2,Ant1-f2-f3 frequency shift,22,multi_wall_residual_idw,high_wall_rmse,100,5.407323112252638,6.3755026768647864,0.968179564612147,0.8655957902980491,15.185932995141643,0.99,wallpath_extra
task2,Ant1-f2-f3 frequency shift,22,multi_wall_residual_idw,los_rmse,100,2.5206764256823972,4.365274869361014,1.8445984436786165,1.8793511419274702,42.25618085645607,1.0,wallpath_extra
task2,Ant1-f2-f3 frequency shift,22,multi_wall_residual_idw,mae,100,3.128057400385539,4.130591450532277,1.0025340501467388,0.9610148270924888,24.270956403048512,0.99,wallpath_extra
task2,Ant1-f2-f3 frequency shift,22,multi_wall_residual_idw,nlos_rmse,100,5.1033497255760985,6.033264591799492,0.9299148662233927,0.8352369254905594,15.413129195217932,0.99,wallpath_extra
task2,Ant1-f2-f3 frequency shift,22,multi_wall_residual_idw,non_anchor_rmse,100,4.853000472152623,5.816264722196752,0.9632642500441277,0.9027314441475232,16.561561346545997,0.99,wallpath_extra
task2,Ant1-f2-f3 frequency shift,22,multi_wall_residual_idw,p90_ae,100,8.038769486745199,9.187926767667134,1.1491572809219361,1.1199226379394531,12.507253376963002,0.99,wallpath_extra
task2,Ant1-f2-f3 frequency shift,22,multi_wall_residual_idw,rmse,100,4.830625411790749,5.787110329472192,0.956484917681444,0.8955182729717353,16.527850053425173,0.99,wallpath_extra
task2,Ant1-f2-f3 frequency shift,22,multi_wall_residual_idw,wall_region_rmse,100,7.588825757363144,8.586119690058384,0.9972939326952409,0.6253212869741338,11.61518786943976,0.86,wallpath_extra
task2,Ant1-f2-f3 frequency shift,23,direct_extra_all_features,free_space_rmse,100,3.762649533177626,4.78161413258996,1.0189645994123335,0.24459177656264974,21.310054955446848,0.95,wallpath_extra
task2,Ant1-f2-f3 frequency shift,23,direct_extra_all_features,high_wall_rmse,100,4.246717453668859,5.301422890030711,1.054705436361852,0.1650613931491256,19.894761429902488,0.82,wallpath_extra
task2,Ant1-f2-f3 frequency shift,23,direct_extra_all_features,los_rmse,99,2.430565292021708,3.254266388057778,0.8237010960360701,1.0569903744624294,25.311421924732908,0.898989898989899,wallpath_extra
task2,Ant1-f2-f3 frequency shift,23,direct_extra_all_features,mae,100,2.4638041345278423,3.5633612048625944,1.0995570703347524,0.47215761741002427,30.857300372308224,1.0,wallpath_extra
task2,Ant1-f2-f3 frequency shift,23,direct_extra_all_features,nlos_rmse,100,3.995846410693972,4.969658667923935,0.9738122572299628,0.16701092210181967,19.595153758050166,0.87,wallpath_extra
task2,Ant1-f2-f3 frequency shift,23,direct_extra_all_features,non_anchor_rmse,100,3.926938110174313,4.897101449513258,0.9701633393389452,0.19609592072574622,19.810970823064594,0.94,wallpath_extra
task2,Ant1-f2-f3 frequency shift,23,direct_extra_all_features,p90_ae,100,6.492873249053955,8.29316240310669,1.8002891540527344,0.1219167709350586,21.708114064887134,0.69,wallpath_extra
task2,Ant1-f2-f3 frequency shift,23,direct_extra_all_features,rmse,100,3.911575667730192,4.885151631020649,0.973575963290457,0.19752111059099176,19.92928852214662,0.94,wallpath_extra
task2,Ant1-f2-f3 frequency shift,23,direct_extra_all_features,wall_region_rmse,100,7.373240866830633,7.5582578986745546,0.1850170318439217,-0.13967012704869397,2.447879317221589,0.29,wallpath_extra
task2,Ant1-f2-f3 frequency shift,23,direct_rf_all_features,free_space_rmse,100,3.762649533177626,4.292411983737407,0.5297624505597804,0.19800296803150275,12.341836071814239,0.97,wallpath_extra
task2,Ant1-f2-f3 frequency shift,23,direct_rf_all_features,high_wall_rmse,100,4.246717453668859,4.806421939705687,0.5597044860368271,0.17445082809913393,11.644930325677988,0.86,wallpath_extra
task2,Ant1-f2-f3 frequency shift,23,direct_rf_all_features,los_rmse,99,2.430565292021708,2.625430059236269,0.1948647672145615,0.27065802625629165,7.422203708265869,0.7676767676767676,wallpath_extra
task2,Ant1-f2-f3 frequency shift,23,direct_rf_all_features,mae,100,2.4638041345278423,3.046223442554474,0.5824193080266317,0.3461374441782634,19.11938894207418,1.0,wallpath_extra
task2,Ant1-f2-f3 frequency shift,23,direct_rf_all_features,nlos_rmse,100,3.995846410693972,4.514016603184039,0.5181701924900668,0.17554720906195542,11.479137939469855,0.87,wallpath_extra
task2,Ant1-f2-f3 frequency shift,23,direct_rf_all_features,non_anchor_rmse,100,3.926938110174313,4.427994899505766,0.5010567893314535,0.17691396826833783,11.315658683061688,0.95,wallpath_extra
task2,Ant1-f2-f3 frequency shift,23,direct_rf_all_features,p90_ae,100,6.492873249053955,7.504632204373678,1.0117589553197224,0.16402482986450195,13.481792681726269,0.75,wallpath_extra
task2,Ant1-f2-f3 frequency shift,23,direct_rf_all_features,rmse,100,3.911575667730192,4.415118883406382,0.5035432156761902,0.17873552870026077,11.404975244691332,0.95,wallpath_extra
task2,Ant1-f2-f3 frequency shift,23,direct_rf_all_features,wall_region_rmse,100,7.373240866830633,7.457169023529372,0.08392815669873813,-0.03680392287697121,1.125469416529554,0.4,wallpath_extra
task2,Ant1-f2-f3 frequency shift,23,multi_wall_residual_idw,free_space_rmse,100,3.762649533177626,4.549344641803471,0.7866951086258459,0.9781667834287504,17.2924931076222,0.91,wallpath_extra
task2,Ant1-f2-f3 frequency shift,23,multi_wall_residual_idw,high_wall_rmse,100,4.246717453668859,4.856301029286962,0.609583575618103,0.8404987512712909,12.552425641282923,0.88,wallpath_extra
task2,Ant1-f2-f3 frequency shift,23,multi_wall_residual_idw,los_rmse,99,2.430565292021708,4.878257422876976,2.4476921308552675,2.440494360783735,50.175542589790794,1.0,wallpath_extra
task2,Ant1-f2-f3 frequency shift,23,multi_wall_residual_idw,mae,100,2.4638041345278423,3.3118024881680803,0.8479983536402385,0.9479086995124817,25.605342005443912,0.93,wallpath_extra
task2,Ant1-f2-f3 frequency shift,23,multi_wall_residual_idw,nlos_rmse,100,3.995846410693972,4.660468824257293,0.664622413563321,0.8795077375119489,14.26084882499429,0.89,wallpath_extra
task2,Ant1-f2-f3 frequency shift,23,multi_wall_residual_idw,non_anchor_rmse,100,3.926938110174313,4.705749317387505,0.7788112072131916,0.9575232070060877,16.55020602851758,0.91,wallpath_extra
task2,Ant1-f2-f3 frequency shift,23,multi_wall_residual_idw,p90_ae,100,6.492873249053955,7.379258152643839,0.8863849035898843,1.2069084644317627,12.011842996335757,0.9,wallpath_extra
task2,Ant1-f2-f3 frequency shift,23,multi_wall_residual_idw,rmse,100,3.911575667730192,4.682161452973619,0.7705857852434274,0.9513771353173588,16.457907164949038,0.91,wallpath_extra
task2,Ant1-f2-f3 frequency shift,23,multi_wall_residual_idw,wall_region_rmse,100,7.373240866830633,7.915230527460034,0.5419896606293999,0.293366594586427,6.847427358547488,0.71,wallpath_extra
task2,Ant1-f2-f3 frequency shift,24,direct_extra_all_features,free_space_rmse,100,5.271159066561398,5.786925585596124,0.5157665190347247,0.20806037131214117,8.912617095310296,0.83,wallpath_extra
task2,Ant1-f2-f3 frequency shift,24,direct_extra_all_features,high_wall_rmse,100,5.7279489304897915,6.1846718254633775,0.45672289497358676,0.10666114439564289,7.384755535341064,0.77,wallpath_extra
task2,Ant1-f2-f3 frequency shift,24,direct_extra_all_features,los_rmse,96,3.4780719465420025,3.20007615915017,-0.2779957873918329,-0.10370542358942925,-8.687161603855657,0.46875,baseline
task2,Ant1-f2-f3 frequency shift,24,direct_extra_all_features,mae,100,3.620058030287425,4.258098766803742,0.6380407365163167,0.4419475793838501,14.984169495797058,0.99,wallpath_extra
task2,Ant1-f2-f3 frequency shift,24,direct_extra_all_features,nlos_rmse,100,5.582778924672834,6.036915474630877,0.45413654995804476,0.12801198402949243,7.5226587462831995,0.78,wallpath_extra
task2,Ant1-f2-f3 frequency shift,24,direct_extra_all_features,non_anchor_rmse,100,5.438724513217632,5.887183011903615,0.4484584986859844,0.15176331663735687,7.61753962428586,0.81,wallpath_extra
task2,Ant1-f2-f3 frequency shift,24,direct_extra_all_features,p90_ae,100,9.064168252944945,9.725034564336141,0.6608663113911946,0.119727929433187,6.795516324587053,0.6,wallpath_extra
task2,Ant1-f2-f3 frequency shift,24,direct_extra_all_features,rmse,100,5.414194833574499,5.865925589294822,0.45173075572032234,0.15276813889524643,7.700928844796812,0.81,wallpath_extra
task2,Ant1-f2-f3 frequency shift,24,direct_extra_all_features,wall_region_rmse,100,7.546352484507875,7.175321668142438,-0.3710308163654378,-0.3502464559623655,-5.170929381643887,0.17,baseline
task2,Ant1-f2-f3 frequency shift,24,direct_rf_all_features,free_space_rmse,100,5.271159066561398,5.431303269202654,0.16014420264125537,0.06920257488213633,2.9485409800135445,0.74,wallpath_extra
task2,Ant1-f2-f3 frequency shift,24,direct_rf_all_features,high_wall_rmse,100,5.7279489304897915,5.858427461741956,0.13047853125216466,0.05353033552203268,2.2271937666591404,0.71,wallpath_extra
task2,Ant1-f2-f3 frequency shift,24,direct_rf_all_features,los_rmse,96,3.4780719465420025,3.0533977457570463,-0.4246742007849564,-0.40418407591802885,-13.908250288554017,0.2916666666666667,baseline
task2,Ant1-f2-f3 frequency shift,24,direct_rf_all_features,mae,100,3.620058030287425,3.83713413476944,0.21707610448201498,0.15828323364257812,5.6572456645448606,0.99,wallpath_extra
task2,Ant1-f2-f3 frequency shift,24,direct_rf_all_features,nlos_rmse,100,5.582778924672834,5.71996576120789,0.13718683653505567,0.06231082620610251,2.3983856243588124,0.71,wallpath_extra
task2,Ant1-f2-f3 frequency shift,24,direct_rf_all_features,non_anchor_rmse,100,5.438724513217632,5.564995069504217,0.12627055628658634,0.05223967951841324,2.26901470189146,0.7,wallpath_extra
task2,Ant1-f2-f3 frequency shift,24,direct_rf_all_features,p90_ae,100,9.064168252944945,9.2768421347936,0.21267388184865318,0.019621292750040098,2.292524533224547,0.52,wallpath_extra
task2,Ant1-f2-f3 frequency shift,24,direct_rf_all_features,rmse,100,5.414194833574499,5.54170190319475,0.12750706962025052,0.05312534070376573,2.300864821811213,0.7,wallpath_extra
task2,Ant1-f2-f3 frequency shift,24,direct_rf_all_features,wall_region_rmse,100,7.546352484507875,7.3238923194506835,-0.22246016505719265,-0.10507654577645997,-3.037458162326956,0.29,baseline
task2,Ant1-f2-f3 frequency shift,24,multi_wall_residual_idw,free_space_rmse,100,5.271159066561398,6.199191635983085,0.9280325694216865,0.9106298130527524,14.970219085258472,0.99,wallpath_extra
task2,Ant1-f2-f3 frequency shift,24,multi_wall_residual_idw,high_wall_rmse,100,5.7279489304897915,6.631294907452832,0.9033459769630412,0.779119887848617,13.622467249160952,0.99,wallpath_extra
task2,Ant1-f2-f3 frequency shift,24,multi_wall_residual_idw,los_rmse,96,3.4780719465420025,6.158212452973147,2.6801405064311443,2.439115997515735,43.52140376607483,1.0,wallpath_extra
task2,Ant1-f2-f3 frequency shift,24,multi_wall_residual_idw,mae,100,3.620058030287425,4.531021146774292,0.9109631164868672,0.8405816555023191,20.105029020564096,0.99,wallpath_extra
task2,Ant1-f2-f3 frequency shift,24,multi_wall_residual_idw,nlos_rmse,100,5.582778924672834,6.48625977631762,0.9034808516447859,0.8212528548963247,13.929149969348144,0.99,wallpath_extra
task2,Ant1-f2-f3 frequency shift,24,multi_wall_residual_idw,non_anchor_rmse,100,5.438724513217632,6.400121111992272,0.9613965987746405,0.9147841301448902,15.021537592049885,0.99,wallpath_extra
task2,Ant1-f2-f3 frequency shift,24,multi_wall_residual_idw,p90_ae,100,9.064168252944945,10.157203917503358,1.0930356645584107,1.0770794550577794,10.76118657689685,0.97,wallpath_extra
task2,Ant1-f2-f3 frequency shift,24,multi_wall_residual_idw,rmse,100,5.414194833574499,6.368013847793162,0.9538190142186626,0.9092216501269683,14.978281093864286,0.99,wallpath_extra
task2,Ant1-f2-f3 frequency shift,24,multi_wall_residual_idw,wall_region_rmse,100,7.546352484507875,8.598506994800559,1.0521545102926824,0.6133632363705184,12.236479087926684,0.98,wallpath_extra
task2,Ant1-f2-f3 frequency shift,25,direct_extra_all_features,free_space_rmse,100,6.363435434060641,7.247435110963056,0.8839996769024151,0.4238395916763391,12.197414166084853,0.86,wallpath_extra
task2,Ant1-f2-f3 frequency shift,25,direct_extra_all_features,high_wall_rmse,100,6.78086060672404,7.693187695168495,0.9123270884444566,0.4329967361493834,11.858895487723753,0.83,wallpath_extra
task2,Ant1-f2-f3 frequency shift,25,direct_extra_all_features,los_rmse,85,3.938616588600632,3.2498202265081875,-0.688796362092444,-0.15312748475677362,-21.194906612804573,0.43529411764705883,baseline
task2,Ant1-f2-f3 frequency shift,25,direct_extra_all_features,mae,100,4.544779669443766,5.316181343396505,0.7714016739527384,0.42624711990356445,14.510446956647472,0.92,wallpath_extra
task2,Ant1-f2-f3 frequency shift,25,direct_extra_all_features,nlos_rmse,100,6.6169247666312545,7.479912801593677,0.8629880349624226,0.41383578539794996,11.537407692487456,0.8,wallpath_extra
task2,Ant1-f2-f3 frequency shift,25,direct_extra_all_features,non_anchor_rmse,100,6.545917973787436,7.376710405105732,0.8307924313182974,0.3908111280273694,11.262370158157083,0.81,wallpath_extra
task2,Ant1-f2-f3 frequency shift,25,direct_extra_all_features,p90_ae,100,10.91783829053243,12.62814869562785,1.710310405095418,0.6955661773681632,13.543635304892856,0.85,wallpath_extra
task2,Ant1-f2-f3 frequency shift,25,direct_extra_all_features,rmse,100,6.518689879414035,7.3564871567841905,0.8377972773701562,0.39534957668787873,11.388550805767865,0.81,wallpath_extra
task2,Ant1-f2-f3 frequency shift,25,direct_extra_all_features,wall_region_rmse,100,8.011346574950966,8.459131978718492,0.4477854037675255,0.028704275250232225,5.293514806177106,0.52,wallpath_extra
task2,Ant1-f2-f3 frequency shift,25,direct_rf_all_features,free_space_rmse,100,6.363435434060641,6.421566201165762,0.05813076710512096,0.012484972195213828,0.905242822141552,0.53,wallpath_extra
task2,Ant1-f2-f3 frequency shift,25,direct_rf_all_features,high_wall_rmse,100,6.78086060672404,6.850122460355635,0.06926185363159597,0.01724026248891386,1.011103874893352,0.56,wallpath_extra
task2,Ant1-f2-f3 frequency shift,25,direct_rf_all_features,los_rmse,85,3.938616588600632,3.2288698303264476,-0.7097467582741839,-0.5090573746777545,-21.98127504577746,0.23529411764705882,baseline
task2,Ant1-f2-f3 frequency shift,25,direct_rf_all_features,mae,100,4.544779669443766,4.6077296384175614,0.06294996897379557,0.04078408082326246,1.3661819141674751,0.62,wallpath_extra
task2,Ant1-f2-f3 frequency shift,25,direct_rf_all_features,nlos_rmse,100,6.6169247666312545,6.668501930324657,0.051577163693402615,0.007370620746302237,0.7734445342042777,0.53,wallpath_extra
task2,Ant1-f2-f3 frequency shift,25,direct_rf_all_features,non_anchor_rmse,100,6.545917973787436,6.58173046930924,0.0358124955218053,-0.006050256409029231,0.5441197522262341,0.5,wallpath_extra
task2,Ant1-f2-f3 frequency shift,25,direct_rf_all_features,p90_ae,100,10.91783829053243,11.090468673706054,0.17263038317362459,0.0082848866780596,1.5565652656583093,0.51,wallpath_extra
task2,Ant1-f2-f3 frequency shift,25,direct_rf_all_features,rmse,100,6.518689879414035,6.555967993726282,0.03727811431224688,-0.005534554881774234,0.5686134274590676,0.5,wallpath_extra
task2,Ant1-f2-f3 frequency shift,25,direct_rf_all_features,wall_region_rmse,100,8.011346574950966,7.882663961628176,-0.12868261332279046,-0.06987545460348565,-1.632476202831951,0.37,baseline
task2,Ant1-f2-f3 frequency shift,25,multi_wall_residual_idw,free_space_rmse,100,6.363435434060641,7.387140645563221,1.0237052115025802,1.0394747768548744,13.857935845819132,0.94,wallpath_extra
task2,Ant1-f2-f3 frequency shift,25,multi_wall_residual_idw,high_wall_rmse,100,6.78086060672404,7.802311729651397,1.021451122927357,1.0112658462711739,13.091647172279734,0.94,wallpath_extra
task2,Ant1-f2-f3 frequency shift,25,multi_wall_residual_idw,los_rmse,85,3.938616588600632,6.183224962921448,2.244608374320817,2.1268586954667787,36.30158028829481,1.0,wallpath_extra
task2,Ant1-f2-f3 frequency shift,25,multi_wall_residual_idw,mae,100,4.544779669443766,5.239297957420349,0.6945182879765828,0.7214001019795735,13.255941800235762,0.95,wallpath_extra
task2,Ant1-f2-f3 frequency shift,25,multi_wall_residual_idw,nlos_rmse,100,6.6169247666312545,7.622812242543339,1.0058874759120835,0.9924237096494526,13.195753009606749,0.94,wallpath_extra
task2,Ant1-f2-f3 frequency shift,25,multi_wall_residual_idw,non_anchor_rmse,100,6.545917973787436,7.58632293644592,1.0404049626584844,1.0217699052133247,13.71421927822517,0.94,wallpath_extra
task2,Ant1-f2-f3 frequency shift,25,multi_wall_residual_idw,p90_ae,100,10.91783829053243,12.037013641993205,1.1191753514607747,1.2683798472086583,9.297782529350457,0.92,wallpath_extra
task2,Ant1-f2-f3 frequency shift,25,multi_wall_residual_idw,rmse,100,6.518689879414035,7.548200469360828,1.0295105899467927,1.0146889323628137,13.639152724225017,0.94,wallpath_extra
task2,Ant1-f2-f3 frequency shift,25,multi_wall_residual_idw,wall_region_rmse,100,8.011346574950966,9.088913041303977,1.07756646635301,0.7745789403761316,11.855834261545683,0.9,wallpath_extra
task3,Ant1-f2-f3 frequency shift,21,direct_extra_all_features,free_space_rmse,100,7.804187166826836,10.942620437027658,3.138433270200822,1.5677972054791116,28.68081999427657,0.92,wallpath_extra
task3,Ant1-f2-f3 frequency shift,21,direct_extra_all_features,high_wall_rmse,100,8.425273343187452,11.824199371055181,3.398926027867728,2.2662316968003395,28.74550674600484,0.88,wallpath_extra
task3,Ant1-f2-f3 frequency shift,21,direct_extra_all_features,los_rmse,93,5.742937904255366,3.1139075100618814,-2.6290303941934847,-1.8561905871464268,-84.42866031500208,0.1935483870967742,baseline
task3,Ant1-f2-f3 frequency shift,21,direct_extra_all_features,mae,100,5.843522965113322,8.548745753765106,2.705222788651784,1.4456547896067304,31.64467474612084,0.94,wallpath_extra
task3,Ant1-f2-f3 frequency shift,21,direct_extra_all_features,nlos_rmse,100,8.189986433821385,11.327777787746584,3.1377913539251976,1.8724641576904277,27.699972692961822,0.87,wallpath_extra
task3,Ant1-f2-f3 frequency shift,21,direct_extra_all_features,non_anchor_rmse,100,8.077565812810516,11.050563458351663,2.972997645541147,1.4579765156110578,26.90358420858848,0.85,wallpath_extra
task3,Ant1-f2-f3 frequency shift,21,direct_extra_all_features,p90_ae,100,13.301146779060364,18.588594967524212,5.287448188463847,3.0845022201538086,28.44458227048064,0.87,wallpath_extra
task3,Ant1-f2-f3 frequency shift,21,direct_extra_all_features,rmse,100,8.046350216367223,11.031045271254378,2.9846950548871547,1.4687448733866764,27.057227864569853,0.85,wallpath_extra
task3,Ant1-f2-f3 frequency shift,21,direct_extra_all_features,wall_region_rmse,100,10.345505857259242,11.94482832939969,1.5993224721404464,0.72895427311675,13.389246191207716,0.59,wallpath_extra
task3,Ant1-f2-f3 frequency shift,21,direct_rf_all_features,free_space_rmse,100,7.804187166826836,8.228161790762785,0.4239746239359492,0.16879417360269144,5.152725903031195,0.65,wallpath_extra
task3,Ant1-f2-f3 frequency shift,21,direct_rf_all_features,high_wall_rmse,100,8.425273343187452,8.911343891190533,0.48607054800307986,0.25202015946191203,5.454514537179904,0.7,wallpath_extra
task3,Ant1-f2-f3 frequency shift,21,direct_rf_all_features,los_rmse,93,5.742937904255366,3.891462118709356,-1.851475785546011,-1.7169690325606553,-47.57789563579438,0.10752688172043011,baseline
task3,Ant1-f2-f3 frequency shift,21,direct_rf_all_features,mae,100,5.843522965113322,6.196750833988189,0.35322786887486773,0.1304380098978677,5.700210938569114,0.68,wallpath_extra
task3,Ant1-f2-f3 frequency shift,21,direct_rf_all_features,nlos_rmse,100,8.189986433821385,8.61455367088734,0.42456723706595484,0.21177287988390336,4.928487920398802,0.68,wallpath_extra
task3,Ant1-f2-f3 frequency shift,21,direct_rf_all_features,non_anchor_rmse,100,8.077565812810516,8.443067387134045,0.3655015743235305,0.14642656701866308,4.329014060464544,0.62,wallpath_extra
task3,Ant1-f2-f3 frequency shift,21,direct_rf_all_features,p90_ae,100,13.301146779060364,14.245331635475159,0.9441848564147951,0.37257877985636334,6.62803001415208,0.6,wallpath_extra
task3,Ant1-f2-f3 frequency shift,21,direct_rf_all_features,rmse,100,8.046350216367223,8.415127301732966,0.36877708536574266,0.14909209436214077,4.382311427300674,0.62,wallpath_extra
task3,Ant1-f2-f3 frequency shift,21,direct_rf_all_features,wall_region_rmse,100,10.345505857259242,10.266824480624713,-0.0786813766345299,-0.021143195075707055,-0.7663652649659572,0.48,baseline
task3,Ant1-f2-f3 frequency shift,21,multi_wall_residual_idw,free_space_rmse,100,7.804187166826836,8.248180983044486,0.4439938162176504,0.6793369747396767,5.382930092469529,0.89,wallpath_extra
task3,Ant1-f2-f3 frequency shift,21,multi_wall_residual_idw,high_wall_rmse,100,8.425273343187452,8.879378796028305,0.45410545284085235,0.6411789991526251,5.1141579075776304,0.85,wallpath_extra
task3,Ant1-f2-f3 frequency shift,21,multi_wall_residual_idw,los_rmse,93,5.742937904255366,8.668778141393155,2.925840237137787,2.2921321743087586,33.75147211539524,0.989247311827957,wallpath_extra
task3,Ant1-f2-f3 frequency shift,21,multi_wall_residual_idw,mae,100,5.843522965113322,6.094031597773234,0.2505086326599121,0.5199416081110637,4.11072093474947,0.84,wallpath_extra
task3,Ant1-f2-f3 frequency shift,21,multi_wall_residual_idw,nlos_rmse,100,8.189986433821385,8.672121259632853,0.48213482581146827,0.6849800674868622,5.559595067653372,0.86,wallpath_extra
task3,Ant1-f2-f3 frequency shift,21,multi_wall_residual_idw,non_anchor_rmse,100,8.077565812810516,8.658997142232275,0.5814313294217599,0.7591301234581609,6.714765230559569,0.9,wallpath_extra
task3,Ant1-f2-f3 frequency shift,21,multi_wall_residual_idw,p90_ae,100,13.301146779060364,13.692007907231648,0.3908611281712851,0.8539368311564122,2.854666246320563,0.85,wallpath_extra
task3,Ant1-f2-f3 frequency shift,21,multi_wall_residual_idw,rmse,100,8.046350216367223,8.615517346583493,0.5691671302162692,0.7460883758491317,6.606302411334298,0.9,wallpath_extra
task3,Ant1-f2-f3 frequency shift,21,multi_wall_residual_idw,wall_region_rmse,100,10.345505857259242,11.801776510132981,1.4562706528737375,1.0737430819508305,12.339418998685394,0.9,wallpath_extra
task3,Ant1-f2-f3 frequency shift,22,direct_extra_all_features,free_space_rmse,100,4.654545085124043,4.947568927013077,0.2930238418890353,0.2080435712972848,5.922582306820689,0.68,wallpath_extra
task3,Ant1-f2-f3 frequency shift,22,direct_extra_all_features,high_wall_rmse,100,5.407323112252638,5.519887554130426,0.11256444187778737,-0.013988957026329185,2.0392524444371656,0.46,wallpath_extra
task3,Ant1-f2-f3 frequency shift,22,direct_extra_all_features,los_rmse,100,2.5206764256823972,3.169039552645338,0.6483631269629406,0.46392932729808134,20.4592942496323,0.66,wallpath_extra
task3,Ant1-f2-f3 frequency shift,22,direct_extra_all_features,mae,100,3.128057400385539,3.729504761695862,0.6014473613103231,0.5633609294891357,16.12673531047687,0.98,wallpath_extra
task3,Ant1-f2-f3 frequency shift,22,direct_extra_all_features,nlos_rmse,100,5.1033497255760985,5.2307846883700195,0.12743496279392105,-0.0018939490129790126,2.436249442215743,0.49,wallpath_extra
task3,Ant1-f2-f3 frequency shift,22,direct_extra_all_features,non_anchor_rmse,100,4.853000472152623,5.079651776440156,0.22665130428753208,0.1101677712492779,4.461945705387914,0.64,wallpath_extra
task3,Ant1-f2-f3 frequency shift,22,direct_extra_all_features,p90_ae,100,8.038769486745199,8.181703203519186,0.1429337167739868,-0.06811269124349018,1.7469921997721345,0.39,wallpath_extra
task3,Ant1-f2-f3 frequency shift,22,direct_extra_all_features,rmse,100,4.830625411790749,5.060108177234421,0.22948276544367302,0.11086840703277656,4.535135562439607,0.64,wallpath_extra
task3,Ant1-f2-f3 frequency shift,22,direct_extra_all_features,wall_region_rmse,100,7.588825757363144,6.986906656709953,-0.6019191006531895,-0.4802627992045805,-8.614958381834551,0.06,baseline
task3,Ant1-f2-f3 frequency shift,22,direct_rf_all_features,free_space_rmse,100,4.654545085124043,4.652368482689816,-0.002176602434226016,-0.007583491303948753,-0.0467848245968693,0.45,baseline
task3,Ant1-f2-f3 frequency shift,22,direct_rf_all_features,high_wall_rmse,100,5.407323112252638,5.345898663388182,-0.06142444886445638,-0.04471352455686528,-1.1490013696878825,0.4,baseline
task3,Ant1-f2-f3 frequency shift,22,direct_rf_all_features,los_rmse,100,2.5206764256823972,2.3479897153936964,-0.17268671028870058,-0.16318332834027305,-7.354662124648439,0.44,baseline
task3,Ant1-f2-f3 frequency shift,22,direct_rf_all_features,mae,100,3.128057400385539,3.273387468655904,0.14533006827036538,0.12152691682179784,4.439745360485519,0.89,wallpath_extra
task3,Ant1-f2-f3 frequency shift,22,direct_rf_all_features,nlos_rmse,100,5.1033497255760985,5.060536560274194,-0.04281316530190507,-0.032505447050336755,-0.8460202745691583,0.4,baseline
task3,Ant1-f2-f3 frequency shift,22,direct_rf_all_features,non_anchor_rmse,100,4.853000472152623,4.820953336802621,-0.03204713535000228,-0.03648429143717524,-0.664746848001171,0.36,baseline
task3,Ant1-f2-f3 frequency shift,22,direct_rf_all_features,p90_ae,100,8.038769486745199,7.98351450920105,-0.055254977544148716,-0.09240372975667288,-0.6921134480367965,0.22,baseline
task3,Ant1-f2-f3 frequency shift,22,direct_rf_all_features,rmse,100,4.830625411790749,4.799646422987626,-0.03097898880312252,-0.035726281745610544,-0.6454431446189487,0.37,baseline
task3,Ant1-f2-f3 frequency shift,22,direct_rf_all_features,wall_region_rmse,100,7.588825757363144,7.205229276655525,-0.3835964807076187,-0.21331638401959552,-5.323862239199606,0.14,baseline
task3,Ant1-f2-f3 frequency shift,22,multi_wall_residual_idw,free_space_rmse,100,4.654545085124043,5.607386392531461,0.9528413074074187,0.9248567537392702,16.992610116479895,0.99,wallpath_extra
task3,Ant1-f2-f3 frequency shift,22,multi_wall_residual_idw,high_wall_rmse,100,5.407323112252638,6.3755026768647864,0.968179564612147,0.8655957902980491,15.185932995141643,0.99,wallpath_extra
task3,Ant1-f2-f3 frequency shift,22,multi_wall_residual_idw,los_rmse,100,2.5206764256823972,4.365274869361014,1.8445984436786165,1.8793511419274702,42.25618085645607,1.0,wallpath_extra
task3,Ant1-f2-f3 frequency shift,22,multi_wall_residual_idw,mae,100,3.128057400385539,4.130591450532277,1.0025340501467388,0.9610148270924888,24.270956403048512,0.99,wallpath_extra
task3,Ant1-f2-f3 frequency shift,22,multi_wall_residual_idw,nlos_rmse,100,5.1033497255760985,6.033264591799492,0.9299148662233927,0.8352369254905594,15.413129195217932,0.99,wallpath_extra
task3,Ant1-f2-f3 frequency shift,22,multi_wall_residual_idw,non_anchor_rmse,100,4.853000472152623,5.816264722196752,0.9632642500441277,0.9027314441475232,16.561561346545997,0.99,wallpath_extra
task3,Ant1-f2-f3 frequency shift,22,multi_wall_residual_idw,p90_ae,100,8.038769486745199,9.187926767667134,1.1491572809219361,1.1199226379394531,12.507253376963002,0.99,wallpath_extra
task3,Ant1-f2-f3 frequency shift,22,multi_wall_residual_idw,rmse,100,4.830625411790749,5.787110329472192,0.956484917681444,0.8955182729717353,16.527850053425173,0.99,wallpath_extra
task3,Ant1-f2-f3 frequency shift,22,multi_wall_residual_idw,wall_region_rmse,100,7.588825757363144,8.586119690058384,0.9972939326952409,0.6253212869741338,11.61518786943976,0.86,wallpath_extra
task3,Ant1-f2-f3 frequency shift,23,direct_extra_all_features,free_space_rmse,100,3.762649533177626,4.78161413258996,1.0189645994123335,0.24459177656264974,21.310054955446848,0.95,wallpath_extra
task3,Ant1-f2-f3 frequency shift,23,direct_extra_all_features,high_wall_rmse,100,4.246717453668859,5.301422890030711,1.054705436361852,0.1650613931491256,19.894761429902488,0.82,wallpath_extra
task3,Ant1-f2-f3 frequency shift,23,direct_extra_all_features,los_rmse,99,2.430565292021708,3.254266388057778,0.8237010960360701,1.0569903744624294,25.311421924732908,0.898989898989899,wallpath_extra
task3,Ant1-f2-f3 frequency shift,23,direct_extra_all_features,mae,100,2.4638041345278423,3.5633612048625944,1.0995570703347524,0.47215761741002427,30.857300372308224,1.0,wallpath_extra
task3,Ant1-f2-f3 frequency shift,23,direct_extra_all_features,nlos_rmse,100,3.995846410693972,4.969658667923935,0.9738122572299628,0.16701092210181967,19.595153758050166,0.87,wallpath_extra
task3,Ant1-f2-f3 frequency shift,23,direct_extra_all_features,non_anchor_rmse,100,3.926938110174313,4.897101449513258,0.9701633393389452,0.19609592072574622,19.810970823064594,0.94,wallpath_extra
task3,Ant1-f2-f3 frequency shift,23,direct_extra_all_features,p90_ae,100,6.492873249053955,8.29316240310669,1.8002891540527344,0.1219167709350586,21.708114064887134,0.69,wallpath_extra
task3,Ant1-f2-f3 frequency shift,23,direct_extra_all_features,rmse,100,3.911575667730192,4.885151631020649,0.973575963290457,0.19752111059099176,19.92928852214662,0.94,wallpath_extra
task3,Ant1-f2-f3 frequency shift,23,direct_extra_all_features,wall_region_rmse,100,7.373240866830633,7.5582578986745546,0.1850170318439217,-0.13967012704869397,2.447879317221589,0.29,wallpath_extra
task3,Ant1-f2-f3 frequency shift,23,direct_rf_all_features,free_space_rmse,100,3.762649533177626,4.292411983737407,0.5297624505597804,0.19800296803150275,12.341836071814239,0.97,wallpath_extra
task3,Ant1-f2-f3 frequency shift,23,direct_rf_all_features,high_wall_rmse,100,4.246717453668859,4.806421939705687,0.5597044860368271,0.17445082809913393,11.644930325677988,0.86,wallpath_extra
task3,Ant1-f2-f3 frequency shift,23,direct_rf_all_features,los_rmse,99,2.430565292021708,2.625430059236269,0.1948647672145615,0.27065802625629165,7.422203708265869,0.7676767676767676,wallpath_extra
task3,Ant1-f2-f3 frequency shift,23,direct_rf_all_features,mae,100,2.4638041345278423,3.046223442554474,0.5824193080266317,0.3461374441782634,19.11938894207418,1.0,wallpath_extra
task3,Ant1-f2-f3 frequency shift,23,direct_rf_all_features,nlos_rmse,100,3.995846410693972,4.514016603184039,0.5181701924900668,0.17554720906195542,11.479137939469855,0.87,wallpath_extra
task3,Ant1-f2-f3 frequency shift,23,direct_rf_all_features,non_anchor_rmse,100,3.926938110174313,4.427994899505766,0.5010567893314535,0.17691396826833783,11.315658683061688,0.95,wallpath_extra
task3,Ant1-f2-f3 frequency shift,23,direct_rf_all_features,p90_ae,100,6.492873249053955,7.504632204373678,1.0117589553197224,0.16402482986450195,13.481792681726269,0.75,wallpath_extra
task3,Ant1-f2-f3 frequency shift,23,direct_rf_all_features,rmse,100,3.911575667730192,4.415118883406382,0.5035432156761902,0.17873552870026077,11.404975244691332,0.95,wallpath_extra
task3,Ant1-f2-f3 frequency shift,23,direct_rf_all_features,wall_region_rmse,100,7.373240866830633,7.457169023529372,0.08392815669873813,-0.03680392287697121,1.125469416529554,0.4,wallpath_extra
task3,Ant1-f2-f3 frequency shift,23,multi_wall_residual_idw,free_space_rmse,100,3.762649533177626,4.549344641803471,0.7866951086258459,0.9781667834287504,17.2924931076222,0.91,wallpath_extra
task3,Ant1-f2-f3 frequency shift,23,multi_wall_residual_idw,high_wall_rmse,100,4.246717453668859,4.856301029286962,0.609583575618103,0.8404987512712909,12.552425641282923,0.88,wallpath_extra
task3,Ant1-f2-f3 frequency shift,23,multi_wall_residual_idw,los_rmse,99,2.430565292021708,4.878257422876976,2.4476921308552675,2.440494360783735,50.175542589790794,1.0,wallpath_extra
task3,Ant1-f2-f3 frequency shift,23,multi_wall_residual_idw,mae,100,2.4638041345278423,3.3118024881680803,0.8479983536402385,0.9479086995124817,25.605342005443912,0.93,wallpath_extra
task3,Ant1-f2-f3 frequency shift,23,multi_wall_residual_idw,nlos_rmse,100,3.995846410693972,4.660468824257293,0.664622413563321,0.8795077375119489,14.26084882499429,0.89,wallpath_extra
task3,Ant1-f2-f3 frequency shift,23,multi_wall_residual_idw,non_anchor_rmse,100,3.926938110174313,4.705749317387505,0.7788112072131916,0.9575232070060877,16.55020602851758,0.91,wallpath_extra
task3,Ant1-f2-f3 frequency shift,23,multi_wall_residual_idw,p90_ae,100,6.492873249053955,7.379258152643839,0.8863849035898843,1.2069084644317627,12.011842996335757,0.9,wallpath_extra
task3,Ant1-f2-f3 frequency shift,23,multi_wall_residual_idw,rmse,100,3.911575667730192,4.682161452973619,0.7705857852434274,0.9513771353173588,16.457907164949038,0.91,wallpath_extra
task3,Ant1-f2-f3 frequency shift,23,multi_wall_residual_idw,wall_region_rmse,100,7.373240866830633,7.915230527460034,0.5419896606293999,0.293366594586427,6.847427358547488,0.71,wallpath_extra
task3,Ant1-f2-f3 frequency shift,24,direct_extra_all_features,free_space_rmse,100,5.271159066561398,5.786925585596124,0.5157665190347247,0.20806037131214117,8.912617095310296,0.83,wallpath_extra
task3,Ant1-f2-f3 frequency shift,24,direct_extra_all_features,high_wall_rmse,100,5.7279489304897915,6.1846718254633775,0.45672289497358676,0.10666114439564289,7.384755535341064,0.77,wallpath_extra
task3,Ant1-f2-f3 frequency shift,24,direct_extra_all_features,los_rmse,96,3.4780719465420025,3.20007615915017,-0.2779957873918329,-0.10370542358942925,-8.687161603855657,0.46875,baseline
task3,Ant1-f2-f3 frequency shift,24,direct_extra_all_features,mae,100,3.620058030287425,4.258098766803742,0.6380407365163167,0.4419475793838501,14.984169495797058,0.99,wallpath_extra
task3,Ant1-f2-f3 frequency shift,24,direct_extra_all_features,nlos_rmse,100,5.582778924672834,6.036915474630877,0.45413654995804476,0.12801198402949243,7.5226587462831995,0.78,wallpath_extra
task3,Ant1-f2-f3 frequency shift,24,direct_extra_all_features,non_anchor_rmse,100,5.438724513217632,5.887183011903615,0.4484584986859844,0.15176331663735687,7.61753962428586,0.81,wallpath_extra
task3,Ant1-f2-f3 frequency shift,24,direct_extra_all_features,p90_ae,100,9.064168252944945,9.725034564336141,0.6608663113911946,0.119727929433187,6.795516324587053,0.6,wallpath_extra
task3,Ant1-f2-f3 frequency shift,24,direct_extra_all_features,rmse,100,5.414194833574499,5.865925589294822,0.45173075572032234,0.15276813889524643,7.700928844796812,0.81,wallpath_extra
task3,Ant1-f2-f3 frequency shift,24,direct_extra_all_features,wall_region_rmse,100,7.546352484507875,7.175321668142438,-0.3710308163654378,-0.3502464559623655,-5.170929381643887,0.17,baseline
task3,Ant1-f2-f3 frequency shift,24,direct_rf_all_features,free_space_rmse,100,5.271159066561398,5.431303269202654,0.16014420264125537,0.06920257488213633,2.9485409800135445,0.74,wallpath_extra
task3,Ant1-f2-f3 frequency shift,24,direct_rf_all_features,high_wall_rmse,100,5.7279489304897915,5.858427461741956,0.13047853125216466,0.05353033552203268,2.2271937666591404,0.71,wallpath_extra
task3,Ant1-f2-f3 frequency shift,24,direct_rf_all_features,los_rmse,96,3.4780719465420025,3.0533977457570463,-0.4246742007849564,-0.40418407591802885,-13.908250288554017,0.2916666666666667,baseline
task3,Ant1-f2-f3 frequency shift,24,direct_rf_all_features,mae,100,3.620058030287425,3.83713413476944,0.21707610448201498,0.15828323364257812,5.6572456645448606,0.99,wallpath_extra
task3,Ant1-f2-f3 frequency shift,24,direct_rf_all_features,nlos_rmse,100,5.582778924672834,5.71996576120789,0.13718683653505567,0.06231082620610251,2.3983856243588124,0.71,wallpath_extra
task3,Ant1-f2-f3 frequency shift,24,direct_rf_all_features,non_anchor_rmse,100,5.438724513217632,5.564995069504217,0.12627055628658634,0.05223967951841324,2.26901470189146,0.7,wallpath_extra
task3,Ant1-f2-f3 frequency shift,24,direct_rf_all_features,p90_ae,100,9.064168252944945,9.2768421347936,0.21267388184865318,0.019621292750040098,2.292524533224547,0.52,wallpath_extra
task3,Ant1-f2-f3 frequency shift,24,direct_rf_all_features,rmse,100,5.414194833574499,5.54170190319475,0.12750706962025052,0.05312534070376573,2.300864821811213,0.7,wallpath_extra
task3,Ant1-f2-f3 frequency shift,24,direct_rf_all_features,wall_region_rmse,100,7.546352484507875,7.3238923194506835,-0.22246016505719265,-0.10507654577645997,-3.037458162326956,0.29,baseline
task3,Ant1-f2-f3 frequency shift,24,multi_wall_residual_idw,free_space_rmse,100,5.271159066561398,6.199191635983085,0.9280325694216865,0.9106298130527524,14.970219085258472,0.99,wallpath_extra
task3,Ant1-f2-f3 frequency shift,24,multi_wall_residual_idw,high_wall_rmse,100,5.7279489304897915,6.631294907452832,0.9033459769630412,0.779119887848617,13.622467249160952,0.99,wallpath_extra
task3,Ant1-f2-f3 frequency shift,24,multi_wall_residual_idw,los_rmse,96,3.4780719465420025,6.158212452973147,2.6801405064311443,2.439115997515735,43.52140376607483,1.0,wallpath_extra
task3,Ant1-f2-f3 frequency shift,24,multi_wall_residual_idw,mae,100,3.620058030287425,4.531021146774292,0.9109631164868672,0.8405816555023191,20.105029020564096,0.99,wallpath_extra
task3,Ant1-f2-f3 frequency shift,24,multi_wall_residual_idw,nlos_rmse,100,5.582778924672834,6.48625977631762,0.9034808516447859,0.8212528548963247,13.929149969348144,0.99,wallpath_extra
task3,Ant1-f2-f3 frequency shift,24,multi_wall_residual_idw,non_anchor_rmse,100,5.438724513217632,6.400121111992272,0.9613965987746405,0.9147841301448902,15.021537592049885,0.99,wallpath_extra
task3,Ant1-f2-f3 frequency shift,24,multi_wall_residual_idw,p90_ae,100,9.064168252944945,10.157203917503358,1.0930356645584107,1.0770794550577794,10.76118657689685,0.97,wallpath_extra
task3,Ant1-f2-f3 frequency shift,24,multi_wall_residual_idw,rmse,100,5.414194833574499,6.368013847793162,0.9538190142186626,0.9092216501269683,14.978281093864286,0.99,wallpath_extra
task3,Ant1-f2-f3 frequency shift,24,multi_wall_residual_idw,wall_region_rmse,100,7.546352484507875,8.598506994800559,1.0521545102926824,0.6133632363705184,12.236479087926684,0.98,wallpath_extra
task3,Ant1-f2-f3 frequency shift,25,direct_extra_all_features,free_space_rmse,100,6.363435434060641,7.247435110963056,0.8839996769024151,0.4238395916763391,12.197414166084853,0.86,wallpath_extra
task3,Ant1-f2-f3 frequency shift,25,direct_extra_all_features,high_wall_rmse,100,6.78086060672404,7.693187695168495,0.9123270884444566,0.4329967361493834,11.858895487723753,0.83,wallpath_extra
task3,Ant1-f2-f3 frequency shift,25,direct_extra_all_features,los_rmse,85,3.938616588600632,3.2498202265081875,-0.688796362092444,-0.15312748475677362,-21.194906612804573,0.43529411764705883,baseline
task3,Ant1-f2-f3 frequency shift,25,direct_extra_all_features,mae,100,4.544779669443766,5.316181343396505,0.7714016739527384,0.42624711990356445,14.510446956647472,0.92,wallpath_extra
task3,Ant1-f2-f3 frequency shift,25,direct_extra_all_features,nlos_rmse,100,6.6169247666312545,7.479912801593677,0.8629880349624226,0.41383578539794996,11.537407692487456,0.8,wallpath_extra
task3,Ant1-f2-f3 frequency shift,25,direct_extra_all_features,non_anchor_rmse,100,6.545917973787436,7.376710405105732,0.8307924313182974,0.3908111280273694,11.262370158157083,0.81,wallpath_extra
task3,Ant1-f2-f3 frequency shift,25,direct_extra_all_features,p90_ae,100,10.91783829053243,12.62814869562785,1.710310405095418,0.6955661773681632,13.543635304892856,0.85,wallpath_extra
task3,Ant1-f2-f3 frequency shift,25,direct_extra_all_features,rmse,100,6.518689879414035,7.3564871567841905,0.8377972773701562,0.39534957668787873,11.388550805767865,0.81,wallpath_extra
task3,Ant1-f2-f3 frequency shift,25,direct_extra_all_features,wall_region_rmse,100,8.011346574950966,8.459131978718492,0.4477854037675255,0.028704275250232225,5.293514806177106,0.52,wallpath_extra
task3,Ant1-f2-f3 frequency shift,25,direct_rf_all_features,free_space_rmse,100,6.363435434060641,6.421566201165762,0.05813076710512096,0.012484972195213828,0.905242822141552,0.53,wallpath_extra
task3,Ant1-f2-f3 frequency shift,25,direct_rf_all_features,high_wall_rmse,100,6.78086060672404,6.850122460355635,0.06926185363159597,0.01724026248891386,1.011103874893352,0.56,wallpath_extra
task3,Ant1-f2-f3 frequency shift,25,direct_rf_all_features,los_rmse,85,3.938616588600632,3.2288698303264476,-0.7097467582741839,-0.5090573746777545,-21.98127504577746,0.23529411764705882,baseline
task3,Ant1-f2-f3 frequency shift,25,direct_rf_all_features,mae,100,4.544779669443766,4.6077296384175614,0.06294996897379557,0.04078408082326246,1.3661819141674751,0.62,wallpath_extra
task3,Ant1-f2-f3 frequency shift,25,direct_rf_all_features,nlos_rmse,100,6.6169247666312545,6.668501930324657,0.051577163693402615,0.007370620746302237,0.7734445342042777,0.53,wallpath_extra
task3,Ant1-f2-f3 frequency shift,25,direct_rf_all_features,non_anchor_rmse,100,6.545917973787436,6.58173046930924,0.0358124955218053,-0.006050256409029231,0.5441197522262341,0.5,wallpath_extra
task3,Ant1-f2-f3 frequency shift,25,direct_rf_all_features,p90_ae,100,10.91783829053243,11.090468673706054,0.17263038317362459,0.0082848866780596,1.5565652656583093,0.51,wallpath_extra
task3,Ant1-f2-f3 frequency shift,25,direct_rf_all_features,rmse,100,6.518689879414035,6.555967993726282,0.03727811431224688,-0.005534554881774234,0.5686134274590676,0.5,wallpath_extra
task3,Ant1-f2-f3 frequency shift,25,direct_rf_all_features,wall_region_rmse,100,8.011346574950966,7.882663961628176,-0.12868261332279046,-0.06987545460348565,-1.632476202831951,0.37,baseline
task3,Ant1-f2-f3 frequency shift,25,multi_wall_residual_idw,free_space_rmse,100,6.363435434060641,7.387140645563221,1.0237052115025802,1.0394747768548744,13.857935845819132,0.94,wallpath_extra
task3,Ant1-f2-f3 frequency shift,25,multi_wall_residual_idw,high_wall_rmse,100,6.78086060672404,7.802311729651397,1.021451122927357,1.0112658462711739,13.091647172279734,0.94,wallpath_extra
task3,Ant1-f2-f3 frequency shift,25,multi_wall_residual_idw,los_rmse,85,3.938616588600632,6.183224962921448,2.244608374320817,2.1268586954667787,36.30158028829481,1.0,wallpath_extra
task3,Ant1-f2-f3 frequency shift,25,multi_wall_residual_idw,mae,100,4.544779669443766,5.239297957420349,0.6945182879765828,0.7214001019795735,13.255941800235762,0.95,wallpath_extra
task3,Ant1-f2-f3 frequency shift,25,multi_wall_residual_idw,nlos_rmse,100,6.6169247666312545,7.622812242543339,1.0058874759120835,0.9924237096494526,13.195753009606749,0.94,wallpath_extra
task3,Ant1-f2-f3 frequency shift,25,multi_wall_residual_idw,non_anchor_rmse,100,6.545917973787436,7.58632293644592,1.0404049626584844,1.0217699052133247,13.71421927822517,0.94,wallpath_extra
task3,Ant1-f2-f3 frequency shift,25,multi_wall_residual_idw,p90_ae,100,10.91783829053243,12.037013641993205,1.1191753514607747,1.2683798472086583,9.297782529350457,0.92,wallpath_extra
task3,Ant1-f2-f3 frequency shift,25,multi_wall_residual_idw,rmse,100,6.518689879414035,7.548200469360828,1.0295105899467927,1.0146889323628137,13.639152724225017,0.94,wallpath_extra
task3,Ant1-f2-f3 frequency shift,25,multi_wall_residual_idw,wall_region_rmse,100,8.011346574950966,9.088913041303977,1.07756646635301,0.7745789403761316,11.855834261545683,0.9,wallpath_extra
task3,Ant2-Ant5 additional antennas across frequencies,21,direct_extra_all_features,free_space_rmse,960,7.160921077120883,12.204254638263018,5.043333561142135,3.5148201856509944,41.3243881795958,0.9760416666666667,wallpath_extra
task3,Ant2-Ant5 additional antennas across frequencies,21,direct_extra_all_features,high_wall_rmse,960,7.605656427751167,12.591180110101279,4.985523682350111,3.2076251466089993,39.59536468190519,0.928125,wallpath_extra
task3,Ant2-Ant5 additional antennas across frequencies,21,direct_extra_all_features,los_rmse,908,6.481798967467035,10.308965704331964,3.827166736864928,3.9801423501657016,37.124643214757256,0.8348017621145375,wallpath_extra
task3,Ant2-Ant5 additional antennas across frequencies,21,direct_extra_all_features,mae,960,5.446204388058848,10.262846631473964,4.816642243415117,3.416555086771647,46.9328093498299,0.9958333333333333,wallpath_extra
task3,Ant2-Ant5 additional antennas across frequencies,21,direct_extra_all_features,nlos_rmse,960,7.409399666590149,12.215061532798078,4.80566186620793,3.1349870446207095,39.342101169973446,0.9427083333333334,wallpath_extra
task3,Ant2-Ant5 additional antennas across frequencies,21,direct_extra_all_features,non_anchor_rmse,960,7.355048028047253,12.216996772001044,4.861948743953792,3.3278436671524587,39.796595142731164,0.959375,wallpath_extra
task3,Ant2-Ant5 additional antennas across frequencies,21,direct_extra_all_features,p90_ae,960,12.020217144158151,19.07777307960722,7.057555935449071,4.93571917215983,36.9936045784772,0.9666666666666667,wallpath_extra
task3,Ant2-Ant5 additional antennas across frequencies,21,direct_extra_all_features,rmse,960,7.329066821349731,12.202907211115582,4.873840389765849,3.340538303257035,39.93999385102501,0.9614583333333333,wallpath_extra
task3,Ant2-Ant5 additional antennas across frequencies,21,direct_extra_all_features,wall_region_rmse,960,8.967343333514236,12.12969299282078,3.1623496593065434,1.517216233328488,26.071143442610204,0.709375,wallpath_extra
task3,Ant2-Ant5 additional antennas across frequencies,21,direct_rf_all_features,free_space_rmse,960,7.160921077120883,8.003050777034598,0.842129699913717,0.5118006182470591,10.522608482383676,0.9010416666666666,wallpath_extra
task3,Ant2-Ant5 additional antennas across frequencies,21,direct_rf_all_features,high_wall_rmse,960,7.605656427751167,8.394084399519295,0.7884279717681293,0.3640945774648112,9.392661953855022,0.8010416666666667,wallpath_extra
task3,Ant2-Ant5 additional antennas across frequencies,21,direct_rf_all_features,los_rmse,908,6.481798967467035,6.994753379786656,0.5129544123196208,0.701083597789014,7.333416697748767,0.7092511013215859,wallpath_extra
task3,Ant2-Ant5 additional antennas across frequencies,21,direct_rf_all_features,mae,960,5.446204388058848,6.229396391080486,0.7831920030216376,0.48545002937316895,12.57251832846992,0.9552083333333333,wallpath_extra
task3,Ant2-Ant5 additional antennas across frequencies,21,direct_rf_all_features,nlos_rmse,960,7.409399666590149,8.176716440042346,0.767316773452198,0.3945025651715297,9.384167582167294,0.834375,wallpath_extra
task3,Ant2-Ant5 additional antennas across frequencies,21,direct_rf_all_features,non_anchor_rmse,960,7.355048028047253,8.126315666682492,0.7712676386352387,0.4557359835726924,9.490987924544937,0.8572916666666667,wallpath_extra
task3,Ant2-Ant5 additional antennas across frequencies,21,direct_rf_all_features,p90_ae,960,12.020217144158151,13.279471241103277,1.259254096945127,0.6943078835805254,9.482712632769749,0.8645833333333334,wallpath_extra
task3,Ant2-Ant5 additional antennas across frequencies,21,direct_rf_all_features,rmse,960,7.329066821349731,8.10377131832473,0.7747044969749993,0.4580665342366963,9.559802054423608,0.8583333333333333,wallpath_extra
task3,Ant2-Ant5 additional antennas across frequencies,21,direct_rf_all_features,wall_region_rmse,960,8.967343333514236,9.139382571424928,0.17203923791069256,0.05450298376515006,1.8823945333964622,0.5375,wallpath_extra
task3,Ant2-Ant5 additional antennas across frequencies,21,multi_wall_residual_idw,free_space_rmse,960,7.160921077120883,7.15505399278637,-0.005867084334511625,0.47256502656810717,-0.08199916227645677,0.7291666666666666,baseline
task3,Ant2-Ant5 additional antennas across frequencies,21,multi_wall_residual_idw,high_wall_rmse,960,7.605656427751167,7.576893721552111,-0.028762706199056545,0.4448781119469196,-0.37961079112462587,0.7104166666666667,baseline
task3,Ant2-Ant5 additional antennas across frequencies,21,multi_wall_residual_idw,los_rmse,908,6.481798967467035,8.13959979509706,1.6578008276300265,1.4552716870880795,20.367104886761297,0.9724669603524229,wallpath_extra
task3,Ant2-Ant5 additional antennas across frequencies,21,multi_wall_residual_idw,mae,960,5.446204388058848,5.269264161338409,-0.17694022672043905,0.37994349002838135,-3.3579684241052665,0.7052083333333333,baseline
task3,Ant2-Ant5 additional antennas across frequencies,21,multi_wall_residual_idw,nlos_rmse,960,7.409399666590149,7.45137114825435,0.04197148166420082,0.4697844983872783,0.5632719244435157,0.7270833333333333,wallpath_extra
task3,Ant2-Ant5 additional antennas across frequencies,21,multi_wall_residual_idw,non_anchor_rmse,960,7.355048028047253,7.486653781093654,0.1316057530464008,0.5177689639359149,1.7578714989966548,0.746875,wallpath_extra
task3,Ant2-Ant5 additional antennas across frequencies,21,multi_wall_residual_idw,p90_ae,960,12.020217144158151,11.746119610965252,-0.27409753319289953,0.5571101506551104,-2.333515597244754,0.6895833333333333,baseline
task3,Ant2-Ant5 additional antennas across frequencies,21,multi_wall_residual_idw,rmse,960,7.329066821349731,7.449060723705114,0.11999390235538211,0.5109725853666154,1.610859500359909,0.7447916666666666,wallpath_extra
task3,Ant2-Ant5 additional antennas across frequencies,21,multi_wall_residual_idw,wall_region_rmse,960,8.967343333514236,10.003899580329927,1.036556246815693,0.7849637085704044,10.361521909454286,0.8041666666666667,wallpath_extra
task3,Ant2-Ant5 additional antennas across frequencies,22,direct_extra_all_features,free_space_rmse,960,4.4847543918602515,6.401428761343786,1.916674369483535,1.4600421811813795,29.94135279701507,0.9854166666666667,wallpath_extra
task3,Ant2-Ant5 additional antennas across frequencies,22,direct_extra_all_features,high_wall_rmse,960,5.031256351950582,6.045677040956845,1.0144206890062633,0.37260343058450074,16.779273555864826,0.7979166666666667,wallpath_extra
task3,Ant2-Ant5 additional antennas across frequencies,22,direct_extra_all_features,los_rmse,956,3.6337098014681475,9.200236009701701,5.566526208233552,5.706542134994912,60.50416752748104,0.9874476987447699,wallpath_extra
task3,Ant2-Ant5 additional antennas across frequencies,22,direct_extra_all_features,mae,960,3.12738135146598,5.072183411320051,1.9448020598540703,1.5232865413029988,38.34250266884435,1.0,wallpath_extra
task3,Ant2-Ant5 additional antennas across frequencies,22,direct_extra_all_features,nlos_rmse,960,4.7889366659311765,5.977466640070741,1.188529974139564,0.5915677554706491,19.88350660415394,0.9,wallpath_extra
task3,Ant2-Ant5 additional antennas across frequencies,22,direct_extra_all_features,non_anchor_rmse,960,4.645016659939701,6.439996620875706,1.7949799609360046,1.3345521166343817,27.87237426674185,0.98125,wallpath_extra
task3,Ant2-Ant5 additional antennas across frequencies,22,direct_extra_all_features,p90_ae,960,7.619282019635041,10.264875354866186,2.6455933352311454,2.0178086757659903,25.773263130535433,0.9875,wallpath_extra
task3,Ant2-Ant5 additional antennas across frequencies,22,direct_extra_all_features,rmse,960,4.624589709167978,6.42606112878367,1.8014714196156918,1.340035867338622,28.03383571230789,0.98125,wallpath_extra
task3,Ant2-Ant5 additional antennas across frequencies,22,direct_extra_all_features,wall_region_rmse,960,6.86606713131481,6.831613960565616,-0.03445317074919355,-0.2610623310869058,-0.5043196373224375,0.31979166666666664,baseline
task3,Ant2-Ant5 additional antennas across frequencies,22,direct_rf_all_features,free_space_rmse,960,4.4847543918602515,4.862557714963161,0.3778033231029099,0.30676591712368784,7.769641930219683,0.9552083333333333,wallpath_extra
task3,Ant2-Ant5 additional antennas across frequencies,22,direct_rf_all_features,high_wall_rmse,960,5.031256351950582,5.241136161316556,0.209879809365973,0.12649103940134632,4.004471605127163,0.7447916666666666,wallpath_extra
task3,Ant2-Ant5 additional antennas across frequencies,22,direct_rf_all_features,los_rmse,956,3.6337098014681475,4.549099984566325,0.9153901830981774,0.8891594890784287,20.122445894876147,0.8828451882845189,wallpath_extra
task3,Ant2-Ant5 additional antennas across frequencies,22,direct_rf_all_features,mae,960,3.12738135146598,3.5603642260862722,0.4329828746202919,0.38001247247060155,12.161196077858817,0.9979166666666667,wallpath_extra
task3,Ant2-Ant5 additional antennas across frequencies,22,direct_rf_all_features,nlos_rmse,960,4.7889366659311765,5.059732156994587,0.2707954910634099,0.20118365150102036,5.351972844828588,0.8572916666666667,wallpath_extra
task3,Ant2-Ant5 additional antennas across frequencies,22,direct_rf_all_features,non_anchor_rmse,960,4.645016659939701,4.978279759076037,0.33326309913633645,0.27114120178895695,6.694342529239243,0.9197916666666667,wallpath_extra
task3,Ant2-Ant5 additional antennas across frequencies,22,direct_rf_all_features,p90_ae,960,7.619282019635041,8.209429078631931,0.5901470589968894,0.4077946345011392,7.1886492147543555,0.9302083333333333,wallpath_extra
task3,Ant2-Ant5 additional antennas across frequencies,22,direct_rf_all_features,rmse,960,4.624589709167978,4.9595968660833645,0.3350071569153872,0.2714897766191875,6.754725554537752,0.9197916666666667,wallpath_extra
task3,Ant2-Ant5 additional antennas across frequencies,22,direct_rf_all_features,wall_region_rmse,960,6.86606713131481,6.637847379724208,-0.22821975159060168,-0.15022398801229309,-3.438159067768196,0.278125,baseline
task3,Ant2-Ant5 additional antennas across frequencies,22,multi_wall_residual_idw,free_space_rmse,960,4.4847543918602515,5.227825124224476,0.7430707323642245,0.7598145413945525,14.21376413149351,0.9541666666666667,wallpath_extra
task3,Ant2-Ant5 additional antennas across frequencies,22,multi_wall_residual_idw,high_wall_rmse,960,5.031256351950582,5.755293096972376,0.7240367450217935,0.7315316007045869,12.580362682183459,0.9395833333333333,wallpath_extra
task3,Ant2-Ant5 additional antennas across frequencies,22,multi_wall_residual_idw,los_rmse,956,3.6337098014681475,4.9056963518752115,1.2719865504070633,1.1639589511489876,25.928766461887612,0.9926778242677824,wallpath_extra
task3,Ant2-Ant5 additional antennas across frequencies,22,multi_wall_residual_idw,mae,960,3.12738135146598,3.8720351574321588,0.7446538059661786,0.7515128850936887,19.231586896540872,0.9625,wallpath_extra
task3,Ant2-Ant5 additional antennas across frequencies,22,multi_wall_residual_idw,nlos_rmse,960,4.7889366659311765,5.520476169872555,0.731539503941378,0.7412359073576069,13.251384145695287,0.9458333333333333,wallpath_extra
task3,Ant2-Ant5 additional antennas across frequencies,22,multi_wall_residual_idw,non_anchor_rmse,960,4.645016659939701,5.402926795554544,0.7579101356148417,0.7609237349255822,14.027769842050073,0.9510416666666667,wallpath_extra
task3,Ant2-Ant5 additional antennas across frequencies,22,multi_wall_residual_idw,p90_ae,960,7.619282019635041,8.561238655365175,0.9419566357301342,1.0402212142944331,11.002574202739066,0.9395833333333333,wallpath_extra
task3,Ant2-Ant5 additional antennas across frequencies,22,multi_wall_residual_idw,rmse,960,4.624589709167978,5.375844285183498,0.7512545760155199,0.7555744920001117,13.974634237194556,0.95,wallpath_extra
task3,Ant2-Ant5 additional antennas across frequencies,22,multi_wall_residual_idw,wall_region_rmse,960,6.86606713131481,7.725113527930206,0.8590463966153957,0.6065167668104654,11.120178279704334,0.8625,wallpath_extra
task3,Ant2-Ant5 additional antennas across frequencies,23,direct_extra_all_features,free_space_rmse,960,3.767483224127517,6.260462580768136,2.4929793566406198,1.624920097973597,39.821008822877424,0.9947916666666666,wallpath_extra
task3,Ant2-Ant5 additional antennas across frequencies,23,direct_extra_all_features,high_wall_rmse,960,4.148508100609349,6.177442973907211,2.0289348732978625,0.64104189458446,32.84425096059718,0.946875,wallpath_extra
task3,Ant2-Ant5 additional antennas across frequencies,23,direct_extra_all_features,los_rmse,940,3.026020125271926,8.854465475079285,5.828445349807361,6.076089691060082,65.82492603547217,0.9989361702127659,wallpath_extra
task3,Ant2-Ant5 additional antennas across frequencies,23,direct_extra_all_features,mae,960,2.590101725670199,4.980493718095952,2.3903919924257533,1.4775975147883096,47.9950809643748,1.0,wallpath_extra
task3,Ant2-Ant5 additional antennas across frequencies,23,direct_extra_all_features,nlos_rmse,960,3.922299896738445,5.953758754839118,2.031458858100673,0.8574047275717169,34.12061089054937,0.9770833333333333,wallpath_extra
task3,Ant2-Ant5 additional antennas across frequencies,23,direct_extra_all_features,non_anchor_rmse,960,3.8857210894106373,6.300723766352418,2.4150026769417803,1.5485912056485631,38.32897245612564,0.9916666666666667,wallpath_extra
task3,Ant2-Ant5 additional antennas across frequencies,23,direct_extra_all_features,p90_ae,960,6.406332560628653,10.305676864998208,3.8993443043695555,2.4441928863525386,37.83685783524936,0.9947916666666666,wallpath_extra
task3,Ant2-Ant5 additional antennas across frequencies,23,direct_extra_all_features,rmse,960,3.8726208497787606,6.29296475899128,2.42034390921252,1.5535034529404963,38.46110699657699,0.9916666666666667,wallpath_extra
task3,Ant2-Ant5 additional antennas across frequencies,23,direct_extra_all_features,wall_region_rmse,960,6.468411937623032,7.249090979606614,0.780679041983582,-0.032209727231599095,10.769337068327802,0.46458333333333335,wallpath_extra
task3,Ant2-Ant5 additional antennas across frequencies,23,direct_rf_all_features,free_space_rmse,960,3.767483224127517,4.821620414129531,1.0541371900020142,0.6326700734899884,21.86271625433049,0.99375,wallpath_extra
task3,Ant2-Ant5 additional antennas across frequencies,23,direct_rf_all_features,high_wall_rmse,960,4.148508100609349,5.161010682082982,1.012502581473633,0.4713544959649538,19.618300442365825,0.9760416666666667,wallpath_extra
task3,Ant2-Ant5 additional antennas across frequencies,23,direct_rf_all_features,los_rmse,940,3.026020125271926,4.269783269708005,1.243763144436079,1.2366780440181604,29.129421000357596,0.9776595744680852,wallpath_extra
task3,Ant2-Ant5 additional antennas across frequencies,23,direct_rf_all_features,mae,960,2.590101725670199,3.57511275133325,0.9850110256630514,0.65243794520696,27.551887008198996,0.9989583333333333,wallpath_extra
task3,Ant2-Ant5 additional antennas across frequencies,23,direct_rf_all_features,nlos_rmse,960,3.922299896738445,4.911876331629544,0.9895764348910984,0.5247939441550284,20.146607285668384,0.9875,wallpath_extra
task3,Ant2-Ant5 additional antennas across frequencies,23,direct_rf_all_features,non_anchor_rmse,960,3.8857210894106373,4.900280890751519,1.0145598013408819,0.5982023683081469,20.70411521216463,0.9895833333333334,wallpath_extra
task3,Ant2-Ant5 additional antennas across frequencies,23,direct_rf_all_features,p90_ae,960,6.406332560628653,8.265101464092732,1.8587689034640789,0.9130481878916421,22.48936581770225,0.9895833333333334,wallpath_extra
task3,Ant2-Ant5 additional antennas across frequencies,23,direct_rf_all_features,rmse,960,3.8726208497787606,4.890099866222432,1.0174790164436713,0.5990749336740351,20.80691691946297,0.9895833333333334,wallpath_extra
task3,Ant2-Ant5 additional antennas across frequencies,23,direct_rf_all_features,wall_region_rmse,960,6.468411937623032,6.809818714211359,0.34140677658832724,0.03144604126552153,5.013448829053964,0.54375,wallpath_extra
task3,Ant2-Ant5 additional antennas across frequencies,23,multi_wall_residual_idw,free_space_rmse,960,3.767483224127517,4.0875235390531595,0.32004031492564244,0.8179962736859392,7.829687385721506,0.8364583333333333,wallpath_extra
task3,Ant2-Ant5 additional antennas across frequencies,23,multi_wall_residual_idw,high_wall_rmse,960,4.148508100609349,4.226378532530783,0.07787043192143411,0.6986210351686757,1.8424859799485394,0.7927083333333333,wallpath_extra
task3,Ant2-Ant5 additional antennas across frequencies,23,multi_wall_residual_idw,los_rmse,940,3.026020125271926,4.871824272014953,1.8458041467430273,1.7894322223212151,37.88733015978869,1.0,wallpath_extra
task3,Ant2-Ant5 additional antennas across frequencies,23,multi_wall_residual_idw,mae,960,2.590101725670199,2.986135094943974,0.3960333692737752,0.77730659643809,13.262406310562637,0.8510416666666667,wallpath_extra
task3,Ant2-Ant5 additional antennas across frequencies,23,multi_wall_residual_idw,nlos_rmse,960,3.922299896738445,4.13889159364935,0.21659169691090543,0.7498140985886355,5.233084559239002,0.81875,wallpath_extra
task3,Ant2-Ant5 additional antennas across frequencies,23,multi_wall_residual_idw,non_anchor_rmse,960,3.8857210894106373,4.214766898685824,0.3290458092751866,0.815609255584065,7.806975265412293,0.834375,wallpath_extra
task3,Ant2-Ant5 additional antennas across frequencies,23,multi_wall_residual_idw,p90_ae,960,6.406332560628653,6.661636365618971,0.2553038049903181,1.1239763100941977,3.8324488305599176,0.8041666666666667,wallpath_extra
task3,Ant2-Ant5 additional antennas across frequencies,23,multi_wall_residual_idw,rmse,960,3.8726208497787606,4.193640114525225,0.3210192647464642,0.8103647257852262,7.654907335385598,0.834375,wallpath_extra
task3,Ant2-Ant5 additional antennas across frequencies,23,multi_wall_residual_idw,wall_region_rmse,960,6.468411937623032,6.770154287059202,0.30174234943617,0.36673878354038436,4.456949378730328,0.71875,wallpath_extra
task3,Ant2-Ant5 additional antennas across frequencies,24,direct_extra_all_features,free_space_rmse,960,4.922543695970875,7.085124144914611,2.162580448943736,1.5788406557470895,30.52283071844184,0.9947916666666666,wallpath_extra
task3,Ant2-Ant5 additional antennas across frequencies,24,direct_extra_all_features,high_wall_rmse,960,5.251832422194469,6.84564272619137,1.5938103039969012,0.6681746761475771,23.282113422294106,0.9177083333333333,wallpath_extra
task3,Ant2-Ant5 additional antennas across frequencies,24,direct_extra_all_features,los_rmse,932,4.324413351330338,9.421207590779408,5.0967942394490695,5.171088967282308,54.099160753419056,0.9817596566523605,wallpath_extra
task3,Ant2-Ant5 additional antennas across frequencies,24,direct_extra_all_features,mae,960,3.49151585292485,5.616373306595617,2.1248574536707667,1.5072382688522339,37.83326601840069,1.0,wallpath_extra
task3,Ant2-Ant5 additional antennas across frequencies,24,direct_extra_all_features,nlos_rmse,960,5.127955435632964,6.800646087005933,1.6726906513729685,0.8218527454392119,24.596054992024893,0.9583333333333334,wallpath_extra
task3,Ant2-Ant5 additional antennas across frequencies,24,direct_extra_all_features,non_anchor_rmse,960,5.043654131397102,7.09709858420508,2.0534444528079776,1.469991967352185,28.933576565753405,0.9916666666666667,wallpath_extra
task3,Ant2-Ant5 additional antennas across frequencies,24,direct_extra_all_features,p90_ae,960,8.369117263042265,11.433502277566328,3.0643850145240625,2.1845555305480957,26.801805257315536,0.98125,wallpath_extra
task3,Ant2-Ant5 additional antennas across frequencies,24,direct_extra_all_features,rmse,960,5.022730572905892,7.082783241633496,2.060052668727604,1.4765442960467725,29.085355268510188,0.9916666666666667,wallpath_extra
task3,Ant2-Ant5 additional antennas across frequencies,24,direct_extra_all_features,wall_region_rmse,960,6.601243788681851,6.9643487549324,0.36310496625055044,-0.1643077502580268,5.213767705033234,0.38333333333333336,wallpath_extra
task3,Ant2-Ant5 additional antennas across frequencies,24,direct_rf_all_features,free_space_rmse,960,4.922543695970875,5.537733205304568,0.6151895093336941,0.4412675680385023,11.109049254023402,0.984375,wallpath_extra
task3,Ant2-Ant5 additional antennas across frequencies,24,direct_rf_all_features,high_wall_rmse,960,5.251832422194469,5.760956822106132,0.509124399911663,0.27621388838015504,8.837497235841692,0.9135416666666667,wallpath_extra
task3,Ant2-Ant5 additional antennas across frequencies,24,direct_rf_all_features,los_rmse,932,4.324413351330338,5.327659371654306,1.0032460203239681,1.0059564236933587,18.830896465748474,0.9195278969957081,wallpath_extra
task3,Ant2-Ant5 additional antennas across frequencies,24,direct_rf_all_features,mae,960,3.49151585292485,4.0802545171231035,0.5887386641982529,0.45969829956690467,14.428969117675532,1.0,wallpath_extra
task3,Ant2-Ant5 additional antennas across frequencies,24,direct_rf_all_features,nlos_rmse,960,5.127955435632964,5.666017288723538,0.5380618530905728,0.34049761428701153,9.496297410906593,0.946875,wallpath_extra
task3,Ant2-Ant5 additional antennas across frequencies,24,direct_rf_all_features,non_anchor_rmse,960,5.043654131397102,5.617585679064919,0.5739315476678175,0.3976880281720099,10.21669415397953,0.9770833333333333,wallpath_extra
task3,Ant2-Ant5 additional antennas across frequencies,24,direct_rf_all_features,p90_ae,960,8.369117263042265,9.415129548476802,1.0460122854345375,0.5736837387084961,11.109908579046195,0.9604166666666667,wallpath_extra
task3,Ant2-Ant5 additional antennas across frequencies,24,direct_rf_all_features,rmse,960,5.022730572905892,5.598814212295929,0.5760836393900367,0.3980525608769665,10.289386601271065,0.978125,wallpath_extra
task3,Ant2-Ant5 additional antennas across frequencies,24,direct_rf_all_features,wall_region_rmse,960,6.601243788681851,6.634495454522626,0.03325166584077605,-0.06957553881999656,0.5011935884002786,0.390625,wallpath_extra
task3,Ant2-Ant5 additional antennas across frequencies,24,multi_wall_residual_idw,free_space_rmse,960,4.922543695970875,5.587208124983062,0.6646644290121869,0.8033128098997879,11.896181673278939,0.9041666666666667,wallpath_extra
task3,Ant2-Ant5 additional antennas across frequencies,24,multi_wall_residual_idw,high_wall_rmse,960,5.251832422194469,5.8746306203447025,0.6227981981502336,0.732365883585874,10.601486942743133,0.884375,wallpath_extra
task3,Ant2-Ant5 additional antennas across frequencies,24,multi_wall_residual_idw,los_rmse,932,4.324413351330338,6.012720916672919,1.6883075653425803,1.5983658766365152,28.078927805563104,0.9967811158798283,wallpath_extra
task3,Ant2-Ant5 additional antennas across frequencies,24,multi_wall_residual_idw,mae,960,3.49151585292485,4.093542516024576,0.6020266630997261,0.7240343689918516,14.706740207119712,0.9083333333333333,wallpath_extra
task3,Ant2-Ant5 additional antennas across frequencies,24,multi_wall_residual_idw,nlos_rmse,960,5.127955435632964,5.776902837955154,0.6489474023221901,0.7611204664520943,11.233483070868074,0.8979166666666667,wallpath_extra
task3,Ant2-Ant5 additional antennas across frequencies,24,multi_wall_residual_idw,non_anchor_rmse,960,5.043654131397102,5.748497752909049,0.7048436215119477,0.8070160330978331,12.261353344971882,0.9072916666666667,wallpath_extra
task3,Ant2-Ant5 additional antennas across frequencies,24,multi_wall_residual_idw,p90_ae,960,8.369117263042265,9.105596258242924,0.7364789952006604,1.007246414820353,8.088201742241266,0.8833333333333333,wallpath_extra
task3,Ant2-Ant5 additional antennas across frequencies,24,multi_wall_residual_idw,rmse,960,5.022730572905892,5.719659464871842,0.6969288919659509,0.8020953031377882,12.18479694894854,0.9072916666666667,wallpath_extra
task3,Ant2-Ant5 additional antennas across frequencies,24,multi_wall_residual_idw,wall_region_rmse,960,6.601243788681851,7.628909022688832,1.027665234006982,0.7715297382000752,13.470670982582748,0.91875,wallpath_extra
task3,Ant2-Ant5 additional antennas across frequencies,25,direct_extra_all_features,free_space_rmse,960,6.02802827670757,8.560614095236508,2.532585818528938,1.946542557295928,29.58416055617058,0.984375,wallpath_extra
task3,Ant2-Ant5 additional antennas across frequencies,25,direct_extra_all_features,high_wall_rmse,960,6.3158203727869955,8.54311104156383,2.2272906687768352,1.401318332696978,26.071189499242713,0.95,wallpath_extra
task3,Ant2-Ant5 additional antennas across frequencies,25,direct_extra_all_features,los_rmse,820,5.16691593654656,10.296810376824691,5.129894440278131,5.277526391038155,49.82022832841638,0.9426829268292682,wallpath_extra
task3,Ant2-Ant5 additional antennas across frequencies,25,direct_extra_all_features,mae,960,4.398037986954053,6.750224621428384,2.3521866344743305,1.7294432719548547,34.846049818955436,0.99375,wallpath_extra
task3,Ant2-Ant5 additional antennas across frequencies,25,direct_extra_all_features,nlos_rmse,960,6.196009813051214,8.433600298352067,2.237590485300854,1.4823959672684524,26.531853611061933,0.9604166666666667,wallpath_extra
task3,Ant2-Ant5 additional antennas across frequencies,25,direct_extra_all_features,non_anchor_rmse,960,6.163039549181685,8.599647937431882,2.4366083882501974,1.8242671103958457,28.33381559312814,0.9760416666666667,wallpath_extra
task3,Ant2-Ant5 additional antennas across frequencies,25,direct_extra_all_features,p90_ae,960,10.254939192202356,14.31854566997952,4.063606477777163,3.103959719340007,28.38002246483023,0.9833333333333333,wallpath_extra
task3,Ant2-Ant5 additional antennas across frequencies,25,direct_extra_all_features,rmse,960,6.140022043940279,8.585578439177004,2.445556395236724,1.835578440969699,28.48446860699989,0.9770833333333333,wallpath_extra
task3,Ant2-Ant5 additional antennas across frequencies,25,direct_extra_all_features,wall_region_rmse,960,7.240122303037433,8.82065171052664,1.580529407489208,0.8920716205981036,17.91851055181093,0.8041666666666667,wallpath_extra
task3,Ant2-Ant5 additional antennas across frequencies,25,direct_rf_all_features,free_space_rmse,960,6.02802827670757,6.464588537802996,0.43656026109542634,0.35640262626974595,6.753102050386523,0.9177083333333333,wallpath_extra
task3,Ant2-Ant5 additional antennas across frequencies,25,direct_rf_all_features,high_wall_rmse,960,6.3158203727869955,6.659543404890774,0.34372303210377964,0.2566202721805686,5.161360339679558,0.865625,wallpath_extra
task3,Ant2-Ant5 additional antennas across frequencies,25,direct_rf_all_features,los_rmse,820,5.16691593654656,6.184469828586244,1.017553892039685,1.146610265352938,16.453373049639325,0.8402439024390244,wallpath_extra
task3,Ant2-Ant5 additional antennas across frequencies,25,direct_rf_all_features,mae,960,4.398037986954053,4.818980332546763,0.4209423455927107,0.3790456453959148,8.73509158669357,0.9583333333333334,wallpath_extra
task3,Ant2-Ant5 additional antennas across frequencies,25,direct_rf_all_features,nlos_rmse,960,6.196009813051214,6.56692716800415,0.3709173549529359,0.2877511964431112,5.648263570824203,0.8885416666666667,wallpath_extra
task3,Ant2-Ant5 additional antennas across frequencies,25,direct_rf_all_features,non_anchor_rmse,960,6.163039549181685,6.563675495255446,0.4006359460737607,0.3257826278415248,6.103835364246156,0.909375,wallpath_extra
task3,Ant2-Ant5 additional antennas across frequencies,25,direct_rf_all_features,p90_ae,960,10.254939192202356,11.04209900200367,0.7871598098013136,0.5413812001546221,7.128715379734224,0.9010416666666666,wallpath_extra
task3,Ant2-Ant5 additional antennas across frequencies,25,direct_rf_all_features,rmse,960,6.140022043940279,6.542434436142835,0.4024123922025549,0.3272878408791262,6.150805118955116,0.9104166666666667,wallpath_extra
task3,Ant2-Ant5 additional antennas across frequencies,25,direct_rf_all_features,wall_region_rmse,960,7.240122303037433,7.333489992728562,0.09336768969112959,0.05766581486993072,1.2731685702674513,0.5958333333333333,wallpath_extra
task3,Ant2-Ant5 additional antennas across frequencies,25,multi_wall_residual_idw,free_space_rmse,960,6.02802827670757,6.587980302998628,0.5599520262910588,0.7356779346400844,8.499600796259012,0.840625,wallpath_extra
task3,Ant2-Ant5 additional antennas across frequencies,25,multi_wall_residual_idw,high_wall_rmse,960,6.3158203727869955,6.862720139369086,0.5468997665820916,0.7208148263316114,7.969139866927012,0.8229166666666666,wallpath_extra
task3,Ant2-Ant5 additional antennas across frequencies,25,multi_wall_residual_idw,los_rmse,820,5.16691593654656,6.5764110534764395,1.4094951169298793,1.2936602222150162,21.43258846608727,0.974390243902439,wallpath_extra
task3,Ant2-Ant5 additional antennas across frequencies,25,multi_wall_residual_idw,mae,960,4.398037986954053,4.7478849608865055,0.3498469739324516,0.5253871281941731,7.368480424747493,0.8197916666666667,wallpath_extra
task3,Ant2-Ant5 additional antennas across frequencies,25,multi_wall_residual_idw,nlos_rmse,960,6.196009813051214,6.756349321498198,0.5603395084469853,0.731855618531704,8.293524828031398,0.8333333333333334,wallpath_extra
task3,Ant2-Ant5 additional antennas across frequencies,25,multi_wall_residual_idw,non_anchor_rmse,960,6.163039549181685,6.75492210562789,0.5918825564462048,0.759275707771657,8.762241032403251,0.8427083333333333,wallpath_extra
task3,Ant2-Ant5 additional antennas across frequencies,25,multi_wall_residual_idw,p90_ae,960,10.254939192202356,10.693382389346759,0.4384431971444024,0.9405755996704097,4.100135777256042,0.7989583333333333,wallpath_extra
task3,Ant2-Ant5 additional antennas across frequencies,25,multi_wall_residual_idw,rmse,960,6.140022043940279,6.720977558606695,0.5809555146664156,0.7485819317019464,8.643913918778978,0.840625,wallpath_extra
task3,Ant2-Ant5 additional antennas across frequencies,25,multi_wall_residual_idw,wall_region_rmse,960,7.240122303037433,7.990664730474243,0.7505424274368105,0.6768065464617936,9.392740813845474,0.8395833333333333,wallpath_extra
