row_uid,scenario,config,source_file,coord,distance_m,target_pl_db,method,pred_pl_db,error_db,abs_error_db,split,random_seed,fold
PL_Comms_C2.csv::G-5,Comms,C2,PL_Comms_C2.csv,G-5,24.11381813,90.0,log_distance,101.54780316252021,11.54780316252021,11.54780316252021,random,22,random
PL_Comms_C1.csv::F-21,Comms,C1,PL_Comms_C1.csv,F-21,8.062257748,74.0,log_distance,82.77782403734705,8.777824037347045,8.777824037347045,random,22,random
PL_SSE_C1.csv::D-7,SSE,C1,PL_SSE_C1.csv,D-7,10.44030651,101.0,log_distance,87.20618110525794,-13.79381889474206,13.79381889474206,random,22,random
PL_Comms_C2.csv::K-3,Comms,C2,PL_Comms_C2.csv,K-3,26.71097574,106.0,log_distance,103.30025580450835,-2.699744195491647,2.699744195491647,random,22,random
PL_Comms_C2.csv::E-31,Comms,C2,PL_Comms_C2.csv,E-31,2.340133543,88.0,log_distance,61.58543932913601,-26.41456067086399,26.41456067086399,random,22,random
PL_Comms_C1.csv::H-55,Comms,C1,PL_Comms_C1.csv,H-55,26.17250466,98.0,log_distance,102.95135454990782,4.951354549907819,4.951354549907819,random,22,random
PL_Comms_C2.csv::C-56,Comms,C2,PL_Comms_C2.csv,C-56,27.10122184,118.0,log_distance,103.5487467821491,-14.451253217850905,14.451253217850905,random,22,random
PL_Library_C1.csv::G-12,Library,C1,PL_Library_C1.csv,G-12,10.9244,74.0,log_distance,87.98269962708659,13.982699627086589,13.982699627086589,random,22,random
PL_Comms_C2.csv::D-44,Comms,C2,PL_Comms_C2.csv,D-44,15.08231497,101.0,log_distance,93.50827195975694,-7.491728040243061,7.491728040243061,random,22,random
PL_SSE_C1.csv::K-5,SSE,C1,PL_SSE_C1.csv,K-5,5.830951895,80.0,log_distance,77.22673610713201,-2.7732638928679876,2.7732638928679876,random,22,random
PL_Comms_C1.csv::H-27,Comms,C1,PL_Comms_C1.csv,H-27,3.605551275,70.0,log_distance,68.99115328958254,-1.0088467104174583,1.0088467104174583,random,22,random
PL_Library_C1.csv::J-8,Library,C1,PL_Library_C1.csv,J-8,12.1195,78.0,log_distance,89.76131996556377,11.761319965563771,11.761319965563771,random,22,random
PL_Library_C2.csv::W-19,Library,C2,PL_Library_C2.csv,W-19,12.91195086,86.0,log_distance,90.8464371432609,4.8464371432609,4.8464371432609,random,22,random
PL_Library_C1.csv::P-17,Library,C1,PL_Library_C1.csv,P-17,3.0299,67.0,log_distance,66.01107770921237,-0.9889222907876274,0.9889222907876274,random,22,random
PL_Comms_C1.csv::O-36,Comms,C1,PL_Comms_C1.csv,O-36,12.20655562,91.0,log_distance,89.88394302264564,-1.1160569773543614,1.1160569773543614,random,22,random
PL_Comms_C2.csv::H-50,Comms,C2,PL_Comms_C2.csv,H-50,21.2479699,99.0,log_distance,99.38016390731602,0.38016390731601746,0.38016390731601746,random,22,random
PL_Comms_C2.csv::A-18,Comms,C2,PL_Comms_C2.csv,A-18,11.76759215,96.0,log_distance,89.25649333162215,-6.743506668377847,6.743506668377847,random,22,random
PL_Comms_C2.csv::K-50,Comms,C2,PL_Comms_C2.csv,K-50,21.87409941,107.0,log_distance,99.8777179630629,-7.122282036937094,7.122282036937094,random,22,random
PL_Library_C1.csv::P-23,Library,C1,PL_Library_C1.csv,P-23,9.8645,65.0,log_distance,86.23424136177839,21.234241361778388,21.234241361778388,random,22,random
PL_Library_C1.csv::T-12,Library,C1,PL_Library_C1.csv,T-12,9.771,75.0,log_distance,86.07107970881154,11.071079708811538,11.071079708811538,random,22,random
PL_Library_C1.csv::V-14,Library,C1,PL_Library_C1.csv,V-14,11.1736,80.0,log_distance,88.36911878294818,8.369118782948178,8.369118782948178,random,22,random
PL_Library_C1.csv::O-9,Library,C1,PL_Library_C1.csv,O-9,9.5813,64.0,log_distance,85.7351922246216,21.7351922246216,21.7351922246216,random,22,random
PL_Comms_C1.csv::L-21,Comms,C1,PL_Comms_C1.csv,L-21,10.63014581,95.0,log_distance,87.51490424654736,-7.48509575345264,7.48509575345264,random,22,random
PL_Comms_C1.csv::M-23,Comms,C1,PL_Comms_C1.csv,M-23,10.0,98.0,log_distance,86.46797087829657,-11.532029121703431,11.532029121703431,random,22,random
PL_Comms_C1.csv::H-3,Comms,C1,PL_Comms_C1.csv,H-3,26.17250466,99.0,log_distance,102.95135454990782,3.951354549907819,3.951354549907819,random,22,random
PL_Comms_C1.csv::J-25,Comms,C1,PL_Comms_C1.csv,J-25,6.403124237,80.0,log_distance,78.83041641571724,-1.169583584282762,1.169583584282762,random,22,random
PL_Comms_C1.csv::P-17,Comms,C1,PL_Comms_C1.csv,P-17,16.2788206,82.0,log_distance,94.81618535863635,12.816185358636346,12.816185358636346,random,22,random
PL_Library_C1.csv::F-3,Library,C1,PL_Library_C1.csv,F-3,20.6832,84.0,log_distance,98.91862746831086,14.91862746831086,14.91862746831086,random,22,random
PL_Comms_C1.csv::K-44,Comms,C1,PL_Comms_C1.csv,K-44,16.15549442,97.0,log_distance,94.68589934092984,-2.3141006590701636,2.3141006590701636,random,22,random
PL_Comms_C1.csv::D-40,Comms,C1,PL_Comms_C1.csv,D-40,11.04536102,87.0,log_distance,88.17135521077635,1.1713552107763547,1.1713552107763547,random,22,random
PL_Comms_C2.csv::C-20,Comms,C2,PL_Comms_C2.csv,C-20,9.299259379,89.0,log_distance,85.22330501275256,-3.7766949872474385,3.7766949872474385,random,22,random
PL_Comms_C1.csv::G-35,Comms,C1,PL_Comms_C1.csv,G-35,6.32455532,78.0,log_distance,78.61889603545221,0.6188960354522095,0.6188960354522095,random,22,random
PL_Comms_C2.csv::P-57,Comms,C2,PL_Comms_C2.csv,P-57,30.10774361,119.0,log_distance,105.35112414783504,-13.648875852164963,13.648875852164963,random,22,random
PL_Comms_C2.csv::A-3,Comms,C2,PL_Comms_C2.csv,A-3,26.33393675,122.0,log_distance,103.05670194960275,-18.943298050397246,18.943298050397246,random,22,random
PL_Comms_C2.csv::B-43,Comms,C2,PL_Comms_C2.csv,B-43,14.3692806,92.0,log_distance,92.67855173100435,0.6785517310043474,0.6785517310043474,random,22,random
PL_Library_C1.csv::I-12,Library,C1,PL_Library_C1.csv,I-12,8.6762,84.0,log_distance,84.03516226026288,0.035162260262879386,0.035162260262879386,random,22,random
PL_Comms_C1.csv::A-15,Comms,C1,PL_Comms_C1.csv,A-15,14.56021978,90.0,log_distance,92.90470641855464,2.904706418554639,2.904706418554639,random,22,random
PL_Comms_C2.csv::A-52,Comms,C2,PL_Comms_C2.csv,A-52,23.37683094,122.0,log_distance,101.01602332322244,-20.98397667677756,20.98397667677756,random,22,random
PL_Comms_C1.csv::A-4,Comms,C1,PL_Comms_C1.csv,A-4,25.3179778,118.0,log_distance,102.38265380000107,-15.617346199998934,15.617346199998934,random,22,random
PL_Library_C1.csv::J-9,Library,C1,PL_Library_C1.csv,J-9,10.9244,86.0,log_distance,87.98269962708659,1.982699627086589,1.982699627086589,random,22,random
PL_Library_C1.csv::V-11,Library,C1,PL_Library_C1.csv,V-11,12.783,74.0,log_distance,90.67447800298093,16.674478002980933,16.674478002980933,random,22,random
PL_Comms_C1.csv::F-38,Comms,C1,PL_Comms_C1.csv,F-38,9.055385138,81.0,log_distance,84.76801232087743,3.768012320877432,3.768012320877432,random,22,random
PL_Library_C1.csv::Q-11,Library,C1,PL_Library_C1.csv,Q-11,7.9009,72.0,log_distance,82.43146144755943,10.431461447559428,10.431461447559428,random,22,random
PL_Comms_C1.csv::J-10,Comms,C1,PL_Comms_C1.csv,J-10,19.6468827,102.0,log_distance,98.03797528558786,-3.962024714412138,3.962024714412138,random,22,random
PL_Library_C2.csv::E-3,Library,C2,PL_Library_C2.csv,E-3,21.4588554,83.0,log_distance,99.5493630385835,16.549363038583493,16.549363038583493,random,22,random
PL_Library_C1.csv::W-20,Library,C1,PL_Library_C1.csv,W-20,13.3452,72.0,log_distance,91.4118617382419,19.411861738241896,19.411861738241896,random,22,random
PL_Comms_C1.csv::C-20,Comms,C1,PL_Comms_C1.csv,C-20,9.219544457,88.0,log_distance,85.07581094806537,-2.9241890519346327,2.9241890519346327,random,22,random
PL_SSE_C2.csv::I-5,SSE,C2,PL_SSE_C2.csv,I-5,7.174693373,85.0,log_distance,80.77962434074055,-4.220375659259446,4.220375659259446,random,22,random
PL_Comms_C1.csv::I-55,Comms,C1,PL_Comms_C1.csv,I-55,26.30589288,107.0,log_distance,103.03844750268453,-3.9615524973154663,3.9615524973154663,random,22,random
PL_Comms_C1.csv::N-17,Comms,C1,PL_Comms_C1.csv,N-17,15.0,97.0,log_distance,93.41451277515424,-3.585487224845764,3.585487224845764,random,22,random
PL_SSE_C2.csv::K-7,SSE,C2,PL_SSE_C2.csv,K-7,4.413187623,80.0,log_distance,72.45397376464027,-7.546026235359733,7.546026235359733,random,22,random
PL_Comms_C1.csv::F-51,Comms,C1,PL_Comms_C1.csv,F-51,22.02271555,94.0,log_distance,99.99372378730061,5.99372378730061,5.99372378730061,random,22,random
PL_Comms_C1.csv::L-31,Comms,C1,PL_Comms_C1.csv,L-31,7.280109889,85.0,log_distance,81.02951460767723,-3.9704853923227716,3.9704853923227716,random,22,random
PL_Comms_C1.csv::H-20,Comms,C1,PL_Comms_C1.csv,H-20,9.486832981,83.0,log_distance,85.56543793411575,2.5654379341157494,2.5654379341157494,random,22,random
PL_Library_C1.csv::L-23,Library,C1,PL_Library_C1.csv,L-23,9.8645,83.0,log_distance,86.23424136177839,3.2342413617783876,3.2342413617783876,random,22,random
PL_Comms_C2.csv::B-17,Comms,C2,PL_Comms_C2.csv,B-17,12.42884649,99.0,log_distance,90.19312838483114,-8.806871615168859,8.806871615168859,random,22,random
PL_Comms_C2.csv::C-16,Comms,C2,PL_Comms_C2.csv,C-16,13.20894489,99.0,log_distance,91.23604125985045,-7.763958740149548,7.763958740149548,random,22,random
PL_Comms_C2.csv::F-28,Comms,C2,PL_Comms_C2.csv,F-28,1.86446373,77.0,log_distance,57.69239366203439,-19.30760633796561,19.30760633796561,random,22,random
PL_Comms_C2.csv::B-14,Comms,C2,PL_Comms_C2.csv,B-14,15.3452346,100.0,log_distance,93.80435396311243,-6.195646036887567,6.195646036887567,random,22,random
PL_Comms_C2.csv::G-16,Comms,C2,PL_Comms_C2.csv,G-16,13.20894489,92.0,log_distance,91.23604125985045,-0.7639587401495476,0.7639587401495476,random,22,random
PL_Comms_C2.csv::G-4,Comms,C2,PL_Comms_C2.csv,G-4,25.10928563,92.0,log_distance,102.2408498261856,10.240849826185595,10.240849826185595,random,22,random
PL_Comms_C1.csv::K-29,Comms,C1,PL_Comms_C1.csv,K-29,6.0,75.0,log_distance,77.71636309128995,2.7163630912899492,2.7163630912899492,random,22,random
PL_Comms_C1.csv::B-42,Comms,C1,PL_Comms_C1.csv,B-42,13.34166406,98.0,log_distance,91.40732177314636,-6.592678226853636,6.592678226853636,random,22,random
PL_Comms_C1.csv::M-29,Comms,C1,PL_Comms_C1.csv,M-29,8.0,78.0,log_distance,82.6450130029564,4.645013002956404,4.645013002956404,random,22,random
PL_Comms_C1.csv::D-50,Comms,C1,PL_Comms_C1.csv,D-50,21.02379604,110.0,log_distance,99.19845181975347,-10.801548180246527,10.801548180246527,random,22,random
PL_Comms_C2.csv::D-22,Comms,C2,PL_Comms_C2.csv,D-22,7.174693373,92.0,log_distance,80.77962434074055,-11.220375659259446,11.220375659259446,random,22,random
PL_Comms_C1.csv::O-54,Comms,C1,PL_Comms_C1.csv,O-54,26.92582404,111.0,log_distance,103.43750713217831,-7.562492867821689,7.562492867821689,random,22,random
PL_Comms_C2.csv::K-40,Comms,C2,PL_Comms_C2.csv,K-40,12.58873405,98.0,log_distance,90.41211645130174,-7.587883548698258,7.587883548698258,random,22,random
PL_Comms_C2.csv::G-7,Comms,C2,PL_Comms_C2.csv,G-7,22.12410959,92.0,log_distance,100.07242091517766,8.07242091517766,8.07242091517766,random,22,random
PL_Comms_C2.csv::H-3,Comms,C2,PL_Comms_C2.csv,H-3,26.20069131,104.0,log_distance,102.96979534303082,-1.0302046569691754,1.0302046569691754,random,22,random
PL_Comms_C1.csv::I-24,Comms,C1,PL_Comms_C1.csv,I-24,6.403124237,80.0,log_distance,78.83041641571724,-1.169583584282762,1.169583584282762,random,22,random
PL_Library_C2.csv::N-21,Library,C2,PL_Library_C2.csv,N-21,6.883084338,71.0,log_distance,80.06875174042946,9.068751740429462,9.068751740429462,random,22,random
PL_Comms_C2.csv::O-24,Comms,C2,PL_Comms_C2.csv,O-24,11.2461649,95.0,log_distance,88.48002151148586,-6.519978488514141,6.519978488514141,random,22,random
PL_Library_C1.csv::E-7,Library,C1,PL_Library_C1.csv,E-7,17.2463,79.0,log_distance,95.80527840749295,16.80527840749295,16.80527840749295,random,22,random
PL_Comms_C2.csv::G-52,Comms,C2,PL_Comms_C2.csv,G-52,23.11874186,91.0,log_distance,100.82582457454052,9.825824574540519,9.825824574540519,random,22,random
PL_Comms_C1.csv::L-48,Comms,C1,PL_Comms_C1.csv,L-48,20.24845673,112.0,log_distance,98.55468306621765,-13.445316933782351,13.445316933782351,random,22,random
PL_Comms_C1.csv::H-56,Comms,C1,PL_Comms_C1.csv,H-56,27.16615541,91.0,log_distance,103.5897460237366,12.589746023736595,12.589746023736595,random,22,random
PL_Comms_C1.csv::H-26,Comms,C1,PL_Comms_C1.csv,H-26,4.242640687,68.0,log_distance,71.7787671865462,3.7787671865462045,3.7787671865462045,random,22,random
PL_SSE_C2.csv::N-8,SSE,C2,PL_SSE_C2.csv,N-8,2.340133543,66.0,log_distance,61.58543932913601,-4.414560670863992,4.414560670863992,random,22,random
PL_Comms_C1.csv::E-39,Comms,C1,PL_Comms_C1.csv,E-39,10.0,96.0,log_distance,86.46797087829657,-9.532029121703431,9.532029121703431,random,22,random
PL_Comms_C2.csv::P-37,Comms,C2,PL_Comms_C2.csv,P-37,13.65562979,92.0,log_distance,91.80582033704263,-0.19417966295736733,0.19417966295736733,random,22,random
PL_Comms_C2.csv::C-48,Comms,C2,PL_Comms_C2.csv,C-48,19.14356876,109.0,log_distance,97.5933607402338,-11.406639259766195,11.406639259766195,random,22,random
PL_Comms_C2.csv::E-43,Comms,C2,PL_Comms_C2.csv,E-43,14.05262342,105.0,log_distance,92.29678391852225,-12.703216081477748,12.703216081477748,random,22,random
PL_Library_C1.csv::R-12,Library,C1,PL_Library_C1.csv,R-12,7.665,75.0,log_distance,81.91214494426835,6.9121449442683485,6.9121449442683485,random,22,random
PL_Comms_C2.csv::O-56,Comms,C2,PL_Comms_C2.csv,O-56,28.8179844,122.0,log_distance,104.60102578611674,-17.398974213883264,17.398974213883264,random,22,random
PL_Comms_C2.csv::H-45,Comms,C2,PL_Comms_C2.csv,H-45,16.32409952,86.0,log_distance,94.8637719948296,8.863771994829605,8.863771994829605,random,22,random
PL_Comms_C1.csv::J-46,Comms,C1,PL_Comms_C1.csv,J-46,17.72004515,105.0,log_distance,96.26954376663022,-8.730456233369779,8.730456233369779,random,22,random
PL_Comms_C2.csv::E-6,Comms,C2,PL_Comms_C2.csv,E-6,23.03206949,109.0,log_distance,100.76147480290459,-8.238525197095413,8.238525197095413,random,22,random
PL_Library_C1.csv::V-20,Library,C1,PL_Library_C1.csv,V-20,12.1195,73.0,log_distance,89.76131996556377,16.76131996556377,16.76131996556377,random,22,random
PL_Library_C2.csv::N-27,Library,C2,PL_Library_C2.csv,N-27,14.95443914,81.0,log_distance,93.36239615738278,12.362396157382776,12.362396157382776,random,22,random
PL_SSE_C2.csv::L-8,SSE,C2,PL_SSE_C2.csv,L-8,3.078347771,73.0,log_distance,66.28285391453905,-6.7171460854609535,6.7171460854609535,random,22,random
PL_Comms_C2.csv::A-25,Comms,C2,PL_Comms_C2.csv,A-25,5.78586424,82.0,log_distance,77.09374644545922,-4.906253554540783,4.906253554540783,random,22,random
PL_SSE_C1.csv::N-5,SSE,C1,PL_SSE_C1.csv,N-5,5.0,72.0,log_distance,74.59277906977248,2.592779069772476,2.592779069772476,random,22,random
PL_Comms_C1.csv::I-29,Comms,C1,PL_Comms_C1.csv,I-29,4.0,68.0,log_distance,70.7698211944323,2.7698211944322964,2.7698211944322964,random,22,random
PL_Comms_C1.csv::H-30,Comms,C1,PL_Comms_C1.csv,H-30,3.16227766,85.0,log_distance,66.7437042269281,-18.256295773071898,18.256295773071898,random,22,random
PL_Comms_C2.csv::J-39,Comms,C2,PL_Comms_C2.csv,J-39,11.2461649,95.0,log_distance,88.48002151148586,-6.519978488514141,6.519978488514141,random,22,random
PL_Library_C1.csv::P-9,Library,C1,PL_Library_C1.csv,P-9,9.8645,73.0,log_distance,86.23424136177839,13.234241361778388,13.234241361778388,random,22,random
PL_Library_C2.csv::P-8,Library,C2,PL_Library_C2.csv,P-8,11.23948064,76.0,log_distance,88.46983575815271,12.469835758152712,12.469835758152712,random,22,random
PL_Library_C1.csv::E-2,Library,C1,PL_Library_C1.csv,E-2,22.5517,75.0,log_distance,100.40037568684451,25.400375686844512,25.400375686844512,random,22,random
PL_SSE_C2.csv::C-4,SSE,C2,PL_SSE_C2.csv,C-4,12.58873405,96.0,log_distance,90.41211645130174,-5.587883548698258,5.587883548698258,random,22,random
PL_Library_C2.csv::F-15,Library,C2,PL_Library_C2.csv,F-15,10.99171734,78.0,log_distance,88.08794666050923,10.087946660509232,10.087946660509232,random,22,random
PL_Comms_C2.csv::L-25,Comms,C2,PL_Comms_C2.csv,L-25,8.153295346,93.0,log_distance,82.9701946617324,-10.029805338267593,10.029805338267593,random,22,random
PL_Comms_C2.csv::J-10,Comms,C2,PL_Comms_C2.csv,J-10,19.68441579,111.0,log_distance,98.07067329656009,-12.929326703439912,12.929326703439912,random,22,random
PL_Library_C2.csv::P-14,Library,C2,PL_Library_C2.csv,P-14,4.020500591,68.0,log_distance,70.85740242028503,2.857402420285027,2.857402420285027,random,22,random
PL_Comms_C2.csv::E-25,Comms,C2,PL_Comms_C2.csv,E-25,4.180457511,78.0,log_distance,71.52580588117881,-6.474194118821188,6.474194118821188,random,22,random
PL_Comms_C1.csv::H-9,Comms,C1,PL_Comms_C1.csv,H-9,20.22374842,93.0,log_distance,98.53376452498837,5.533764524988371,5.533764524988371,random,22,random
PL_Comms_C2.csv::K-19,Comms,C2,PL_Comms_C2.csv,K-19,11.72502559,88.0,log_distance,89.19440888919742,1.194408889197419,1.194408889197419,random,22,random
PL_Comms_C1.csv::N-24,Comms,C1,PL_Comms_C1.csv,N-24,10.29563014,90.0,log_distance,86.96711051095703,-3.0328894890429723,3.0328894890429723,random,22,random
PL_Comms_C1.csv::E-3,Comms,C1,PL_Comms_C1.csv,E-3,26.0,108.0,log_distance,102.83806081471454,-5.161939185285462,5.161939185285462,random,22,random
PL_Comms_C2.csv::C-27,Comms,C2,PL_Comms_C2.csv,C-27,3.078347771,66.0,log_distance,66.28285391453905,0.2828539145390465,0.2828539145390465,random,22,random
PL_Comms_C2.csv::C-32,Comms,C2,PL_Comms_C2.csv,C-32,3.804763462,74.0,log_distance,69.91251269028731,-4.087487309712685,4.087487309712685,random,22,random
PL_Comms_C1.csv::M-52,Comms,C1,PL_Comms_C1.csv,M-52,24.35159132,108.0,log_distance,101.71590778294635,-6.284092217053654,6.284092217053654,random,22,random
PL_Comms_C2.csv::E-22,Comms,C2,PL_Comms_C2.csv,E-22,7.104662202,82.0,log_distance,80.6115770830286,-1.3884229169713933,1.3884229169713933,random,22,random
PL_Library_C2.csv::X-20,Library,C2,PL_Library_C2.csv,X-20,14.64428643,81.0,log_distance,93.0033389639585,12.003338963958498,12.003338963958498,random,22,random
PL_Comms_C1.csv::A-45,Comms,C1,PL_Comms_C1.csv,A-45,16.4924225,105.0,log_distance,95.03952381689714,-9.960476183102855,9.960476183102855,random,22,random
PL_Comms_C1.csv::G-8,Comms,C1,PL_Comms_C1.csv,G-8,21.09502311,89.0,log_distance,99.25639662059731,10.256396620597314,10.256396620597314,random,22,random
PL_Comms_C1.csv::J-57,Comms,C1,PL_Comms_C1.csv,J-57,28.44292531,113.0,log_distance,104.37658962547891,-8.623410374521086,8.623410374521086,random,22,random
PL_Library_C2.csv::N-24,Library,C2,PL_Library_C2.csv,N-24,10.90787903,82.0,log_distance,87.95677086875313,5.956770868753125,5.956770868753125,random,22,random
PL_Comms_C1.csv::M-24,Comms,C1,PL_Comms_C1.csv,M-24,9.433981132,98.0,log_distance,85.46972587408023,-12.530274125919775,12.530274125919775,random,22,random
PL_Comms_C2.csv::A-50,Comms,C2,PL_Comms_C2.csv,A-50,21.41205793,115.0,log_distance,99.51196016418555,-15.488039835814448,15.488039835814448,random,22,random
PL_Comms_C1.csv::O-43,Comms,C1,PL_Comms_C1.csv,O-43,17.20465053,109.0,log_distance,95.7638542533048,-13.2361457466952,13.2361457466952,random,22,random
PL_SSE_C2.csv::E-8,SSE,C2,PL_SSE_C2.csv,E-8,9.299259379,82.0,log_distance,85.22330501275256,3.2233050127525615,3.2233050127525615,random,22,random
PL_Comms_C2.csv::I-21,Comms,C2,PL_Comms_C2.csv,I-21,9.026418171,95.0,log_distance,84.71312060293695,-10.286879397063046,10.286879397063046,random,22,random
PL_Comms_C2.csv::A-56,Comms,C2,PL_Comms_C2.csv,A-56,27.32171709,111.0,log_distance,103.68757085812464,-7.312429141875356,7.312429141875356,random,22,random
PL_Library_C1.csv::A-4,Library,C1,PL_Library_C1.csv,A-4,23.9724,83.0,log_distance,101.4470332485434,18.447033248543406,18.447033248543406,random,22,random
PL_Comms_C1.csv::J-22,Comms,C1,PL_Comms_C1.csv,J-22,8.602325267,78.0,log_distance,83.88866244876385,5.888662448763853,5.888662448763853,random,22,random
PL_Library_C1.csv::X-18,Library,C1,PL_Library_C1.csv,X-18,13.8183,69.0,log_distance,92.00869951947011,23.008699519470113,23.008699519470113,random,22,random
PL_SSE_C1.csv::M-2,SSE,C1,PL_SSE_C1.csv,M-2,8.062257748,73.0,log_distance,82.77782403734705,9.777824037347045,9.777824037347045,random,22,random
PL_Comms_C1.csv::K-36,Comms,C1,PL_Comms_C1.csv,K-36,9.219544457,86.0,log_distance,85.07581094806537,-0.9241890519346327,0.9241890519346327,random,22,random
PL_SSE_C1.csv::B-6,SSE,C1,PL_SSE_C1.csv,B-6,12.64911064,93.0,log_distance,90.49408784397632,-2.5059121560236832,2.5059121560236832,random,22,random
PL_SSE_C2.csv::I-1,SSE,C2,PL_SSE_C2.csv,I-1,10.36707408,86.0,log_distance,87.08558507970625,1.0855850797062487,1.0855850797062487,random,22,random
PL_Comms_C1.csv::N-51,Comms,C1,PL_Comms_C1.csv,N-51,23.76972865,120.0,log_distance,101.30157499858365,-18.698425001416354,18.698425001416354,random,22,random
PL_Library_C2.csv::V-20,Library,C2,PL_Library_C2.csv,V-20,12.18023912,80.0,log_distance,89.84696712358468,9.846967123584676,9.846967123584676,random,22,random
PL_Comms_C1.csv::I-52,Comms,C1,PL_Comms_C1.csv,I-52,23.34523506,113.0,log_distance,100.99285184976895,-12.007148150231046,12.007148150231046,random,22,random
PL_Library_C2.csv::N-14,Library,C2,PL_Library_C2.csv,N-14,2.969903197,64.0,log_distance,65.66842769965653,1.668427699656533,1.668427699656533,random,22,random
PL_Comms_C1.csv::G-57,Comms,C1,PL_Comms_C1.csv,G-57,28.0713377,96.0,log_distance,104.15129305409278,8.151293054092775,8.151293054092775,random,22,random
PL_Comms_C1.csv::H-49,Comms,C1,PL_Comms_C1.csv,H-49,20.22374842,97.0,log_distance,98.53376452498837,1.5337645249883707,1.5337645249883707,random,22,random
PL_Comms_C2.csv::C-38,Comms,C2,PL_Comms_C2.csv,C-38,9.299259379,85.0,log_distance,85.22330501275256,0.22330501275256154,0.22330501275256154,random,22,random
PL_Comms_C2.csv::E-51,Comms,C2,PL_Comms_C2.csv,E-51,22.03352502,106.0,log_distance,100.0021308084898,-5.997869191510205,5.997869191510205,random,22,random
PL_Comms_C2.csv::O-11,Comms,C2,PL_Comms_C2.csv,O-11,20.62707505,122.0,log_distance,98.87207493543778,-23.12792506456222,23.12792506456222,random,22,random
PL_Comms_C2.csv::G-34,Comms,C2,PL_Comms_C2.csv,G-34,5.520527602,86.0,log_distance,76.28948341877685,-9.710516581223146,9.710516581223146,random,22,random
PL_Comms_C2.csv::L-38,Comms,C2,PL_Comms_C2.csv,L-38,11.46630826,95.0,log_distance,88.81214526088732,-6.18785473911268,6.18785473911268,random,22,random
PL_Library_C1.csv::D-7,Library,C1,PL_Library_C1.csv,D-7,18.2297,80.0,log_distance,96.75534052335018,16.755340523350185,16.755340523350185,random,22,random
PL_Library_C1.csv::T-13,Library,C1,PL_Library_C1.csv,T-13,9.0896,73.0,log_distance,84.83262293340584,11.832622933405844,11.832622933405844,random,22,random
PL_Comms_C2.csv::N-55,Comms,C2,PL_Comms_C2.csv,N-55,27.54044707,120.0,log_distance,103.82418096992129,-16.175819030078713,16.175819030078713,random,22,random
PL_Library_C1.csv::F-1,Library,C1,PL_Library_C1.csv,F-1,23.035,84.0,log_distance,100.76365450825413,16.763654508254135,16.763654508254135,random,22,random
PL_Comms_C1.csv::E-27,Comms,C1,PL_Comms_C1.csv,E-27,2.0,57.0,log_distance,58.89462938590819,1.894629385908189,1.894629385908189,random,22,random
PL_Comms_C1.csv::G-50,Comms,C1,PL_Comms_C1.csv,G-50,21.09502311,90.0,log_distance,99.25639662059731,9.256396620597314,9.256396620597314,random,22,random
PL_Comms_C1.csv::F-30,Comms,C1,PL_Comms_C1.csv,F-30,1.414213562,68.0,log_distance,52.95703347712633,-15.04296652287367,15.04296652287367,random,22,random
PL_Comms_C1.csv::O-57,Comms,C1,PL_Comms_C1.csv,O-57,29.73213749,115.0,log_distance,105.13604772267077,-9.863952277329233,9.863952277329233,random,22,random
PL_Library_C1.csv::D-4,Library,C1,PL_Library_C1.csv,D-4,21.1658,85.0,log_distance,99.31378171463683,14.313781714636832,14.313781714636832,random,22,random
PL_Comms_C1.csv::G-23,Comms,C1,PL_Comms_C1.csv,G-23,6.32455532,68.0,log_distance,78.61889603545221,10.61889603545221,10.61889603545221,random,22,random
PL_SSE_C1.csv::H-1,SSE,C1,PL_SSE_C1.csv,H-1,10.81665383,89.0,log_distance,87.8128870028837,-1.1871129971163015,1.1871129971163015,random,22,random
PL_Comms_C1.csv::A-29,Comms,C1,PL_Comms_C1.csv,A-29,4.0,67.0,log_distance,70.7698211944323,3.7698211944322964,3.7698211944322964,random,22,random
PL_Comms_C2.csv::H-34,Comms,C2,PL_Comms_C2.csv,H-34,5.956192156,78.0,log_distance,77.5908161591204,-0.40918384087960646,0.40918384087960646,random,22,random
PL_SSE_C2.csv::F-3,SSE,C2,PL_SSE_C2.csv,F-3,10.69935629,84.0,log_distance,87.62608710503187,3.6260871050318713,3.6260871050318713,random,22,random
PL_SSE_C2.csv::M-9,SSE,C2,PL_SSE_C2.csv,M-9,1.86446373,68.0,log_distance,57.69239366203439,-10.307606337965609,10.307606337965609,random,22,random
PL_Comms_C1.csv::I-5,Comms,C1,PL_Comms_C1.csv,I-5,24.33105012,108.0,log_distance,101.70145016079496,-6.298549839205037,6.298549839205037,random,22,random
PL_Comms_C2.csv::C-39,Comms,C2,PL_Comms_C2.csv,C-39,10.27016188,85.0,log_distance,86.92467795183093,1.9246779518309296,1.9246779518309296,random,22,random
PL_Comms_C2.csv::C-22,Comms,C2,PL_Comms_C2.csv,C-22,7.380801108,86.0,log_distance,81.26484750282165,-4.735152497178348,4.735152497178348,random,22,random
PL_Library_C2.csv::T-20,Library,C2,PL_Library_C2.csv,T-20,9.846294988,75.0,log_distance,86.20259439290639,11.202594392906391,11.202594392906391,random,22,random
PL_Comms_C1.csv::L-39,Comms,C1,PL_Comms_C1.csv,L-39,12.20655562,103.0,log_distance,89.88394302264564,-13.116056977354361,13.116056977354361,random,22,random
PL_SSE_C1.csv::M-10,SSE,C1,PL_SSE_C1.csv,M-10,1.0,53.0,log_distance,47.01943757738408,-5.980562422615918,5.980562422615918,random,22,random
PL_Comms_C1.csv::M-32,Comms,C1,PL_Comms_C1.csv,M-32,8.544003745,86.0,log_distance,83.77211452565403,-2.2278854743459675,2.2278854743459675,random,22,random
PL_Library_C2.csv::G-15,Library,C2,PL_Library_C2.csv,G-15,9.658026455,79.0,log_distance,85.87184005454729,6.871840054547292,6.871840054547292,random,22,random
PL_Comms_C1.csv::J-54,Comms,C1,PL_Comms_C1.csv,J-54,25.49509757,103.0,log_distance,102.50209068980591,-0.497909310194089,0.497909310194089,random,22,random
PL_SSE_C1.csv::H-2,SSE,C1,PL_SSE_C1.csv,H-2,10.0,88.0,log_distance,86.46797087829657,-1.532029121703431,1.532029121703431,random,22,random
PL_Comms_C1.csv::P-51,Comms,C1,PL_Comms_C1.csv,P-51,24.59674775,112.0,log_distance,101.88752234162949,-10.112477658370508,10.112477658370508,random,22,random
PL_Comms_C2.csv::G-8,Comms,C2,PL_Comms_C2.csv,G-8,21.12998403,89.0,log_distance,99.2847665586759,10.284766558675898,10.284766558675898,random,22,random
PL_Comms_C2.csv::C-31,Comms,C2,PL_Comms_C2.csv,C-31,3.078347771,73.0,log_distance,66.28285391453905,-6.7171460854609535,6.7171460854609535,random,22,random
PL_Library_C2.csv::U-18,Library,C2,PL_Library_C2.csv,U-18,9.939092011,75.0,log_distance,86.36330252257443,11.363302522574429,11.363302522574429,random,22,random
PL_Comms_C2.csv::L-39,Comms,C2,PL_Comms_C2.csv,L-39,12.26687511,96.0,log_distance,89.96839481169917,-6.03160518830083,6.03160518830083,random,22,random
PL_Comms_C2.csv::F-50,Comms,C2,PL_Comms_C2.csv,F-50,21.05887521,84.0,log_distance,99.2270139949003,15.227013994900304,15.227013994900304,random,22,random
PL_Library_C2.csv::A-8,Library,C2,PL_Library_C2.csv,A-8,20.71883322,90.0,log_distance,98.94811773327709,8.948117733277087,8.948117733277087,random,22,random
PL_Comms_C1.csv::M-35,Comms,C1,PL_Comms_C1.csv,M-35,10.0,87.0,log_distance,86.46797087829657,-0.532029121703431,0.532029121703431,random,22,random
PL_Comms_C2.csv::C-45,Comms,C2,PL_Comms_C2.csv,C-45,16.1702265,108.0,log_distance,94.7015150261935,-13.298484973806495,13.298484973806495,random,22,random
PL_SSE_C1.csv::L-8,SSE,C1,PL_SSE_C1.csv,L-8,2.828427125,61.0,log_distance,64.83222529170762,3.8322252917076156,3.8322252917076156,random,22,random
PL_Comms_C2.csv::G-33,Comms,C2,PL_Comms_C2.csv,G-33,4.634244814,79.0,log_distance,73.29133125589124,-5.708668744108763,5.708668744108763,random,22,random
PL_Comms_C1.csv::A-18,Comms,C1,PL_Comms_C1.csv,A-18,11.70469991,90.0,log_distance,89.16468380043784,-0.8353161995621576,0.8353161995621576,random,22,random
PL_SSE_C2.csv::F-6,SSE,C2,PL_SSE_C2.csv,F-6,9.026418171,96.0,log_distance,84.71312060293695,-11.286879397063046,11.286879397063046,random,22,random
PL_SSE_C1.csv::D-5,SSE,C1,PL_SSE_C1.csv,D-5,11.18033989,98.0,log_distance,88.37944981979916,-9.620550180200837,9.620550180200837,random,22,random
PL_Comms_C1.csv::D-38,Comms,C1,PL_Comms_C1.csv,D-38,9.055385138,92.0,log_distance,84.76801232087743,-7.231987679122568,7.231987679122568,random,22,random
PL_Comms_C2.csv::B-35,Comms,C2,PL_Comms_C2.csv,B-35,6.817347358,78.0,log_distance,79.90434334258671,1.9043433425867136,1.9043433425867136,random,22,random
PL_SSE_C1.csv::F-6,SSE,C1,PL_SSE_C1.csv,F-6,8.94427191,83.0,log_distance,84.55649194062809,1.5564919406280922,1.5564919406280922,random,22,random
PL_Comms_C2.csv::L-13,Comms,C2,PL_Comms_C2.csv,L-13,17.50646238,116.0,log_distance,96.06179085633755,-19.938209143662448,19.938209143662448,random,22,random
PL_Comms_C2.csv::F-25,Comms,C2,PL_Comms_C2.csv,F-25,4.298397957,75.0,log_distance,72.00245491124802,-2.997545088751977,2.997545088751977,random,22,random
PL_Library_C2.csv::Q-17,Library,C2,PL_Library_C2.csv,Q-17,4.45381578,62.0,log_distance,72.61097333135994,10.610973331359943,10.610973331359943,random,22,random
PL_Comms_C2.csv::F-36,Comms,C2,PL_Comms_C2.csv,F-36,7.174693373,86.0,log_distance,80.77962434074055,-5.220375659259446,5.220375659259446,random,22,random
PL_Comms_C1.csv::G-38,Comms,C1,PL_Comms_C1.csv,G-38,9.219544457,94.0,log_distance,85.07581094806537,-8.924189051934633,8.924189051934633,random,22,random
PL_Comms_C2.csv::P-17,Comms,C2,PL_Comms_C2.csv,P-17,16.32409952,94.0,log_distance,94.8637719948296,0.8637719948296052,0.8637719948296052,random,22,random
PL_Library_C1.csv::J-3,Library,C1,PL_Library_C1.csv,J-3,18.43,81.0,log_distance,96.94255590692217,15.942555906922166,15.942555906922166,random,22,random
PL_Comms_C1.csv::A-51,Comms,C1,PL_Comms_C1.csv,A-51,22.36067977,112.0,log_distance,100.25464162066149,-11.745358379338512,11.745358379338512,random,22,random
PL_SSE_C2.csv::E-4,SSE,C2,PL_SSE_C2.csv,E-4,10.88467845,95.0,log_distance,87.92029245258274,-7.079707547417257,7.079707547417257,random,22,random
PL_Library_C1.csv::I-10,Library,C1,PL_Library_C1.csv,I-10,10.5829,76.0,log_distance,87.43858990611272,11.438589906112725,11.438589906112725,random,22,random
PL_Comms_C1.csv::M-57,Comms,C1,PL_Comms_C1.csv,M-57,29.12043956,104.0,log_distance,104.77989822707875,0.7798982270787462,0.7798982270787462,random,22,random
PL_Comms_C2.csv::D-39,Comms,C2,PL_Comms_C2.csv,D-39,10.12305413,88.0,log_distance,86.67750409490043,-1.3224959050995722,1.3224959050995722,random,22,random
PL_Comms_C2.csv::F-34,Comms,C2,PL_Comms_C2.csv,F-34,5.241776893,93.0,log_distance,75.40181040723841,-17.598189592761585,17.598189592761585,random,22,random
PL_Comms_C1.csv::B-13,Comms,C1,PL_Comms_C1.csv,B-13,16.2788206,94.0,log_distance,94.81618535863635,0.8161853586363463,0.8161853586363463,random,22,random
PL_Comms_C1.csv::C-11,Comms,C1,PL_Comms_C1.csv,C-11,18.11077028,104.0,log_distance,96.64320413318544,-7.356795866814565,7.356795866814565,random,22,random
PL_Comms_C1.csv::B-17,Comms,C1,PL_Comms_C1.csv,B-17,12.36931688,91.0,log_distance,90.11087391215601,-0.8891260878439908,0.8891260878439908,random,22,random
PL_Comms_C2.csv::N-42,Comms,C2,PL_Comms_C2.csv,N-42,15.85800192,102.0,log_distance,94.36747916159469,-7.632520838405313,7.632520838405313,random,22,random
PL_Library_C1.csv::O-7,Library,C1,PL_Library_C1.csv,O-7,12.27,81.0,log_distance,89.97275856963782,8.972758569637818,8.972758569637818,random,22,random
PL_Library_C2.csv::E-4,Library,C2,PL_Library_C2.csv,E-4,20.36128311,97.0,log_distance,98.64988082676254,1.6498808267625407,1.6498808267625407,random,22,random
PL_Library_C2.csv::P-18,Library,C2,PL_Library_C2.csv,P-18,4.020500591,65.0,log_distance,70.85740242028503,5.857402420285027,5.857402420285027,random,22,random
PL_Comms_C1.csv::G-21,Comms,C1,PL_Comms_C1.csv,G-21,8.246211251,77.0,log_distance,83.16433201045064,6.164332010450636,6.164332010450636,random,22,random
PL_Library_C2.csv::C-14,Library,C2,PL_Library_C2.csv,C-14,15.1980048,96.0,log_distance,93.63918472806739,-2.3608152719326085,2.3608152719326085,random,22,random
PL_Comms_C2.csv::J-28,Comms,C2,PL_Comms_C2.csv,J-28,5.241776893,76.0,log_distance,75.40181040723841,-0.5981895927615852,0.5981895927615852,random,22,random
PL_Library_C1.csv::J-11,Library,C1,PL_Library_C1.csv,J-11,8.6762,70.0,log_distance,84.03516226026288,14.03516226026288,14.03516226026288,random,22,random
PL_Comms_C2.csv::B-52,Comms,C2,PL_Comms_C2.csv,B-52,23.2266275,115.0,log_distance,100.90558789900837,-14.094412100991633,14.094412100991633,random,22,random
PL_Comms_C2.csv::E-24,Comms,C2,PL_Comms_C2.csv,E-24,5.14550532,71.0,log_distance,75.0842299715548,4.084229971554805,4.084229971554805,random,22,random
PL_Comms_C2.csv::C-41,Comms,C2,PL_Comms_C2.csv,C-41,12.22604699,98.0,log_distance,89.91127794811887,-8.088722051881135,8.088722051881135,random,22,random
PL_Comms_C1.csv::I-20,Comms,C1,PL_Comms_C1.csv,I-20,9.848857802,92.0,log_distance,86.20705303799556,-5.792946962004436,5.792946962004436,random,22,random
PL_Comms_C2.csv::B-48,Comms,C2,PL_Comms_C2.csv,B-48,19.2737185,114.0,log_distance,97.70944235454326,-16.290557645456744,16.290557645456744,random,22,random
PL_Comms_C2.csv::H-52,Comms,C2,PL_Comms_C2.csv,H-52,23.2266275,90.0,log_distance,100.90558789900837,10.905587899008367,10.905587899008367,random,22,random
PL_Library_C2.csv::A-12,Library,C2,PL_Library_C2.csv,A-12,18.46999865,94.0,log_distance,96.97969782443761,2.979697824437608,2.979697824437608,random,22,random
PL_SSE_C2.csv::D-9,SSE,C2,PL_SSE_C2.csv,D-9,10.12305413,92.0,log_distance,86.67750409490043,-5.322495905099572,5.322495905099572,random,22,random
PL_Library_C2.csv::S-14,Library,C2,PL_Library_C2.csv,S-14,7.397361016,78.0,log_distance,81.30324322517086,3.30324322517086,3.30324322517086,random,22,random
PL_Comms_C2.csv::F-17,Comms,C2,PL_Comms_C2.csv,F-17,12.10273626,83.0,log_distance,89.73760612379787,6.737606123797875,6.737606123797875,random,22,random
PL_Comms_C1.csv::E-24,Comms,C1,PL_Comms_C1.csv,E-24,5.0,67.0,log_distance,74.59277906977248,7.592779069772476,7.592779069772476,random,22,random
PL_Comms_C2.csv::A-16,Comms,C2,PL_Comms_C2.csv,A-16,13.65562979,103.0,log_distance,91.80582033704263,-11.194179662957367,11.194179662957367,random,22,random
PL_Comms_C2.csv::I-36,Comms,C2,PL_Comms_C2.csv,I-36,8.153295346,93.0,log_distance,82.9701946617324,-10.029805338267593,10.029805338267593,random,22,random
PL_Library_C2.csv::G-8,Library,C2,PL_Library_C2.csv,G-8,14.45500086,73.0,log_distance,92.7804510866493,19.780451086649293,19.780451086649293,random,22,random
PL_Comms_C1.csv::A-13,Comms,C1,PL_Comms_C1.csv,A-13,16.4924225,92.0,log_distance,95.03952381689714,3.0395238168971446,3.0395238168971446,random,22,random
PL_Comms_C2.csv::K-57,Comms,C2,PL_Comms_C2.csv,K-57,28.66140654,113.0,log_distance,104.50768650806492,-8.492313491935079,8.492313491935079,random,22,random
PL_Comms_C2.csv::D-43,Comms,C2,PL_Comms_C2.csv,D-43,14.08815904,98.0,log_distance,92.34005254675405,-5.659947453245948,5.659947453245948,random,22,random
PL_Comms_C1.csv::G-19,Comms,C1,PL_Comms_C1.csv,G-19,10.19803903,89.0,log_distance,86.80394100930155,-2.1960589906984467,2.1960589906984467,random,22,random
PL_Comms_C1.csv::E-47,Comms,C1,PL_Comms_C1.csv,E-47,18.0,114.0,log_distance,96.5380967966717,-17.461903203328305,17.461903203328305,random,22,random
PL_Comms_C2.csv::N-36,Comms,C2,PL_Comms_C2.csv,N-36,11.46630826,86.0,log_distance,88.81214526088732,2.81214526088732,2.81214526088732,random,22,random
PL_Library_C2.csv::J-6,Library,C2,PL_Library_C2.csv,J-6,14.64428643,96.0,log_distance,93.0033389639585,-2.996661036041502,2.996661036041502,random,22,random
PL_Library_C2.csv::K-3,Library,C2,PL_Library_C2.csv,K-3,18.11873823,78.0,log_distance,96.65073993264198,18.650739932641983,18.650739932641983,random,22,random
PL_Comms_C1.csv::E-5,Comms,C1,PL_Comms_C1.csv,E-5,24.0,109.0,log_distance,101.46674670833815,-7.53325329166185,7.53325329166185,random,22,random
PL_Comms_C2.csv::I-5,Comms,C2,PL_Comms_C2.csv,I-5,24.36136747,108.0,log_distance,101.72278429994611,-6.277215700053887,6.277215700053887,random,22,random
PL_Library_C2.csv::G-10,Library,C2,PL_Library_C2.csv,G-10,12.55142821,83.0,log_distance,90.36127075099105,7.3612707509910535,7.3612707509910535,random,22,random
PL_Comms_C1.csv::C-49,Comms,C1,PL_Comms_C1.csv,C-49,20.09975124,106.0,log_distance,98.42839861369501,-7.571601386304991,7.571601386304991,random,22,random
PL_Library_C2.csv::H-4,Library,C2,PL_Library_C2.csv,H-4,18.21978938,93.0,log_distance,96.74602398546865,3.7460239854686534,3.7460239854686534,random,22,random
PL_Comms_C1.csv::M-11,Comms,C1,PL_Comms_C1.csv,M-11,19.6977156,103.0,log_distance,98.08224484304066,-4.917755156959345,4.917755156959345,random,22,random
PL_Comms_C1.csv::M-30,Comms,C1,PL_Comms_C1.csv,M-30,8.062257748,96.0,log_distance,82.77782403734705,-13.222175962652955,13.222175962652955,random,22,random
PL_Library_C1.csv::P-16,Library,C1,PL_Library_C1.csv,P-16,2.71,58.0,log_distance,64.09944106671554,6.099441066715542,6.099441066715542,random,22,random
PL_Library_C1.csv::H-5,Library,C1,PL_Library_C1.csv,H-5,16.9781,83.0,log_distance,95.53675819109449,12.536758191094492,12.536758191094492,random,22,random
PL_Library_C2.csv::E-8,Library,C2,PL_Library_C2.csv,E-8,16.36153569,87.0,log_distance,94.90301658868964,7.903016588689638,7.903016588689638,random,22,random
PL_Comms_C1.csv::D-34,Comms,C1,PL_Comms_C1.csv,D-34,5.099019514,74.0,log_distance,74.92874919741752,0.9287491974175168,0.9287491974175168,random,22,random
PL_Library_C2.csv::P-13,Library,C2,PL_Library_C2.csv,P-13,5.034337096,64.0,log_distance,74.71003146921362,10.710031469213618,10.710031469213618,random,22,random
PL_SSE_C2.csv::I-2,SSE,C2,PL_SSE_C2.csv,I-2,9.511899127,93.0,log_distance,85.6106452128799,-7.389354787120098,7.389354787120098,random,22,random
PL_Library_C1.csv::R-20,Library,C1,PL_Library_C1.csv,R-20,7.665,76.0,log_distance,81.91214494426835,5.9121449442683485,5.9121449442683485,random,22,random
PL_Comms_C2.csv::L-31,Comms,C2,PL_Comms_C2.csv,L-31,7.380801108,91.0,log_distance,81.26484750282165,-9.735152497178348,9.735152497178348,random,22,random
PL_Comms_C2.csv::F-5,Comms,C2,PL_Comms_C2.csv,F-5,24.0515327,94.0,log_distance,101.50349363196455,7.503493631964545,7.503493631964545,random,22,random
PL_Comms_C2.csv::H-36,Comms,C2,PL_Comms_C2.csv,H-36,7.712083052,80.0,log_distance,82.01705984442643,2.017059844426427,2.017059844426427,random,22,random
PL_Comms_C2.csv::E-37,Comms,C2,PL_Comms_C2.csv,E-37,8.09173807,88.0,log_distance,82.84035540199096,-5.159644598009038,5.159644598009038,random,22,random
PL_Library_C2.csv::S-15,Library,C2,PL_Library_C2.csv,S-15,7.015188878,75.0,log_distance,80.39444978079044,5.394449780790438,5.394449780790438,random,22,random
PL_Comms_C2.csv::J-12,Comms,C2,PL_Comms_C2.csv,J-12,17.7616504,107.0,log_distance,96.30972184278525,-10.690278157214749,10.690278157214749,random,22,random
PL_Comms_C2.csv::G-21,Comms,C2,PL_Comms_C2.csv,G-21,8.335239949,86.0,log_distance,83.34830616932919,-2.6516938306708084,2.6516938306708084,random,22,random
PL_SSE_C1.csv::N-1,SSE,C1,PL_SSE_C1.csv,N-1,9.0,71.0,log_distance,84.6629049881476,13.662904988147602,13.662904988147602,random,22,random
PL_Comms_C2.csv::G-48,Comms,C2,PL_Comms_C2.csv,G-48,19.14356876,90.0,log_distance,97.5933607402338,7.5933607402338055,7.5933607402338055,random,22,random
PL_Comms_C1.csv::A-48,Comms,C1,PL_Comms_C1.csv,A-48,19.41648784,114.0,log_distance,97.8358813523682,-16.164118647631796,16.164118647631796,random,22,random
PL_Comms_C1.csv::E-49,Comms,C1,PL_Comms_C1.csv,E-49,20.0,105.0,log_distance,98.34316268682068,-6.656837313179324,6.656837313179324,random,22,random
PL_Library_C2.csv::G-5,Library,C2,PL_Library_C2.csv,G-5,17.70876831,75.0,log_distance,96.25863750295424,21.258637502954244,21.258637502954244,random,22,random
PL_Library_C2.csv::O-4,Library,C2,PL_Library_C2.csv,O-4,16.36153569,92.0,log_distance,94.90301658868964,2.9030165886896384,2.9030165886896384,random,22,random
PL_Comms_C2.csv::L-23,Comms,C2,PL_Comms_C2.csv,L-23,9.299259379,89.0,log_distance,85.22330501275256,-3.7766949872474385,3.7766949872474385,random,22,random
PL_Comms_C1.csv::M-53,Comms,C1,PL_Comms_C1.csv,M-53,25.29822128,105.0,log_distance,102.36927965250042,-2.630720347499576,2.630720347499576,random,22,random
PL_Library_C1.csv::Y-18,Library,C1,PL_Library_C1.csv,Y-18,15.1494,74.0,log_distance,93.58430611313662,19.58430611313662,19.58430611313662,random,22,random
PL_SSE_C2.csv::B-1,SSE,C2,PL_SSE_C2.csv,B-1,15.04912705,109.0,log_distance,93.47053164990916,-15.529468350090838,15.529468350090838,random,22,random
PL_Comms_C1.csv::P-42,Comms,C1,PL_Comms_C1.csv,P-42,17.02938637,110.0,log_distance,95.5884322915909,-14.411567708409095,14.411567708409095,random,22,random
PL_Library_C1.csv::I-7,Library,C1,PL_Library_C1.csv,I-7,13.9506,79.0,log_distance,92.17194817806364,13.171948178063644,13.171948178063644,random,22,random
PL_Comms_C1.csv::G-29,Comms,C1,PL_Comms_C1.csv,G-29,2.0,56.0,log_distance,58.89462938590819,2.894629385908189,2.894629385908189,random,22,random
PL_Comms_C1.csv::G-34,Comms,C1,PL_Comms_C1.csv,G-34,5.385164807,78.0,log_distance,75.86416563660853,-2.135834363391467,2.135834363391467,random,22,random
PL_Library_C2.csv::R-22,Library,C2,PL_Library_C2.csv,R-22,9.846294988,72.0,log_distance,86.20259439290639,14.202594392906391,14.202594392906391,random,22,random
PL_Library_C1.csv::H-9,Library,C1,PL_Library_C1.csv,H-9,12.4925,74.0,log_distance,90.28064630039316,16.28064630039316,16.28064630039316,random,22,random
PL_Library_C2.csv::O-19,Library,C2,PL_Library_C2.csv,O-19,4.45381578,67.0,log_distance,72.61097333135994,5.6109733313599435,5.6109733313599435,random,22,random
PL_Comms_C1.csv::B-34,Comms,C1,PL_Comms_C1.csv,B-34,5.830951895,82.0,log_distance,77.22673610713201,-4.773263892867988,4.773263892867988,random,22,random
PL_Comms_C2.csv::K-22,Comms,C2,PL_Comms_C2.csv,K-22,9.299259379,87.0,log_distance,85.22330501275256,-1.7766949872474385,1.7766949872474385,random,22,random
PL_SSE_C2.csv::K-4,SSE,C2,PL_SSE_C2.csv,K-4,6.817347358,88.0,log_distance,79.90434334258671,-8.095656657413286,8.095656657413286,random,22,random
PL_Comms_C2.csv::D-51,Comms,C2,PL_Comms_C2.csv,D-51,22.05620604,112.0,log_distance,100.01975748108615,-11.980242518913855,11.980242518913855,random,22,random
PL_Comms_C1.csv::F-20,Comms,C1,PL_Comms_C1.csv,F-20,9.055385138,85.0,log_distance,84.76801232087743,-0.23198767912256812,0.23198767912256812,random,22,random
PL_Comms_C2.csv::G-53,Comms,C2,PL_Comms_C2.csv,G-53,24.11381813,97.0,log_distance,101.54780316252021,4.547803162520211,4.547803162520211,random,22,random
PL_SSE_C1.csv::N-9,SSE,C1,PL_SSE_C1.csv,N-9,1.0,52.0,log_distance,47.01943757738408,-4.980562422615918,4.980562422615918,random,22,random
PL_Comms_C2.csv::M-42,Comms,C2,PL_Comms_C2.csv,M-42,15.31261653,110.0,log_distance,93.76789856200769,-16.232101437992313,16.232101437992313,random,22,random
PL_Comms_C1.csv::M-13,Comms,C1,PL_Comms_C1.csv,M-13,17.88854382,115.0,log_distance,96.4316837491522,-18.5683162508478,18.5683162508478,random,22,random
PL_Comms_C1.csv::C-31,Comms,C1,PL_Comms_C1.csv,C-31,2.828427125,68.0,log_distance,64.83222529170762,-3.1677747082923844,3.1677747082923844,random,22,random
PL_Comms_C1.csv::O-28,Comms,C1,PL_Comms_C1.csv,O-28,10.04987562,82.0,log_distance,86.5532068051709,4.553206805170902,4.553206805170902,random,22,random
PL_Comms_C2.csv::D-37,Comms,C2,PL_Comms_C2.csv,D-37,8.153295346,86.0,log_distance,82.9701946617324,-3.029805338267593,3.029805338267593,random,22,random
PL_Comms_C1.csv::B-21,Comms,C1,PL_Comms_C1.csv,B-21,8.544003745,84.0,log_distance,83.77211452565403,-0.2278854743459675,0.2278854743459675,random,22,random
PL_Comms_C2.csv::P-21,Comms,C2,PL_Comms_C2.csv,P-21,13.65562979,96.0,log_distance,91.80582033704263,-4.194179662957367,4.194179662957367,random,22,random
PL_Comms_C1.csv::M-54,Comms,C1,PL_Comms_C1.csv,M-54,26.2488095,118.0,log_distance,103.00123032482043,-14.998769675179574,14.998769675179574,random,22,random
PL_Comms_C1.csv::H-25,Comms,C1,PL_Comms_C1.csv,H-25,5.0,80.0,log_distance,74.59277906977248,-5.407220930227524,5.407220930227524,random,22,random
PL_Comms_C2.csv::P-42,Comms,C2,PL_Comms_C2.csv,P-42,17.07267481,104.0,log_distance,95.63192702838265,-8.368072971617352,8.368072971617352,random,22,random
PL_Library_C1.csv::U-12,Library,C1,PL_Library_C1.csv,U-12,10.9244,85.0,log_distance,87.98269962708659,2.982699627086589,2.982699627086589,random,22,random
PL_Comms_C1.csv::E-38,Comms,C1,PL_Comms_C1.csv,E-38,9.0,85.0,log_distance,84.6629049881476,-0.3370950118523979,0.3370950118523979,random,22,random
PL_Comms_C2.csv::A-21,Comms,C2,PL_Comms_C2.csv,A-21,9.026418171,92.0,log_distance,84.71312060293695,-7.286879397063046,7.286879397063046,random,22,random
PL_Library_C1.csv::K-10,Library,C1,PL_Library_C1.csv,K-10,9.0896,71.0,log_distance,84.83262293340584,13.832622933405844,13.832622933405844,random,22,random
PL_Comms_C2.csv::O-22,Comms,C2,PL_Comms_C2.csv,O-22,12.26687511,95.0,log_distance,89.96839481169917,-5.03160518830083,5.03160518830083,random,22,random
PL_Comms_C2.csv::F-49,Comms,C2,PL_Comms_C2.csv,F-49,20.06181011,93.0,log_distance,98.39602844446898,5.396028444468982,5.396028444468982,random,22,random
PL_SSE_C1.csv::F-8,SSE,C1,PL_SSE_C1.csv,F-8,8.246211251,80.0,log_distance,83.16433201045064,3.164332010450636,3.164332010450636,random,22,random
PL_Library_C1.csv::N-6,Library,C1,PL_Library_C1.csv,N-6,13.55,90.0,log_distance,91.67278255910394,1.6727825591039363,1.6727825591039363,random,22,random
PL_Comms_C2.csv::N-40,Comms,C2,PL_Comms_C2.csv,N-40,14.26450928,100.0,log_distance,92.55317680556647,-7.446823194433534,7.446823194433534,random,22,random
PL_Comms_C1.csv::G-47,Comms,C1,PL_Comms_C1.csv,G-47,18.11077028,86.0,log_distance,96.64320413318544,10.643204133185435,10.643204133185435,random,22,random
PL_Comms_C1.csv::O-40,Comms,C1,PL_Comms_C1.csv,O-40,14.86606875,98.0,log_distance,93.26085591990886,-4.739144080091137,4.739144080091137,random,22,random
PL_Library_C2.csv::D-8,Library,C2,PL_Library_C2.csv,D-8,17.39495114,80.0,log_distance,95.95231401102166,15.952314011021656,15.952314011021656,random,22,random
PL_Comms_C1.csv::P-24,Comms,C1,PL_Comms_C1.csv,P-24,12.08304597,96.0,log_distance,89.70971042545614,-6.290289574543863,6.290289574543863,random,22,random
PL_Comms_C1.csv::D-45,Comms,C1,PL_Comms_C1.csv,D-45,16.03121954,114.0,log_distance,94.55360110972677,-19.44639889027323,19.44639889027323,random,22,random
PL_Library_C1.csv::S-23,Library,C1,PL_Library_C1.csv,S-23,11.6562,75.0,log_distance,89.09354653678737,14.093546536787372,14.093546536787372,random,22,random
PL_Comms_C1.csv::H-5,Comms,C1,PL_Comms_C1.csv,H-5,24.18677324,86.0,log_distance,101.59955773989546,15.59955773989546,15.59955773989546,random,22,random
PL_SSE_C2.csv::C-7,SSE,C2,PL_SSE_C2.csv,C-7,11.46630826,91.0,log_distance,88.81214526088732,-2.18785473911268,2.18785473911268,random,22,random
PL_SSE_C1.csv::A-7,SSE,C1,PL_SSE_C1.csv,A-7,13.34166406,106.0,log_distance,91.40732177314636,-14.592678226853636,14.592678226853636,random,22,random
PL_Comms_C1.csv::C-15,Comms,C1,PL_Comms_C1.csv,C-15,14.14213562,96.0,log_distance,92.40556677803883,-3.594433221961168,3.594433221961168,random,22,random
PL_Comms_C2.csv::M-33,Comms,C2,PL_Comms_C2.csv,M-33,9.026418171,94.0,log_distance,84.71312060293695,-9.286879397063046,9.286879397063046,random,22,random
PL_Comms_C2.csv::A-32,Comms,C2,PL_Comms_C2.csv,A-32,5.14550532,78.0,log_distance,75.0842299715548,-2.915770028445195,2.915770028445195,random,22,random
PL_Library_C2.csv::A-11,Library,C2,PL_Library_C2.csv,A-11,18.91203519,89.0,log_distance,97.3848896316079,8.384889631607905,8.384889631607905,random,22,random
PL_Library_C2.csv::I-8,Library,C2,PL_Library_C2.csv,I-8,12.84065614,79.0,log_distance,90.75157729084091,11.751577290840913,11.751577290840913,random,22,random
PL_Comms_C1.csv::J-20,Comms,C1,PL_Comms_C1.csv,J-20,10.29563014,96.0,log_distance,86.96711051095703,-9.032889489042972,9.032889489042972,random,22,random
PL_Comms_C2.csv::K-53,Comms,C2,PL_Comms_C2.csv,K-53,24.76845221,113.0,log_distance,102.00670349792854,-10.993296502071459,10.993296502071459,random,22,random
PL_SSE_C2.csv::J-8,SSE,C2,PL_SSE_C2.csv,J-8,4.634244814,86.0,log_distance,73.29133125589124,-12.708668744108763,12.708668744108763,random,22,random
PL_Comms_C1.csv::H-54,Comms,C1,PL_Comms_C1.csv,H-54,25.17935662,95.0,log_distance,102.28859327548152,7.288593275481517,7.288593275481517,random,22,random
PL_Comms_C1.csv::G-55,Comms,C1,PL_Comms_C1.csv,G-55,26.07680962,88.0,log_distance,102.88859866086324,14.888598660863238,14.888598660863238,random,22,random
PL_Comms_C1.csv::H-50,Comms,C1,PL_Comms_C1.csv,H-50,21.21320344,87.0,log_distance,99.3521086829727,12.352108682972698,12.352108682972698,random,22,random
PL_Comms_C1.csv::M-40,Comms,C1,PL_Comms_C1.csv,M-40,13.60147051,93.0,log_distance,91.73773729237371,-1.2622627076262916,1.2622627076262916,random,22,random
PL_Comms_C1.csv::A-14,Comms,C1,PL_Comms_C1.csv,A-14,15.5241747,93.0,log_distance,94.00297689518936,1.002976895189363,1.002976895189363,random,22,random
PL_Comms_C1.csv::K-47,Comms,C1,PL_Comms_C1.csv,K-47,18.97366596,104.0,log_distance,97.44062974083397,-6.55937025916603,6.55937025916603,random,22,random
PL_Comms_C1.csv::D-49,Comms,C1,PL_Comms_C1.csv,D-49,20.02498439,97.0,log_distance,98.36455130872858,1.3645513087285792,1.3645513087285792,random,22,random
PL_Library_C1.csv::W-18,Library,C1,PL_Library_C1.csv,W-18,12.4925,79.0,log_distance,90.28064630039316,11.280646300393158,11.280646300393158,random,22,random
PL_Comms_C2.csv::O-25,Comms,C2,PL_Comms_C2.csv,O-25,10.83864498,83.0,log_distance,87.84768298325187,4.847682983251872,4.847682983251872,random,22,random
PL_SSE_C1.csv::K-4,SSE,C1,PL_SSE_C1.csv,K-4,6.708203932,69.0,log_distance,79.62784202768468,10.627842027684679,10.627842027684679,random,22,random
PL_SSE_C1.csv::A-5,SSE,C1,PL_SSE_C1.csv,A-5,13.92838828,99.0,log_distance,92.14464894536655,-6.855351054633445,6.855351054633445,random,22,random
PL_Comms_C1.csv::I-38,Comms,C1,PL_Comms_C1.csv,I-38,9.848857802,98.0,log_distance,86.20705303799556,-11.792946962004436,11.792946962004436,random,22,random
PL_Comms_C1.csv::I-45,Comms,C1,PL_Comms_C1.csv,I-45,16.4924225,104.0,log_distance,95.03952381689714,-8.960476183102855,8.960476183102855,random,22,random
PL_Comms_C1.csv::J-24,Comms,C1,PL_Comms_C1.csv,J-24,7.071067812,77.0,log_distance,80.53037497436046,3.5303749743604556,3.5303749743604556,random,22,random
PL_Comms_C1.csv::G-44,Comms,C1,PL_Comms_C1.csv,G-44,15.13274595,87.0,log_distance,93.5654618817868,6.565461881786803,6.565461881786803,random,22,random
PL_Library_C2.csv::I-14,Library,C2,PL_Library_C2.csv,I-14,7.397361016,73.0,log_distance,81.30324322517086,8.30324322517086,8.30324322517086,random,22,random
PL_Library_C1.csv::Q-6,Library,C1,PL_Library_C1.csv,Q-6,14.1466,80.0,log_distance,92.410974231474,12.410974231474,12.410974231474,random,22,random
PL_Comms_C1.csv::I-12,Comms,C1,PL_Comms_C1.csv,I-12,17.4642492,103.0,log_distance,96.02043005170758,-6.979569948292422,6.979569948292422,random,22,random
PL_Comms_C1.csv::F-17,Comms,C1,PL_Comms_C1.csv,F-17,12.04159458,87.0,log_distance,89.65083638494892,2.650836384948917,2.650836384948917,random,22,random
PL_Comms_C2.csv::K-11,Comms,C2,PL_Comms_C2.csv,K-11,19.01252811,111.0,log_distance,97.47568444935013,-13.524315550649874,13.524315550649874,random,22,random
PL_Library_C1.csv::B-2,Library,C1,PL_Library_C1.csv,B-2,24.985,82.0,log_distance,102.15583810891727,20.155838108917266,20.155838108917266,random,22,random
PL_Comms_C1.csv::N-18,Comms,C1,PL_Comms_C1.csv,N-18,14.2126704,90.0,log_distance,92.49080270706223,2.4908027070622296,2.4908027070622296,random,22,random
PL_Library_C1.csv::R-18,Library,C1,PL_Library_C1.csv,R-18,6.0597,69.0,log_distance,77.88598679517645,8.88598679517645,8.88598679517645,random,22,random
PL_Comms_C2.csv::C-35,Comms,C2,PL_Comms_C2.csv,C-35,6.440203801,77.0,log_distance,78.92934081415171,1.9293408141517148,1.9293408141517148,random,22,random
PL_Library_C2.csv::R-18,Library,C2,PL_Library_C2.csv,R-18,6.180349909,69.0,log_distance,78.22374277260776,9.223742772607764,9.223742772607764,random,22,random
PL_Comms_C2.csv::D-29,Comms,C2,PL_Comms_C2.csv,D-29,1.573602555,64.0,log_distance,54.78665859534473,-9.213341404655267,9.213341404655267,random,22,random
PL_Comms_C1.csv::M-39,Comms,C1,PL_Comms_C1.csv,M-39,12.80624847,98.0,log_distance,90.70560821889012,-7.29439178110988,7.29439178110988,random,22,random
PL_Library_C2.csv::W-20,Library,C2,PL_Library_C2.csv,W-20,13.40039738,70.0,log_distance,91.48257680337208,21.482576803372083,21.482576803372083,random,22,random
PL_Comms_C2.csv::I-40,Comms,C2,PL_Comms_C2.csv,I-40,11.76759215,107.0,log_distance,89.25649333162215,-17.743506668377847,17.743506668377847,random,22,random
PL_Comms_C1.csv::G-11,Comms,C1,PL_Comms_C1.csv,G-11,18.11077028,84.0,log_distance,96.64320413318544,12.643204133185435,12.643204133185435,random,22,random
PL_Library_C1.csv::W-8,Library,C1,PL_Library_C1.csv,W-8,16.3164,87.0,log_distance,94.85568937725655,7.855689377256553,7.855689377256553,random,22,random
PL_SSE_C1.csv::B-1,SSE,C1,PL_SSE_C1.csv,B-1,15.0,92.0,log_distance,93.41451277515424,1.4145127751542361,1.4145127751542361,random,22,random
PL_Comms_C2.csv::J-50,Comms,C2,PL_Comms_C2.csv,J-50,21.62119851,120.0,log_distance,99.67848640700103,-20.32151359299897,20.32151359299897,random,22,random
PL_Library_C2.csv::W-7,Library,C2,PL_Library_C2.csv,W-7,17.28907965,94.0,log_distance,95.8477226104286,1.8477226104286046,1.8477226104286046,random,22,random
PL_Comms_C1.csv::K-31,Comms,C1,PL_Comms_C1.csv,K-31,6.32455532,75.0,log_distance,78.61889603545221,3.6188960354522095,3.6188960354522095,random,22,random
PL_Comms_C2.csv::P-26,Comms,C2,PL_Comms_C2.csv,P-26,11.46630826,90.0,log_distance,88.81214526088732,-1.1878547391126801,1.1878547391126801,random,22,random
PL_Comms_C1.csv::P-13,Comms,C1,PL_Comms_C1.csv,P-13,19.41648784,113.0,log_distance,97.8358813523682,-15.164118647631796,15.164118647631796,random,22,random
PL_Comms_C2.csv::E-49,Comms,C2,PL_Comms_C2.csv,E-49,20.03687164,101.0,log_distance,98.37471837164239,-2.6252816283576124,2.6252816283576124,random,22,random
PL_Comms_C1.csv::C-56,Comms,C1,PL_Comms_C1.csv,C-56,27.07397274,118.0,log_distance,103.531512353626,-14.468487646374001,14.468487646374001,random,22,random
PL_Comms_C2.csv::I-49,Comms,C2,PL_Comms_C2.csv,I-49,20.43223495,108.0,log_distance,98.7094769634282,-9.290523036571798,9.290523036571798,random,22,random
PL_Comms_C2.csv::B-45,Comms,C2,PL_Comms_C2.csv,B-45,16.32409952,112.0,log_distance,94.8637719948296,-17.136228005170395,17.136228005170395,random,22,random
PL_Library_C1.csv::M-17,Library,C1,PL_Library_C1.csv,M-17,1.9163,58.0,log_distance,58.162208347619945,0.16220834761994496,0.16220834761994496,random,22,random
PL_Comms_C1.csv::N-21,Comms,C1,PL_Comms_C1.csv,N-21,12.04159458,98.0,log_distance,89.65083638494892,-8.349163615051083,8.349163615051083,random,22,random
PL_Library_C2.csv::L-16,Library,C2,PL_Library_C2.csv,L-16,2.969903197,74.0,log_distance,65.66842769965653,-8.331572300343467,8.331572300343467,random,22,random
PL_Comms_C1.csv::J-36,Comms,C1,PL_Comms_C1.csv,J-36,8.602325267,93.0,log_distance,83.88866244876385,-9.111337551236147,9.111337551236147,random,22,random
PL_Comms_C1.csv::M-33,Comms,C1,PL_Comms_C1.csv,M-33,8.94427191,85.0,log_distance,84.55649194062809,-0.44350805937190785,0.44350805937190785,random,22,random
PL_Library_C2.csv::G-16,Library,C2,PL_Library_C2.csv,G-16,9.562502288,85.0,log_distance,85.70154710331937,0.7015471033193705,0.7015471033193705,random,22,random
PL_Comms_C1.csv::I-4,Comms,C1,PL_Comms_C1.csv,I-4,25.3179778,115.0,log_distance,102.38265380000107,-12.617346199998934,12.617346199998934,random,22,random
PL_Comms_C2.csv::J-47,Comms,C2,PL_Comms_C2.csv,J-47,18.72101026,113.0,log_distance,97.21096160000069,-15.789038399999313,15.789038399999313,random,22,random
PL_SSE_C2.csv::I-7,SSE,C2,PL_SSE_C2.csv,I-7,5.956192156,79.0,log_distance,77.5908161591204,-1.4091838408796065,1.4091838408796065,random,22,random
PL_Comms_C2.csv::H-9,Comms,C2,PL_Comms_C2.csv,H-9,20.26021286,94.0,log_distance,98.564627076844,4.564627076844005,4.564627076844005,random,22,random
PL_Library_C1.csv::M-15,Library,C1,PL_Library_C1.csv,M-15,1.9163,72.0,log_distance,58.162208347619945,-13.837791652380055,13.837791652380055,random,22,random
PL_Library_C1.csv::L-13,Library,C1,PL_Library_C1.csv,L-13,4.8855,71.0,log_distance,74.19588790028743,3.195887900287431,3.195887900287431,random,22,random
PL_Comms_C1.csv::E-30,Comms,C1,PL_Comms_C1.csv,E-30,1.0,69.0,log_distance,47.01943757738408,-21.980562422615918,21.980562422615918,random,22,random
PL_Comms_C2.csv::D-45,Comms,C2,PL_Comms_C2.csv,D-45,16.07719581,104.0,log_distance,94.60266481318297,-9.397335186817031,9.397335186817031,random,22,random
PL_Comms_C2.csv::J-35,Comms,C2,PL_Comms_C2.csv,J-35,7.904190344,88.0,log_distance,82.43859473125264,-5.5614052687473645,5.5614052687473645,random,22,random
PL_Comms_C1.csv::D-13,Comms,C1,PL_Comms_C1.csv,D-13,16.03121954,97.0,log_distance,94.55360110972677,-2.4463988902732297,2.4463988902732297,random,22,random
PL_Library_C1.csv::A-9,Library,C1,PL_Library_C1.csv,A-9,20.0063,80.0,log_distance,98.34855850532838,18.348558505328384,18.348558505328384,random,22,random
PL_SSE_C1.csv::L-9,SSE,C1,PL_SSE_C1.csv,L-9,2.236067977,60.0,log_distance,60.80610831974899,0.8061083197489936,0.8061083197489936,random,22,random
PL_Library_C2.csv::Q-22,Library,C2,PL_Library_C2.csv,Q-22,9.17046073,74.0,log_distance,84.98435712203462,10.984357122034623,10.984357122034623,random,22,random
PL_Library_C1.csv::G-13,Library,C1,PL_Library_C1.csv,G-13,10.3194,73.0,log_distance,87.00661878066816,14.006618780668163,14.006618780668163,random,22,random
PL_Library_C2.csv::M-19,Library,C2,PL_Library_C2.csv,M-19,4.45381578,76.0,log_distance,72.61097333135994,-3.3890266686400565,3.3890266686400565,random,22,random
PL_Comms_C2.csv::F-4,Comms,C2,PL_Comms_C2.csv,F-4,25.04947554,87.0,log_distance,102.19999220967765,15.199992209677646,15.199992209677646,random,22,random
PL_Comms_C2.csv::B-37,Comms,C2,PL_Comms_C2.csv,B-37,8.629960892,82.0,log_distance,83.94361298477199,1.9436129847719883,1.9436129847719883,random,22,random
PL_Comms_C1.csv::O-11,Comms,C1,PL_Comms_C1.csv,O-11,20.59126028,114.0,log_distance,98.84230231948112,-15.15769768051888,15.15769768051888,random,22,random
PL_Comms_C1.csv::D-30,Comms,C1,PL_Comms_C1.csv,D-30,1.414213562,69.0,log_distance,52.95703347712633,-16.04296652287367,16.04296652287367,random,22,random
PL_Library_C2.csv::L-11,Library,C2,PL_Library_C2.csv,L-11,7.397361016,68.0,log_distance,81.30324322517086,13.30324322517086,13.30324322517086,random,22,random
PL_Comms_C2.csv::B-51,Comms,C2,PL_Comms_C2.csv,B-51,22.23682138,114.0,log_distance,100.15948014031342,-13.84051985968658,13.84051985968658,random,22,random
PL_Library_C2.csv::R-20,Library,C2,PL_Library_C2.csv,R-20,7.760736112,72.0,log_distance,82.12480240914837,10.124802409148373,10.124802409148373,random,22,random
PL_Library_C1.csv::R-13,Library,C1,PL_Library_C1.csv,R-13,6.775,74.0,log_distance,79.79759075057983,5.797590750579829,5.797590750579829,random,22,random
PL_SSE_C2.csv::C-5,SSE,C2,PL_SSE_C2.csv,C-5,12.14397896,101.0,log_distance,89.79588883740024,-11.204111162599759,11.204111162599759,random,22,random
PL_Comms_C2.csv::B-29,Comms,C2,PL_Comms_C2.csv,B-29,3.236699708,72.0,log_distance,67.14222943137656,-4.857770568623437,4.857770568623437,random,22,random
PL_Library_C2.csv::Q-8,Library,C2,PL_Library_C2.csv,Q-8,11.64070659,74.0,log_distance,89.070759178172,15.070759178171997,15.070759178171997,random,22,random
PL_SSE_C2.csv::G-4,SSE,C2,PL_SSE_C2.csv,G-4,9.299259379,76.0,log_distance,85.22330501275256,9.223305012752562,9.223305012752562,random,22,random
PL_Library_C1.csv::F-6,Library,C1,PL_Library_C1.csv,F-6,17.3525,76.0,log_distance,95.91045279997671,19.91045279997671,19.91045279997671,random,22,random
PL_Library_C2.csv::R-24,Library,C2,PL_Library_C2.csv,R-24,12.18023912,74.0,log_distance,89.84696712358468,15.846967123584676,15.846967123584676,random,22,random
PL_Library_C2.csv::P-23,Library,C2,PL_Library_C2.csv,P-23,9.939092011,75.0,log_distance,86.36330252257443,11.363302522574429,11.363302522574429,random,22,random
PL_Comms_C2.csv::F-11,Comms,C2,PL_Comms_C2.csv,F-11,18.0686531,85.0,log_distance,96.60331606460497,11.603316064604968,11.603316064604968,random,22,random
PL_Comms_C1.csv::N-28,Comms,C1,PL_Comms_C1.csv,N-28,9.055385138,78.0,log_distance,84.76801232087743,6.768012320877432,6.768012320877432,random,22,random
PL_Library_C1.csv::S-22,Library,C1,PL_Library_C1.csv,S-22,10.5829,67.0,log_distance,87.43858990611272,20.438589906112725,20.438589906112725,random,22,random
PL_Comms_C2.csv::K-2,Comms,C2,PL_Comms_C2.csv,K-2,27.68530702,102.0,log_distance,103.91405885407303,1.9140588540730334,1.9140588540730334,random,22,random
PL_Library_C2.csv::V-17,Library,C2,PL_Library_C2.csv,V-17,10.99171734,74.0,log_distance,88.08794666050923,14.087946660509232,14.087946660509232,random,22,random
PL_Comms_C1.csv::O-24,Comms,C1,PL_Comms_C1.csv,O-24,11.18033989,90.0,log_distance,88.37944981979916,-1.620550180200837,1.620550180200837,random,22,random
PL_Library_C1.csv::O-25,Library,C1,PL_Library_C1.csv,O-25,12.27,89.0,log_distance,89.97275856963782,0.9727585696378185,0.9727585696378185,random,22,random
PL_Comms_C2.csv::B-53,Comms,C2,PL_Comms_C2.csv,B-53,24.21727121,116.0,log_distance,101.62114683835486,-14.37885316164514,14.37885316164514,random,22,random
PL_Comms_C1.csv::I-54,Comms,C1,PL_Comms_C1.csv,I-54,25.3179778,104.0,log_distance,102.38265380000107,-1.6173461999989343,1.6173461999989343,random,22,random
PL_Comms_C1.csv::E-25,Comms,C1,PL_Comms_C1.csv,E-25,4.0,75.0,log_distance,70.7698211944323,-4.230178805567704,4.230178805567704,random,22,random
PL_Library_C2.csv::D-3,Library,C2,PL_Library_C2.csv,D-3,22.25684052,96.0,log_distance,100.17489687730375,4.174896877303752,4.174896877303752,random,22,random
PL_Comms_C2.csv::J-19,Comms,C2,PL_Comms_C2.csv,J-19,11.2461649,98.0,log_distance,88.48002151148586,-9.519978488514141,9.519978488514141,random,22,random
PL_Comms_C1.csv::L-28,Comms,C1,PL_Comms_C1.csv,L-28,7.071067812,82.0,log_distance,80.53037497436046,-1.4696250256395444,1.4696250256395444,random,22,random
PL_Library_C2.csv::I-11,Library,C2,PL_Library_C2.csv,I-11,9.658026455,74.0,log_distance,85.87184005454729,11.871840054547292,11.871840054547292,random,22,random
PL_SSE_C1.csv::N-3,SSE,C1,PL_SSE_C1.csv,N-3,7.0,71.0,log_distance,80.35731575142236,9.357315751422362,9.357315751422362,random,22,random
PL_Comms_C1.csv::E-41,Comms,C1,PL_Comms_C1.csv,E-41,12.0,97.0,log_distance,89.59155489981404,-7.408445100185958,7.408445100185958,random,22,random
PL_Comms_C1.csv::B-15,Comms,C1,PL_Comms_C1.csv,B-15,14.31782106,99.0,log_distance,92.61708715914918,-6.382912840850821,6.382912840850821,random,22,random
PL_Comms_C1.csv::J-21,Comms,C1,PL_Comms_C1.csv,J-21,9.433981132,81.0,log_distance,85.46972587408023,4.4697258740802255,4.4697258740802255,random,22,random
PL_Comms_C1.csv::I-36,Comms,C1,PL_Comms_C1.csv,I-36,8.062257748,103.0,log_distance,82.77782403734705,-20.222175962652955,20.222175962652955,random,22,random
PL_Comms_C1.csv::H-34,Comms,C1,PL_Comms_C1.csv,H-34,5.830951895,76.0,log_distance,77.22673610713201,1.2267361071320124,1.2267361071320124,random,22,random
PL_Comms_C2.csv::F-54,Comms,C2,PL_Comms_C2.csv,F-54,25.04947554,89.0,log_distance,102.19999220967765,13.199992209677646,13.199992209677646,random,22,random
PL_Library_C2.csv::U-12,Library,C2,PL_Library_C2.csv,U-12,10.99171734,83.0,log_distance,88.08794666050923,5.087946660509232,5.087946660509232,random,22,random
PL_SSE_C1.csv::E-4,SSE,C1,PL_SSE_C1.csv,E-4,10.81665383,95.0,log_distance,87.8128870028837,-7.1871129971163015,7.1871129971163015,random,22,random
PL_Comms_C2.csv::B-20,Comms,C2,PL_Comms_C2.csv,B-20,9.564320415,81.0,log_distance,85.70480416927542,4.70480416927542,4.70480416927542,random,22,random
PL_Comms_C2.csv::D-17,Comms,C2,PL_Comms_C2.csv,D-17,12.10273626,97.0,log_distance,89.73760612379787,-7.262393876202125,7.262393876202125,random,22,random
PL_Comms_C1.csv::G-6,Comms,C1,PL_Comms_C1.csv,G-6,23.08679276,90.0,log_distance,100.8021321303655,10.802132130365493,10.802132130365493,random,22,random
PL_Comms_C2.csv::E-21,Comms,C2,PL_Comms_C2.csv,E-21,8.09173807,91.0,log_distance,82.84035540199096,-8.159644598009038,8.159644598009038,random,22,random
PL_Comms_C2.csv::J-15,Comms,C2,PL_Comms_C2.csv,J-15,14.91563693,102.0,log_distance,93.31788534250673,-8.682114657493273,8.682114657493273,random,22,random
PL_Comms_C1.csv::J-55,Comms,C1,PL_Comms_C1.csv,J-55,26.47640459,104.0,log_distance,103.14913857592973,-0.8508614240702741,0.8508614240702741,random,22,random
PL_Comms_C1.csv::C-38,Comms,C1,PL_Comms_C1.csv,C-38,9.219544457,90.0,log_distance,85.07581094806537,-4.924189051934633,4.924189051934633,random,22,random
PL_Comms_C2.csv::H-26,Comms,C2,PL_Comms_C2.csv,H-26,4.413187623,79.0,log_distance,72.45397376464027,-6.546026235359733,6.546026235359733,random,22,random
PL_Library_C1.csv::D-8,Library,C1,PL_Library_C1.csv,D-8,17.3525,79.0,log_distance,95.91045279997671,16.91045279997671,16.91045279997671,random,22,random
PL_Library_C1.csv::Q-9,Library,C1,PL_Library_C1.csv,Q-9,10.3194,70.0,log_distance,87.00661878066816,17.006618780668163,17.006618780668163,random,22,random
PL_Library_C2.csv::V-5,Library,C2,PL_Library_C2.csv,V-5,18.46999865,84.0,log_distance,96.97969782443761,12.979697824437608,12.979697824437608,random,22,random
PL_Library_C1.csv::Q-23,Library,C1,PL_Library_C1.csv,Q-23,10.3194,73.0,log_distance,87.00661878066816,14.006618780668163,14.006618780668163,random,22,random
PL_SSE_C2.csv::M-5,SSE,C2,PL_SSE_C2.csv,M-5,5.241776893,77.0,log_distance,75.40181040723841,-1.5981895927615852,1.5981895927615852,random,22,random
PL_Comms_C2.csv::L-51,Comms,C2,PL_Comms_C2.csv,L-51,23.11874186,108.0,log_distance,100.82582457454052,-7.174175425459481,7.174175425459481,random,22,random
PL_SSE_C1.csv::E-5,SSE,C1,PL_SSE_C1.csv,E-5,10.29563014,96.0,log_distance,86.96711051095703,-9.032889489042972,9.032889489042972,random,22,random
PL_Comms_C2.csv::C-40,Comms,C2,PL_Comms_C2.csv,C-40,11.2461649,100.0,log_distance,88.48002151148586,-11.519978488514141,11.519978488514141,random,22,random
PL_SSE_C1.csv::C-2,SSE,C1,PL_SSE_C1.csv,C-2,13.60147051,115.0,log_distance,91.73773729237371,-23.26226270762629,23.26226270762629,random,22,random
PL_Comms_C1.csv::A-2,Comms,C1,PL_Comms_C1.csv,A-2,27.29468813,122.0,log_distance,103.67061376416231,-18.32938623583769,18.32938623583769,random,22,random
PL_Comms_C1.csv::B-48,Comms,C1,PL_Comms_C1.csv,B-48,19.23538406,110.0,log_distance,97.67533319355434,-12.324666806445663,12.324666806445663,random,22,random
PL_Comms_C2.csv::J-32,Comms,C2,PL_Comms_C2.csv,J-32,5.956192156,89.0,log_distance,77.5908161591204,-11.409183840879606,11.409183840879606,random,22,random
PL_Comms_C2.csv::G-13,Comms,C2,PL_Comms_C2.csv,G-13,16.1702265,93.0,log_distance,94.7015150261935,1.7015150261935048,1.7015150261935048,random,22,random
PL_Comms_C2.csv::G-31,Comms,C2,PL_Comms_C2.csv,G-31,3.078347771,74.0,log_distance,66.28285391453905,-7.7171460854609535,7.7171460854609535,random,22,random
PL_Comms_C2.csv::L-46,Comms,C2,PL_Comms_C2.csv,L-46,18.4248806,110.0,log_distance,96.93779632039974,-13.062203679600259,13.062203679600259,random,22,random
PL_Library_C1.csv::R-11,Library,C1,PL_Library_C1.csv,R-11,8.6762,75.0,log_distance,84.03516226026288,9.03516226026288,9.03516226026288,random,22,random
PL_Comms_C1.csv::F-23,Comms,C1,PL_Comms_C1.csv,F-23,6.08276253,79.0,log_distance,77.95106654374675,-1.048933456253252,1.048933456253252,random,22,random
PL_SSE_C1.csv::I-4,SSE,C1,PL_SSE_C1.csv,I-4,7.810249676,97.0,log_distance,82.23375930235628,-14.766240697643724,14.766240697643724,random,22,random
PL_Comms_C1.csv::D-29,Comms,C1,PL_Comms_C1.csv,D-29,1.0,51.0,log_distance,47.01943757738408,-3.980562422615918,3.980562422615918,random,22,random
PL_Comms_C1.csv::B-24,Comms,C1,PL_Comms_C1.csv,B-24,5.830951895,80.0,log_distance,77.22673610713201,-2.7732638928679876,2.7732638928679876,random,22,random
PL_Library_C2.csv::E-6,Library,C2,PL_Library_C2.csv,E-6,18.27010536,93.0,log_distance,96.79327147834384,3.79327147834384,3.79327147834384,random,22,random
PL_Comms_C2.csv::J-34,Comms,C2,PL_Comms_C2.csv,J-34,7.174693373,79.0,log_distance,80.77962434074055,1.779624340740554,1.779624340740554,random,22,random
PL_Library_C2.csv::G-9,Library,C2,PL_Library_C2.csv,G-9,13.46872952,70.0,log_distance,91.56971680657028,21.569716806570284,21.569716806570284,random,22,random
PL_Comms_C1.csv::B-51,Comms,C1,PL_Comms_C1.csv,B-51,22.20360331,113.0,log_distance,100.13386826116154,-12.866131738838462,12.866131738838462,random,22,random
PL_SSE_C1.csv::D-6,SSE,C1,PL_SSE_C1.csv,D-6,10.77032961,89.0,log_distance,87.73935743876987,-1.260642561230128,1.260642561230128,random,22,random
PL_Comms_C1.csv::C-17,Comms,C1,PL_Comms_C1.csv,C-17,12.16552506,95.0,log_distance,89.82625835227086,-5.173741647729145,5.173741647729145,random,22,random
PL_Comms_C1.csv::A-35,Comms,C1,PL_Comms_C1.csv,A-35,7.211102551,95.0,log_distance,80.86634510048248,-14.133654899517524,14.133654899517524,random,22,random
PL_Comms_C2.csv::F-32,Comms,C2,PL_Comms_C2.csv,F-32,3.387657745,78.0,log_distance,67.92319671877566,-10.076803281224343,10.076803281224343,random,22,random
PL_Library_C1.csv::Q-4,Library,C1,PL_Library_C1.csv,Q-4,16.7604,78.0,log_distance,95.31566067980583,17.31566067980583,17.31566067980583,random,22,random
PL_Library_C1.csv::N-20,Library,C1,PL_Library_C1.csv,N-20,5.42,68.0,log_distance,75.97463287523965,7.974632875239649,7.974632875239649,random,22,random
PL_Comms_C2.csv::D-34,Comms,C2,PL_Comms_C2.csv,D-34,5.241776893,86.0,log_distance,75.40181040723841,-10.598189592761585,10.598189592761585,random,22,random
PL_Comms_C2.csv::I-53,Comms,C2,PL_Comms_C2.csv,I-53,24.36136747,112.0,log_distance,101.72278429994611,-10.277215700053887,10.277215700053887,random,22,random
PL_Library_C1.csv::G-11,Library,C1,PL_Library_C1.csv,G-11,11.6562,78.0,log_distance,89.09354653678737,11.093546536787372,11.093546536787372,random,22,random
PL_Library_C2.csv::H-11,Library,C2,PL_Library_C2.csv,H-11,10.65240583,91.0,log_distance,87.55074252838014,-3.449257471619859,3.449257471619859,random,22,random
PL_Library_C1.csv::P-8,Library,C1,PL_Library_C1.csv,P-8,11.1736,74.0,log_distance,88.36911878294818,14.369118782948178,14.369118782948178,random,22,random
PL_Comms_C2.csv::A-28,Comms,C2,PL_Comms_C2.csv,A-28,4.298397957,65.0,log_distance,72.00245491124802,7.002454911248023,7.002454911248023,random,22,random
PL_Comms_C2.csv::C-52,Comms,C2,PL_Comms_C2.csv,C-52,23.11874186,122.0,log_distance,100.82582457454052,-21.17417542545948,21.17417542545948,random,22,random
PL_SSE_C1.csv::N-2,SSE,C1,PL_SSE_C1.csv,N-2,8.0,67.0,log_distance,82.6450130029564,15.645013002956404,15.645013002956404,random,22,random
PL_Comms_C2.csv::B-22,Comms,C2,PL_Comms_C2.csv,B-22,7.712083052,83.0,log_distance,82.01705984442643,-0.9829401555735728,0.9829401555735728,random,22,random
PL_Comms_C2.csv::G-5,Comms,C2,PL_Comms_C2.csv,G-5,24.11381813,90.0,multi_wall_linear,101.56921729447328,11.569217294473276,11.569217294473276,random,22,random
PL_Comms_C1.csv::F-21,Comms,C1,PL_Comms_C1.csv,F-21,8.062257748,74.0,multi_wall_linear,84.74987629789709,10.749876297897089,10.749876297897089,random,22,random
PL_SSE_C1.csv::D-7,SSE,C1,PL_SSE_C1.csv,D-7,10.44030651,101.0,multi_wall_linear,84.02294204277348,-16.97705795722652,16.97705795722652,random,22,random
PL_Comms_C2.csv::K-3,Comms,C2,PL_Comms_C2.csv,K-3,26.71097574,106.0,multi_wall_linear,105.99636774834117,-0.0036322516588285225,0.0036322516588285225,random,22,random
PL_Comms_C2.csv::E-31,Comms,C2,PL_Comms_C2.csv,E-31,2.340133543,88.0,multi_wall_linear,68.82194827472956,-19.178051725270436,19.178051725270436,random,22,random
PL_Comms_C1.csv::H-55,Comms,C1,PL_Comms_C1.csv,H-55,26.17250466,98.0,multi_wall_linear,100.10248684036458,2.102486840364577,2.102486840364577,random,22,random
PL_Comms_C2.csv::C-56,Comms,C2,PL_Comms_C2.csv,C-56,27.10122184,118.0,multi_wall_linear,116.28462351967872,-1.7153764803212823,1.7153764803212823,random,22,random
PL_Library_C1.csv::G-12,Library,C1,PL_Library_C1.csv,G-12,10.9244,74.0,multi_wall_linear,78.7237614650022,4.723761465002198,4.723761465002198,random,22,random
PL_Comms_C2.csv::D-44,Comms,C2,PL_Comms_C2.csv,D-44,15.08231497,101.0,multi_wall_linear,98.73145300872699,-2.2685469912730127,2.2685469912730127,random,22,random
PL_SSE_C1.csv::K-5,SSE,C1,PL_SSE_C1.csv,K-5,5.830951895,80.0,multi_wall_linear,77.65413593771021,-2.3458640622897917,2.3458640622897917,random,22,random
PL_Comms_C1.csv::H-27,Comms,C1,PL_Comms_C1.csv,H-27,3.605551275,70.0,multi_wall_linear,73.0037406417816,3.0037406417816044,3.0037406417816044,random,22,random
PL_Library_C1.csv::J-8,Library,C1,PL_Library_C1.csv,J-8,12.1195,78.0,multi_wall_linear,80.26986981218305,2.269869812183046,2.269869812183046,random,22,random
PL_Library_C2.csv::W-19,Library,C2,PL_Library_C2.csv,W-19,12.91195086,86.0,multi_wall_linear,83.1418793879507,-2.858120612049305,2.858120612049305,random,22,random
PL_Library_C1.csv::P-17,Library,C1,PL_Library_C1.csv,P-17,3.0299,67.0,multi_wall_linear,66.85879529408774,-0.14120470591225853,0.14120470591225853,random,22,random
PL_Comms_C1.csv::O-36,Comms,C1,PL_Comms_C1.csv,O-36,12.20655562,91.0,multi_wall_linear,91.05550984485751,0.05550984485751087,0.05550984485751087,random,22,random
PL_Comms_C2.csv::H-50,Comms,C2,PL_Comms_C2.csv,H-50,21.2479699,99.0,multi_wall_linear,98.08593882754104,-0.9140611724589576,0.9140611724589576,random,22,random
PL_Comms_C2.csv::A-18,Comms,C2,PL_Comms_C2.csv,A-18,11.76759215,96.0,multi_wall_linear,94.6286703186592,-1.3713296813407965,1.3713296813407965,random,22,random
PL_Comms_C2.csv::K-50,Comms,C2,PL_Comms_C2.csv,K-50,21.87409941,107.0,multi_wall_linear,106.2892964911577,-0.7107035088423004,0.7107035088423004,random,22,random
PL_Library_C1.csv::P-23,Library,C1,PL_Library_C1.csv,P-23,9.8645,65.0,multi_wall_linear,77.27626806804598,12.27626806804598,12.27626806804598,random,22,random
PL_Library_C1.csv::T-12,Library,C1,PL_Library_C1.csv,T-12,9.771,75.0,multi_wall_linear,78.1860979272986,3.1860979272986043,3.1860979272986043,random,22,random
PL_Library_C1.csv::V-14,Library,C1,PL_Library_C1.csv,V-14,11.1736,80.0,multi_wall_linear,78.48177156873766,-1.5182284312623437,1.5182284312623437,random,22,random
PL_Library_C1.csv::O-9,Library,C1,PL_Library_C1.csv,O-9,9.5813,64.0,multi_wall_linear,79.69130515744294,15.69130515744294,15.69130515744294,random,22,random
PL_Comms_C1.csv::L-21,Comms,C1,PL_Comms_C1.csv,L-21,10.63014581,95.0,multi_wall_linear,85.72284207384348,-9.27715792615652,9.27715792615652,random,22,random
PL_Comms_C1.csv::M-23,Comms,C1,PL_Comms_C1.csv,M-23,10.0,98.0,multi_wall_linear,86.83359543358101,-11.16640456641899,11.16640456641899,random,22,random
PL_Comms_C1.csv::H-3,Comms,C1,PL_Comms_C1.csv,H-3,26.17250466,99.0,multi_wall_linear,100.13622532644253,1.1362253264425277,1.1362253264425277,random,22,random
PL_Comms_C1.csv::J-25,Comms,C1,PL_Comms_C1.csv,J-25,6.403124237,80.0,multi_wall_linear,82.52088944397067,2.520889443970674,2.520889443970674,random,22,random
PL_Comms_C1.csv::P-17,Comms,C1,PL_Comms_C1.csv,P-17,16.2788206,82.0,multi_wall_linear,91.54759057015434,9.547590570154341,9.547590570154341,random,22,random
PL_Library_C1.csv::F-3,Library,C1,PL_Library_C1.csv,F-3,20.6832,84.0,multi_wall_linear,85.44073636499104,1.4407363649910394,1.4407363649910394,random,22,random
PL_Comms_C1.csv::K-44,Comms,C1,PL_Comms_C1.csv,K-44,16.15549442,97.0,multi_wall_linear,103.35762675598937,6.357626755989372,6.357626755989372,random,22,random
PL_Comms_C1.csv::D-40,Comms,C1,PL_Comms_C1.csv,D-40,11.04536102,87.0,multi_wall_linear,91.75664891690155,4.756648916901554,4.756648916901554,random,22,random
PL_Comms_C2.csv::C-20,Comms,C2,PL_Comms_C2.csv,C-20,9.299259379,89.0,multi_wall_linear,86.13076863742585,-2.869231362574155,2.869231362574155,random,22,random
PL_Comms_C1.csv::G-35,Comms,C1,PL_Comms_C1.csv,G-35,6.32455532,78.0,multi_wall_linear,82.40145000620782,4.401450006207824,4.401450006207824,random,22,random
PL_Comms_C2.csv::P-57,Comms,C2,PL_Comms_C2.csv,P-57,30.10774361,119.0,multi_wall_linear,117.30237386091906,-1.6976261390809384,1.6976261390809384,random,22,random
PL_Comms_C2.csv::A-3,Comms,C2,PL_Comms_C2.csv,A-3,26.33393675,122.0,multi_wall_linear,116.56412901149614,-5.435870988503865,5.435870988503865,random,22,random
PL_Comms_C2.csv::B-43,Comms,C2,PL_Comms_C2.csv,B-43,14.3692806,92.0,multi_wall_linear,98.26293400597886,6.262934005978863,6.262934005978863,random,22,random
PL_Library_C1.csv::I-12,Library,C1,PL_Library_C1.csv,I-12,8.6762,84.0,multi_wall_linear,76.49470134771936,-7.5052986522806435,7.5052986522806435,random,22,random
PL_Comms_C1.csv::A-15,Comms,C1,PL_Comms_C1.csv,A-15,14.56021978,90.0,multi_wall_linear,96.68871067692788,6.688710676927883,6.688710676927883,random,22,random
PL_Comms_C2.csv::A-52,Comms,C2,PL_Comms_C2.csv,A-52,23.37683094,122.0,multi_wall_linear,110.89326623105374,-11.106733768946256,11.106733768946256,random,22,random
PL_Comms_C1.csv::A-4,Comms,C1,PL_Comms_C1.csv,A-4,25.3179778,118.0,multi_wall_linear,116.18351352700881,-1.816486472991187,1.816486472991187,random,22,random
PL_Library_C1.csv::J-9,Library,C1,PL_Library_C1.csv,J-9,10.9244,86.0,multi_wall_linear,79.26553437672708,-6.734465623272925,6.734465623272925,random,22,random
PL_Library_C1.csv::V-11,Library,C1,PL_Library_C1.csv,V-11,12.783,74.0,multi_wall_linear,80.24373081923743,6.2437308192374275,6.2437308192374275,random,22,random
PL_Comms_C1.csv::F-38,Comms,C1,PL_Comms_C1.csv,F-38,9.055385138,81.0,multi_wall_linear,89.83487967284856,8.834879672848558,8.834879672848558,random,22,random
PL_Library_C1.csv::Q-11,Library,C1,PL_Library_C1.csv,Q-11,7.9009,72.0,multi_wall_linear,76.13091081837473,4.13091081837473,4.13091081837473,random,22,random
PL_Comms_C1.csv::J-10,Comms,C1,PL_Comms_C1.csv,J-10,19.6468827,102.0,multi_wall_linear,97.32804375308038,-4.6719562469196205,4.6719562469196205,random,22,random
PL_Library_C2.csv::E-3,Library,C2,PL_Library_C2.csv,E-3,21.4588554,83.0,multi_wall_linear,85.79689448930985,2.7968944893098495,2.7968944893098495,random,22,random
PL_Library_C1.csv::W-20,Library,C1,PL_Library_C1.csv,W-20,13.3452,72.0,multi_wall_linear,80.70090172631035,8.700901726310349,8.700901726310349,random,22,random
PL_Comms_C1.csv::C-20,Comms,C1,PL_Comms_C1.csv,C-20,9.219544457,88.0,multi_wall_linear,86.04748300727748,-1.952516992722522,1.952516992722522,random,22,random
PL_SSE_C2.csv::I-5,SSE,C2,PL_SSE_C2.csv,I-5,7.174693373,85.0,multi_wall_linear,83.1205694915318,-1.8794305084682037,1.8794305084682037,random,22,random
PL_Comms_C1.csv::I-55,Comms,C1,PL_Comms_C1.csv,I-55,26.30589288,107.0,multi_wall_linear,104.11286735377654,-2.8871326462234634,2.8871326462234634,random,22,random
PL_Comms_C1.csv::N-17,Comms,C1,PL_Comms_C1.csv,N-17,15.0,97.0,multi_wall_linear,89.05418028718648,-7.945819712813517,7.945819712813517,random,22,random
PL_SSE_C2.csv::K-7,SSE,C2,PL_SSE_C2.csv,K-7,4.413187623,80.0,multi_wall_linear,74.95909515701254,-5.040904842987459,5.040904842987459,random,22,random
PL_Comms_C1.csv::F-51,Comms,C1,PL_Comms_C1.csv,F-51,22.02271555,94.0,multi_wall_linear,106.35480162313036,12.354801623130356,12.354801623130356,random,22,random
PL_Comms_C1.csv::L-31,Comms,C1,PL_Comms_C1.csv,L-31,7.280109889,85.0,multi_wall_linear,84.3200055254803,-0.6799944745197024,0.6799944745197024,random,22,random
PL_Comms_C1.csv::H-20,Comms,C1,PL_Comms_C1.csv,H-20,9.486832981,83.0,multi_wall_linear,82.36275955421037,-0.6372404457896295,0.6372404457896295,random,22,random
PL_Library_C1.csv::L-23,Library,C1,PL_Library_C1.csv,L-23,9.8645,83.0,multi_wall_linear,84.49870754105598,1.4987075410559783,1.4987075410559783,random,22,random
PL_Comms_C2.csv::B-17,Comms,C2,PL_Comms_C2.csv,B-17,12.42884649,99.0,multi_wall_linear,95.15756102887866,-3.8424389711213394,3.8424389711213394,random,22,random
PL_Comms_C2.csv::C-16,Comms,C2,PL_Comms_C2.csv,C-16,13.20894489,99.0,multi_wall_linear,95.7464637496088,-3.253536250391207,3.253536250391207,random,22,random
PL_Comms_C2.csv::F-28,Comms,C2,PL_Comms_C2.csv,F-28,1.86446373,77.0,multi_wall_linear,66.6236580434,-10.376341956600001,10.376341956600001,random,22,random
PL_Comms_C2.csv::B-14,Comms,C2,PL_Comms_C2.csv,B-14,15.3452346,100.0,multi_wall_linear,97.19671561135584,-2.8032843886441583,2.8032843886441583,random,22,random
PL_Comms_C2.csv::G-16,Comms,C2,PL_Comms_C2.csv,G-16,13.20894489,92.0,multi_wall_linear,89.52598679971294,-2.474013200287061,2.474013200287061,random,22,random
PL_Comms_C2.csv::G-4,Comms,C2,PL_Comms_C2.csv,G-4,25.10928563,92.0,multi_wall_linear,103.69622551280219,11.696225512802187,11.696225512802187,random,22,random
PL_Comms_C1.csv::K-29,Comms,C1,PL_Comms_C1.csv,K-29,6.0,75.0,multi_wall_linear,80.18988943347036,5.189889433470356,5.189889433470356,random,22,random
PL_Comms_C1.csv::B-42,Comms,C1,PL_Comms_C1.csv,B-42,13.34166406,98.0,multi_wall_linear,97.54510723560522,-0.4548927643947849,0.4548927643947849,random,22,random
PL_Comms_C1.csv::M-29,Comms,C1,PL_Comms_C1.csv,M-29,8.0,78.0,multi_wall_linear,82.97295541340941,4.972955413409409,4.972955413409409,random,22,random
PL_Comms_C1.csv::D-50,Comms,C1,PL_Comms_C1.csv,D-50,21.02379604,110.0,multi_wall_linear,105.90573455662182,-4.094265443378177,4.094265443378177,random,22,random
PL_Comms_C2.csv::D-22,Comms,C2,PL_Comms_C2.csv,D-22,7.174693373,92.0,multi_wall_linear,83.62155075308887,-8.378449246911131,8.378449246911131,random,22,random
PL_Comms_C1.csv::O-54,Comms,C1,PL_Comms_C1.csv,O-54,26.92582404,111.0,multi_wall_linear,112.26060806511794,1.2606080651179354,1.2606080651179354,random,22,random
PL_Comms_C2.csv::K-40,Comms,C2,PL_Comms_C2.csv,K-40,12.58873405,98.0,multi_wall_linear,96.98314358959254,-1.0168564104074562,1.0168564104074562,random,22,random
PL_Comms_C2.csv::G-7,Comms,C2,PL_Comms_C2.csv,G-7,22.12410959,92.0,multi_wall_linear,102.9953869406055,10.9953869406055,10.9953869406055,random,22,random
PL_Comms_C2.csv::H-3,Comms,C2,PL_Comms_C2.csv,H-3,26.20069131,104.0,multi_wall_linear,100.14663830867977,-3.853361691320231,3.853361691320231,random,22,random
PL_Comms_C1.csv::I-24,Comms,C1,PL_Comms_C1.csv,I-24,6.403124237,80.0,multi_wall_linear,80.81896310732017,0.8189631073201724,0.8189631073201724,random,22,random
PL_Library_C2.csv::N-21,Library,C2,PL_Library_C2.csv,N-21,6.883084338,71.0,multi_wall_linear,74.79675701880777,3.7967570188077673,3.7967570188077673,random,22,random
PL_Comms_C2.csv::O-24,Comms,C2,PL_Comms_C2.csv,O-24,11.2461649,95.0,multi_wall_linear,91.93094384473258,-3.0690561552674183,3.0690561552674183,random,22,random
PL_Library_C1.csv::E-7,Library,C1,PL_Library_C1.csv,E-7,17.2463,79.0,multi_wall_linear,83.68271824438406,4.682718244384063,4.682718244384063,random,22,random
PL_Comms_C2.csv::G-52,Comms,C2,PL_Comms_C2.csv,G-52,23.11874186,91.0,multi_wall_linear,98.90226157182136,7.902261571821356,7.902261571821356,random,22,random
PL_Comms_C1.csv::L-48,Comms,C1,PL_Comms_C1.csv,L-48,20.24845673,112.0,multi_wall_linear,105.54221697086828,-6.457783029131718,6.457783029131718,random,22,random
PL_Comms_C1.csv::H-56,Comms,C1,PL_Comms_C1.csv,H-56,27.16615541,91.0,multi_wall_linear,100.46296803187516,9.462968031875164,9.462968031875164,random,22,random
PL_Comms_C1.csv::H-26,Comms,C1,PL_Comms_C1.csv,H-26,4.242640687,68.0,multi_wall_linear,74.57782554147815,6.577825541478148,6.577825541478148,random,22,random
PL_SSE_C2.csv::N-8,SSE,C2,PL_SSE_C2.csv,N-8,2.340133543,66.0,multi_wall_linear,64.86074663145638,-1.1392533685436206,1.1392533685436206,random,22,random
PL_Comms_C1.csv::E-39,Comms,C1,PL_Comms_C1.csv,E-39,10.0,96.0,multi_wall_linear,90.7947970768542,-5.205202923145805,5.205202923145805,random,22,random
PL_Comms_C2.csv::P-37,Comms,C2,PL_Comms_C2.csv,P-37,13.65562979,92.0,multi_wall_linear,93.84266468569821,1.8426646856982103,1.8426646856982103,random,22,random
PL_Comms_C2.csv::C-48,Comms,C2,PL_Comms_C2.csv,C-48,19.14356876,109.0,multi_wall_linear,104.99938607211271,-4.0006139278872865,4.0006139278872865,random,22,random
PL_Comms_C2.csv::E-43,Comms,C2,PL_Comms_C2.csv,E-43,14.05262342,105.0,multi_wall_linear,98.04736076986003,-6.952639230139965,6.952639230139965,random,22,random
PL_Library_C1.csv::R-12,Library,C1,PL_Library_C1.csv,R-12,7.665,75.0,multi_wall_linear,75.83766781693751,0.8376678169375111,0.8376678169375111,random,22,random
PL_Comms_C2.csv::O-56,Comms,C2,PL_Comms_C2.csv,O-56,28.8179844,122.0,multi_wall_linear,116.8788150223891,-5.121184977610895,5.121184977610895,random,22,random
PL_Comms_C2.csv::H-45,Comms,C2,PL_Comms_C2.csv,H-45,16.32409952,86.0,multi_wall_linear,91.57446136655147,5.574461366551475,5.574461366551475,random,22,random
PL_Comms_C1.csv::J-46,Comms,C1,PL_Comms_C1.csv,J-46,17.72004515,105.0,multi_wall_linear,104.25186493570959,-0.748135064290409,0.748135064290409,random,22,random
PL_Comms_C2.csv::E-6,Comms,C2,PL_Comms_C2.csv,E-6,23.03206949,109.0,multi_wall_linear,115.26808066099593,6.268080660995935,6.268080660995935,random,22,random
PL_Library_C1.csv::V-20,Library,C1,PL_Library_C1.csv,V-20,12.1195,73.0,multi_wall_linear,79.26790728906889,6.267907289068887,6.267907289068887,random,22,random
PL_Library_C2.csv::N-27,Library,C2,PL_Library_C2.csv,N-27,14.95443914,81.0,multi_wall_linear,86.26449497310091,5.264494973100909,5.264494973100909,random,22,random
PL_SSE_C2.csv::L-8,SSE,C2,PL_SSE_C2.csv,L-8,3.078347771,73.0,multi_wall_linear,67.51324071413804,-5.4867592858619645,5.4867592858619645,random,22,random
PL_Comms_C2.csv::A-25,Comms,C2,PL_Comms_C2.csv,A-25,5.78586424,82.0,multi_wall_linear,77.57904052421593,-4.420959475784073,4.420959475784073,random,22,random
PL_SSE_C1.csv::N-5,SSE,C1,PL_SSE_C1.csv,N-5,5.0,72.0,multi_wall_linear,76.16681662011277,4.166816620112769,4.166816620112769,random,22,random
PL_Comms_C1.csv::I-29,Comms,C1,PL_Comms_C1.csv,I-29,4.0,68.0,multi_wall_linear,76.26737824321437,8.267378243214367,8.267378243214367,random,22,random
PL_Comms_C1.csv::H-30,Comms,C1,PL_Comms_C1.csv,H-30,3.16227766,85.0,multi_wall_linear,70.03274485608908,-14.967255143910918,14.967255143910918,random,22,random
PL_Comms_C2.csv::J-39,Comms,C2,PL_Comms_C2.csv,J-39,11.2461649,95.0,multi_wall_linear,95.89214548800577,0.8921454880057667,0.8921454880057667,random,22,random
PL_Library_C1.csv::P-9,Library,C1,PL_Library_C1.csv,P-9,9.8645,73.0,multi_wall_linear,80.51487667544566,7.514876675445663,7.514876675445663,random,22,random
PL_Library_C2.csv::P-8,Library,C2,PL_Library_C2.csv,P-8,11.23948064,76.0,multi_wall_linear,81.7772521374894,5.777252137489398,5.777252137489398,random,22,random
PL_Library_C1.csv::E-2,Library,C1,PL_Library_C1.csv,E-2,22.5517,75.0,multi_wall_linear,86.27743670519475,11.277436705194745,11.277436705194745,random,22,random
PL_SSE_C2.csv::C-4,SSE,C2,PL_SSE_C2.csv,C-4,12.58873405,96.0,multi_wall_linear,88.59349752756707,-7.406502472432933,7.406502472432933,random,22,random
PL_Library_C2.csv::F-15,Library,C2,PL_Library_C2.csv,F-15,10.99171734,78.0,multi_wall_linear,79.32496433086416,1.3249643308641623,1.3249643308641623,random,22,random
PL_Comms_C2.csv::L-25,Comms,C2,PL_Comms_C2.csv,L-25,8.153295346,93.0,multi_wall_linear,88.81970406594316,-4.1802959340568435,4.1802959340568435,random,22,random
PL_Comms_C2.csv::J-10,Comms,C2,PL_Comms_C2.csv,J-10,19.68441579,111.0,multi_wall_linear,97.34650737366196,-13.653492626338036,13.653492626338036,random,22,random
PL_Library_C2.csv::P-14,Library,C2,PL_Library_C2.csv,P-14,4.020500591,68.0,multi_wall_linear,69.59537461557659,1.5953746155765884,1.5953746155765884,random,22,random
PL_Comms_C2.csv::E-25,Comms,C2,PL_Comms_C2.csv,E-25,4.180457511,78.0,multi_wall_linear,74.43498561252672,-3.5650143874732834,3.5650143874732834,random,22,random
PL_Comms_C1.csv::H-9,Comms,C1,PL_Comms_C1.csv,H-9,20.22374842,93.0,multi_wall_linear,93.64679994615693,0.646799946156932,0.646799946156932,random,22,random
PL_Comms_C2.csv::K-19,Comms,C2,PL_Comms_C2.csv,K-19,11.72502559,88.0,multi_wall_linear,88.37313608072454,0.3731360807245352,0.3731360807245352,random,22,random
PL_Comms_C1.csv::N-24,Comms,C1,PL_Comms_C1.csv,N-24,10.29563014,90.0,multi_wall_linear,91.07664678332418,1.076646783324179,1.076646783324179,random,22,random
PL_Comms_C1.csv::E-3,Comms,C1,PL_Comms_C1.csv,E-3,26.0,108.0,multi_wall_linear,116.44066868965783,8.440668689657826,8.440668689657826,random,22,random
PL_Comms_C2.csv::C-27,Comms,C2,PL_Comms_C2.csv,C-27,3.078347771,66.0,multi_wall_linear,67.51324071413804,1.5132407141380355,1.5132407141380355,random,22,random
PL_Comms_C2.csv::C-32,Comms,C2,PL_Comms_C2.csv,C-32,3.804763462,74.0,multi_wall_linear,73.52400563307847,-0.4759943669215261,0.4759943669215261,random,22,random
PL_Comms_C1.csv::M-52,Comms,C1,PL_Comms_C1.csv,M-52,24.35159132,108.0,multi_wall_linear,115.24967237548961,7.2496723754896095,7.2496723754896095,random,22,random
PL_Comms_C2.csv::E-22,Comms,C2,PL_Comms_C2.csv,E-22,7.104662202,82.0,multi_wall_linear,83.52665932960733,1.5266593296073268,1.5266593296073268,random,22,random
PL_Library_C2.csv::X-20,Library,C2,PL_Library_C2.csv,X-20,14.64428643,81.0,multi_wall_linear,81.59956286153431,0.5995628615343094,0.5995628615343094,random,22,random
PL_Comms_C1.csv::A-45,Comms,C1,PL_Comms_C1.csv,A-45,16.4924225,105.0,multi_wall_linear,103.55730826438963,-1.4426917356103672,1.4426917356103672,random,22,random
PL_Comms_C1.csv::G-8,Comms,C1,PL_Comms_C1.csv,G-8,21.09502311,89.0,multi_wall_linear,98.01605102230641,9.016051022306414,9.016051022306414,random,22,random
PL_Comms_C1.csv::J-57,Comms,C1,PL_Comms_C1.csv,J-57,28.44292531,113.0,multi_wall_linear,104.8684774873868,-8.131522512613202,8.131522512613202,random,22,random
PL_Library_C2.csv::N-24,Library,C2,PL_Library_C2.csv,N-24,10.90787903,82.0,multi_wall_linear,83.21209480049528,1.2120948004952794,1.2120948004952794,random,22,random
PL_Comms_C1.csv::M-24,Comms,C1,PL_Comms_C1.csv,M-24,9.433981132,98.0,multi_wall_linear,90.23111701016848,-7.768882989831525,7.768882989831525,random,22,random
PL_Comms_C2.csv::A-50,Comms,C2,PL_Comms_C2.csv,A-50,21.41205793,115.0,multi_wall_linear,106.08276364642401,-8.917236353575987,8.917236353575987,random,22,random
PL_Comms_C1.csv::O-43,Comms,C1,PL_Comms_C1.csv,O-43,17.20465053,109.0,multi_wall_linear,100.56246402786739,-8.437535972132608,8.437535972132608,random,22,random
PL_SSE_C2.csv::E-8,SSE,C2,PL_SSE_C2.csv,E-8,9.299259379,82.0,multi_wall_linear,81.70232421867354,-0.2976757813264612,0.2976757813264612,random,22,random
PL_Comms_C2.csv::I-21,Comms,C2,PL_Comms_C2.csv,I-21,9.026418171,95.0,multi_wall_linear,85.84268226490988,-9.157317735090118,9.157317735090118,random,22,random
PL_Comms_C2.csv::A-56,Comms,C2,PL_Comms_C2.csv,A-56,27.32171709,111.0,multi_wall_linear,116.3630134580936,5.363013458093604,5.363013458093604,random,22,random
PL_Library_C1.csv::A-4,Library,C1,PL_Library_C1.csv,A-4,23.9724,83.0,multi_wall_linear,86.32668103040429,3.3266810304042878,3.3266810304042878,random,22,random
PL_Comms_C1.csv::J-22,Comms,C1,PL_Comms_C1.csv,J-22,8.602325267,78.0,multi_wall_linear,83.67520826675248,5.6752082667524775,5.6752082667524775,random,22,random
PL_Library_C1.csv::X-18,Library,C1,PL_Library_C1.csv,X-18,13.8183,69.0,multi_wall_linear,80.03595622697523,11.03595622697523,11.03595622697523,random,22,random
PL_SSE_C1.csv::M-2,SSE,C1,PL_SSE_C1.csv,M-2,8.062257748,73.0,multi_wall_linear,80.7886746546239,7.788674654623904,7.788674654623904,random,22,random
PL_Comms_C1.csv::K-36,Comms,C1,PL_Comms_C1.csv,K-36,9.219544457,86.0,multi_wall_linear,94.0036247799018,8.003624779901799,8.003624779901799,random,22,random
PL_SSE_C1.csv::B-6,SSE,C1,PL_SSE_C1.csv,B-6,12.64911064,93.0,multi_wall_linear,84.1776014960935,-8.822398503906498,8.822398503906498,random,22,random
PL_SSE_C2.csv::I-1,SSE,C2,PL_SSE_C2.csv,I-1,10.36707408,86.0,multi_wall_linear,87.18234430060883,1.1823443006088326,1.1823443006088326,random,22,random
PL_Comms_C1.csv::N-51,Comms,C1,PL_Comms_C1.csv,N-51,23.76972865,120.0,multi_wall_linear,113.31378430546386,-6.686215694536145,6.686215694536145,random,22,random
PL_Library_C2.csv::V-20,Library,C2,PL_Library_C2.csv,V-20,12.18023912,80.0,multi_wall_linear,79.31626976074745,-0.6837302392525544,0.6837302392525544,random,22,random
PL_Comms_C1.csv::I-52,Comms,C1,PL_Comms_C1.csv,I-52,23.34523506,113.0,multi_wall_linear,102.95777868398386,-10.042221316016139,10.042221316016139,random,22,random
PL_Library_C2.csv::N-14,Library,C2,PL_Library_C2.csv,N-14,2.969903197,64.0,multi_wall_linear,68.90195683357666,4.901956833576662,4.901956833576662,random,22,random
PL_Comms_C1.csv::G-57,Comms,C1,PL_Comms_C1.csv,G-57,28.0713377,96.0,multi_wall_linear,104.74125903315301,8.741259033153014,8.741259033153014,random,22,random
PL_Comms_C1.csv::H-49,Comms,C1,PL_Comms_C1.csv,H-49,20.22374842,97.0,multi_wall_linear,97.6080015894301,0.6080015894301027,0.6080015894301027,random,22,random
PL_Comms_C2.csv::C-38,Comms,C2,PL_Comms_C2.csv,C-38,9.299259379,85.0,multi_wall_linear,90.09197028069903,5.09197028069903,5.09197028069903,random,22,random
PL_Comms_C2.csv::E-51,Comms,C2,PL_Comms_C2.csv,E-51,22.03352502,106.0,multi_wall_linear,110.32075046798687,4.320750467986869,4.320750467986869,random,22,random
PL_Comms_C2.csv::O-11,Comms,C2,PL_Comms_C2.csv,O-11,20.62707505,122.0,multi_wall_linear,102.31758630143591,-19.68241369856409,19.68241369856409,random,22,random
PL_Comms_C2.csv::G-34,Comms,C2,PL_Comms_C2.csv,G-34,5.520527602,86.0,multi_wall_linear,81.08609811007,-4.913901889930003,4.913901889930003,random,22,random
PL_Comms_C2.csv::L-38,Comms,C2,PL_Comms_C2.csv,L-38,11.46630826,95.0,multi_wall_linear,96.63703512827408,1.6370351282740785,1.6370351282740785,random,22,random
PL_Library_C1.csv::D-7,Library,C1,PL_Library_C1.csv,D-7,18.2297,80.0,multi_wall_linear,83.67741791660403,3.6774179166040284,3.6774179166040284,random,22,random
PL_Library_C1.csv::T-13,Library,C1,PL_Library_C1.csv,T-13,9.0896,73.0,multi_wall_linear,76.98579596310894,3.9857959631089415,3.9857959631089415,random,22,random
PL_Comms_C2.csv::N-55,Comms,C2,PL_Comms_C2.csv,N-55,27.54044707,120.0,multi_wall_linear,116.44015323500429,-3.5598467649957115,3.5598467649957115,random,22,random
PL_Library_C1.csv::F-1,Library,C1,PL_Library_C1.csv,F-1,23.035,84.0,multi_wall_linear,86.48256974308902,2.482569743089016,2.482569743089016,random,22,random
PL_Comms_C1.csv::E-27,Comms,C1,PL_Comms_C1.csv,E-27,2.0,57.0,multi_wall_linear,63.34132412312345,6.341324123123449,6.341324123123449,random,22,random
PL_Comms_C1.csv::G-50,Comms,C1,PL_Comms_C1.csv,G-50,21.09502311,90.0,multi_wall_linear,98.01605102230641,8.016051022306414,8.016051022306414,random,22,random
PL_Comms_C1.csv::F-30,Comms,C1,PL_Comms_C1.csv,F-30,1.414213562,68.0,multi_wall_linear,67.91093882202009,-0.08906117797991442,0.08906117797991442,random,22,random
PL_Comms_C1.csv::O-57,Comms,C1,PL_Comms_C1.csv,O-57,29.73213749,115.0,multi_wall_linear,117.18092642750636,2.180926427506364,2.180926427506364,random,22,random
PL_Library_C1.csv::D-4,Library,C1,PL_Library_C1.csv,D-4,21.1658,85.0,multi_wall_linear,85.66386853292512,0.6638685329251217,0.6638685329251217,random,22,random
PL_Comms_C1.csv::G-23,Comms,C1,PL_Comms_C1.csv,G-23,6.32455532,68.0,multi_wall_linear,78.44024836293465,10.440248362934653,10.440248362934653,random,22,random
PL_SSE_C1.csv::H-1,SSE,C1,PL_SSE_C1.csv,H-1,10.81665383,89.0,multi_wall_linear,89.85230595660036,0.852305956600361,0.852305956600361,random,22,random
PL_Comms_C1.csv::A-29,Comms,C1,PL_Comms_C1.csv,A-29,4.0,67.0,multi_wall_linear,70.0469012933185,3.0469012933184985,3.0469012933184985,random,22,random
PL_Comms_C2.csv::H-34,Comms,C2,PL_Comms_C2.csv,H-34,5.956192156,78.0,multi_wall_linear,81.82092305059949,3.8209230505994896,3.8209230505994896,random,22,random
PL_SSE_C2.csv::F-3,SSE,C2,PL_SSE_C2.csv,F-3,10.69935629,84.0,multi_wall_linear,83.52634850999954,-0.4736514900004636,0.4736514900004636,random,22,random
PL_SSE_C2.csv::M-9,SSE,C2,PL_SSE_C2.csv,M-9,1.86446373,68.0,multi_wall_linear,62.662456400126814,-5.337543599873186,5.337543599873186,random,22,random
PL_Comms_C1.csv::I-5,Comms,C1,PL_Comms_C1.csv,I-5,24.33105012,108.0,multi_wall_linear,99.3967020015424,-8.603297998457606,8.603297998457606,random,22,random
PL_Comms_C2.csv::C-39,Comms,C2,PL_Comms_C2.csv,C-39,10.27016188,85.0,multi_wall_linear,91.0526863450983,6.052686345098294,6.052686345098294,random,22,random
PL_Comms_C2.csv::C-22,Comms,C2,PL_Comms_C2.csv,C-22,7.380801108,86.0,multi_wall_linear,83.89554223133726,-2.1044577686627406,2.1044577686627406,random,22,random
PL_Library_C2.csv::T-20,Library,C2,PL_Library_C2.csv,T-20,9.846294988,75.0,multi_wall_linear,77.75937920208042,2.7593792020804244,2.7593792020804244,random,22,random
PL_Comms_C1.csv::L-39,Comms,C1,PL_Comms_C1.csv,L-39,12.20655562,103.0,multi_wall_linear,97.24224830867541,-5.757751691324586,5.757751691324586,random,22,random
PL_SSE_C1.csv::M-10,SSE,C1,PL_SSE_C1.csv,M-10,1.0,53.0,multi_wall_linear,56.6357469529284,3.6357469529284003,3.6357469529284003,random,22,random
PL_Comms_C1.csv::M-32,Comms,C1,PL_Comms_C1.csv,M-32,8.544003745,86.0,multi_wall_linear,85.86867233385665,-0.13132766614334912,0.13132766614334912,random,22,random
PL_Library_C2.csv::G-15,Library,C2,PL_Library_C2.csv,G-15,9.658026455,79.0,multi_wall_linear,78.07359306012897,-0.9264069398710291,0.9264069398710291,random,22,random
PL_Comms_C1.csv::J-54,Comms,C1,PL_Comms_C1.csv,J-54,25.49509757,103.0,multi_wall_linear,103.81000218262739,0.810002182627386,0.810002182627386,random,22,random
PL_SSE_C1.csv::H-2,SSE,C1,PL_SSE_C1.csv,H-2,10.0,88.0,multi_wall_linear,89.09287074020368,1.0928707402036792,1.0928707402036792,random,22,random
PL_Comms_C1.csv::P-51,Comms,C1,PL_Comms_C1.csv,P-51,24.59674775,112.0,multi_wall_linear,113.64465181394858,1.6446518139485846,1.6446518139485846,random,22,random
PL_Comms_C2.csv::G-8,Comms,C2,PL_Comms_C2.csv,G-8,21.12998403,89.0,multi_wall_linear,98.03207070537064,9.032070705370643,9.032070705370643,random,22,random
PL_Comms_C2.csv::C-31,Comms,C2,PL_Comms_C2.csv,C-31,3.078347771,73.0,multi_wall_linear,71.47444235741122,-1.5255576425887796,1.5255576425887796,random,22,random
PL_Library_C2.csv::U-18,Library,C2,PL_Library_C2.csv,U-18,9.939092011,75.0,multi_wall_linear,76.84816390922097,1.8481639092209718,1.8481639092209718,random,22,random
PL_Comms_C2.csv::L-39,Comms,C2,PL_Comms_C2.csv,L-39,12.26687511,96.0,multi_wall_linear,97.28993579008966,1.2899357900896575,1.2899357900896575,random,22,random
PL_Comms_C2.csv::F-50,Comms,C2,PL_Comms_C2.csv,F-50,21.05887521,84.0,multi_wall_linear,101.96066114712235,17.96066114712235,17.96066114712235,random,22,random
PL_Library_C2.csv::A-8,Library,C2,PL_Library_C2.csv,A-8,20.71883322,90.0,multi_wall_linear,88.87681739577704,-1.1231826042229613,1.1231826042229613,random,22,random
PL_Comms_C1.csv::M-35,Comms,C1,PL_Comms_C1.csv,M-35,10.0,87.0,multi_wall_linear,94.78973720620533,7.789737206205331,7.789737206205331,random,22,random
PL_Comms_C2.csv::C-45,Comms,C2,PL_Comms_C2.csv,C-45,16.1702265,108.0,multi_wall_linear,103.36644448157135,-4.6335555184286505,4.6335555184286505,random,22,random
PL_SSE_C1.csv::L-8,SSE,C1,PL_SSE_C1.csv,L-8,2.828427125,61.0,multi_wall_linear,66.69411270908908,5.694112709089083,5.694112709089083,random,22,random
PL_Comms_C2.csv::G-33,Comms,C2,PL_Comms_C2.csv,G-33,4.634244814,79.0,multi_wall_linear,79.39312834415972,0.3931283441597202,0.3931283441597202,random,22,random
PL_Comms_C1.csv::A-18,Comms,C1,PL_Comms_C1.csv,A-18,11.70469991,90.0,multi_wall_linear,94.57682813318192,4.57682813318192,4.57682813318192,random,22,random
PL_SSE_C2.csv::F-6,SSE,C2,PL_SSE_C2.csv,F-6,9.026418171,96.0,multi_wall_linear,79.1549625395349,-16.845037460465093,16.845037460465093,random,22,random
PL_SSE_C1.csv::D-5,SSE,C1,PL_SSE_C1.csv,D-5,11.18033989,98.0,multi_wall_linear,89.14763583867705,-8.852364161322953,8.852364161322953,random,22,random
PL_Comms_C1.csv::D-38,Comms,C1,PL_Comms_C1.csv,D-38,9.055385138,92.0,multi_wall_linear,89.83487967284856,-2.165120327151442,2.165120327151442,random,22,random
PL_Comms_C2.csv::B-35,Comms,C2,PL_Comms_C2.csv,B-35,6.817347358,78.0,multi_wall_linear,83.12730490229654,5.127304902296544,5.127304902296544,random,22,random
PL_SSE_C1.csv::F-6,SSE,C1,PL_SSE_C1.csv,F-6,8.94427191,83.0,multi_wall_linear,79.06651886644639,-3.933481133553613,3.933481133553613,random,22,random
PL_Comms_C2.csv::L-13,Comms,C2,PL_Comms_C2.csv,L-13,17.50646238,116.0,multi_wall_linear,96.2121495926708,-19.787850407329202,19.787850407329202,random,22,random
PL_Comms_C2.csv::F-25,Comms,C2,PL_Comms_C2.csv,F-25,4.298397957,75.0,multi_wall_linear,78.66533716981927,3.665337169819267,3.665337169819267,random,22,random
PL_Library_C2.csv::Q-17,Library,C2,PL_Library_C2.csv,Q-17,4.45381578,62.0,multi_wall_linear,70.58556536425836,8.585565364258358,8.585565364258358,random,22,random
PL_Comms_C2.csv::F-36,Comms,C2,PL_Comms_C2.csv,F-36,7.174693373,86.0,multi_wall_linear,87.58275239636205,1.5827523963620536,1.5827523963620536,random,22,random
PL_Comms_C1.csv::G-38,Comms,C1,PL_Comms_C1.csv,G-38,9.219544457,94.0,multi_wall_linear,86.04748300727748,-7.952516992722522,7.952516992722522,random,22,random
PL_Comms_C2.csv::P-17,Comms,C2,PL_Comms_C2.csv,P-17,16.32409952,94.0,multi_wall_linear,91.57446136655147,-2.425538633448525,2.425538633448525,random,22,random
PL_Library_C1.csv::J-3,Library,C1,PL_Library_C1.csv,J-3,18.43,81.0,multi_wall_linear,84.32490593779673,3.3249059377967285,3.3249059377967285,random,22,random
PL_Comms_C1.csv::A-51,Comms,C1,PL_Comms_C1.csv,A-51,22.36067977,112.0,multi_wall_linear,110.46333601646705,-1.5366639835329465,1.5366639835329465,random,22,random
PL_SSE_C2.csv::E-4,SSE,C2,PL_SSE_C2.csv,E-4,10.88467845,95.0,multi_wall_linear,87.15269813776877,-7.847301862231234,7.847301862231234,random,22,random
PL_Library_C1.csv::I-10,Library,C1,PL_Library_C1.csv,I-10,10.5829,76.0,multi_wall_linear,78.95829136273007,2.9582913627300655,2.9582913627300655,random,22,random
PL_Comms_C1.csv::M-57,Comms,C1,PL_Comms_C1.csv,M-57,29.12043956,104.0,multi_wall_linear,109.05741582704664,5.05741582704664,5.05741582704664,random,22,random
PL_Comms_C2.csv::D-39,Comms,C2,PL_Comms_C2.csv,D-39,10.12305413,88.0,multi_wall_linear,90.91311442080209,2.9131144208020885,2.9131144208020885,random,22,random
PL_Comms_C2.csv::F-34,Comms,C2,PL_Comms_C2.csv,F-34,5.241776893,93.0,multi_wall_linear,76.62365320464608,-16.376346795353925,16.376346795353925,random,22,random
PL_Comms_C1.csv::B-13,Comms,C1,PL_Comms_C1.csv,B-13,16.2788206,94.0,multi_wall_linear,97.7680675200502,3.768067520050195,3.768067520050195,random,22,random
PL_Comms_C1.csv::C-11,Comms,C1,PL_Comms_C1.csv,C-11,18.11077028,104.0,multi_wall_linear,105.02020910169878,1.0202091016987822,1.0202091016987822,random,22,random
PL_Comms_C1.csv::B-17,Comms,C1,PL_Comms_C1.csv,B-17,12.36931688,91.0,multi_wall_linear,95.11111430843741,4.111114308437408,4.111114308437408,random,22,random
PL_Comms_C2.csv::N-42,Comms,C2,PL_Comms_C2.csv,N-42,15.85800192,102.0,multi_wall_linear,99.77397142185498,-2.2260285781450193,2.2260285781450193,random,22,random
PL_Library_C1.csv::O-7,Library,C1,PL_Library_C1.csv,O-7,12.27,81.0,multi_wall_linear,82.08413624585795,1.0841362458579482,1.0841362458579482,random,22,random
PL_Library_C2.csv::E-4,Library,C2,PL_Library_C2.csv,E-4,20.36128311,97.0,multi_wall_linear,85.28898291349398,-11.711017086506018,11.711017086506018,random,22,random
PL_Library_C2.csv::P-18,Library,C2,PL_Library_C2.csv,P-18,4.020500591,65.0,multi_wall_linear,70.09635587713366,5.096355877133661,5.096355877133661,random,22,random
PL_Comms_C1.csv::G-21,Comms,C1,PL_Comms_C1.csv,G-21,8.246211251,77.0,multi_wall_linear,84.9681261655482,7.968126165548199,7.968126165548199,random,22,random
PL_Library_C2.csv::C-14,Library,C2,PL_Library_C2.csv,C-14,15.1980048,96.0,multi_wall_linear,81.91781491426597,-14.082185085734025,14.082185085734025,random,22,random
PL_Comms_C2.csv::J-28,Comms,C2,PL_Comms_C2.csv,J-28,5.241776893,76.0,multi_wall_linear,76.62365320464608,0.6236532046460752,0.6236532046460752,random,22,random
PL_Library_C1.csv::J-11,Library,C1,PL_Library_C1.csv,J-11,8.6762,70.0,multi_wall_linear,77.03647425944423,7.036474259444233,7.036474259444233,random,22,random
PL_Comms_C2.csv::B-52,Comms,C2,PL_Comms_C2.csv,B-52,23.2266275,115.0,multi_wall_linear,110.83090654277831,-4.169093457221692,4.169093457221692,random,22,random
PL_Comms_C2.csv::E-24,Comms,C2,PL_Comms_C2.csv,E-24,5.14550532,71.0,multi_wall_linear,76.44432472275224,5.444324722752242,5.444324722752242,random,22,random
PL_Comms_C2.csv::C-41,Comms,C2,PL_Comms_C2.csv,C-41,12.22604699,98.0,multi_wall_linear,96.70033458010042,-1.2996654198995827,1.2996654198995827,random,22,random
PL_Comms_C1.csv::I-20,Comms,C1,PL_Comms_C1.csv,I-20,9.848857802,92.0,multi_wall_linear,86.68626267959861,-5.313737320401387,5.313737320401387,random,22,random
PL_Comms_C2.csv::B-48,Comms,C2,PL_Comms_C2.csv,B-48,19.2737185,114.0,multi_wall_linear,105.06493400054566,-8.935065999454338,8.935065999454338,random,22,random
PL_Comms_C2.csv::H-52,Comms,C2,PL_Comms_C2.csv,H-52,23.2266275,90.0,multi_wall_linear,98.94730161295875,8.947301612958753,8.947301612958753,random,22,random
PL_Library_C2.csv::A-12,Library,C2,PL_Library_C2.csv,A-12,18.46999865,94.0,multi_wall_linear,88.53398192574319,-5.466018074256809,5.466018074256809,random,22,random
PL_SSE_C2.csv::D-9,SSE,C2,PL_SSE_C2.csv,D-9,10.12305413,92.0,multi_wall_linear,79.26223052903977,-12.737769470960231,12.737769470960231,random,22,random
PL_Library_C2.csv::S-14,Library,C2,PL_Library_C2.csv,S-14,7.397361016,78.0,multi_wall_linear,76.72852219772112,-1.2714778022788806,1.2714778022788806,random,22,random
PL_Comms_C2.csv::F-17,Comms,C2,PL_Comms_C2.csv,F-17,12.10273626,83.0,multi_wall_linear,92.64106548334517,9.641065483345173,9.641065483345173,random,22,random
PL_Comms_C1.csv::E-24,Comms,C1,PL_Comms_C1.csv,E-24,5.0,67.0,multi_wall_linear,76.16681662011277,9.166816620112769,9.166816620112769,random,22,random
PL_Comms_C2.csv::A-16,Comms,C2,PL_Comms_C2.csv,A-16,13.65562979,103.0,multi_wall_linear,96.06820150624293,-6.931798493757071,6.931798493757071,random,22,random
PL_Comms_C2.csv::I-36,Comms,C2,PL_Comms_C2.csv,I-36,8.153295346,93.0,multi_wall_linear,88.81970406594316,-4.1802959340568435,4.1802959340568435,random,22,random
PL_Library_C2.csv::G-8,Library,C2,PL_Library_C2.csv,G-8,14.45500086,73.0,multi_wall_linear,81.9746857887001,8.9746857887001,8.9746857887001,random,22,random
PL_Comms_C1.csv::A-13,Comms,C1,PL_Comms_C1.csv,A-13,16.4924225,92.0,multi_wall_linear,97.89418028446595,5.894180284465946,5.894180284465946,random,22,random
PL_Comms_C2.csv::K-57,Comms,C2,PL_Comms_C2.csv,K-57,28.66140654,113.0,multi_wall_linear,104.94250410330397,-8.057495896696025,8.057495896696025,random,22,random
PL_Comms_C2.csv::D-43,Comms,C2,PL_Comms_C2.csv,D-43,14.08815904,98.0,multi_wall_linear,98.07179331211579,0.07179331211578699,0.07179331211578699,random,22,random
PL_Comms_C1.csv::G-19,Comms,C1,PL_Comms_C1.csv,G-19,10.19803903,89.0,multi_wall_linear,87.02330804426214,-1.9766919557378628,1.9766919557378628,random,22,random
PL_Comms_C1.csv::E-47,Comms,C1,PL_Comms_C1.csv,E-47,18.0,114.0,multi_wall_linear,104.40350906039146,-9.596490939608543,9.596490939608543,random,22,random
PL_Comms_C2.csv::N-36,Comms,C2,PL_Comms_C2.csv,N-36,11.46630826,86.0,multi_wall_linear,96.11342464437988,10.113424644379876,10.113424644379876,random,22,random
PL_Library_C2.csv::J-6,Library,C2,PL_Library_C2.csv,J-6,14.64428643,96.0,multi_wall_linear,81.55877121136652,-14.441228788633481,14.441228788633481,random,22,random
PL_Library_C2.csv::K-3,Library,C2,PL_Library_C2.csv,K-3,18.11873823,78.0,multi_wall_linear,84.16012590168592,6.160125901685916,6.160125901685916,random,22,random
PL_Comms_C1.csv::E-5,Comms,C1,PL_Comms_C1.csv,E-5,24.0,109.0,multi_wall_linear,115.66632729684906,6.666327296849062,6.666327296849062,random,22,random
PL_Comms_C2.csv::I-5,Comms,C2,PL_Comms_C2.csv,I-5,24.36136747,108.0,multi_wall_linear,99.40874877255412,-8.59125122744588,8.59125122744588,random,22,random
PL_Library_C2.csv::G-10,Library,C2,PL_Library_C2.csv,G-10,12.55142821,83.0,multi_wall_linear,80.06687174762433,-2.933128252375667,2.933128252375667,random,22,random
PL_Comms_C1.csv::C-49,Comms,C1,PL_Comms_C1.csv,C-49,20.09975124,106.0,multi_wall_linear,105.47090779494587,-0.5290922050541269,0.5290922050541269,random,22,random
PL_Library_C2.csv::H-4,Library,C2,PL_Library_C2.csv,H-4,18.21978938,93.0,multi_wall_linear,84.213930048989,-8.786069951011001,8.786069951011001,random,22,random
PL_Comms_C1.csv::M-11,Comms,C1,PL_Comms_C1.csv,M-11,19.6977156,103.0,multi_wall_linear,97.35304149110235,-5.646958508897654,5.646958508897654,random,22,random
PL_Comms_C1.csv::M-30,Comms,C1,PL_Comms_C1.csv,M-30,8.062257748,96.0,multi_wall_linear,85.30722526786926,-10.692774732130744,10.692774732130744,random,22,random
PL_Library_C1.csv::P-16,Library,C1,PL_Library_C1.csv,P-16,2.71,58.0,multi_wall_linear,65.77934940097519,7.7793494009751925,7.7793494009751925,random,22,random
PL_Library_C1.csv::H-5,Library,C1,PL_Library_C1.csv,H-5,16.9781,83.0,multi_wall_linear,83.53109264861686,0.5310926486168626,0.5310926486168626,random,22,random
PL_Library_C2.csv::E-8,Library,C2,PL_Library_C2.csv,E-8,16.36153569,87.0,multi_wall_linear,82.08969128149174,-4.9103087185082614,4.9103087185082614,random,22,random
PL_Comms_C1.csv::D-34,Comms,C1,PL_Comms_C1.csv,D-34,5.099019514,74.0,multi_wall_linear,80.31773087216985,6.317730872169847,6.317730872169847,random,22,random
PL_Library_C2.csv::P-13,Library,C2,PL_Library_C2.csv,P-13,5.034337096,64.0,multi_wall_linear,74.00748883648473,10.007488836484725,10.007488836484725,random,22,random
PL_SSE_C2.csv::I-2,SSE,C2,PL_SSE_C2.csv,I-2,9.511899127,93.0,multi_wall_linear,86.34948843959428,-6.650511560405718,6.650511560405718,random,22,random
PL_Library_C1.csv::R-20,Library,C1,PL_Library_C1.csv,R-20,7.665,76.0,multi_wall_linear,77.57333263966598,1.5733326396659777,1.5733326396659777,random,22,random
PL_Comms_C2.csv::L-31,Comms,C2,PL_Comms_C2.csv,L-31,7.380801108,91.0,multi_wall_linear,84.45289120130943,-6.547108798690573,6.547108798690573,random,22,random
PL_Comms_C2.csv::F-5,Comms,C2,PL_Comms_C2.csv,F-5,24.0515327,94.0,multi_wall_linear,111.72587557796591,17.72587557796591,17.72587557796591,random,22,random
PL_Comms_C2.csv::H-36,Comms,C2,PL_Comms_C2.csv,H-36,7.712083052,80.0,multi_wall_linear,84.3202947731348,4.320294773134805,4.320294773134805,random,22,random
PL_Comms_C2.csv::E-37,Comms,C2,PL_Comms_C2.csv,E-37,8.09173807,88.0,multi_wall_linear,88.74638759325323,0.7463875932532318,0.7463875932532318,random,22,random
PL_Library_C2.csv::S-15,Library,C2,PL_Library_C2.csv,S-15,7.015188878,75.0,multi_wall_linear,74.47968801559873,-0.5203119844012747,0.5203119844012747,random,22,random
PL_Comms_C2.csv::J-12,Comms,C2,PL_Comms_C2.csv,J-12,17.7616504,107.0,multi_wall_linear,98.08781386882401,-8.912186131175986,8.912186131175986,random,22,random
PL_Comms_C2.csv::G-21,Comms,C2,PL_Comms_C2.csv,G-21,8.335239949,86.0,multi_wall_linear,85.07201104922613,-0.9279889507738659,0.9279889507738659,random,22,random
PL_SSE_C1.csv::N-1,SSE,C1,PL_SSE_C1.csv,N-1,9.0,71.0,multi_wall_linear,81.85312531710366,10.853125317103661,10.853125317103661,random,22,random
PL_Comms_C2.csv::G-48,Comms,C2,PL_Comms_C2.csv,G-48,19.14356876,90.0,multi_wall_linear,97.07698278556634,7.076982785566344,7.076982785566344,random,22,random
PL_Comms_C1.csv::A-48,Comms,C1,PL_Comms_C1.csv,A-48,19.41648784,114.0,multi_wall_linear,105.13633044372807,-8.86366955627193,8.86366955627193,random,22,random
PL_Comms_C1.csv::E-49,Comms,C1,PL_Comms_C1.csv,E-49,20.0,105.0,multi_wall_linear,105.42277753359562,0.422777533595621,0.422777533595621,random,22,random
PL_Library_C2.csv::G-5,Library,C2,PL_Library_C2.csv,G-5,17.70876831,75.0,multi_wall_linear,83.93871700629404,8.938717006294041,8.938717006294041,random,22,random
PL_Library_C2.csv::O-4,Library,C2,PL_Library_C2.csv,O-4,16.36153569,92.0,multi_wall_linear,84.86811027750214,-7.13188972249786,7.13188972249786,random,22,random
PL_Comms_C2.csv::L-23,Comms,C2,PL_Comms_C2.csv,L-23,9.299259379,89.0,multi_wall_linear,86.13076863742585,-2.869231362574155,2.869231362574155,random,22,random
PL_Comms_C1.csv::M-53,Comms,C1,PL_Comms_C1.csv,M-53,25.29822128,105.0,multi_wall_linear,111.65741091969068,6.657410919690676,6.657410919690676,random,22,random
PL_Library_C1.csv::Y-18,Library,C1,PL_Library_C1.csv,Y-18,15.1494,74.0,multi_wall_linear,80.92565567554455,6.925655675544547,6.925655675544547,random,22,random
PL_SSE_C2.csv::B-1,SSE,C2,PL_SSE_C2.csv,B-1,15.04912705,109.0,multi_wall_linear,90.78773886133796,-18.212261138662043,18.212261138662043,random,22,random
PL_Comms_C1.csv::P-42,Comms,C1,PL_Comms_C1.csv,P-42,17.02938637,110.0,multi_wall_linear,103.90099948182397,-6.099000518176027,6.099000518176027,random,22,random
PL_Library_C1.csv::I-7,Library,C1,PL_Library_C1.csv,I-7,13.9506,79.0,multi_wall_linear,81.63108180506758,2.6310818050675806,2.6310818050675806,random,22,random
PL_Comms_C1.csv::G-29,Comms,C1,PL_Comms_C1.csv,G-29,2.0,56.0,multi_wall_linear,65.60059942974613,9.600599429746126,9.600599429746126,random,22,random
PL_Comms_C1.csv::G-34,Comms,C1,PL_Comms_C1.csv,G-34,5.385164807,78.0,multi_wall_linear,80.84593346631758,2.8459334663175753,2.8459334663175753,random,22,random
PL_Library_C2.csv::R-22,Library,C2,PL_Library_C2.csv,R-22,9.846294988,72.0,multi_wall_linear,80.49700654792304,8.497006547923036,8.497006547923036,random,22,random
PL_Library_C1.csv::H-9,Library,C1,PL_Library_C1.csv,H-9,12.4925,74.0,multi_wall_linear,80.56311836520543,6.563118365205426,6.563118365205426,random,22,random
PL_Library_C2.csv::O-19,Library,C2,PL_Library_C2.csv,O-19,4.45381578,67.0,multi_wall_linear,71.08654662581543,4.08654662581543,4.08654662581543,random,22,random
PL_Comms_C1.csv::B-34,Comms,C1,PL_Comms_C1.csv,B-34,5.830951895,82.0,multi_wall_linear,79.91341124433288,-2.0865887556671225,2.0865887556671225,random,22,random
PL_Comms_C2.csv::K-22,Comms,C2,PL_Comms_C2.csv,K-22,9.299259379,87.0,multi_wall_linear,84.42884230077533,-2.5711576992246705,2.5711576992246705,random,22,random
PL_SSE_C2.csv::K-4,SSE,C2,PL_SSE_C2.csv,K-4,6.817347358,88.0,multi_wall_linear,79.16610325902336,-8.833896740976641,8.833896740976641,random,22,random
PL_Comms_C2.csv::D-51,Comms,C2,PL_Comms_C2.csv,D-51,22.05620604,112.0,multi_wall_linear,110.33070373992169,-1.6692962600783119,1.6692962600783119,random,22,random
PL_Comms_C1.csv::F-20,Comms,C1,PL_Comms_C1.csv,F-20,9.055385138,85.0,multi_wall_linear,84.17175169292486,-0.8282483070751425,0.8282483070751425,random,22,random
PL_Comms_C2.csv::G-53,Comms,C2,PL_Comms_C2.csv,G-53,24.11381813,97.0,multi_wall_linear,99.30994198785059,2.3099419878505927,2.3099419878505927,random,22,random
PL_SSE_C1.csv::N-9,SSE,C1,PL_SSE_C1.csv,N-9,1.0,52.0,multi_wall_linear,56.6357469529284,4.6357469529284,4.6357469529284,random,22,random
PL_Comms_C2.csv::M-42,Comms,C2,PL_Comms_C2.csv,M-42,15.31261653,110.0,multi_wall_linear,98.87805663794822,-11.12194336205178,11.12194336205178,random,22,random
PL_Comms_C1.csv::M-13,Comms,C1,PL_Comms_C1.csv,M-13,17.88854382,115.0,multi_wall_linear,100.93956801853497,-14.06043198146503,14.06043198146503,random,22,random
PL_Comms_C1.csv::C-31,Comms,C1,PL_Comms_C1.csv,C-31,2.828427125,68.0,multi_wall_linear,70.65531435236227,2.655314352362268,2.655314352362268,random,22,random
PL_Comms_C1.csv::O-28,Comms,C1,PL_Comms_C1.csv,O-28,10.04987562,82.0,multi_wall_linear,81.21859771500758,-0.7814022849924243,0.7814022849924243,random,22,random
PL_Comms_C2.csv::D-37,Comms,C2,PL_Comms_C2.csv,D-37,8.153295346,86.0,multi_wall_linear,88.81970406594316,2.8197040659431565,2.8197040659431565,random,22,random
PL_Comms_C1.csv::B-21,Comms,C1,PL_Comms_C1.csv,B-21,8.544003745,84.0,multi_wall_linear,85.31132336388448,1.3113233638844832,1.3113233638844832,random,22,random
PL_Comms_C2.csv::P-21,Comms,C2,PL_Comms_C2.csv,P-21,13.65562979,96.0,multi_wall_linear,89.84772455634707,-6.1522754436529254,6.1522754436529254,random,22,random
PL_Comms_C1.csv::M-54,Comms,C1,PL_Comms_C1.csv,M-54,26.2488095,118.0,multi_wall_linear,112.01425517697304,-5.9857448230269625,5.9857448230269625,random,22,random
PL_Comms_C1.csv::H-25,Comms,C1,PL_Comms_C1.csv,H-25,5.0,80.0,multi_wall_linear,76.16681662011277,-3.833183379887231,3.833183379887231,random,22,random
PL_Comms_C2.csv::P-42,Comms,C2,PL_Comms_C2.csv,P-42,17.07267481,104.0,multi_wall_linear,103.9255597010404,-0.07444029895960114,0.07444029895960114,random,22,random
PL_Library_C1.csv::U-12,Library,C1,PL_Library_C1.csv,U-12,10.9244,85.0,multi_wall_linear,78.22278020344513,-6.777219796554874,6.777219796554874,random,22,random
PL_Comms_C1.csv::E-38,Comms,C1,PL_Comms_C1.csv,E-38,9.0,85.0,multi_wall_linear,89.77552860365003,4.775528603650031,4.775528603650031,random,22,random
PL_Comms_C2.csv::A-21,Comms,C2,PL_Comms_C2.csv,A-21,9.026418171,92.0,multi_wall_linear,85.84268226490988,-6.157317735090118,6.157317735090118,random,22,random
PL_Library_C1.csv::K-10,Library,C1,PL_Library_C1.csv,K-10,9.0896,71.0,multi_wall_linear,77.48677722466601,6.486777224666014,6.486777224666014,random,22,random
PL_Comms_C2.csv::O-22,Comms,C2,PL_Comms_C2.csv,O-22,12.26687511,95.0,multi_wall_linear,92.77138517684429,-2.2286148231557092,2.2286148231557092,random,22,random
PL_Comms_C2.csv::F-49,Comms,C2,PL_Comms_C2.csv,F-49,20.06181011,93.0,multi_wall_linear,101.49142765383812,8.491427653838116,8.491427653838116,random,22,random
PL_SSE_C1.csv::F-8,SSE,C1,PL_SSE_C1.csv,F-8,8.246211251,80.0,multi_wall_linear,77.77942517861614,-2.220574821383863,2.220574821383863,random,22,random
PL_Library_C1.csv::N-6,Library,C1,PL_Library_C1.csv,N-6,13.55,90.0,multi_wall_linear,83.04409059744704,-6.955909402552962,6.955909402552962,random,22,random
PL_Comms_C2.csv::N-40,Comms,C2,PL_Comms_C2.csv,N-40,14.26450928,100.0,multi_wall_linear,102.18707854303247,2.18707854303247,2.18707854303247,random,22,random
PL_Comms_C1.csv::G-47,Comms,C1,PL_Comms_C1.csv,G-47,18.11077028,86.0,multi_wall_linear,96.54045684518024,10.540456845180245,10.540456845180245,random,22,random
PL_Comms_C1.csv::O-40,Comms,C1,PL_Comms_C1.csv,O-40,14.86606875,98.0,multi_wall_linear,102.58668446009666,4.586684460096663,4.586684460096663,random,22,random
PL_Library_C2.csv::D-8,Library,C2,PL_Library_C2.csv,D-8,17.39495114,80.0,multi_wall_linear,83.22397208305831,3.223972083058314,3.223972083058314,random,22,random
PL_Comms_C1.csv::P-24,Comms,C1,PL_Comms_C1.csv,P-24,12.08304597,96.0,multi_wall_linear,92.62531358973679,-3.374686410263209,3.374686410263209,random,22,random
PL_Comms_C1.csv::D-45,Comms,C1,PL_Comms_C1.csv,D-45,16.03121954,114.0,multi_wall_linear,103.28292177327275,-10.717078226727253,10.717078226727253,random,22,random
PL_Library_C1.csv::S-23,Library,C1,PL_Library_C1.csv,S-23,11.6562,75.0,multi_wall_linear,82.12944356525354,7.129443565253538,7.129443565253538,random,22,random
PL_Comms_C1.csv::H-5,Comms,C1,PL_Comms_C1.csv,H-5,24.18677324,86.0,multi_wall_linear,101.59844160664409,15.598441606644087,15.598441606644087,random,22,random
PL_SSE_C2.csv::C-7,SSE,C2,PL_SSE_C2.csv,C-7,11.46630826,91.0,multi_wall_linear,84.92978352809668,-6.070216471903322,6.070216471903322,random,22,random
PL_SSE_C1.csv::A-7,SSE,C1,PL_SSE_C1.csv,A-7,13.34166406,106.0,multi_wall_linear,89.15546117357972,-16.844538826420276,16.844538826420276,random,22,random
PL_Comms_C1.csv::C-15,Comms,C1,PL_Comms_C1.csv,C-15,14.14213562,96.0,multi_wall_linear,96.40686096602218,0.4068609660221796,0.4068609660221796,random,22,random
PL_Comms_C2.csv::M-33,Comms,C2,PL_Comms_C2.csv,M-33,9.026418171,94.0,multi_wall_linear,86.40003123488205,-7.59996876511795,7.59996876511795,random,22,random
PL_Comms_C2.csv::A-32,Comms,C2,PL_Comms_C2.csv,A-32,5.14550532,78.0,multi_wall_linear,76.44432472275224,-1.555675277247758,1.555675277247758,random,22,random
PL_Library_C2.csv::A-11,Library,C2,PL_Library_C2.csv,A-11,18.91203519,89.0,multi_wall_linear,88.76278201381933,-0.23721798618066714,0.23721798618066714,random,22,random
PL_Library_C2.csv::I-8,Library,C2,PL_Library_C2.csv,I-8,12.84065614,79.0,multi_wall_linear,80.82903946771908,1.8290394677190847,1.8290394677190847,random,22,random
PL_Comms_C1.csv::J-20,Comms,C1,PL_Comms_C1.csv,J-20,10.29563014,96.0,multi_wall_linear,87.11544514005101,-8.884554859948992,8.884554859948992,random,22,random
PL_Comms_C2.csv::K-53,Comms,C2,PL_Comms_C2.csv,K-53,24.76845221,113.0,multi_wall_linear,111.45267465742592,-1.5473253425740836,1.5473253425740836,random,22,random
PL_SSE_C2.csv::J-8,SSE,C2,PL_SSE_C2.csv,J-8,4.634244814,86.0,multi_wall_linear,72.70540861878474,-13.294591381215255,13.294591381215255,random,22,random
PL_Comms_C1.csv::H-54,Comms,C1,PL_Comms_C1.csv,H-54,25.17935662,95.0,multi_wall_linear,99.72824472766942,4.72824472766942,4.72824472766942,random,22,random
PL_Comms_C1.csv::G-55,Comms,C1,PL_Comms_C1.csv,G-55,26.07680962,88.0,multi_wall_linear,104.02825204912303,16.028252049123026,16.028252049123026,random,22,random
PL_Comms_C1.csv::H-50,Comms,C1,PL_Comms_C1.csv,H-50,21.21320344,87.0,multi_wall_linear,98.07009685421592,11.070096854215919,11.070096854215919,random,22,random
PL_Comms_C1.csv::M-40,Comms,C1,PL_Comms_C1.csv,M-40,13.60147051,93.0,multi_wall_linear,94.32783064445377,1.327830644453769,1.327830644453769,random,22,random
PL_Comms_C1.csv::A-14,Comms,C1,PL_Comms_C1.csv,A-14,15.5241747,93.0,multi_wall_linear,97.308872233353,4.308872233353,4.308872233353,random,22,random
PL_Comms_C1.csv::K-47,Comms,C1,PL_Comms_C1.csv,K-47,18.97366596,104.0,multi_wall_linear,104.91314329647844,0.9131432964784381,0.9131432964784381,random,22,random
PL_Comms_C1.csv::D-49,Comms,C1,PL_Comms_C1.csv,D-49,20.02498439,97.0,multi_wall_linear,105.43485506944346,8.434855069443458,8.434855069443458,random,22,random
PL_Library_C1.csv::W-18,Library,C1,PL_Library_C1.csv,W-18,12.4925,79.0,multi_wall_linear,79.06017458053421,0.0601745805342091,0.0601745805342091,random,22,random
PL_Comms_C2.csv::O-25,Comms,C2,PL_Comms_C2.csv,O-25,10.83864498,83.0,multi_wall_linear,87.61267893316617,4.6126789331661655,4.6126789331661655,random,22,random
PL_SSE_C1.csv::K-4,SSE,C1,PL_SSE_C1.csv,K-4,6.708203932,69.0,multi_wall_linear,79.00997096788807,10.009970967888066,10.009970967888066,random,22,random
PL_SSE_C1.csv::A-5,SSE,C1,PL_SSE_C1.csv,A-5,13.92838828,99.0,multi_wall_linear,91.27373482762304,-7.726265172376955,7.726265172376955,random,22,random
PL_Comms_C1.csv::I-38,Comms,C1,PL_Comms_C1.csv,I-38,9.848857802,98.0,multi_wall_linear,94.60866596614498,-3.391334033855017,3.391334033855017,random,22,random
PL_Comms_C1.csv::I-45,Comms,C1,PL_Comms_C1.csv,I-45,16.4924225,104.0,multi_wall_linear,103.55730826438963,-0.44269173561036723,0.44269173561036723,random,22,random
PL_Comms_C1.csv::J-24,Comms,C1,PL_Comms_C1.csv,J-24,7.071067812,77.0,multi_wall_linear,83.48080684866753,6.480806848667527,6.480806848667527,random,22,random
PL_Comms_C1.csv::G-44,Comms,C1,PL_Comms_C1.csv,G-44,15.13274595,87.0,multi_wall_linear,94.80254485946318,7.8025448594631825,7.8025448594631825,random,22,random
PL_Library_C2.csv::I-14,Library,C2,PL_Library_C2.csv,I-14,7.397361016,73.0,multi_wall_linear,75.49383863654973,2.493838636549725,2.493838636549725,random,22,random
PL_Library_C1.csv::Q-6,Library,C1,PL_Library_C1.csv,Q-6,14.1466,80.0,multi_wall_linear,84.00269898478248,4.002698984782484,4.002698984782484,random,22,random
PL_Comms_C1.csv::I-12,Comms,C1,PL_Comms_C1.csv,I-12,17.4642492,103.0,multi_wall_linear,96.18879434319444,-6.811205656805555,6.811205656805555,random,22,random
PL_Comms_C1.csv::F-17,Comms,C1,PL_Comms_C1.csv,F-17,12.04159458,87.0,multi_wall_linear,92.59206912275825,5.592069122758247,5.592069122758247,random,22,random
PL_Comms_C2.csv::K-11,Comms,C2,PL_Comms_C2.csv,K-11,19.01252811,111.0,multi_wall_linear,97.01053438941864,-13.989465610581362,13.989465610581362,random,22,random
PL_Library_C1.csv::B-2,Library,C1,PL_Library_C1.csv,B-2,24.985,82.0,multi_wall_linear,87.26869553540048,5.268695535400482,5.268695535400482,random,22,random
PL_Comms_C1.csv::N-18,Comms,C1,PL_Comms_C1.csv,N-18,14.2126704,90.0,multi_wall_linear,88.53258794203961,-1.467412057960388,1.467412057960388,random,22,random
PL_Library_C1.csv::R-18,Library,C1,PL_Library_C1.csv,R-18,6.0597,69.0,multi_wall_linear,73.56421281903455,4.564212819034552,4.564212819034552,random,22,random
PL_Comms_C2.csv::C-35,Comms,C2,PL_Comms_C2.csv,C-35,6.440203801,77.0,multi_wall_linear,82.57674918909424,5.576749189094244,5.576749189094244,random,22,random
PL_Library_C2.csv::R-18,Library,C2,PL_Library_C2.csv,R-18,6.180349909,69.0,multi_wall_linear,73.75493384551386,4.754933845513861,4.754933845513861,random,22,random
PL_Comms_C2.csv::D-29,Comms,C2,PL_Comms_C2.csv,D-29,1.573602555,64.0,multi_wall_linear,61.021671894074196,-2.9783281059258044,2.9783281059258044,random,22,random
PL_Comms_C1.csv::M-39,Comms,C1,PL_Comms_C1.csv,M-39,12.80624847,98.0,multi_wall_linear,97.70621886766259,-0.2937811323374149,0.2937811323374149,random,22,random
PL_Library_C2.csv::W-20,Library,C2,PL_Library_C2.csv,W-20,13.40039738,70.0,multi_wall_linear,80.74083247723813,10.74083247723813,10.74083247723813,random,22,random
PL_Comms_C2.csv::I-40,Comms,C2,PL_Comms_C2.csv,I-40,11.76759215,107.0,multi_wall_linear,92.36939501203653,-14.630604987963466,14.630604987963466,random,22,random
PL_Comms_C1.csv::G-11,Comms,C1,PL_Comms_C1.csv,G-11,18.11077028,84.0,multi_wall_linear,94.83853050852974,10.838530508529743,10.838530508529743,random,22,random
PL_Library_C1.csv::W-8,Library,C1,PL_Library_C1.csv,W-8,16.3164,87.0,multi_wall_linear,84.38119635937056,-2.6188036406294373,2.6188036406294373,random,22,random
PL_SSE_C1.csv::B-1,SSE,C1,PL_SSE_C1.csv,B-1,15.0,92.0,multi_wall_linear,90.756106623837,-1.243893376163001,1.243893376163001,random,22,random
PL_Comms_C2.csv::J-50,Comms,C2,PL_Comms_C2.csv,J-50,21.62119851,120.0,multi_wall_linear,102.21559455353542,-17.784405446464575,17.784405446464575,random,22,random
PL_Library_C2.csv::W-7,Library,C2,PL_Library_C2.csv,W-7,17.28907965,94.0,multi_wall_linear,84.94136881870367,-9.058631181296334,9.058631181296334,random,22,random
PL_Comms_C1.csv::K-31,Comms,C1,PL_Comms_C1.csv,K-31,6.32455532,75.0,multi_wall_linear,80.69952366955732,5.699523669557323,5.699523669557323,random,22,random
PL_Comms_C2.csv::P-26,Comms,C2,PL_Comms_C2.csv,P-26,11.46630826,90.0,multi_wall_linear,90.41655817837822,0.4165581783782244,0.4165581783782244,random,22,random
PL_Comms_C1.csv::P-13,Comms,C1,PL_Comms_C1.csv,P-13,19.41648784,113.0,multi_wall_linear,101.73247777042705,-11.267522229572947,11.267522229572947,random,22,random
PL_Comms_C2.csv::E-49,Comms,C2,PL_Comms_C2.csv,E-49,20.03687164,101.0,multi_wall_linear,105.4405961156566,4.440596115656604,4.440596115656604,random,22,random
PL_Comms_C1.csv::C-56,Comms,C1,PL_Comms_C1.csv,C-56,27.07397274,118.0,multi_wall_linear,116.2748917366213,-1.7251082633787007,1.7251082633787007,random,22,random
PL_Comms_C2.csv::I-49,Comms,C2,PL_Comms_C2.csv,I-49,20.43223495,108.0,multi_wall_linear,97.70722131865382,-10.292778681346178,10.292778681346178,random,22,random
PL_Comms_C2.csv::B-45,Comms,C2,PL_Comms_C2.csv,B-45,16.32409952,112.0,multi_wall_linear,103.45806629637104,-8.541933703628956,8.541933703628956,random,22,random
PL_Library_C1.csv::M-17,Library,C1,PL_Library_C1.csv,M-17,1.9163,58.0,multi_wall_linear,62.42676589603132,4.42676589603132,4.42676589603132,random,22,random
PL_Comms_C1.csv::N-21,Comms,C1,PL_Comms_C1.csv,N-21,12.04159458,98.0,multi_wall_linear,88.63086747948506,-9.369132520514938,9.369132520514938,random,22,random
PL_Library_C2.csv::L-16,Library,C2,PL_Library_C2.csv,L-16,2.969903197,74.0,multi_wall_linear,66.66531074929112,-7.334689250708877,7.334689250708877,random,22,random
PL_Comms_C1.csv::J-36,Comms,C1,PL_Comms_C1.csv,J-36,8.602325267,93.0,multi_wall_linear,85.377134603403,-7.622865396597007,7.622865396597007,random,22,random
PL_Comms_C1.csv::M-33,Comms,C1,PL_Comms_C1.csv,M-33,8.94427191,85.0,multi_wall_linear,86.31158756179354,1.3115875617935444,1.3115875617935444,random,22,random
PL_Library_C2.csv::G-16,Library,C2,PL_Library_C2.csv,G-16,9.562502288,85.0,multi_wall_linear,81.938635201778,-3.0613647982220016,3.0613647982220016,random,22,random
PL_Comms_C1.csv::I-4,Comms,C1,PL_Comms_C1.csv,I-4,25.3179778,115.0,multi_wall_linear,97.55582116339917,-17.444178836600827,17.444178836600827,random,22,random
PL_Comms_C2.csv::J-47,Comms,C2,PL_Comms_C2.csv,J-47,18.72101026,113.0,multi_wall_linear,104.78345634348224,-8.216543656517757,8.216543656517757,random,22,random
PL_SSE_C2.csv::I-7,SSE,C2,PL_SSE_C2.csv,I-7,5.956192156,79.0,multi_wall_linear,75.13320332522451,-3.866796674775486,3.866796674775486,random,22,random
PL_Comms_C2.csv::H-9,Comms,C2,PL_Comms_C2.csv,H-9,20.26021286,94.0,multi_wall_linear,93.66422713608983,-0.33577286391016514,0.33577286391016514,random,22,random
PL_Library_C1.csv::M-15,Library,C1,PL_Library_C1.csv,M-15,1.9163,72.0,multi_wall_linear,62.42676589603132,-9.57323410396868,9.57323410396868,random,22,random
PL_Library_C1.csv::L-13,Library,C1,PL_Library_C1.csv,L-13,4.8855,71.0,multi_wall_linear,71.48052075710355,0.48052075710354814,0.48052075710354814,random,22,random
PL_Comms_C1.csv::E-30,Comms,C1,PL_Comms_C1.csv,E-30,1.0,69.0,multi_wall_linear,60.596948596201585,-8.403051403798415,8.403051403798415,random,22,random
PL_Comms_C2.csv::D-45,Comms,C2,PL_Comms_C2.csv,D-45,16.07719581,104.0,multi_wall_linear,103.31062662680992,-0.6893733731900795,0.6893733731900795,random,22,random
PL_Comms_C2.csv::J-35,Comms,C2,PL_Comms_C2.csv,J-35,7.904190344,88.0,multi_wall_linear,92.51446509798122,4.5144650979812155,4.5144650979812155,random,22,random
PL_Comms_C1.csv::D-13,Comms,C1,PL_Comms_C1.csv,D-13,16.03121954,97.0,multi_wall_linear,97.61979379334906,0.6197937933490607,0.6197937933490607,random,22,random
PL_Library_C1.csv::A-9,Library,C1,PL_Library_C1.csv,A-9,20.0063,80.0,multi_wall_linear,89.30693794017743,9.306937940177434,9.306937940177434,random,22,random
PL_SSE_C1.csv::L-9,SSE,C1,PL_SSE_C1.csv,L-9,2.236067977,60.0,multi_wall_linear,64.4206809627217,4.420680962721704,4.420680962721704,random,22,random
PL_Library_C2.csv::Q-22,Library,C2,PL_Library_C2.csv,Q-22,9.17046073,74.0,multi_wall_linear,76.57049460698943,2.5704946069894277,2.5704946069894277,random,22,random
PL_Library_C1.csv::G-13,Library,C1,PL_Library_C1.csv,G-13,10.3194,73.0,multi_wall_linear,78.71436976856387,5.71436976856387,5.71436976856387,random,22,random
PL_Library_C2.csv::M-19,Library,C2,PL_Library_C2.csv,M-19,4.45381578,76.0,multi_wall_linear,70.58556536425836,-5.414434635741642,5.414434635741642,random,22,random
PL_Comms_C2.csv::F-4,Comms,C2,PL_Comms_C2.csv,F-4,25.04947554,87.0,multi_wall_linear,108.15796652626449,21.157966526264488,21.157966526264488,random,22,random
PL_Comms_C2.csv::B-37,Comms,C2,PL_Comms_C2.csv,B-37,8.629960892,82.0,multi_wall_linear,89.36936522420237,7.369365224202369,7.369365224202369,random,22,random
PL_Comms_C1.csv::O-11,Comms,C1,PL_Comms_C1.csv,O-11,20.59126028,114.0,multi_wall_linear,102.30077456676459,-11.699225433235412,11.699225433235412,random,22,random
PL_Comms_C1.csv::D-30,Comms,C1,PL_Comms_C1.csv,D-30,1.414213562,69.0,multi_wall_linear,63.94973717874691,-5.050262821253092,5.050262821253092,random,22,random
PL_Library_C2.csv::L-11,Library,C2,PL_Library_C2.csv,L-11,7.397361016,68.0,multi_wall_linear,75.49383863654973,7.493838636549725,7.493838636549725,random,22,random
PL_Comms_C2.csv::B-51,Comms,C2,PL_Comms_C2.csv,B-51,22.23682138,114.0,multi_wall_linear,110.40960108229564,-3.5903989177043627,3.5903989177043627,random,22,random
PL_Library_C2.csv::R-20,Library,C2,PL_Library_C2.csv,R-20,7.760736112,72.0,multi_wall_linear,77.69341415620599,5.693414156205989,5.693414156205989,random,22,random
PL_Library_C1.csv::R-13,Library,C1,PL_Library_C1.csv,R-13,6.775,74.0,multi_wall_linear,74.64364025469132,0.64364025469132,0.64364025469132,random,22,random
PL_SSE_C2.csv::C-5,SSE,C2,PL_SSE_C2.csv,C-5,12.14397896,101.0,multi_wall_linear,89.94745796303056,-11.052542036969442,11.052542036969442,random,22,random
PL_Comms_C2.csv::B-29,Comms,C2,PL_Comms_C2.csv,B-29,3.236699708,72.0,multi_wall_linear,67.99850519990355,-4.001494800096452,4.001494800096452,random,22,random
PL_Library_C2.csv::Q-8,Library,C2,PL_Library_C2.csv,Q-8,11.64070659,74.0,multi_wall_linear,82.1165762032636,8.116576203263605,8.116576203263605,random,22,random
PL_SSE_C2.csv::G-4,SSE,C2,PL_SSE_C2.csv,G-4,9.299259379,76.0,multi_wall_linear,82.16956699415266,6.16956699415266,6.16956699415266,random,22,random
PL_Library_C1.csv::F-6,Library,C1,PL_Library_C1.csv,F-6,17.3525,76.0,multi_wall_linear,83.74210718028505,7.742107180285046,7.742107180285046,random,22,random
PL_Library_C2.csv::R-24,Library,C2,PL_Library_C2.csv,R-24,12.18023912,74.0,multi_wall_linear,79.31626976074745,5.316269760747446,5.316269760747446,random,22,random
PL_Library_C2.csv::P-23,Library,C2,PL_Library_C2.csv,P-23,9.939092011,75.0,multi_wall_linear,77.34914517077804,2.349145170778044,2.349145170778044,random,22,random
PL_Comms_C2.csv::F-11,Comms,C2,PL_Comms_C2.csv,F-11,18.0686531,85.0,multi_wall_linear,104.99768546365158,19.997685463651578,19.997685463651578,random,22,random
PL_Comms_C1.csv::N-28,Comms,C1,PL_Comms_C1.csv,N-28,9.055385138,78.0,multi_wall_linear,80.21055004965167,2.2105500496516726,2.2105500496516726,random,22,random
PL_Library_C1.csv::S-22,Library,C1,PL_Library_C1.csv,S-22,10.5829,67.0,multi_wall_linear,81.1949374470156,14.194937447015604,14.194937447015604,random,22,random
PL_Comms_C2.csv::K-2,Comms,C2,PL_Comms_C2.csv,K-2,27.68530702,102.0,multi_wall_linear,106.34296456820917,4.342964568209169,4.342964568209169,random,22,random
PL_Library_C2.csv::V-17,Library,C2,PL_Library_C2.csv,V-17,10.99171734,74.0,multi_wall_linear,80.55964789203554,6.559647892035542,6.559647892035542,random,22,random
PL_Comms_C1.csv::O-24,Comms,C1,PL_Comms_C1.csv,O-24,11.18033989,90.0,multi_wall_linear,91.87415392077884,1.8741539207788378,1.8741539207788378,random,22,random
PL_Library_C1.csv::O-25,Library,C1,PL_Library_C1.csv,O-25,12.27,89.0,multi_wall_linear,79.8882818117402,-9.1117181882598,9.1117181882598,random,22,random
PL_Comms_C2.csv::B-53,Comms,C2,PL_Comms_C2.csv,B-53,24.21727121,116.0,multi_wall_linear,111.23496196899606,-4.7650380310039395,4.7650380310039395,random,22,random
PL_Comms_C1.csv::I-54,Comms,C1,PL_Comms_C1.csv,I-54,25.3179778,104.0,multi_wall_linear,103.74255962721708,-0.25744037278292353,0.25744037278292353,random,22,random
PL_Comms_C1.csv::E-25,Comms,C1,PL_Comms_C1.csv,E-25,4.0,75.0,multi_wall_linear,74.00810293659168,-0.9918970634083166,0.9918970634083166,random,22,random
PL_Library_C2.csv::D-3,Library,C2,PL_Library_C2.csv,D-3,22.25684052,96.0,multi_wall_linear,86.15011534634866,-9.849884653651344,9.849884653651344,random,22,random
PL_Comms_C2.csv::J-19,Comms,C2,PL_Comms_C2.csv,J-19,11.2461649,98.0,multi_wall_linear,87.9697422014594,-10.030257798540603,10.030257798540603,random,22,random
PL_Comms_C1.csv::L-28,Comms,C1,PL_Comms_C1.csv,L-28,7.071067812,82.0,multi_wall_linear,79.51960520539434,-2.480394794605658,2.480394794605658,random,22,random
PL_Library_C2.csv::I-11,Library,C2,PL_Library_C2.csv,I-11,9.658026455,74.0,multi_wall_linear,78.07359306012897,4.073593060128971,4.073593060128971,random,22,random
PL_SSE_C1.csv::N-3,SSE,C1,PL_SSE_C1.csv,N-3,7.0,71.0,multi_wall_linear,79.42188367018576,8.421883670185764,8.421883670185764,random,22,random
PL_Comms_C1.csv::E-41,Comms,C1,PL_Comms_C1.csv,E-41,12.0,97.0,multi_wall_linear,96.51979622686228,-0.4802037731377169,0.4802037731377169,random,22,random
PL_Comms_C1.csv::B-15,Comms,C1,PL_Comms_C1.csv,B-15,14.31782106,99.0,multi_wall_linear,96.52630040426237,-2.473699595737628,2.473699595737628,random,22,random
PL_Comms_C1.csv::J-21,Comms,C1,PL_Comms_C1.csv,J-21,9.433981132,81.0,multi_wall_linear,84.56798903024479,3.5679890302447888,3.5679890302447888,random,22,random
PL_Comms_C1.csv::I-36,Comms,C1,PL_Comms_C1.csv,I-36,8.062257748,103.0,multi_wall_linear,88.71107794117026,-14.28892205882974,14.28892205882974,random,22,random
PL_Comms_C1.csv::H-34,Comms,C1,PL_Comms_C1.csv,H-34,5.830951895,76.0,multi_wall_linear,81.6153375809834,5.615337580983393,5.615337580983393,random,22,random
PL_Comms_C2.csv::F-54,Comms,C2,PL_Comms_C2.csv,F-54,25.04947554,89.0,multi_wall_linear,107.60061755629232,18.60061755629232,18.60061755629232,random,22,random
PL_Library_C2.csv::U-12,Library,C2,PL_Library_C2.csv,U-12,10.99171734,83.0,multi_wall_linear,78.2822101575822,-4.717789842417801,4.717789842417801,random,22,random
PL_SSE_C1.csv::E-4,SSE,C1,PL_SSE_C1.csv,E-4,10.81665383,95.0,multi_wall_linear,87.09204938842062,-7.9079506115793805,7.9079506115793805,random,22,random
PL_Comms_C2.csv::B-20,Comms,C2,PL_Comms_C2.csv,B-20,9.564320415,81.0,multi_wall_linear,86.40265727750071,5.402657277500708,5.402657277500708,random,22,random
PL_Comms_C2.csv::D-17,Comms,C2,PL_Comms_C2.csv,D-17,12.10273626,97.0,multi_wall_linear,94.90034078996786,-2.0996592100321436,2.0996592100321436,random,22,random
PL_Comms_C1.csv::G-6,Comms,C1,PL_Comms_C1.csv,G-6,23.08679276,90.0,multi_wall_linear,101.14815844082989,11.148158440829889,11.148158440829889,random,22,random
PL_Comms_C2.csv::E-21,Comms,C2,PL_Comms_C2.csv,E-21,8.09173807,91.0,multi_wall_linear,84.78518594998005,-6.214814050019953,6.214814050019953,random,22,random
PL_Comms_C2.csv::J-15,Comms,C2,PL_Comms_C2.csv,J-15,14.91563693,102.0,multi_wall_linear,94.66274555209698,-7.337254447903021,7.337254447903021,random,22,random
PL_Comms_C1.csv::J-55,Comms,C1,PL_Comms_C1.csv,J-55,26.47640459,104.0,multi_wall_linear,104.17537139966188,0.1753713996618842,0.1753713996618842,random,22,random
PL_Comms_C1.csv::C-38,Comms,C1,PL_Comms_C1.csv,C-38,9.219544457,90.0,multi_wall_linear,90.00868465055066,0.008684650550662809,0.008684650550662809,random,22,random
PL_Comms_C2.csv::H-26,Comms,C2,PL_Comms_C2.csv,H-26,4.413187623,79.0,multi_wall_linear,74.95909515701254,-4.040904842987459,4.040904842987459,random,22,random
PL_Library_C1.csv::D-8,Library,C1,PL_Library_C1.csv,D-8,17.3525,79.0,multi_wall_linear,83.20033426856017,4.2003342685601694,4.2003342685601694,random,22,random
PL_Library_C1.csv::Q-9,Library,C1,PL_Library_C1.csv,Q-9,10.3194,70.0,multi_wall_linear,80.95101585284941,10.951015852849409,10.951015852849409,random,22,random
PL_Library_C2.csv::V-5,Library,C2,PL_Library_C2.csv,V-5,18.46999865,84.0,multi_wall_linear,84.34587890380558,0.34587890380558406,0.34587890380558406,random,22,random
PL_Library_C1.csv::Q-23,Library,C1,PL_Library_C1.csv,Q-23,10.3194,73.0,multi_wall_linear,77.71240724544973,4.712407245449725,4.712407245449725,random,22,random
PL_SSE_C2.csv::M-5,SSE,C2,PL_SSE_C2.csv,M-5,5.241776893,77.0,multi_wall_linear,76.62365320464608,-0.3763467953539248,0.3763467953539248,random,22,random
PL_Comms_C2.csv::L-51,Comms,C2,PL_Comms_C2.csv,L-51,23.11874186,108.0,multi_wall_linear,110.7858665016409,2.7858665016408963,2.7858665016408963,random,22,random
PL_SSE_C1.csv::E-5,SSE,C1,PL_SSE_C1.csv,E-5,10.29563014,96.0,multi_wall_linear,86.64820236457189,-9.351797635428113,9.351797635428113,random,22,random
PL_Comms_C2.csv::C-40,Comms,C2,PL_Comms_C2.csv,C-40,11.2461649,100.0,multi_wall_linear,91.93094384473258,-8.069056155267418,8.069056155267418,random,22,random
PL_SSE_C1.csv::C-2,SSE,C1,PL_SSE_C1.csv,C-2,13.60147051,115.0,multi_wall_linear,89.8092800312084,-25.190719968791598,25.190719968791598,random,22,random
PL_Comms_C1.csv::A-2,Comms,C1,PL_Comms_C1.csv,A-2,27.29468813,122.0,multi_wall_linear,116.91078724780931,-5.08921275219069,5.08921275219069,random,22,random
PL_Comms_C1.csv::B-48,Comms,C1,PL_Comms_C1.csv,B-48,19.23538406,110.0,multi_wall_linear,105.0456735443855,-4.954326455614506,4.954326455614506,random,22,random
PL_Comms_C2.csv::J-32,Comms,C2,PL_Comms_C2.csv,J-32,5.956192156,89.0,multi_wall_linear,81.82092305059949,-7.17907694940051,7.17907694940051,random,22,random
PL_Comms_C2.csv::G-13,Comms,C2,PL_Comms_C2.csv,G-13,16.1702265,93.0,multi_wall_linear,93.74211485837446,0.7421148583744639,0.7421148583744639,random,22,random
PL_Comms_C2.csv::G-31,Comms,C2,PL_Comms_C2.csv,G-31,3.078347771,74.0,multi_wall_linear,75.4356440006844,1.4356440006844053,1.4356440006844053,random,22,random
PL_Comms_C2.csv::L-46,Comms,C2,PL_Comms_C2.csv,L-46,18.4248806,110.0,multi_wall_linear,104.62920781494334,-5.370792185056658,5.370792185056658,random,22,random
PL_Library_C1.csv::R-11,Library,C1,PL_Library_C1.csv,R-11,8.6762,75.0,multi_wall_linear,77.03647425944423,2.0364742594442333,2.0364742594442333,random,22,random
PL_Comms_C1.csv::F-23,Comms,C1,PL_Comms_C1.csv,F-23,6.08276253,79.0,multi_wall_linear,82.02434601787911,3.024346017879111,3.024346017879111,random,22,random
PL_SSE_C1.csv::I-4,SSE,C1,PL_SSE_C1.csv,I-4,7.810249676,97.0,multi_wall_linear,84.44265868618292,-12.557341313817076,12.557341313817076,random,22,random
PL_Comms_C1.csv::D-29,Comms,C1,PL_Comms_C1.csv,D-29,1.0,51.0,multi_wall_linear,56.6357469529284,5.6357469529284,5.6357469529284,random,22,random
PL_Comms_C1.csv::B-24,Comms,C1,PL_Comms_C1.csv,B-24,5.830951895,80.0,multi_wall_linear,77.65413593771021,-2.3458640622897917,2.3458640622897917,random,22,random
PL_Library_C2.csv::E-6,Library,C2,PL_Library_C2.csv,E-6,18.27010536,93.0,multi_wall_linear,84.24060934096855,-8.759390659031453,8.759390659031453,random,22,random
PL_Comms_C2.csv::J-34,Comms,C2,PL_Comms_C2.csv,J-34,7.174693373,79.0,multi_wall_linear,89.84202770298472,10.842027702984723,10.842027702984723,random,22,random
PL_Library_C2.csv::G-9,Library,C2,PL_Library_C2.csv,G-9,13.46872952,70.0,multi_wall_linear,80.74924626522058,10.749246265220577,10.749246265220577,random,22,random
PL_Comms_C1.csv::B-51,Comms,C1,PL_Comms_C1.csv,B-51,22.20360331,113.0,multi_wall_linear,110.39513879529466,-2.604861204705344,2.604861204705344,random,22,random
PL_SSE_C1.csv::D-6,SSE,C1,PL_SSE_C1.csv,D-6,10.77032961,89.0,multi_wall_linear,88.78619419409115,-0.2138058059088479,0.2138058059088479,random,22,random
PL_Comms_C1.csv::C-17,Comms,C1,PL_Comms_C1.csv,C-17,12.16552506,95.0,multi_wall_linear,94.95040013797001,-0.04959986202999289,0.04959986202999289,random,22,random
PL_Comms_C1.csv::A-35,Comms,C1,PL_Comms_C1.csv,A-35,7.211102551,95.0,multi_wall_linear,81.96859311994089,-13.031406880059109,13.031406880059109,random,22,random
PL_Comms_C2.csv::F-32,Comms,C2,PL_Comms_C2.csv,F-32,3.387657745,78.0,multi_wall_linear,76.36189811402741,-1.6381018859725884,1.6381018859725884,random,22,random
PL_Library_C1.csv::Q-4,Library,C1,PL_Library_C1.csv,Q-4,16.7604,78.0,multi_wall_linear,85.64289136639334,7.642891366393343,7.642891366393343,random,22,random
PL_Library_C1.csv::N-20,Library,C1,PL_Library_C1.csv,N-20,5.42,68.0,multi_wall_linear,72.48492657117025,4.484926571170249,4.484926571170249,random,22,random
PL_Comms_C2.csv::D-34,Comms,C2,PL_Comms_C2.csv,D-34,5.241776893,86.0,multi_wall_linear,80.58485484791926,-5.41514515208074,5.41514515208074,random,22,random
PL_Comms_C2.csv::I-53,Comms,C2,PL_Comms_C2.csv,I-53,24.36136747,112.0,multi_wall_linear,103.3699504158273,-8.630049584172696,8.630049584172696,random,22,random
PL_Library_C1.csv::G-11,Library,C1,PL_Library_C1.csv,G-11,11.6562,78.0,multi_wall_linear,79.35102456924312,1.3510245692431226,1.3510245692431226,random,22,random
PL_Library_C2.csv::H-11,Library,C2,PL_Library_C2.csv,H-11,10.65240583,91.0,multi_wall_linear,78.47984779132912,-12.52015220867088,12.52015220867088,random,22,random
PL_Library_C1.csv::P-8,Library,C1,PL_Library_C1.csv,P-8,11.1736,74.0,multi_wall_linear,81.72038017613734,7.72038017613734,7.72038017613734,random,22,random
PL_Comms_C2.csv::A-28,Comms,C2,PL_Comms_C2.csv,A-28,4.298397957,65.0,multi_wall_linear,70.7429338832729,5.742933883272897,5.742933883272897,random,22,random
PL_Comms_C2.csv::C-52,Comms,C2,PL_Comms_C2.csv,C-52,23.11874186,122.0,multi_wall_linear,110.7858665016409,-11.214133498359104,11.214133498359104,random,22,random
PL_SSE_C1.csv::N-2,SSE,C1,PL_SSE_C1.csv,N-2,8.0,67.0,multi_wall_linear,80.71368010678674,13.71368010678674,13.71368010678674,random,22,random
PL_Comms_C2.csv::B-22,Comms,C2,PL_Comms_C2.csv,B-22,7.712083052,83.0,multi_wall_linear,84.3202947731348,1.3202947731348047,1.3202947731348047,random,22,random
PL_Comms_C2.csv::G-5,Comms,C2,PL_Comms_C2.csv,G-5,24.11381813,90.0,direct_rf,98.20488293650791,8.204882936507914,8.204882936507914,random,22,random
PL_Comms_C1.csv::F-21,Comms,C1,PL_Comms_C1.csv,F-21,8.062257748,74.0,direct_rf,90.35478171011997,16.354781710119966,16.354781710119966,random,22,random
PL_SSE_C1.csv::D-7,SSE,C1,PL_SSE_C1.csv,D-7,10.44030651,101.0,direct_rf,91.03142857142859,-9.968571428571408,9.968571428571408,random,22,random
PL_Comms_C2.csv::K-3,Comms,C2,PL_Comms_C2.csv,K-3,26.71097574,106.0,direct_rf,107.75502777777783,1.7550277777778263,1.7550277777778263,random,22,random
PL_Comms_C2.csv::E-31,Comms,C2,PL_Comms_C2.csv,E-31,2.340133543,88.0,direct_rf,74.12307307072017,-13.876926929279833,13.876926929279833,random,22,random
PL_Comms_C1.csv::H-55,Comms,C1,PL_Comms_C1.csv,H-55,26.17250466,98.0,direct_rf,97.31415079365081,-0.6858492063491894,0.6858492063491894,random,22,random
PL_Comms_C2.csv::C-56,Comms,C2,PL_Comms_C2.csv,C-56,27.10122184,118.0,direct_rf,114.82828571428573,-3.1717142857142733,3.1717142857142733,random,22,random
PL_Library_C1.csv::G-12,Library,C1,PL_Library_C1.csv,G-12,10.9244,74.0,direct_rf,74.34248701298701,0.34248701298700723,0.34248701298700723,random,22,random
PL_Comms_C2.csv::D-44,Comms,C2,PL_Comms_C2.csv,D-44,15.08231497,101.0,direct_rf,96.14263095238093,-4.857369047619073,4.857369047619073,random,22,random
PL_SSE_C1.csv::K-5,SSE,C1,PL_SSE_C1.csv,K-5,5.830951895,80.0,direct_rf,76.23658531746032,-3.7634146825396755,3.7634146825396755,random,22,random
PL_Comms_C1.csv::H-27,Comms,C1,PL_Comms_C1.csv,H-27,3.605551275,70.0,direct_rf,68.99223255910758,-1.0077674408924224,1.0077674408924224,random,22,random
PL_Library_C1.csv::J-8,Library,C1,PL_Library_C1.csv,J-8,12.1195,78.0,direct_rf,73.34694957983193,-4.653050420168071,4.653050420168071,random,22,random
PL_Library_C2.csv::W-19,Library,C2,PL_Library_C2.csv,W-19,12.91195086,86.0,direct_rf,75.3213511904762,-10.678648809523807,10.678648809523807,random,22,random
PL_Library_C1.csv::P-17,Library,C1,PL_Library_C1.csv,P-17,3.0299,67.0,direct_rf,66.34042297979799,-0.6595770202020077,0.6595770202020077,random,22,random
PL_Comms_C1.csv::O-36,Comms,C1,PL_Comms_C1.csv,O-36,12.20655562,91.0,direct_rf,93.20449999999995,2.2044999999999533,2.2044999999999533,random,22,random
PL_Comms_C2.csv::H-50,Comms,C2,PL_Comms_C2.csv,H-50,21.2479699,99.0,direct_rf,105.33522420634918,6.3352242063491815,6.3352242063491815,random,22,random
PL_Comms_C2.csv::A-18,Comms,C2,PL_Comms_C2.csv,A-18,11.76759215,96.0,direct_rf,93.04946645021644,-2.9505335497835574,2.9505335497835574,random,22,random
PL_Comms_C2.csv::K-50,Comms,C2,PL_Comms_C2.csv,K-50,21.87409941,107.0,direct_rf,103.19854761904762,-3.8014523809523837,3.8014523809523837,random,22,random
PL_Library_C1.csv::P-23,Library,C1,PL_Library_C1.csv,P-23,9.8645,65.0,direct_rf,79.09024544524308,14.090245445243085,14.090245445243085,random,22,random
PL_Library_C1.csv::T-12,Library,C1,PL_Library_C1.csv,T-12,9.771,75.0,direct_rf,76.64999038599727,1.6499903859972704,1.6499903859972704,random,22,random
PL_Library_C1.csv::V-14,Library,C1,PL_Library_C1.csv,V-14,11.1736,80.0,direct_rf,77.39893187514242,-2.6010681248575764,2.6010681248575764,random,22,random
PL_Library_C1.csv::O-9,Library,C1,PL_Library_C1.csv,O-9,9.5813,64.0,direct_rf,75.44324859943977,11.44324859943977,11.44324859943977,random,22,random
PL_Comms_C1.csv::L-21,Comms,C1,PL_Comms_C1.csv,L-21,10.63014581,95.0,direct_rf,86.8103589544514,-8.189641045548598,8.189641045548598,random,22,random
PL_Comms_C1.csv::M-23,Comms,C1,PL_Comms_C1.csv,M-23,10.0,98.0,direct_rf,86.99405072673136,-11.00594927326864,11.00594927326864,random,22,random
PL_Comms_C1.csv::H-3,Comms,C1,PL_Comms_C1.csv,H-3,26.17250466,99.0,direct_rf,98.02722222222225,-0.9727777777777504,0.9727777777777504,random,22,random
PL_Comms_C1.csv::J-25,Comms,C1,PL_Comms_C1.csv,J-25,6.403124237,80.0,direct_rf,85.52276136363635,5.522761363636349,5.522761363636349,random,22,random
PL_Comms_C1.csv::P-17,Comms,C1,PL_Comms_C1.csv,P-17,16.2788206,82.0,direct_rf,90.28870192120192,8.28870192120192,8.28870192120192,random,22,random
PL_Library_C1.csv::F-3,Library,C1,PL_Library_C1.csv,F-3,20.6832,84.0,direct_rf,77.80575595238095,-6.194244047619051,6.194244047619051,random,22,random
PL_Comms_C1.csv::K-44,Comms,C1,PL_Comms_C1.csv,K-44,16.15549442,97.0,direct_rf,103.05106944444444,6.051069444444437,6.051069444444437,random,22,random
PL_Comms_C1.csv::D-40,Comms,C1,PL_Comms_C1.csv,D-40,11.04536102,87.0,direct_rf,92.06414880952383,5.064148809523829,5.064148809523829,random,22,random
PL_Comms_C2.csv::C-20,Comms,C2,PL_Comms_C2.csv,C-20,9.299259379,89.0,direct_rf,85.51933859767684,-3.4806614023231646,3.4806614023231646,random,22,random
PL_Comms_C1.csv::G-35,Comms,C1,PL_Comms_C1.csv,G-35,6.32455532,78.0,direct_rf,85.72603914141415,7.726039141414148,7.726039141414148,random,22,random
PL_Comms_C2.csv::P-57,Comms,C2,PL_Comms_C2.csv,P-57,30.10774361,119.0,direct_rf,121.92130555555552,2.92130555555552,2.92130555555552,random,22,random
PL_Comms_C2.csv::A-3,Comms,C2,PL_Comms_C2.csv,A-3,26.33393675,122.0,direct_rf,116.91663690476193,-5.08336309523807,5.08336309523807,random,22,random
PL_Comms_C2.csv::B-43,Comms,C2,PL_Comms_C2.csv,B-43,14.3692806,92.0,direct_rf,97.86558333333335,5.865583333333348,5.865583333333348,random,22,random
PL_Library_C1.csv::I-12,Library,C1,PL_Library_C1.csv,I-12,8.6762,84.0,direct_rf,77.07113690476191,-6.928863095238086,6.928863095238086,random,22,random
PL_Comms_C1.csv::A-15,Comms,C1,PL_Comms_C1.csv,A-15,14.56021978,90.0,direct_rf,100.932731060606,10.932731060606002,10.932731060606002,random,22,random
PL_Comms_C2.csv::A-52,Comms,C2,PL_Comms_C2.csv,A-52,23.37683094,122.0,direct_rf,113.51410822510826,-8.48589177489174,8.48589177489174,random,22,random
PL_Comms_C1.csv::A-4,Comms,C1,PL_Comms_C1.csv,A-4,25.3179778,118.0,direct_rf,112.25781547619046,-5.7421845238095415,5.7421845238095415,random,22,random
PL_Library_C1.csv::J-9,Library,C1,PL_Library_C1.csv,J-9,10.9244,86.0,direct_rf,77.02883240321975,-8.971167596780248,8.971167596780248,random,22,random
PL_Library_C1.csv::V-11,Library,C1,PL_Library_C1.csv,V-11,12.783,74.0,direct_rf,81.7601406926407,7.760140692640704,7.760140692640704,random,22,random
PL_Comms_C1.csv::F-38,Comms,C1,PL_Comms_C1.csv,F-38,9.055385138,81.0,direct_rf,86.6347738095238,5.634773809523793,5.634773809523793,random,22,random
PL_Library_C1.csv::Q-11,Library,C1,PL_Library_C1.csv,Q-11,7.9009,72.0,direct_rf,71.63101377125294,-0.3689862287470618,0.3689862287470618,random,22,random
PL_Comms_C1.csv::J-10,Comms,C1,PL_Comms_C1.csv,J-10,19.6468827,102.0,direct_rf,103.85868217893217,1.8586821789321704,1.8586821789321704,random,22,random
PL_Library_C2.csv::E-3,Library,C2,PL_Library_C2.csv,E-3,21.4588554,83.0,direct_rf,91.38182142857139,8.381821428571385,8.381821428571385,random,22,random
PL_Library_C1.csv::W-20,Library,C1,PL_Library_C1.csv,W-20,13.3452,72.0,direct_rf,82.03422420634925,10.03422420634925,10.03422420634925,random,22,random
PL_Comms_C1.csv::C-20,Comms,C1,PL_Comms_C1.csv,C-20,9.219544457,88.0,direct_rf,86.09094321528144,-1.9090567847185582,1.9090567847185582,random,22,random
PL_SSE_C2.csv::I-5,SSE,C2,PL_SSE_C2.csv,I-5,7.174693373,85.0,direct_rf,83.74061111111108,-1.259388888888921,1.259388888888921,random,22,random
PL_Comms_C1.csv::I-55,Comms,C1,PL_Comms_C1.csv,I-55,26.30589288,107.0,direct_rf,102.2888095238095,-4.711190476190495,4.711190476190495,random,22,random
PL_Comms_C1.csv::N-17,Comms,C1,PL_Comms_C1.csv,N-17,15.0,97.0,direct_rf,88.77427083333333,-8.225729166666667,8.225729166666667,random,22,random
PL_SSE_C2.csv::K-7,SSE,C2,PL_SSE_C2.csv,K-7,4.413187623,80.0,direct_rf,73.5637400793651,-6.436259920634896,6.436259920634896,random,22,random
PL_Comms_C1.csv::F-51,Comms,C1,PL_Comms_C1.csv,F-51,22.02271555,94.0,direct_rf,102.03086904761902,8.03086904761902,8.03086904761902,random,22,random
PL_Comms_C1.csv::L-31,Comms,C1,PL_Comms_C1.csv,L-31,7.280109889,85.0,direct_rf,88.56672222222224,3.5667222222222392,3.5667222222222392,random,22,random
PL_Comms_C1.csv::H-20,Comms,C1,PL_Comms_C1.csv,H-20,9.486832981,83.0,direct_rf,81.48026587301585,-1.5197341269841473,1.5197341269841473,random,22,random
PL_Library_C1.csv::L-23,Library,C1,PL_Library_C1.csv,L-23,9.8645,83.0,direct_rf,84.12147943722941,1.1214794372294108,1.1214794372294108,random,22,random
PL_Comms_C2.csv::B-17,Comms,C2,PL_Comms_C2.csv,B-17,12.42884649,99.0,direct_rf,96.2274303751804,-2.772569624819596,2.772569624819596,random,22,random
PL_Comms_C2.csv::C-16,Comms,C2,PL_Comms_C2.csv,C-16,13.20894489,99.0,direct_rf,93.32404401154405,-5.675955988455954,5.675955988455954,random,22,random
PL_Comms_C2.csv::F-28,Comms,C2,PL_Comms_C2.csv,F-28,1.86446373,77.0,direct_rf,72.47138017538019,-4.52861982461981,4.52861982461981,random,22,random
PL_Comms_C2.csv::B-14,Comms,C2,PL_Comms_C2.csv,B-14,15.3452346,100.0,direct_rf,97.28249404761904,-2.717505952380961,2.717505952380961,random,22,random
PL_Comms_C2.csv::G-16,Comms,C2,PL_Comms_C2.csv,G-16,13.20894489,92.0,direct_rf,88.8026564506425,-3.197343549357498,3.197343549357498,random,22,random
PL_Comms_C2.csv::G-4,Comms,C2,PL_Comms_C2.csv,G-4,25.10928563,92.0,direct_rf,98.24319246031745,6.243192460317445,6.243192460317445,random,22,random
PL_Comms_C1.csv::K-29,Comms,C1,PL_Comms_C1.csv,K-29,6.0,75.0,direct_rf,77.92239880952377,2.92239880952377,2.92239880952377,random,22,random
PL_Comms_C1.csv::B-42,Comms,C1,PL_Comms_C1.csv,B-42,13.34166406,98.0,direct_rf,97.70948015873017,-0.2905198412698269,0.2905198412698269,random,22,random
PL_Comms_C1.csv::M-29,Comms,C1,PL_Comms_C1.csv,M-29,8.0,78.0,direct_rf,80.4554380252101,2.4554380252101,2.4554380252101,random,22,random
PL_Comms_C1.csv::D-50,Comms,C1,PL_Comms_C1.csv,D-50,21.02379604,110.0,direct_rf,105.92020238095238,-4.079797619047625,4.079797619047625,random,22,random
PL_Comms_C2.csv::D-22,Comms,C2,PL_Comms_C2.csv,D-22,7.174693373,92.0,direct_rf,84.84401587301585,-7.155984126984151,7.155984126984151,random,22,random
PL_Comms_C1.csv::O-54,Comms,C1,PL_Comms_C1.csv,O-54,26.92582404,111.0,direct_rf,112.32494642857142,1.3249464285714225,1.3249464285714225,random,22,random
PL_Comms_C2.csv::K-40,Comms,C2,PL_Comms_C2.csv,K-40,12.58873405,98.0,direct_rf,97.69416071428569,-0.3058392857143133,0.3058392857143133,random,22,random
PL_Comms_C2.csv::G-7,Comms,C2,PL_Comms_C2.csv,G-7,22.12410959,92.0,direct_rf,98.60538888888885,6.605388888888854,6.605388888888854,random,22,random
PL_Comms_C2.csv::H-3,Comms,C2,PL_Comms_C2.csv,H-3,26.20069131,104.0,direct_rf,99.75687103174604,-4.243128968253956,4.243128968253956,random,22,random
PL_Comms_C1.csv::I-24,Comms,C1,PL_Comms_C1.csv,I-24,6.403124237,80.0,direct_rf,82.88546825396827,2.88546825396827,2.88546825396827,random,22,random
PL_Library_C2.csv::N-21,Library,C2,PL_Library_C2.csv,N-21,6.883084338,71.0,direct_rf,74.42731741869244,3.4273174186924393,3.4273174186924393,random,22,random
PL_Comms_C2.csv::O-24,Comms,C2,PL_Comms_C2.csv,O-24,11.2461649,95.0,direct_rf,90.05399206349207,-4.946007936507925,4.946007936507925,random,22,random
PL_Library_C1.csv::E-7,Library,C1,PL_Library_C1.csv,E-7,17.2463,79.0,direct_rf,81.77653921580661,2.776539215806608,2.776539215806608,random,22,random
PL_Comms_C2.csv::G-52,Comms,C2,PL_Comms_C2.csv,G-52,23.11874186,91.0,direct_rf,93.9949107142857,2.9949107142856946,2.9949107142856946,random,22,random
PL_Comms_C1.csv::L-48,Comms,C1,PL_Comms_C1.csv,L-48,20.24845673,112.0,direct_rf,108.54744047619042,-3.452559523809583,3.452559523809583,random,22,random
PL_Comms_C1.csv::H-56,Comms,C1,PL_Comms_C1.csv,H-56,27.16615541,91.0,direct_rf,99.4081686507937,8.408168650793698,8.408168650793698,random,22,random
PL_Comms_C1.csv::H-26,Comms,C1,PL_Comms_C1.csv,H-26,4.242640687,68.0,direct_rf,73.2519218975469,5.251921897546893,5.251921897546893,random,22,random
PL_SSE_C2.csv::N-8,SSE,C2,PL_SSE_C2.csv,N-8,2.340133543,66.0,direct_rf,72.75082341269842,6.7508234126984235,6.7508234126984235,random,22,random
PL_Comms_C1.csv::E-39,Comms,C1,PL_Comms_C1.csv,E-39,10.0,96.0,direct_rf,92.08582142857145,-3.9141785714285504,3.9141785714285504,random,22,random
PL_Comms_C2.csv::P-37,Comms,C2,PL_Comms_C2.csv,P-37,13.65562979,92.0,direct_rf,100.83243650793648,8.832436507936478,8.832436507936478,random,22,random
PL_Comms_C2.csv::C-48,Comms,C2,PL_Comms_C2.csv,C-48,19.14356876,109.0,direct_rf,104.61313690476189,-4.3868630952381125,4.3868630952381125,random,22,random
PL_Comms_C2.csv::E-43,Comms,C2,PL_Comms_C2.csv,E-43,14.05262342,105.0,direct_rf,97.2239603174603,-7.776039682539704,7.776039682539704,random,22,random
PL_Library_C1.csv::R-12,Library,C1,PL_Library_C1.csv,R-12,7.665,75.0,direct_rf,70.03155742204659,-4.968442577953411,4.968442577953411,random,22,random
PL_Comms_C2.csv::O-56,Comms,C2,PL_Comms_C2.csv,O-56,28.8179844,122.0,direct_rf,121.43149999999996,-0.5685000000000429,0.5685000000000429,random,22,random
PL_Comms_C2.csv::H-45,Comms,C2,PL_Comms_C2.csv,H-45,16.32409952,86.0,direct_rf,89.49815786803289,3.498157868032891,3.498157868032891,random,22,random
PL_Comms_C1.csv::J-46,Comms,C1,PL_Comms_C1.csv,J-46,17.72004515,105.0,direct_rf,108.40447619047615,3.404476190476146,3.404476190476146,random,22,random
PL_Comms_C2.csv::E-6,Comms,C2,PL_Comms_C2.csv,E-6,23.03206949,109.0,direct_rf,112.41664285714282,3.4166428571428185,3.4166428571428185,random,22,random
PL_Library_C1.csv::V-20,Library,C1,PL_Library_C1.csv,V-20,12.1195,73.0,direct_rf,72.99376984126981,-0.006230158730190283,0.006230158730190283,random,22,random
PL_Library_C2.csv::N-27,Library,C2,PL_Library_C2.csv,N-27,14.95443914,81.0,direct_rf,82.0669841269841,1.0669841269840958,1.0669841269840958,random,22,random
PL_SSE_C2.csv::L-8,SSE,C2,PL_SSE_C2.csv,L-8,3.078347771,73.0,direct_rf,74.0470873015873,1.0470873015872968,1.0470873015872968,random,22,random
PL_Comms_C2.csv::A-25,Comms,C2,PL_Comms_C2.csv,A-25,5.78586424,82.0,direct_rf,79.63072799422804,-2.369272005771961,2.369272005771961,random,22,random
PL_SSE_C1.csv::N-5,SSE,C1,PL_SSE_C1.csv,N-5,5.0,72.0,direct_rf,72.32721049783548,0.3272104978354804,0.3272104978354804,random,22,random
PL_Comms_C1.csv::I-29,Comms,C1,PL_Comms_C1.csv,I-29,4.0,68.0,direct_rf,74.77129130591631,6.771291305916307,6.771291305916307,random,22,random
PL_Comms_C1.csv::H-30,Comms,C1,PL_Comms_C1.csv,H-30,3.16227766,85.0,direct_rf,68.59234451659452,-16.407655483405478,16.407655483405478,random,22,random
PL_Comms_C2.csv::J-39,Comms,C2,PL_Comms_C2.csv,J-39,11.2461649,95.0,direct_rf,96.8661111111111,1.8661111111110955,1.8661111111110955,random,22,random
PL_Library_C1.csv::P-9,Library,C1,PL_Library_C1.csv,P-9,9.8645,73.0,direct_rf,73.4884787784679,0.48847877846789345,0.48847877846789345,random,22,random
PL_Library_C2.csv::P-8,Library,C2,PL_Library_C2.csv,P-8,11.23948064,76.0,direct_rf,74.86809442110179,-1.1319055788982126,1.1319055788982126,random,22,random
PL_Library_C1.csv::E-2,Library,C1,PL_Library_C1.csv,E-2,22.5517,75.0,direct_rf,81.18700396825396,6.187003968253961,6.187003968253961,random,22,random
PL_SSE_C2.csv::C-4,SSE,C2,PL_SSE_C2.csv,C-4,12.58873405,96.0,direct_rf,100.56051785714286,4.560517857142855,4.560517857142855,random,22,random
PL_Library_C2.csv::F-15,Library,C2,PL_Library_C2.csv,F-15,10.99171734,78.0,direct_rf,72.77039640403378,-5.229603595966225,5.229603595966225,random,22,random
PL_Comms_C2.csv::L-25,Comms,C2,PL_Comms_C2.csv,L-25,8.153295346,93.0,direct_rf,88.5511011904762,-4.448898809523797,4.448898809523797,random,22,random
PL_Comms_C2.csv::J-10,Comms,C2,PL_Comms_C2.csv,J-10,19.68441579,111.0,direct_rf,111.82165674603173,0.821656746031735,0.821656746031735,random,22,random
PL_Library_C2.csv::P-14,Library,C2,PL_Library_C2.csv,P-14,4.020500591,68.0,direct_rf,71.98239629814628,3.982396298146284,3.982396298146284,random,22,random
PL_Comms_C2.csv::E-25,Comms,C2,PL_Comms_C2.csv,E-25,4.180457511,78.0,direct_rf,81.15152200577204,3.151522005772037,3.151522005772037,random,22,random
PL_Comms_C1.csv::H-9,Comms,C1,PL_Comms_C1.csv,H-9,20.22374842,93.0,direct_rf,87.40239957264963,-5.597600427350372,5.597600427350372,random,22,random
PL_Comms_C2.csv::K-19,Comms,C2,PL_Comms_C2.csv,K-19,11.72502559,88.0,direct_rf,90.3664942059752,2.3664942059752008,2.3664942059752008,random,22,random
PL_Comms_C1.csv::N-24,Comms,C1,PL_Comms_C1.csv,N-24,10.29563014,90.0,direct_rf,84.61025595238095,-5.389744047619047,5.389744047619047,random,22,random
PL_Comms_C1.csv::E-3,Comms,C1,PL_Comms_C1.csv,E-3,26.0,108.0,direct_rf,112.57161904761902,4.5716190476190235,4.5716190476190235,random,22,random
PL_Comms_C2.csv::C-27,Comms,C2,PL_Comms_C2.csv,C-27,3.078347771,66.0,direct_rf,74.12040826330534,8.120408263305336,8.120408263305336,random,22,random
PL_Comms_C2.csv::C-32,Comms,C2,PL_Comms_C2.csv,C-32,3.804763462,74.0,direct_rf,75.98106295093797,1.981062950937968,1.981062950937968,random,22,random
PL_Comms_C1.csv::M-52,Comms,C1,PL_Comms_C1.csv,M-52,24.35159132,108.0,direct_rf,111.48000793650793,3.4800079365079313,3.4800079365079313,random,22,random
PL_Comms_C2.csv::E-22,Comms,C2,PL_Comms_C2.csv,E-22,7.104662202,82.0,direct_rf,84.29447961760465,2.294479617604651,2.294479617604651,random,22,random
PL_Library_C2.csv::X-20,Library,C2,PL_Library_C2.csv,X-20,14.64428643,81.0,direct_rf,82.80542230576441,1.8054223057644094,1.8054223057644094,random,22,random
PL_Comms_C1.csv::A-45,Comms,C1,PL_Comms_C1.csv,A-45,16.4924225,105.0,direct_rf,104.27286904761903,-0.7271309523809748,0.7271309523809748,random,22,random
PL_Comms_C1.csv::G-8,Comms,C1,PL_Comms_C1.csv,G-8,21.09502311,89.0,direct_rf,105.68059325396831,16.68059325396831,16.68059325396831,random,22,random
PL_Comms_C1.csv::J-57,Comms,C1,PL_Comms_C1.csv,J-57,28.44292531,113.0,direct_rf,107.0061765873016,-5.993823412698404,5.993823412698404,random,22,random
PL_Library_C2.csv::N-24,Library,C2,PL_Library_C2.csv,N-24,10.90787903,82.0,direct_rf,83.46191792929292,1.4619179292929232,1.4619179292929232,random,22,random
PL_Comms_C1.csv::M-24,Comms,C1,PL_Comms_C1.csv,M-24,9.433981132,98.0,direct_rf,84.23472222222223,-13.765277777777769,13.765277777777769,random,22,random
PL_Comms_C2.csv::A-50,Comms,C2,PL_Comms_C2.csv,A-50,21.41205793,115.0,direct_rf,108.7782797619048,-6.221720238095202,6.221720238095202,random,22,random
PL_Comms_C1.csv::O-43,Comms,C1,PL_Comms_C1.csv,O-43,17.20465053,109.0,direct_rf,106.74949350649351,-2.2505064935064922,2.2505064935064922,random,22,random
PL_SSE_C2.csv::E-8,SSE,C2,PL_SSE_C2.csv,E-8,9.299259379,82.0,direct_rf,82.24222023809521,0.2422202380952143,0.2422202380952143,random,22,random
PL_Comms_C2.csv::I-21,Comms,C2,PL_Comms_C2.csv,I-21,9.026418171,95.0,direct_rf,91.99173821195147,-3.0082617880485287,3.0082617880485287,random,22,random
PL_Comms_C2.csv::A-56,Comms,C2,PL_Comms_C2.csv,A-56,27.32171709,111.0,direct_rf,114.32742857142861,3.3274285714286123,3.3274285714286123,random,22,random
PL_Library_C1.csv::A-4,Library,C1,PL_Library_C1.csv,A-4,23.9724,83.0,direct_rf,84.32431547619048,1.3243154761904776,1.3243154761904776,random,22,random
PL_Comms_C1.csv::J-22,Comms,C1,PL_Comms_C1.csv,J-22,8.602325267,78.0,direct_rf,83.24113445378156,5.241134453781555,5.241134453781555,random,22,random
PL_Library_C1.csv::X-18,Library,C1,PL_Library_C1.csv,X-18,13.8183,69.0,direct_rf,75.67283134920638,6.672831349206376,6.672831349206376,random,22,random
PL_SSE_C1.csv::M-2,SSE,C1,PL_SSE_C1.csv,M-2,8.062257748,73.0,direct_rf,77.73421183473387,4.73421183473387,4.73421183473387,random,22,random
PL_Comms_C1.csv::K-36,Comms,C1,PL_Comms_C1.csv,K-36,9.219544457,86.0,direct_rf,84.12284126984129,-1.8771587301587118,1.8771587301587118,random,22,random
PL_SSE_C1.csv::B-6,SSE,C1,PL_SSE_C1.csv,B-6,12.64911064,93.0,direct_rf,96.88776190476192,3.8877619047619163,3.8877619047619163,random,22,random
PL_SSE_C2.csv::I-1,SSE,C2,PL_SSE_C2.csv,I-1,10.36707408,86.0,direct_rf,92.41716252587989,6.417162525879888,6.417162525879888,random,22,random
PL_Comms_C1.csv::N-51,Comms,C1,PL_Comms_C1.csv,N-51,23.76972865,120.0,direct_rf,114.54261904761907,-5.45738095238093,5.45738095238093,random,22,random
PL_Library_C2.csv::V-20,Library,C2,PL_Library_C2.csv,V-20,12.18023912,80.0,direct_rf,77.746625,-2.2533750000000055,2.2533750000000055,random,22,random
PL_Comms_C1.csv::I-52,Comms,C1,PL_Comms_C1.csv,I-52,23.34523506,113.0,direct_rf,106.21789285714283,-6.782107142857171,6.782107142857171,random,22,random
PL_Library_C2.csv::N-14,Library,C2,PL_Library_C2.csv,N-14,2.969903197,64.0,direct_rf,70.4063551587302,6.406355158730193,6.406355158730193,random,22,random
PL_Comms_C1.csv::G-57,Comms,C1,PL_Comms_C1.csv,G-57,28.0713377,96.0,direct_rf,104.36977182539685,8.369771825396853,8.369771825396853,random,22,random
PL_Comms_C1.csv::H-49,Comms,C1,PL_Comms_C1.csv,H-49,20.22374842,97.0,direct_rf,100.80084126984127,3.8008412698412712,3.8008412698412712,random,22,random
PL_Comms_C2.csv::C-38,Comms,C2,PL_Comms_C2.csv,C-38,9.299259379,85.0,direct_rf,87.24467460317463,2.24467460317463,2.24467460317463,random,22,random
PL_Comms_C2.csv::E-51,Comms,C2,PL_Comms_C2.csv,E-51,22.03352502,106.0,direct_rf,112.70394047619047,6.703940476190468,6.703940476190468,random,22,random
PL_Comms_C2.csv::O-11,Comms,C2,PL_Comms_C2.csv,O-11,20.62707505,122.0,direct_rf,112.20452976190472,-9.795470238095277,9.795470238095277,random,22,random
PL_Comms_C2.csv::G-34,Comms,C2,PL_Comms_C2.csv,G-34,5.520527602,86.0,direct_rf,82.20153373015876,-3.798466269841242,3.798466269841242,random,22,random
PL_Comms_C2.csv::L-38,Comms,C2,PL_Comms_C2.csv,L-38,11.46630826,95.0,direct_rf,93.57722853535351,-1.4227714646464875,1.4227714646464875,random,22,random
PL_Library_C1.csv::D-7,Library,C1,PL_Library_C1.csv,D-7,18.2297,80.0,direct_rf,85.67770118298893,5.677701182988926,5.677701182988926,random,22,random
PL_Library_C1.csv::T-13,Library,C1,PL_Library_C1.csv,T-13,9.0896,73.0,direct_rf,72.31281654312667,-0.6871834568733277,0.6871834568733277,random,22,random
PL_Comms_C2.csv::N-55,Comms,C2,PL_Comms_C2.csv,N-55,27.54044707,120.0,direct_rf,113.44357142857147,-6.556428571428526,6.556428571428526,random,22,random
PL_Library_C1.csv::F-1,Library,C1,PL_Library_C1.csv,F-1,23.035,84.0,direct_rf,80.97936706349205,-3.020632936507951,3.020632936507951,random,22,random
PL_Comms_C1.csv::E-27,Comms,C1,PL_Comms_C1.csv,E-27,2.0,57.0,direct_rf,59.860626984126995,2.860626984126995,2.860626984126995,random,22,random
PL_Comms_C1.csv::G-50,Comms,C1,PL_Comms_C1.csv,G-50,21.09502311,90.0,direct_rf,105.68059325396831,15.680593253968311,15.680593253968311,random,22,random
PL_Comms_C1.csv::F-30,Comms,C1,PL_Comms_C1.csv,F-30,1.414213562,68.0,direct_rf,63.04033694083692,-4.959663059163077,4.959663059163077,random,22,random
PL_Comms_C1.csv::O-57,Comms,C1,PL_Comms_C1.csv,O-57,29.73213749,115.0,direct_rf,113.70223611111109,-1.297763888888909,1.297763888888909,random,22,random
PL_Library_C1.csv::D-4,Library,C1,PL_Library_C1.csv,D-4,21.1658,85.0,direct_rf,81.73159523809521,-3.2684047619047902,3.2684047619047902,random,22,random
PL_Comms_C1.csv::G-23,Comms,C1,PL_Comms_C1.csv,G-23,6.32455532,68.0,direct_rf,80.16758513708511,12.167585137085112,12.167585137085112,random,22,random
PL_SSE_C1.csv::H-1,SSE,C1,PL_SSE_C1.csv,H-1,10.81665383,89.0,direct_rf,89.52848756195505,0.5284875619550462,0.5284875619550462,random,22,random
PL_Comms_C1.csv::A-29,Comms,C1,PL_Comms_C1.csv,A-29,4.0,67.0,direct_rf,66.35503373015871,-0.6449662698412908,0.6449662698412908,random,22,random
PL_Comms_C2.csv::H-34,Comms,C2,PL_Comms_C2.csv,H-34,5.956192156,78.0,direct_rf,84.01981547619053,6.01981547619053,6.01981547619053,random,22,random
PL_SSE_C2.csv::F-3,SSE,C2,PL_SSE_C2.csv,F-3,10.69935629,84.0,direct_rf,88.23416847826088,4.234168478260884,4.234168478260884,random,22,random
PL_SSE_C2.csv::M-9,SSE,C2,PL_SSE_C2.csv,M-9,1.86446373,68.0,direct_rf,65.71029256854257,-2.2897074314574297,2.2897074314574297,random,22,random
PL_Comms_C1.csv::I-5,Comms,C1,PL_Comms_C1.csv,I-5,24.33105012,108.0,direct_rf,96.57274007936509,-11.42725992063491,11.42725992063491,random,22,random
PL_Comms_C2.csv::C-39,Comms,C2,PL_Comms_C2.csv,C-39,10.27016188,85.0,direct_rf,85.9073690476191,0.907369047619099,0.907369047619099,random,22,random
PL_Comms_C2.csv::C-22,Comms,C2,PL_Comms_C2.csv,C-22,7.380801108,86.0,direct_rf,91.12157738095235,5.1215773809523455,5.1215773809523455,random,22,random
PL_Library_C2.csv::T-20,Library,C2,PL_Library_C2.csv,T-20,9.846294988,75.0,direct_rf,78.02093393730658,3.02093393730658,3.02093393730658,random,22,random
PL_Comms_C1.csv::L-39,Comms,C1,PL_Comms_C1.csv,L-39,12.20655562,103.0,direct_rf,93.7737180735931,-9.226281926406898,9.226281926406898,random,22,random
PL_SSE_C1.csv::M-10,SSE,C1,PL_SSE_C1.csv,M-10,1.0,53.0,direct_rf,54.59915277777775,1.5991527777777534,1.5991527777777534,random,22,random
PL_Comms_C1.csv::M-32,Comms,C1,PL_Comms_C1.csv,M-32,8.544003745,86.0,direct_rf,90.67947023809523,4.679470238095234,4.679470238095234,random,22,random
PL_Library_C2.csv::G-15,Library,C2,PL_Library_C2.csv,G-15,9.658026455,79.0,direct_rf,78.69364364216142,-0.30635635783858106,0.30635635783858106,random,22,random
PL_Comms_C1.csv::J-54,Comms,C1,PL_Comms_C1.csv,J-54,25.49509757,103.0,direct_rf,106.93716865079365,3.9371686507936516,3.9371686507936516,random,22,random
PL_SSE_C1.csv::H-2,SSE,C1,PL_SSE_C1.csv,H-2,10.0,88.0,direct_rf,88.37147505240571,0.37147505240571377,0.37147505240571377,random,22,random
PL_Comms_C1.csv::P-51,Comms,C1,PL_Comms_C1.csv,P-51,24.59674775,112.0,direct_rf,111.5721865079365,-0.42781349206350683,0.42781349206350683,random,22,random
PL_Comms_C2.csv::G-8,Comms,C2,PL_Comms_C2.csv,G-8,21.12998403,89.0,direct_rf,103.65653373015871,14.656533730158714,14.656533730158714,random,22,random
PL_Comms_C2.csv::C-31,Comms,C2,PL_Comms_C2.csv,C-31,3.078347771,73.0,direct_rf,74.82127436942142,1.8212743694214168,1.8212743694214168,random,22,random
PL_Library_C2.csv::U-18,Library,C2,PL_Library_C2.csv,U-18,9.939092011,75.0,direct_rf,79.66899213836479,4.668992138364786,4.668992138364786,random,22,random
PL_Comms_C2.csv::L-39,Comms,C2,PL_Comms_C2.csv,L-39,12.26687511,96.0,direct_rf,97.24404942279949,1.2440494227994918,1.2440494227994918,random,22,random
PL_Comms_C2.csv::F-50,Comms,C2,PL_Comms_C2.csv,F-50,21.05887521,84.0,direct_rf,104.85090873015868,20.85090873015868,20.85090873015868,random,22,random
PL_Library_C2.csv::A-8,Library,C2,PL_Library_C2.csv,A-8,20.71883322,90.0,direct_rf,88.89614880952384,-1.1038511904761634,1.1038511904761634,random,22,random
PL_Comms_C1.csv::M-35,Comms,C1,PL_Comms_C1.csv,M-35,10.0,87.0,direct_rf,92.36075595238097,5.36075595238097,5.36075595238097,random,22,random
PL_Comms_C2.csv::C-45,Comms,C2,PL_Comms_C2.csv,C-45,16.1702265,108.0,direct_rf,104.05335119047619,-3.9466488095238077,3.9466488095238077,random,22,random
PL_SSE_C1.csv::L-8,SSE,C1,PL_SSE_C1.csv,L-8,2.828427125,61.0,direct_rf,67.56791955266955,6.567919552669551,6.567919552669551,random,22,random
PL_Comms_C2.csv::G-33,Comms,C2,PL_Comms_C2.csv,G-33,4.634244814,79.0,direct_rf,77.53832303807303,-1.461676961926969,1.461676961926969,random,22,random
PL_Comms_C1.csv::A-18,Comms,C1,PL_Comms_C1.csv,A-18,11.70469991,90.0,direct_rf,93.89860930735937,3.898609307359365,3.898609307359365,random,22,random
PL_SSE_C2.csv::F-6,SSE,C2,PL_SSE_C2.csv,F-6,9.026418171,96.0,direct_rf,83.44394642857142,-12.556053571428578,12.556053571428578,random,22,random
PL_SSE_C1.csv::D-5,SSE,C1,PL_SSE_C1.csv,D-5,11.18033989,98.0,direct_rf,92.28050595238095,-5.719494047619051,5.719494047619051,random,22,random
PL_Comms_C1.csv::D-38,Comms,C1,PL_Comms_C1.csv,D-38,9.055385138,92.0,direct_rf,86.6347738095238,-5.365226190476207,5.365226190476207,random,22,random
PL_Comms_C2.csv::B-35,Comms,C2,PL_Comms_C2.csv,B-35,6.817347358,78.0,direct_rf,84.063477994228,6.063477994227995,6.063477994227995,random,22,random
PL_SSE_C1.csv::F-6,SSE,C1,PL_SSE_C1.csv,F-6,8.94427191,83.0,direct_rf,80.82080112044818,-2.1791988795518193,2.1791988795518193,random,22,random
PL_Comms_C2.csv::L-13,Comms,C2,PL_Comms_C2.csv,L-13,17.50646238,116.0,direct_rf,107.8524140989729,-8.1475859010271,8.1475859010271,random,22,random
PL_Comms_C2.csv::F-25,Comms,C2,PL_Comms_C2.csv,F-25,4.298397957,75.0,direct_rf,78.75866666666667,3.75866666666667,3.75866666666667,random,22,random
PL_Library_C2.csv::Q-17,Library,C2,PL_Library_C2.csv,Q-17,4.45381578,62.0,direct_rf,74.26705122655125,12.267051226551246,12.267051226551246,random,22,random
PL_Comms_C2.csv::F-36,Comms,C2,PL_Comms_C2.csv,F-36,7.174693373,86.0,direct_rf,87.35079761904763,1.3507976190476256,1.3507976190476256,random,22,random
PL_Comms_C1.csv::G-38,Comms,C1,PL_Comms_C1.csv,G-38,9.219544457,94.0,direct_rf,86.09094321528144,-7.909056784718558,7.909056784718558,random,22,random
PL_Comms_C2.csv::P-17,Comms,C2,PL_Comms_C2.csv,P-17,16.32409952,94.0,direct_rf,89.49815786803289,-4.501842131967109,4.501842131967109,random,22,random
PL_Library_C1.csv::J-3,Library,C1,PL_Library_C1.csv,J-3,18.43,81.0,direct_rf,85.17798221031211,4.177982210312109,4.177982210312109,random,22,random
PL_Comms_C1.csv::A-51,Comms,C1,PL_Comms_C1.csv,A-51,22.36067977,112.0,direct_rf,110.48585714285717,-1.5141428571428293,1.5141428571428293,random,22,random
PL_SSE_C2.csv::E-4,SSE,C2,PL_SSE_C2.csv,E-4,10.88467845,95.0,direct_rf,90.40784704968945,-4.592152950310549,4.592152950310549,random,22,random
PL_Library_C1.csv::I-10,Library,C1,PL_Library_C1.csv,I-10,10.5829,76.0,direct_rf,76.56734232385469,0.5673423238546889,0.5673423238546889,random,22,random
PL_Comms_C1.csv::M-57,Comms,C1,PL_Comms_C1.csv,M-57,29.12043956,104.0,direct_rf,103.54348809523816,-0.45651190476183956,0.45651190476183956,random,22,random
PL_Comms_C2.csv::D-39,Comms,C2,PL_Comms_C2.csv,D-39,10.12305413,88.0,direct_rf,90.55365277777781,2.5536527777778133,2.5536527777778133,random,22,random
PL_Comms_C2.csv::F-34,Comms,C2,PL_Comms_C2.csv,F-34,5.241776893,93.0,direct_rf,81.34933531746033,-11.65066468253967,11.65066468253967,random,22,random
PL_Comms_C1.csv::B-13,Comms,C1,PL_Comms_C1.csv,B-13,16.2788206,94.0,direct_rf,98.09013834776334,4.090138347763343,4.090138347763343,random,22,random
PL_Comms_C1.csv::C-11,Comms,C1,PL_Comms_C1.csv,C-11,18.11077028,104.0,direct_rf,100.74154761904764,-3.258452380952363,3.258452380952363,random,22,random
PL_Comms_C1.csv::B-17,Comms,C1,PL_Comms_C1.csv,B-17,12.36931688,91.0,direct_rf,92.48211093073594,1.4821109307359421,1.4821109307359421,random,22,random
PL_Comms_C2.csv::N-42,Comms,C2,PL_Comms_C2.csv,N-42,15.85800192,102.0,direct_rf,99.6440238095238,-2.3559761904761984,2.3559761904761984,random,22,random
PL_Library_C1.csv::O-7,Library,C1,PL_Library_C1.csv,O-7,12.27,81.0,direct_rf,78.39334523809522,-2.606654761904778,2.606654761904778,random,22,random
PL_Library_C2.csv::E-4,Library,C2,PL_Library_C2.csv,E-4,20.36128311,97.0,direct_rf,92.69227380952385,-4.307726190476146,4.307726190476146,random,22,random
PL_Library_C2.csv::P-18,Library,C2,PL_Library_C2.csv,P-18,4.020500591,65.0,direct_rf,71.1211708152958,6.121170815295798,6.121170815295798,random,22,random
PL_Comms_C1.csv::G-21,Comms,C1,PL_Comms_C1.csv,G-21,8.246211251,77.0,direct_rf,84.26349797996123,7.26349797996123,7.26349797996123,random,22,random
PL_Library_C2.csv::C-14,Library,C2,PL_Library_C2.csv,C-14,15.1980048,96.0,direct_rf,78.94259523809525,-17.05740476190475,17.05740476190475,random,22,random
PL_Comms_C2.csv::J-28,Comms,C2,PL_Comms_C2.csv,J-28,5.241776893,76.0,direct_rf,81.34933531746033,5.34933531746033,5.34933531746033,random,22,random
PL_Library_C1.csv::J-11,Library,C1,PL_Library_C1.csv,J-11,8.6762,70.0,direct_rf,74.19739975882405,4.197399758824048,4.197399758824048,random,22,random
PL_Comms_C2.csv::B-52,Comms,C2,PL_Comms_C2.csv,B-52,23.2266275,115.0,direct_rf,113.3809534632035,-1.6190465367965032,1.6190465367965032,random,22,random
PL_Comms_C2.csv::E-24,Comms,C2,PL_Comms_C2.csv,E-24,5.14550532,71.0,direct_rf,82.27966269841268,11.279662698412679,11.279662698412679,random,22,random
PL_Comms_C2.csv::C-41,Comms,C2,PL_Comms_C2.csv,C-41,12.22604699,98.0,direct_rf,101.74926984126985,3.74926984126985,3.74926984126985,random,22,random
PL_Comms_C1.csv::I-20,Comms,C1,PL_Comms_C1.csv,I-20,9.848857802,92.0,direct_rf,84.08043527877356,-7.919564721226436,7.919564721226436,random,22,random
PL_Comms_C2.csv::B-48,Comms,C2,PL_Comms_C2.csv,B-48,19.2737185,114.0,direct_rf,109.81980357142855,-4.180196428571449,4.180196428571449,random,22,random
PL_Comms_C2.csv::H-52,Comms,C2,PL_Comms_C2.csv,H-52,23.2266275,90.0,direct_rf,99.0912321428571,9.091232142857095,9.091232142857095,random,22,random
PL_Library_C2.csv::A-12,Library,C2,PL_Library_C2.csv,A-12,18.46999865,94.0,direct_rf,84.75053373015871,-9.249466269841292,9.249466269841292,random,22,random
PL_SSE_C2.csv::D-9,SSE,C2,PL_SSE_C2.csv,D-9,10.12305413,92.0,direct_rf,97.34442857142854,5.344428571428537,5.344428571428537,random,22,random
PL_Library_C2.csv::S-14,Library,C2,PL_Library_C2.csv,S-14,7.397361016,78.0,direct_rf,74.51600793650793,-3.4839920634920674,3.4839920634920674,random,22,random
PL_Comms_C2.csv::F-17,Comms,C2,PL_Comms_C2.csv,F-17,12.10273626,83.0,direct_rf,88.5562976190476,5.556297619047598,5.556297619047598,random,22,random
PL_Comms_C1.csv::E-24,Comms,C1,PL_Comms_C1.csv,E-24,5.0,67.0,direct_rf,73.89681493506492,6.896814935064924,6.896814935064924,random,22,random
PL_Comms_C2.csv::A-16,Comms,C2,PL_Comms_C2.csv,A-16,13.65562979,103.0,direct_rf,97.8921369047619,-5.107863095238102,5.107863095238102,random,22,random
PL_Comms_C2.csv::I-36,Comms,C2,PL_Comms_C2.csv,I-36,8.153295346,93.0,direct_rf,88.5511011904762,-4.448898809523797,4.448898809523797,random,22,random
PL_Library_C2.csv::G-8,Library,C2,PL_Library_C2.csv,G-8,14.45500086,73.0,direct_rf,82.10236850090912,9.102368500909122,9.102368500909122,random,22,random
PL_Comms_C1.csv::A-13,Comms,C1,PL_Comms_C1.csv,A-13,16.4924225,92.0,direct_rf,99.64504112554113,7.645041125541127,7.645041125541127,random,22,random
PL_Comms_C2.csv::K-57,Comms,C2,PL_Comms_C2.csv,K-57,28.66140654,113.0,direct_rf,110.30848611111111,-2.691513888888892,2.691513888888892,random,22,random
PL_Comms_C2.csv::D-43,Comms,C2,PL_Comms_C2.csv,D-43,14.08815904,98.0,direct_rf,95.42478769841267,-2.575212301587328,2.575212301587328,random,22,random
PL_Comms_C1.csv::G-19,Comms,C1,PL_Comms_C1.csv,G-19,10.19803903,89.0,direct_rf,84.45921819814883,-4.540781801851168,4.540781801851168,random,22,random
PL_Comms_C1.csv::E-47,Comms,C1,PL_Comms_C1.csv,E-47,18.0,114.0,direct_rf,108.90250198412694,-5.097498015873057,5.097498015873057,random,22,random
PL_Comms_C2.csv::N-36,Comms,C2,PL_Comms_C2.csv,N-36,11.46630826,86.0,direct_rf,92.94367117604617,6.943671176046166,6.943671176046166,random,22,random
PL_Library_C2.csv::J-6,Library,C2,PL_Library_C2.csv,J-6,14.64428643,96.0,direct_rf,83.35513262322473,-12.644867376775267,12.644867376775267,random,22,random
PL_Library_C2.csv::K-3,Library,C2,PL_Library_C2.csv,K-3,18.11873823,78.0,direct_rf,87.9477668395546,9.947766839554603,9.947766839554603,random,22,random
PL_Comms_C1.csv::E-5,Comms,C1,PL_Comms_C1.csv,E-5,24.0,109.0,direct_rf,114.13347023809527,5.133470238095271,5.133470238095271,random,22,random
PL_Comms_C2.csv::I-5,Comms,C2,PL_Comms_C2.csv,I-5,24.36136747,108.0,direct_rf,94.86564285714284,-13.134357142857155,13.134357142857155,random,22,random
PL_Library_C2.csv::G-10,Library,C2,PL_Library_C2.csv,G-10,12.55142821,83.0,direct_rf,82.04957341269842,-0.9504265873015783,0.9504265873015783,random,22,random
PL_Comms_C1.csv::C-49,Comms,C1,PL_Comms_C1.csv,C-49,20.09975124,106.0,direct_rf,107.16579166666662,1.165791666666621,1.165791666666621,random,22,random
PL_Library_C2.csv::H-4,Library,C2,PL_Library_C2.csv,H-4,18.21978938,93.0,direct_rf,86.72782834749108,-6.272171652508916,6.272171652508916,random,22,random
PL_Comms_C1.csv::M-11,Comms,C1,PL_Comms_C1.csv,M-11,19.6977156,103.0,direct_rf,103.71534884559884,0.7153488455988395,0.7153488455988395,random,22,random
PL_Comms_C1.csv::M-30,Comms,C1,PL_Comms_C1.csv,M-30,8.062257748,96.0,direct_rf,90.65989285714286,-5.340107142857136,5.340107142857136,random,22,random
PL_Library_C1.csv::P-16,Library,C1,PL_Library_C1.csv,P-16,2.71,58.0,direct_rf,63.824982503607515,5.824982503607515,5.824982503607515,random,22,random
PL_Library_C1.csv::H-5,Library,C1,PL_Library_C1.csv,H-5,16.9781,83.0,direct_rf,82.73694679726025,-0.26305320273975497,0.26305320273975497,random,22,random
PL_Library_C2.csv::E-8,Library,C2,PL_Library_C2.csv,E-8,16.36153569,87.0,direct_rf,83.53981547619043,-3.4601845238095734,3.4601845238095734,random,22,random
PL_Comms_C1.csv::D-34,Comms,C1,PL_Comms_C1.csv,D-34,5.099019514,74.0,direct_rf,79.44626984126984,5.446269841269839,5.446269841269839,random,22,random
PL_Library_C2.csv::P-13,Library,C2,PL_Library_C2.csv,P-13,5.034337096,64.0,direct_rf,71.07370337301589,7.0737033730158885,7.0737033730158885,random,22,random
PL_SSE_C2.csv::I-2,SSE,C2,PL_SSE_C2.csv,I-2,9.511899127,93.0,direct_rf,87.96588900560224,-5.034110994397764,5.034110994397764,random,22,random
PL_Library_C1.csv::R-20,Library,C1,PL_Library_C1.csv,R-20,7.665,76.0,direct_rf,71.26070496894411,-4.739295031055889,4.739295031055889,random,22,random
PL_Comms_C2.csv::L-31,Comms,C2,PL_Comms_C2.csv,L-31,7.380801108,91.0,direct_rf,93.7091150793651,2.7091150793651053,2.7091150793651053,random,22,random
PL_Comms_C2.csv::F-5,Comms,C2,PL_Comms_C2.csv,F-5,24.0515327,94.0,direct_rf,99.33536706349203,5.335367063492029,5.335367063492029,random,22,random
PL_Comms_C2.csv::H-36,Comms,C2,PL_Comms_C2.csv,H-36,7.712083052,80.0,direct_rf,86.66520448179276,6.665204481792756,6.665204481792756,random,22,random
PL_Comms_C2.csv::E-37,Comms,C2,PL_Comms_C2.csv,E-37,8.09173807,88.0,direct_rf,88.10450595238095,0.10450595238094706,0.10450595238094706,random,22,random
PL_Library_C2.csv::S-15,Library,C2,PL_Library_C2.csv,S-15,7.015188878,75.0,direct_rf,75.04527647352649,0.045276473526485006,0.045276473526485006,random,22,random
PL_Comms_C2.csv::J-12,Comms,C2,PL_Comms_C2.csv,J-12,17.7616504,107.0,direct_rf,107.9959140989729,0.9959140989729036,0.9959140989729036,random,22,random
PL_Comms_C2.csv::G-21,Comms,C2,PL_Comms_C2.csv,G-21,8.335239949,86.0,direct_rf,88.48383913308913,2.483839133089134,2.483839133089134,random,22,random
PL_SSE_C1.csv::N-1,SSE,C1,PL_SSE_C1.csv,N-1,9.0,71.0,direct_rf,76.24047969187674,5.240479691876743,5.240479691876743,random,22,random
PL_Comms_C2.csv::G-48,Comms,C2,PL_Comms_C2.csv,G-48,19.14356876,90.0,direct_rf,98.14854166666666,8.14854166666666,8.14854166666666,random,22,random
PL_Comms_C1.csv::A-48,Comms,C1,PL_Comms_C1.csv,A-48,19.41648784,114.0,direct_rf,107.37481908369404,-6.625180916305965,6.625180916305965,random,22,random
PL_Comms_C1.csv::E-49,Comms,C1,PL_Comms_C1.csv,E-49,20.0,105.0,direct_rf,107.56295833333334,2.5629583333333414,2.5629583333333414,random,22,random
PL_Library_C2.csv::G-5,Library,C2,PL_Library_C2.csv,G-5,17.70876831,75.0,direct_rf,85.41877838356615,10.41877838356615,10.41877838356615,random,22,random
PL_Library_C2.csv::O-4,Library,C2,PL_Library_C2.csv,O-4,16.36153569,92.0,direct_rf,79.64013690476189,-12.359863095238111,12.359863095238111,random,22,random
PL_Comms_C2.csv::L-23,Comms,C2,PL_Comms_C2.csv,L-23,9.299259379,89.0,direct_rf,85.51933859767684,-3.4806614023231646,3.4806614023231646,random,22,random
PL_Comms_C1.csv::M-53,Comms,C1,PL_Comms_C1.csv,M-53,25.29822128,105.0,direct_rf,111.7474523809524,6.747452380952396,6.747452380952396,random,22,random
PL_Library_C1.csv::Y-18,Library,C1,PL_Library_C1.csv,Y-18,15.1494,74.0,direct_rf,78.15348214285714,4.153482142857143,4.153482142857143,random,22,random
PL_SSE_C2.csv::B-1,SSE,C2,PL_SSE_C2.csv,B-1,15.04912705,109.0,direct_rf,93.26840679965677,-15.731593200343227,15.731593200343227,random,22,random
PL_Comms_C1.csv::P-42,Comms,C1,PL_Comms_C1.csv,P-42,17.02938637,110.0,direct_rf,100.42663379594264,-9.573366204057365,9.573366204057365,random,22,random
PL_Library_C1.csv::I-7,Library,C1,PL_Library_C1.csv,I-7,13.9506,79.0,direct_rf,81.30623358027422,2.306233580274224,2.306233580274224,random,22,random
PL_Comms_C1.csv::G-29,Comms,C1,PL_Comms_C1.csv,G-29,2.0,56.0,direct_rf,59.955626984126994,3.9556269841269938,3.9556269841269938,random,22,random
PL_Comms_C1.csv::G-34,Comms,C1,PL_Comms_C1.csv,G-34,5.385164807,78.0,direct_rf,80.40342857142853,2.4034285714285346,2.4034285714285346,random,22,random
PL_Library_C2.csv::R-22,Library,C2,PL_Library_C2.csv,R-22,9.846294988,72.0,direct_rf,74.33815173796788,2.338151737967877,2.338151737967877,random,22,random
PL_Library_C1.csv::H-9,Library,C1,PL_Library_C1.csv,H-9,12.4925,74.0,direct_rf,76.02513275613275,2.0251327561327486,2.0251327561327486,random,22,random
PL_Library_C2.csv::O-19,Library,C2,PL_Library_C2.csv,O-19,4.45381578,67.0,direct_rf,72.8988234126984,5.898823412698405,5.898823412698405,random,22,random
PL_Comms_C1.csv::B-34,Comms,C1,PL_Comms_C1.csv,B-34,5.830951895,82.0,direct_rf,75.94341269841269,-6.056587301587314,6.056587301587314,random,22,random
PL_Comms_C2.csv::K-22,Comms,C2,PL_Comms_C2.csv,K-22,9.299259379,87.0,direct_rf,84.52931349206348,-2.47068650793652,2.47068650793652,random,22,random
PL_SSE_C2.csv::K-4,SSE,C2,PL_SSE_C2.csv,K-4,6.817347358,88.0,direct_rf,73.02647619047623,-14.973523809523769,14.973523809523769,random,22,random
PL_Comms_C2.csv::D-51,Comms,C2,PL_Comms_C2.csv,D-51,22.05620604,112.0,direct_rf,112.61810714285716,0.6181071428571556,0.6181071428571556,random,22,random
PL_Comms_C1.csv::F-20,Comms,C1,PL_Comms_C1.csv,F-20,9.055385138,85.0,direct_rf,83.77691818394025,-1.2230818160597465,1.2230818160597465,random,22,random
PL_Comms_C2.csv::G-53,Comms,C2,PL_Comms_C2.csv,G-53,24.11381813,97.0,direct_rf,94.12827976190476,-2.871720238095236,2.871720238095236,random,22,random
PL_SSE_C1.csv::N-9,SSE,C1,PL_SSE_C1.csv,N-9,1.0,52.0,direct_rf,54.59915277777775,2.5991527777777534,2.5991527777777534,random,22,random
PL_Comms_C2.csv::M-42,Comms,C2,PL_Comms_C2.csv,M-42,15.31261653,110.0,direct_rf,102.48933333333329,-7.510666666666708,7.510666666666708,random,22,random
PL_Comms_C1.csv::M-13,Comms,C1,PL_Comms_C1.csv,M-13,17.88854382,115.0,direct_rf,104.67756493506498,-10.322435064935021,10.322435064935021,random,22,random
PL_Comms_C1.csv::C-31,Comms,C1,PL_Comms_C1.csv,C-31,2.828427125,68.0,direct_rf,72.96974855699855,4.969748556998553,4.969748556998553,random,22,random
PL_Comms_C1.csv::O-28,Comms,C1,PL_Comms_C1.csv,O-28,10.04987562,82.0,direct_rf,80.43904546238785,-1.5609545376121474,1.5609545376121474,random,22,random
PL_Comms_C2.csv::D-37,Comms,C2,PL_Comms_C2.csv,D-37,8.153295346,86.0,direct_rf,88.5511011904762,2.551101190476203,2.551101190476203,random,22,random
PL_Comms_C1.csv::B-21,Comms,C1,PL_Comms_C1.csv,B-21,8.544003745,84.0,direct_rf,86.60905937118437,2.6090593711843724,2.6090593711843724,random,22,random
PL_Comms_C2.csv::P-21,Comms,C2,PL_Comms_C2.csv,P-21,13.65562979,96.0,direct_rf,91.1969223236584,-4.803077676341601,4.803077676341601,random,22,random
PL_Comms_C1.csv::M-54,Comms,C1,PL_Comms_C1.csv,M-54,26.2488095,118.0,direct_rf,116.46037301587303,-1.5396269841269685,1.5396269841269685,random,22,random
PL_Comms_C1.csv::H-25,Comms,C1,PL_Comms_C1.csv,H-25,5.0,80.0,direct_rf,73.89681493506492,-6.103185064935076,6.103185064935076,random,22,random
PL_Comms_C2.csv::P-42,Comms,C2,PL_Comms_C2.csv,P-42,17.07267481,104.0,direct_rf,101.12245973389352,-2.877540266106479,2.877540266106479,random,22,random
PL_Library_C1.csv::U-12,Library,C1,PL_Library_C1.csv,U-12,10.9244,85.0,direct_rf,73.68549603174601,-11.314503968253987,11.314503968253987,random,22,random
PL_Comms_C1.csv::E-38,Comms,C1,PL_Comms_C1.csv,E-38,9.0,85.0,direct_rf,86.78956547619048,1.7895654761904751,1.7895654761904751,random,22,random
PL_Comms_C2.csv::A-21,Comms,C2,PL_Comms_C2.csv,A-21,9.026418171,92.0,direct_rf,91.99173821195147,-0.008261788048528729,0.008261788048528729,random,22,random
PL_Library_C1.csv::K-10,Library,C1,PL_Library_C1.csv,K-10,9.0896,71.0,direct_rf,73.81924614562438,2.8192461456243763,2.8192461456243763,random,22,random
PL_Comms_C2.csv::O-22,Comms,C2,PL_Comms_C2.csv,O-22,12.26687511,95.0,direct_rf,89.29520238095236,-5.704797619047639,5.704797619047639,random,22,random
PL_Comms_C2.csv::F-49,Comms,C2,PL_Comms_C2.csv,F-49,20.06181011,93.0,direct_rf,97.81682936507937,4.816829365079371,4.816829365079371,random,22,random
PL_SSE_C1.csv::F-8,SSE,C1,PL_SSE_C1.csv,F-8,8.246211251,80.0,direct_rf,87.09499999999998,7.094999999999985,7.094999999999985,random,22,random
PL_Library_C1.csv::N-6,Library,C1,PL_Library_C1.csv,N-6,13.55,90.0,direct_rf,81.81036927546137,-8.189630724538631,8.189630724538631,random,22,random
PL_Comms_C2.csv::N-40,Comms,C2,PL_Comms_C2.csv,N-40,14.26450928,100.0,direct_rf,101.09482738095241,1.0948273809524096,1.0948273809524096,random,22,random
PL_Comms_C1.csv::G-47,Comms,C1,PL_Comms_C1.csv,G-47,18.11077028,86.0,direct_rf,100.51757539682544,14.517575396825436,14.517575396825436,random,22,random
PL_Comms_C1.csv::O-40,Comms,C1,PL_Comms_C1.csv,O-40,14.86606875,98.0,direct_rf,97.59634523809527,-0.4036547619047326,0.4036547619047326,random,22,random
PL_Library_C2.csv::D-8,Library,C2,PL_Library_C2.csv,D-8,17.39495114,80.0,direct_rf,87.78693332584608,7.7869333258460784,7.7869333258460784,random,22,random
PL_Comms_C1.csv::P-24,Comms,C1,PL_Comms_C1.csv,P-24,12.08304597,96.0,direct_rf,88.37851785714284,-7.621482142857161,7.621482142857161,random,22,random
PL_Comms_C1.csv::D-45,Comms,C1,PL_Comms_C1.csv,D-45,16.03121954,114.0,direct_rf,99.21626587301591,-14.783734126984086,14.783734126984086,random,22,random
PL_Library_C1.csv::S-23,Library,C1,PL_Library_C1.csv,S-23,11.6562,75.0,direct_rf,73.14869849758087,-1.8513015024191333,1.8513015024191333,random,22,random
PL_Comms_C1.csv::H-5,Comms,C1,PL_Comms_C1.csv,H-5,24.18677324,86.0,direct_rf,95.53374206349207,9.53374206349207,9.53374206349207,random,22,random
PL_SSE_C2.csv::C-7,SSE,C2,PL_SSE_C2.csv,C-7,11.46630826,91.0,direct_rf,95.69276785714287,4.692767857142869,4.692767857142869,random,22,random
PL_SSE_C1.csv::A-7,SSE,C1,PL_SSE_C1.csv,A-7,13.34166406,106.0,direct_rf,97.80920833333333,-8.19079166666667,8.19079166666667,random,22,random
PL_Comms_C1.csv::C-15,Comms,C1,PL_Comms_C1.csv,C-15,14.14213562,96.0,direct_rf,94.55900090187589,-1.4409990981241094,1.4409990981241094,random,22,random
PL_Comms_C2.csv::M-33,Comms,C2,PL_Comms_C2.csv,M-33,9.026418171,94.0,direct_rf,92.61156944444446,-1.3884305555555443,1.3884305555555443,random,22,random
PL_Comms_C2.csv::A-32,Comms,C2,PL_Comms_C2.csv,A-32,5.14550532,78.0,direct_rf,82.27966269841268,4.279662698412679,4.279662698412679,random,22,random
PL_Library_C2.csv::A-11,Library,C2,PL_Library_C2.csv,A-11,18.91203519,89.0,direct_rf,87.33491865079363,-1.6650813492063747,1.6650813492063747,random,22,random
PL_Library_C2.csv::I-8,Library,C2,PL_Library_C2.csv,I-8,12.84065614,79.0,direct_rf,77.2654345238095,-1.7345654761904967,1.7345654761904967,random,22,random
PL_Comms_C1.csv::J-20,Comms,C1,PL_Comms_C1.csv,J-20,10.29563014,96.0,direct_rf,89.06329954735519,-6.936700452644814,6.936700452644814,random,22,random
PL_Comms_C2.csv::K-53,Comms,C2,PL_Comms_C2.csv,K-53,24.76845221,113.0,direct_rf,111.40796626984125,-1.5920337301587466,1.5920337301587466,random,22,random
PL_SSE_C2.csv::J-8,SSE,C2,PL_SSE_C2.csv,J-8,4.634244814,86.0,direct_rf,75.0435555555556,-10.9564444444444,10.9564444444444,random,22,random
PL_Comms_C1.csv::H-54,Comms,C1,PL_Comms_C1.csv,H-54,25.17935662,95.0,direct_rf,96.29250198412697,1.2925019841269716,1.2925019841269716,random,22,random
PL_Comms_C1.csv::G-55,Comms,C1,PL_Comms_C1.csv,G-55,26.07680962,88.0,direct_rf,101.14985714285712,13.149857142857115,13.149857142857115,random,22,random
PL_Comms_C1.csv::H-50,Comms,C1,PL_Comms_C1.csv,H-50,21.21320344,87.0,direct_rf,106.02356150793653,19.023561507936535,19.023561507936535,random,22,random
PL_Comms_C1.csv::M-40,Comms,C1,PL_Comms_C1.csv,M-40,13.60147051,93.0,direct_rf,92.51382142857143,-0.48617857142856735,0.48617857142856735,random,22,random
PL_Comms_C1.csv::A-14,Comms,C1,PL_Comms_C1.csv,A-14,15.5241747,93.0,direct_rf,96.2927242063492,3.292724206349206,3.292724206349206,random,22,random
PL_Comms_C1.csv::K-47,Comms,C1,PL_Comms_C1.csv,K-47,18.97366596,104.0,direct_rf,103.95690079365073,-0.043099206349268115,0.043099206349268115,random,22,random
PL_Comms_C1.csv::D-49,Comms,C1,PL_Comms_C1.csv,D-49,20.02498439,97.0,direct_rf,107.08845833333334,10.088458333333335,10.088458333333335,random,22,random
PL_Library_C1.csv::W-18,Library,C1,PL_Library_C1.csv,W-18,12.4925,79.0,direct_rf,76.47888474025973,-2.52111525974027,2.52111525974027,random,22,random
PL_Comms_C2.csv::O-25,Comms,C2,PL_Comms_C2.csv,O-25,10.83864498,83.0,direct_rf,89.6955882113056,6.695588211305605,6.695588211305605,random,22,random
PL_SSE_C1.csv::K-4,SSE,C1,PL_SSE_C1.csv,K-4,6.708203932,69.0,direct_rf,74.98702976190475,5.987029761904751,5.987029761904751,random,22,random
PL_SSE_C1.csv::A-5,SSE,C1,PL_SSE_C1.csv,A-5,13.92838828,99.0,direct_rf,95.54860714285711,-3.451392857142892,3.451392857142892,random,22,random
PL_Comms_C1.csv::I-38,Comms,C1,PL_Comms_C1.csv,I-38,9.848857802,98.0,direct_rf,90.66031746031746,-7.339682539682542,7.339682539682542,random,22,random
PL_Comms_C1.csv::I-45,Comms,C1,PL_Comms_C1.csv,I-45,16.4924225,104.0,direct_rf,104.27286904761903,0.2728690476190252,0.2728690476190252,random,22,random
PL_Comms_C1.csv::J-24,Comms,C1,PL_Comms_C1.csv,J-24,7.071067812,77.0,direct_rf,82.19555788655788,5.195557886557879,5.195557886557879,random,22,random
PL_Comms_C1.csv::G-44,Comms,C1,PL_Comms_C1.csv,G-44,15.13274595,87.0,direct_rf,96.02437698412697,9.024376984126974,9.024376984126974,random,22,random
PL_Library_C2.csv::I-14,Library,C2,PL_Library_C2.csv,I-14,7.397361016,73.0,direct_rf,73.31943380230881,0.3194338023088079,0.3194338023088079,random,22,random
PL_Library_C1.csv::Q-6,Library,C1,PL_Library_C1.csv,Q-6,14.1466,80.0,direct_rf,83.58612865497078,3.5861286549707785,3.5861286549707785,random,22,random
PL_Comms_C1.csv::I-12,Comms,C1,PL_Comms_C1.csv,I-12,17.4642492,103.0,direct_rf,102.57272506578387,-0.42727493421612905,0.42727493421612905,random,22,random
PL_Comms_C1.csv::F-17,Comms,C1,PL_Comms_C1.csv,F-17,12.04159458,87.0,direct_rf,87.04405555555554,0.044055555555544856,0.044055555555544856,random,22,random
PL_Comms_C2.csv::K-11,Comms,C2,PL_Comms_C2.csv,K-11,19.01252811,111.0,direct_rf,102.4493571428571,-8.550642857142904,8.550642857142904,random,22,random
PL_Library_C1.csv::B-2,Library,C1,PL_Library_C1.csv,B-2,24.985,82.0,direct_rf,83.59552976190476,1.595529761904757,1.595529761904757,random,22,random
PL_Comms_C1.csv::N-18,Comms,C1,PL_Comms_C1.csv,N-18,14.2126704,90.0,direct_rf,88.32456349206346,-1.6754365079365385,1.6754365079365385,random,22,random
PL_Library_C1.csv::R-18,Library,C1,PL_Library_C1.csv,R-18,6.0597,69.0,direct_rf,72.39393055555558,3.3939305555555848,3.3939305555555848,random,22,random
PL_Comms_C2.csv::C-35,Comms,C2,PL_Comms_C2.csv,C-35,6.440203801,77.0,direct_rf,89.48248015873014,12.48248015873014,12.48248015873014,random,22,random
PL_Library_C2.csv::R-18,Library,C2,PL_Library_C2.csv,R-18,6.180349909,69.0,direct_rf,77.26667149517148,8.26667149517148,8.26667149517148,random,22,random
PL_Comms_C2.csv::D-29,Comms,C2,PL_Comms_C2.csv,D-29,1.573602555,64.0,direct_rf,70.54661507936505,6.546615079365054,6.546615079365054,random,22,random
PL_Comms_C1.csv::M-39,Comms,C1,PL_Comms_C1.csv,M-39,12.80624847,98.0,direct_rf,94.78827380952382,-3.2117261904761847,3.2117261904761847,random,22,random
PL_Library_C2.csv::W-20,Library,C2,PL_Library_C2.csv,W-20,13.40039738,70.0,direct_rf,83.85313063909778,13.853130639097785,13.853130639097785,random,22,random
PL_Comms_C2.csv::I-40,Comms,C2,PL_Comms_C2.csv,I-40,11.76759215,107.0,direct_rf,90.61448809523816,-16.38551190476184,16.38551190476184,random,22,random
PL_Comms_C1.csv::G-11,Comms,C1,PL_Comms_C1.csv,G-11,18.11077028,84.0,direct_rf,87.82616346153846,3.8261634615384565,3.8261634615384565,random,22,random
PL_Library_C1.csv::W-8,Library,C1,PL_Library_C1.csv,W-8,16.3164,87.0,direct_rf,85.72344047619052,-1.2765595238094818,1.2765595238094818,random,22,random
PL_SSE_C1.csv::B-1,SSE,C1,PL_SSE_C1.csv,B-1,15.0,92.0,direct_rf,93.25945008970005,1.259450089700053,1.259450089700053,random,22,random
PL_Comms_C2.csv::J-50,Comms,C2,PL_Comms_C2.csv,J-50,21.62119851,120.0,direct_rf,110.44014880952382,-9.55985119047618,9.55985119047618,random,22,random
PL_Library_C2.csv::W-7,Library,C2,PL_Library_C2.csv,W-7,17.28907965,94.0,direct_rf,88.53230952380953,-5.467690476190469,5.467690476190469,random,22,random
PL_Comms_C1.csv::K-31,Comms,C1,PL_Comms_C1.csv,K-31,6.32455532,75.0,direct_rf,81.72975396825397,6.7297539682539735,6.7297539682539735,random,22,random
PL_Comms_C2.csv::P-26,Comms,C2,PL_Comms_C2.csv,P-26,11.46630826,90.0,direct_rf,88.05693733923079,-1.9430626607692147,1.9430626607692147,random,22,random
PL_Comms_C1.csv::P-13,Comms,C1,PL_Comms_C1.csv,P-13,19.41648784,113.0,direct_rf,107.53604725829726,-5.463952741702741,5.463952741702741,random,22,random
PL_Comms_C2.csv::E-49,Comms,C2,PL_Comms_C2.csv,E-49,20.03687164,101.0,direct_rf,106.09179166666665,5.091791666666651,5.091791666666651,random,22,random
PL_Comms_C1.csv::C-56,Comms,C1,PL_Comms_C1.csv,C-56,27.07397274,118.0,direct_rf,111.51039285714292,-6.489607142857082,6.489607142857082,random,22,random
PL_Comms_C2.csv::I-49,Comms,C2,PL_Comms_C2.csv,I-49,20.43223495,108.0,direct_rf,112.14041865079363,4.1404186507936345,4.1404186507936345,random,22,random
PL_Comms_C2.csv::B-45,Comms,C2,PL_Comms_C2.csv,B-45,16.32409952,112.0,direct_rf,106.20971428571427,-5.79028571428573,5.79028571428573,random,22,random
PL_Library_C1.csv::M-17,Library,C1,PL_Library_C1.csv,M-17,1.9163,58.0,direct_rf,57.50543813131312,-0.4945618686868798,0.4945618686868798,random,22,random
PL_Comms_C1.csv::N-21,Comms,C1,PL_Comms_C1.csv,N-21,12.04159458,98.0,direct_rf,91.30974456672547,-6.69025543327453,6.69025543327453,random,22,random
PL_Library_C2.csv::L-16,Library,C2,PL_Library_C2.csv,L-16,2.969903197,74.0,direct_rf,71.18779095904097,-2.812209040959033,2.812209040959033,random,22,random
PL_Comms_C1.csv::J-36,Comms,C1,PL_Comms_C1.csv,J-36,8.602325267,93.0,direct_rf,87.39346001220999,-5.606539987790015,5.606539987790015,random,22,random
PL_Comms_C1.csv::M-33,Comms,C1,PL_Comms_C1.csv,M-33,8.94427191,85.0,direct_rf,89.67394444444443,4.67394444444443,4.67394444444443,random,22,random
PL_Library_C2.csv::G-16,Library,C2,PL_Library_C2.csv,G-16,9.562502288,85.0,direct_rf,82.7813571428571,-2.218642857142896,2.218642857142896,random,22,random
PL_Comms_C1.csv::I-4,Comms,C1,PL_Comms_C1.csv,I-4,25.3179778,115.0,direct_rf,98.06141865079367,-16.93858134920633,16.93858134920633,random,22,random
PL_Comms_C2.csv::J-47,Comms,C2,PL_Comms_C2.csv,J-47,18.72101026,113.0,direct_rf,107.98639880952385,-5.013601190476152,5.013601190476152,random,22,random
PL_SSE_C2.csv::I-7,SSE,C2,PL_SSE_C2.csv,I-7,5.956192156,79.0,direct_rf,77.25884325396828,-1.74115674603172,1.74115674603172,random,22,random
PL_Comms_C2.csv::H-9,Comms,C2,PL_Comms_C2.csv,H-9,20.26021286,94.0,direct_rf,92.90873160173165,-1.0912683982683546,1.0912683982683546,random,22,random
PL_Library_C1.csv::M-15,Library,C1,PL_Library_C1.csv,M-15,1.9163,72.0,direct_rf,57.50543813131312,-14.49456186868688,14.49456186868688,random,22,random
PL_Library_C1.csv::L-13,Library,C1,PL_Library_C1.csv,L-13,4.8855,71.0,direct_rf,68.34207142857143,-2.6579285714285703,2.6579285714285703,random,22,random
PL_Comms_C1.csv::E-30,Comms,C1,PL_Comms_C1.csv,E-30,1.0,69.0,direct_rf,61.19486309523806,-7.8051369047619374,7.8051369047619374,random,22,random
PL_Comms_C2.csv::D-45,Comms,C2,PL_Comms_C2.csv,D-45,16.07719581,104.0,direct_rf,100.17460714285716,-3.8253928571428446,3.8253928571428446,random,22,random
PL_Comms_C2.csv::J-35,Comms,C2,PL_Comms_C2.csv,J-35,7.904190344,88.0,direct_rf,83.84794047619053,-4.15205952380947,4.15205952380947,random,22,random
PL_Comms_C1.csv::D-13,Comms,C1,PL_Comms_C1.csv,D-13,16.03121954,97.0,direct_rf,91.38273809523812,-5.617261904761875,5.617261904761875,random,22,random
PL_Library_C1.csv::A-9,Library,C1,PL_Library_C1.csv,A-9,20.0063,80.0,direct_rf,85.41934523809526,5.419345238095261,5.419345238095261,random,22,random
PL_SSE_C1.csv::L-9,SSE,C1,PL_SSE_C1.csv,L-9,2.236067977,60.0,direct_rf,58.41789087301586,-1.5821091269841432,1.5821091269841432,random,22,random
PL_Library_C2.csv::Q-22,Library,C2,PL_Library_C2.csv,Q-22,9.17046073,74.0,direct_rf,73.27449871731216,-0.7255012826878442,0.7255012826878442,random,22,random
PL_Library_C1.csv::G-13,Library,C1,PL_Library_C1.csv,G-13,10.3194,73.0,direct_rf,75.17462467375117,2.1746246737511683,2.1746246737511683,random,22,random
PL_Library_C2.csv::M-19,Library,C2,PL_Library_C2.csv,M-19,4.45381578,76.0,direct_rf,74.26705122655125,-1.7329487734487543,1.7329487734487543,random,22,random
PL_Comms_C2.csv::F-4,Comms,C2,PL_Comms_C2.csv,F-4,25.04947554,87.0,direct_rf,99.58525992063494,12.58525992063494,12.58525992063494,random,22,random
PL_Comms_C2.csv::B-37,Comms,C2,PL_Comms_C2.csv,B-37,8.629960892,82.0,direct_rf,87.88372619047624,5.883726190476239,5.883726190476239,random,22,random
PL_Comms_C1.csv::O-11,Comms,C1,PL_Comms_C1.csv,O-11,20.59126028,114.0,direct_rf,105.11294642857143,-8.887053571428567,8.887053571428567,random,22,random
PL_Comms_C1.csv::D-30,Comms,C1,PL_Comms_C1.csv,D-30,1.414213562,69.0,direct_rf,61.78122781385277,-7.218772186147227,7.218772186147227,random,22,random
PL_Library_C2.csv::L-11,Library,C2,PL_Library_C2.csv,L-11,7.397361016,68.0,direct_rf,73.31943380230881,5.319433802308808,5.319433802308808,random,22,random
PL_Comms_C2.csv::B-51,Comms,C2,PL_Comms_C2.csv,B-51,22.23682138,114.0,direct_rf,112.87285714285716,-1.127142857142843,1.127142857142843,random,22,random
PL_Library_C2.csv::R-20,Library,C2,PL_Library_C2.csv,R-20,7.760736112,72.0,direct_rf,73.03365873015873,1.0336587301587343,1.0336587301587343,random,22,random
PL_Library_C1.csv::R-13,Library,C1,PL_Library_C1.csv,R-13,6.775,74.0,direct_rf,74.74446645021646,0.7444664502164642,0.7444664502164642,random,22,random
PL_SSE_C2.csv::C-5,SSE,C2,PL_SSE_C2.csv,C-5,12.14397896,101.0,direct_rf,94.83723015873015,-6.162769841269849,6.162769841269849,random,22,random
PL_Comms_C2.csv::B-29,Comms,C2,PL_Comms_C2.csv,B-29,3.236699708,72.0,direct_rf,74.91057539682541,2.910575396825408,2.910575396825408,random,22,random
PL_Library_C2.csv::Q-8,Library,C2,PL_Library_C2.csv,Q-8,11.64070659,74.0,direct_rf,76.27272338935572,2.2727233893557184,2.2727233893557184,random,22,random
PL_SSE_C2.csv::G-4,SSE,C2,PL_SSE_C2.csv,G-4,9.299259379,76.0,direct_rf,79.5029107142857,3.5029107142857043,3.5029107142857043,random,22,random
PL_Library_C1.csv::F-6,Library,C1,PL_Library_C1.csv,F-6,17.3525,76.0,direct_rf,81.60871778723518,5.608717787235179,5.608717787235179,random,22,random
PL_Library_C2.csv::R-24,Library,C2,PL_Library_C2.csv,R-24,12.18023912,74.0,direct_rf,77.746625,3.7466249999999945,3.7466249999999945,random,22,random
PL_Library_C2.csv::P-23,Library,C2,PL_Library_C2.csv,P-23,9.939092011,75.0,direct_rf,78.03172361984628,3.031723619846275,3.031723619846275,random,22,random
PL_Comms_C2.csv::F-11,Comms,C2,PL_Comms_C2.csv,F-11,18.0686531,85.0,direct_rf,111.7372261904762,26.737226190476207,26.737226190476207,random,22,random
PL_Comms_C1.csv::N-28,Comms,C1,PL_Comms_C1.csv,N-28,9.055385138,78.0,direct_rf,81.34611659663865,3.3461165966386517,3.3461165966386517,random,22,random
PL_Library_C1.csv::S-22,Library,C1,PL_Library_C1.csv,S-22,10.5829,67.0,direct_rf,75.27651046176044,8.276510461760438,8.276510461760438,random,22,random
PL_Comms_C2.csv::K-2,Comms,C2,PL_Comms_C2.csv,K-2,27.68530702,102.0,direct_rf,109.78420238095241,7.784202380952408,7.784202380952408,random,22,random
PL_Library_C2.csv::V-17,Library,C2,PL_Library_C2.csv,V-17,10.99171734,74.0,direct_rf,72.84362896825394,-1.1563710317460618,1.1563710317460618,random,22,random
PL_Comms_C1.csv::O-24,Comms,C1,PL_Comms_C1.csv,O-24,11.18033989,90.0,direct_rf,89.7244761904762,-0.2755238095238042,0.2755238095238042,random,22,random
PL_Library_C1.csv::O-25,Library,C1,PL_Library_C1.csv,O-25,12.27,89.0,direct_rf,73.87595634920633,-15.124043650793666,15.124043650793666,random,22,random
PL_Comms_C2.csv::B-53,Comms,C2,PL_Comms_C2.csv,B-53,24.21727121,116.0,direct_rf,116.59049458874462,0.5904945887446189,0.5904945887446189,random,22,random
PL_Comms_C1.csv::I-54,Comms,C1,PL_Comms_C1.csv,I-54,25.3179778,104.0,direct_rf,106.5165615079365,2.516561507936501,2.516561507936501,random,22,random
PL_Comms_C1.csv::E-25,Comms,C1,PL_Comms_C1.csv,E-25,4.0,75.0,direct_rf,74.72717225829726,-0.2728277417027414,0.2728277417027414,random,22,random
PL_Library_C2.csv::D-3,Library,C2,PL_Library_C2.csv,D-3,22.25684052,96.0,direct_rf,90.75471626984125,-5.2452837301587465,5.2452837301587465,random,22,random
PL_Comms_C2.csv::J-19,Comms,C2,PL_Comms_C2.csv,J-19,11.2461649,98.0,direct_rf,88.5339193801368,-9.466080619863206,9.466080619863206,random,22,random
PL_Comms_C1.csv::L-28,Comms,C1,PL_Comms_C1.csv,L-28,7.071067812,82.0,direct_rf,75.05126785714285,-6.948732142857153,6.948732142857153,random,22,random
PL_Library_C2.csv::I-11,Library,C2,PL_Library_C2.csv,I-11,9.658026455,74.0,direct_rf,78.69364364216142,4.693643642161419,4.693643642161419,random,22,random
PL_SSE_C1.csv::N-3,SSE,C1,PL_SSE_C1.csv,N-3,7.0,71.0,direct_rf,71.21986904761904,0.21986904761904214,0.21986904761904214,random,22,random
PL_Comms_C1.csv::E-41,Comms,C1,PL_Comms_C1.csv,E-41,12.0,97.0,direct_rf,97.04425036075042,0.04425036075042499,0.04425036075042499,random,22,random
PL_Comms_C1.csv::B-15,Comms,C1,PL_Comms_C1.csv,B-15,14.31782106,99.0,direct_rf,95.23200487012983,-3.7679951298701724,3.7679951298701724,random,22,random
PL_Comms_C1.csv::J-21,Comms,C1,PL_Comms_C1.csv,J-21,9.433981132,81.0,direct_rf,83.82347222222225,2.82347222222225,2.82347222222225,random,22,random
PL_Comms_C1.csv::I-36,Comms,C1,PL_Comms_C1.csv,I-36,8.062257748,103.0,direct_rf,88.47244642857146,-14.527553571428541,14.527553571428541,random,22,random
PL_Comms_C1.csv::H-34,Comms,C1,PL_Comms_C1.csv,H-34,5.830951895,76.0,direct_rf,81.37271626984126,5.372716269841263,5.372716269841263,random,22,random
PL_Comms_C2.csv::F-54,Comms,C2,PL_Comms_C2.csv,F-54,25.04947554,89.0,direct_rf,99.06004365079363,10.06004365079363,10.06004365079363,random,22,random
PL_Library_C2.csv::U-12,Library,C2,PL_Library_C2.csv,U-12,10.99171734,83.0,direct_rf,74.75885858585858,-8.241141414141424,8.241141414141424,random,22,random
PL_SSE_C1.csv::E-4,SSE,C1,PL_SSE_C1.csv,E-4,10.81665383,95.0,direct_rf,91.1207353974528,-3.8792646025471953,3.8792646025471953,random,22,random
PL_Comms_C2.csv::B-20,Comms,C2,PL_Comms_C2.csv,B-20,9.564320415,81.0,direct_rf,84.10949335958159,3.1094933595815917,3.1094933595815917,random,22,random
PL_Comms_C2.csv::D-17,Comms,C2,PL_Comms_C2.csv,D-17,12.10273626,97.0,direct_rf,94.28327561327565,-2.7167243867243513,2.7167243867243513,random,22,random
PL_Comms_C1.csv::G-6,Comms,C1,PL_Comms_C1.csv,G-6,23.08679276,90.0,direct_rf,95.44462301587296,5.444623015872963,5.444623015872963,random,22,random
PL_Comms_C2.csv::E-21,Comms,C2,PL_Comms_C2.csv,E-21,8.09173807,91.0,direct_rf,88.88086702758028,-2.1191329724197203,2.1191329724197203,random,22,random
PL_Comms_C2.csv::J-15,Comms,C2,PL_Comms_C2.csv,J-15,14.91563693,102.0,direct_rf,102.89291666666666,0.8929166666666646,0.8929166666666646,random,22,random
PL_Comms_C1.csv::J-55,Comms,C1,PL_Comms_C1.csv,J-55,26.47640459,104.0,direct_rf,102.64945238095237,-1.3505476190476315,1.3505476190476315,random,22,random
PL_Comms_C1.csv::C-38,Comms,C1,PL_Comms_C1.csv,C-38,9.219544457,90.0,direct_rf,84.67435912698413,-5.325640873015871,5.325640873015871,random,22,random
PL_Comms_C2.csv::H-26,Comms,C2,PL_Comms_C2.csv,H-26,4.413187623,79.0,direct_rf,79.34593757631256,0.34593757631256494,0.34593757631256494,random,22,random
PL_Library_C1.csv::D-8,Library,C1,PL_Library_C1.csv,D-8,17.3525,79.0,direct_rf,87.04105283134055,8.04105283134055,8.04105283134055,random,22,random
PL_Library_C1.csv::Q-9,Library,C1,PL_Library_C1.csv,Q-9,10.3194,70.0,direct_rf,74.60497931959344,4.60497931959344,4.60497931959344,random,22,random
PL_Library_C2.csv::V-5,Library,C2,PL_Library_C2.csv,V-5,18.46999865,84.0,direct_rf,85.0153878713006,1.0153878713006037,1.0153878713006037,random,22,random
PL_Library_C1.csv::Q-23,Library,C1,PL_Library_C1.csv,Q-23,10.3194,73.0,direct_rf,77.43335640372905,4.43335640372905,4.43335640372905,random,22,random
PL_SSE_C2.csv::M-5,SSE,C2,PL_SSE_C2.csv,M-5,5.241776893,77.0,direct_rf,73.60682539682541,-3.393174603174586,3.393174603174586,random,22,random
PL_Comms_C2.csv::L-51,Comms,C2,PL_Comms_C2.csv,L-51,23.11874186,108.0,direct_rf,113.13646735209238,5.136467352092382,5.136467352092382,random,22,random
PL_SSE_C1.csv::E-5,SSE,C1,PL_SSE_C1.csv,E-5,10.29563014,96.0,direct_rf,85.90397619047619,-10.096023809523814,10.096023809523814,random,22,random
PL_Comms_C2.csv::C-40,Comms,C2,PL_Comms_C2.csv,C-40,11.2461649,100.0,direct_rf,90.05399206349207,-9.946007936507925,9.946007936507925,random,22,random
PL_SSE_C1.csv::C-2,SSE,C1,PL_SSE_C1.csv,C-2,13.60147051,115.0,direct_rf,90.88653380939488,-24.113466190605124,24.113466190605124,random,22,random
PL_Comms_C1.csv::A-2,Comms,C1,PL_Comms_C1.csv,A-2,27.29468813,122.0,direct_rf,117.36122023809517,-4.6387797619048285,4.6387797619048285,random,22,random
PL_Comms_C1.csv::B-48,Comms,C1,PL_Comms_C1.csv,B-48,19.23538406,110.0,direct_rf,103.6440019841269,-6.355998015873098,6.355998015873098,random,22,random
PL_Comms_C2.csv::J-32,Comms,C2,PL_Comms_C2.csv,J-32,5.956192156,89.0,direct_rf,84.01981547619053,-4.98018452380947,4.98018452380947,random,22,random
PL_Comms_C2.csv::G-13,Comms,C2,PL_Comms_C2.csv,G-13,16.1702265,93.0,direct_rf,90.97427976190474,-2.0257202380952606,2.0257202380952606,random,22,random
PL_Comms_C2.csv::G-31,Comms,C2,PL_Comms_C2.csv,G-31,3.078347771,74.0,direct_rf,75.0728874646595,1.0728874646595017,1.0728874646595017,random,22,random
PL_Comms_C2.csv::L-46,Comms,C2,PL_Comms_C2.csv,L-46,18.4248806,110.0,direct_rf,107.4035892857143,-2.596410714285696,2.596410714285696,random,22,random
PL_Library_C1.csv::R-11,Library,C1,PL_Library_C1.csv,R-11,8.6762,75.0,direct_rf,74.19739975882405,-0.8026002411759521,0.8026002411759521,random,22,random
PL_Comms_C1.csv::F-23,Comms,C1,PL_Comms_C1.csv,F-23,6.08276253,79.0,direct_rf,84.93332738095242,5.93332738095242,5.93332738095242,random,22,random
PL_SSE_C1.csv::I-4,SSE,C1,PL_SSE_C1.csv,I-4,7.810249676,97.0,direct_rf,86.92173626373624,-10.078263736263764,10.078263736263764,random,22,random
PL_Comms_C1.csv::D-29,Comms,C1,PL_Comms_C1.csv,D-29,1.0,51.0,direct_rf,54.770428571428546,3.770428571428546,3.770428571428546,random,22,random
PL_Comms_C1.csv::B-24,Comms,C1,PL_Comms_C1.csv,B-24,5.830951895,80.0,direct_rf,74.96220436507937,-5.037795634920627,5.037795634920627,random,22,random
PL_Library_C2.csv::E-6,Library,C2,PL_Library_C2.csv,E-6,18.27010536,93.0,direct_rf,87.04041168082442,-5.95958831917558,5.95958831917558,random,22,random
PL_Comms_C2.csv::J-34,Comms,C2,PL_Comms_C2.csv,J-34,7.174693373,79.0,direct_rf,83.9085357142857,4.908535714285705,4.908535714285705,random,22,random
PL_Library_C2.csv::G-9,Library,C2,PL_Library_C2.csv,G-9,13.46872952,70.0,direct_rf,80.98776808498522,10.98776808498522,10.98776808498522,random,22,random
PL_Comms_C1.csv::B-51,Comms,C1,PL_Comms_C1.csv,B-51,22.20360331,113.0,direct_rf,110.41152380952384,-2.5884761904761575,2.5884761904761575,random,22,random
PL_SSE_C1.csv::D-6,SSE,C1,PL_SSE_C1.csv,D-6,10.77032961,89.0,direct_rf,92.8187023809524,3.818702380952402,3.818702380952402,random,22,random
PL_Comms_C1.csv::C-17,Comms,C1,PL_Comms_C1.csv,C-17,12.16552506,95.0,direct_rf,91.77005140692641,-3.229948593073587,3.229948593073587,random,22,random
PL_Comms_C1.csv::A-35,Comms,C1,PL_Comms_C1.csv,A-35,7.211102551,95.0,direct_rf,80.4959285714286,-14.504071428571393,14.504071428571393,random,22,random
PL_Comms_C2.csv::F-32,Comms,C2,PL_Comms_C2.csv,F-32,3.387657745,78.0,direct_rf,76.477560009435,-1.5224399905650046,1.5224399905650046,random,22,random
PL_Library_C1.csv::Q-4,Library,C1,PL_Library_C1.csv,Q-4,16.7604,78.0,direct_rf,83.31436147979994,5.314361479799942,5.314361479799942,random,22,random
PL_Library_C1.csv::N-20,Library,C1,PL_Library_C1.csv,N-20,5.42,68.0,direct_rf,71.19638095238095,3.1963809523809488,3.1963809523809488,random,22,random
PL_Comms_C2.csv::D-34,Comms,C2,PL_Comms_C2.csv,D-34,5.241776893,86.0,direct_rf,82.468001984127,-3.5319980158730004,3.5319980158730004,random,22,random
PL_Comms_C2.csv::I-53,Comms,C2,PL_Comms_C2.csv,I-53,24.36136747,112.0,direct_rf,104.42959325396822,-7.570406746031779,7.570406746031779,random,22,random
PL_Library_C1.csv::G-11,Library,C1,PL_Library_C1.csv,G-11,11.6562,78.0,direct_rf,78.3322380952381,0.3322380952380968,0.3322380952380968,random,22,random
PL_Library_C2.csv::H-11,Library,C2,PL_Library_C2.csv,H-11,10.65240583,91.0,direct_rf,73.93432256632255,-17.06567743367745,17.06567743367745,random,22,random
PL_Library_C1.csv::P-8,Library,C1,PL_Library_C1.csv,P-8,11.1736,74.0,direct_rf,76.27407115270351,2.274071152703513,2.274071152703513,random,22,random
PL_Comms_C2.csv::A-28,Comms,C2,PL_Comms_C2.csv,A-28,4.298397957,65.0,direct_rf,75.11576785714287,10.11576785714287,10.11576785714287,random,22,random
PL_Comms_C2.csv::C-52,Comms,C2,PL_Comms_C2.csv,C-52,23.11874186,122.0,direct_rf,113.13646735209238,-8.863532647907618,8.863532647907618,random,22,random
PL_SSE_C1.csv::N-2,SSE,C1,PL_SSE_C1.csv,N-2,8.0,67.0,direct_rf,78.12623564425768,11.126235644257676,11.126235644257676,random,22,random
PL_Comms_C2.csv::B-22,Comms,C2,PL_Comms_C2.csv,B-22,7.712083052,83.0,direct_rf,86.66520448179276,3.665204481792756,3.665204481792756,random,22,random
PL_Comms_C2.csv::G-5,Comms,C2,PL_Comms_C2.csv,G-5,24.11381813,90.0,direct_extra,101.96505627705625,11.965056277056249,11.965056277056249,random,22,random
PL_Comms_C1.csv::F-21,Comms,C1,PL_Comms_C1.csv,F-21,8.062257748,74.0,direct_extra,91.61210920329668,17.612109203296683,17.612109203296683,random,22,random
PL_SSE_C1.csv::D-7,SSE,C1,PL_SSE_C1.csv,D-7,10.44030651,101.0,direct_extra,91.14425,-9.85575,9.85575,random,22,random
PL_Comms_C2.csv::K-3,Comms,C2,PL_Comms_C2.csv,K-3,26.71097574,106.0,direct_extra,107.70697096908938,1.706970969089383,1.706970969089383,random,22,random
PL_Comms_C2.csv::E-31,Comms,C2,PL_Comms_C2.csv,E-31,2.340133543,88.0,direct_extra,73.93392857142855,-14.066071428571448,14.066071428571448,random,22,random
PL_Comms_C1.csv::H-55,Comms,C1,PL_Comms_C1.csv,H-55,26.17250466,98.0,direct_extra,98.59237579365077,0.5923757936507741,0.5923757936507741,random,22,random
PL_Comms_C2.csv::C-56,Comms,C2,PL_Comms_C2.csv,C-56,27.10122184,118.0,direct_extra,115.91317370129867,-2.0868262987013253,2.0868262987013253,random,22,random
PL_Library_C1.csv::G-12,Library,C1,PL_Library_C1.csv,G-12,10.9244,74.0,direct_extra,73.06150216450217,-0.9384978354978273,0.9384978354978273,random,22,random
PL_Comms_C2.csv::D-44,Comms,C2,PL_Comms_C2.csv,D-44,15.08231497,101.0,direct_extra,97.25213279674465,-3.7478672032553533,3.7478672032553533,random,22,random
PL_SSE_C1.csv::K-5,SSE,C1,PL_SSE_C1.csv,K-5,5.830951895,80.0,direct_extra,75.60580952380954,-4.3941904761904595,4.3941904761904595,random,22,random
PL_Comms_C1.csv::H-27,Comms,C1,PL_Comms_C1.csv,H-27,3.605551275,70.0,direct_extra,68.80969017094009,-1.1903098290599132,1.1903098290599132,random,22,random
PL_Library_C1.csv::J-8,Library,C1,PL_Library_C1.csv,J-8,12.1195,78.0,direct_extra,72.76519218412324,-5.2348078158767635,5.2348078158767635,random,22,random
PL_Library_C2.csv::W-19,Library,C2,PL_Library_C2.csv,W-19,12.91195086,86.0,direct_extra,73.08880555555557,-12.911194444444433,12.911194444444433,random,22,random
PL_Library_C1.csv::P-17,Library,C1,PL_Library_C1.csv,P-17,3.0299,67.0,direct_extra,66.32653205128194,-0.6734679487180557,0.6734679487180557,random,22,random
PL_Comms_C1.csv::O-36,Comms,C1,PL_Comms_C1.csv,O-36,12.20655562,91.0,direct_extra,96.61049999999997,5.610499999999973,5.610499999999973,random,22,random
PL_Comms_C2.csv::H-50,Comms,C2,PL_Comms_C2.csv,H-50,21.2479699,99.0,direct_extra,105.15524341375,6.15524341375,6.15524341375,random,22,random
PL_Comms_C2.csv::A-18,Comms,C2,PL_Comms_C2.csv,A-18,11.76759215,96.0,direct_extra,93.51603409090913,-2.4839659090908697,2.4839659090908697,random,22,random
PL_Comms_C2.csv::K-50,Comms,C2,PL_Comms_C2.csv,K-50,21.87409941,107.0,direct_extra,97.20523477704066,-9.794765222959342,9.794765222959342,random,22,random
PL_Library_C1.csv::P-23,Library,C1,PL_Library_C1.csv,P-23,9.8645,65.0,direct_extra,80.11568290043286,15.115682900432859,15.115682900432859,random,22,random
PL_Library_C1.csv::T-12,Library,C1,PL_Library_C1.csv,T-12,9.771,75.0,direct_extra,76.39594588569327,1.3959458856932656,1.3959458856932656,random,22,random
PL_Library_C1.csv::V-14,Library,C1,PL_Library_C1.csv,V-14,11.1736,80.0,direct_extra,77.52707472782473,-2.4729252721752744,2.4729252721752744,random,22,random
PL_Library_C1.csv::O-9,Library,C1,PL_Library_C1.csv,O-9,9.5813,64.0,direct_extra,76.41591666666658,12.415916666666575,12.415916666666575,random,22,random
PL_Comms_C1.csv::L-21,Comms,C1,PL_Comms_C1.csv,L-21,10.63014581,95.0,direct_extra,84.5787445887446,-10.421255411255402,10.421255411255402,random,22,random
PL_Comms_C1.csv::M-23,Comms,C1,PL_Comms_C1.csv,M-23,10.0,98.0,direct_extra,87.31864922869526,-10.681350771304736,10.681350771304736,random,22,random
PL_Comms_C1.csv::H-3,Comms,C1,PL_Comms_C1.csv,H-3,26.17250466,99.0,direct_extra,98.28266666666671,-0.7173333333332863,0.7173333333332863,random,22,random
PL_Comms_C1.csv::J-25,Comms,C1,PL_Comms_C1.csv,J-25,6.403124237,80.0,direct_extra,84.47802605244988,4.478026052449877,4.478026052449877,random,22,random
PL_Comms_C1.csv::P-17,Comms,C1,PL_Comms_C1.csv,P-17,16.2788206,82.0,direct_extra,91.58176626984124,9.58176626984124,9.58176626984124,random,22,random
PL_Library_C1.csv::F-3,Library,C1,PL_Library_C1.csv,F-3,20.6832,84.0,direct_extra,78.278459194071,-5.721540805928996,5.721540805928996,random,22,random
PL_Comms_C1.csv::K-44,Comms,C1,PL_Comms_C1.csv,K-44,16.15549442,97.0,direct_extra,108.28825668632831,11.28825668632831,11.28825668632831,random,22,random
PL_Comms_C1.csv::D-40,Comms,C1,PL_Comms_C1.csv,D-40,11.04536102,87.0,direct_extra,91.78060628698793,4.780606286987933,4.780606286987933,random,22,random
PL_Comms_C2.csv::C-20,Comms,C2,PL_Comms_C2.csv,C-20,9.299259379,89.0,direct_extra,84.74378598484853,-4.256214015151471,4.256214015151471,random,22,random
PL_Comms_C1.csv::G-35,Comms,C1,PL_Comms_C1.csv,G-35,6.32455532,78.0,direct_extra,84.87871652864037,6.878716528640368,6.878716528640368,random,22,random
PL_Comms_C2.csv::P-57,Comms,C2,PL_Comms_C2.csv,P-57,30.10774361,119.0,direct_extra,122.6857916666667,3.6857916666667023,3.6857916666667023,random,22,random
PL_Comms_C2.csv::A-3,Comms,C2,PL_Comms_C2.csv,A-3,26.33393675,122.0,direct_extra,114.42940782828283,-7.570592171717166,7.570592171717166,random,22,random
PL_Comms_C2.csv::B-43,Comms,C2,PL_Comms_C2.csv,B-43,14.3692806,92.0,direct_extra,98.602427169039,6.602427169039004,6.602427169039004,random,22,random
PL_Library_C1.csv::I-12,Library,C1,PL_Library_C1.csv,I-12,8.6762,84.0,direct_extra,79.7914047619047,-4.208595238095299,4.208595238095299,random,22,random
PL_Comms_C1.csv::A-15,Comms,C1,PL_Comms_C1.csv,A-15,14.56021978,90.0,direct_extra,97.53275108225111,7.53275108225111,7.53275108225111,random,22,random
PL_Comms_C2.csv::A-52,Comms,C2,PL_Comms_C2.csv,A-52,23.37683094,122.0,direct_extra,112.69038095238089,-9.309619047619108,9.309619047619108,random,22,random
PL_Comms_C1.csv::A-4,Comms,C1,PL_Comms_C1.csv,A-4,25.3179778,118.0,direct_extra,113.98923015873022,-4.010769841269777,4.010769841269777,random,22,random
PL_Library_C1.csv::J-9,Library,C1,PL_Library_C1.csv,J-9,10.9244,86.0,direct_extra,77.85155901692494,-8.148440983075062,8.148440983075062,random,22,random
PL_Library_C1.csv::V-11,Library,C1,PL_Library_C1.csv,V-11,12.783,74.0,direct_extra,82.57773809523808,8.577738095238075,8.577738095238075,random,22,random
PL_Comms_C1.csv::F-38,Comms,C1,PL_Comms_C1.csv,F-38,9.055385138,81.0,direct_extra,87.1192136752137,6.1192136752137,6.1192136752137,random,22,random
PL_Library_C1.csv::Q-11,Library,C1,PL_Library_C1.csv,Q-11,7.9009,72.0,direct_extra,70.67483451066907,-1.325165489330928,1.325165489330928,random,22,random
PL_Comms_C1.csv::J-10,Comms,C1,PL_Comms_C1.csv,J-10,19.6468827,102.0,direct_extra,97.1369078280415,-4.863092171958499,4.863092171958499,random,22,random
PL_Library_C2.csv::E-3,Library,C2,PL_Library_C2.csv,E-3,21.4588554,83.0,direct_extra,90.31188924963928,7.311889249639279,7.311889249639279,random,22,random
PL_Library_C1.csv::W-20,Library,C1,PL_Library_C1.csv,W-20,13.3452,72.0,direct_extra,81.17687179487174,9.176871794871744,9.176871794871744,random,22,random
PL_Comms_C1.csv::C-20,Comms,C1,PL_Comms_C1.csv,C-20,9.219544457,88.0,direct_extra,84.30740487290488,-3.6925951270951174,3.6925951270951174,random,22,random
PL_SSE_C2.csv::I-5,SSE,C2,PL_SSE_C2.csv,I-5,7.174693373,85.0,direct_extra,84.10954281176336,-0.8904571882366383,0.8904571882366383,random,22,random
PL_Comms_C1.csv::I-55,Comms,C1,PL_Comms_C1.csv,I-55,26.30589288,107.0,direct_extra,103.55683943833945,-3.443160561660548,3.443160561660548,random,22,random
PL_Comms_C1.csv::N-17,Comms,C1,PL_Comms_C1.csv,N-17,15.0,97.0,direct_extra,87.81519769119772,-9.184802308802276,9.184802308802276,random,22,random
PL_SSE_C2.csv::K-7,SSE,C2,PL_SSE_C2.csv,K-7,4.413187623,80.0,direct_extra,71.42464285714291,-8.575357142857087,8.575357142857087,random,22,random
PL_Comms_C1.csv::F-51,Comms,C1,PL_Comms_C1.csv,F-51,22.02271555,94.0,direct_extra,98.68326628514247,4.683266285142466,4.683266285142466,random,22,random
PL_Comms_C1.csv::L-31,Comms,C1,PL_Comms_C1.csv,L-31,7.280109889,85.0,direct_extra,92.09066666666669,7.090666666666692,7.090666666666692,random,22,random
PL_Comms_C1.csv::H-20,Comms,C1,PL_Comms_C1.csv,H-20,9.486832981,83.0,direct_extra,80.11834761072265,-2.881652389277349,2.881652389277349,random,22,random
PL_Library_C1.csv::L-23,Library,C1,PL_Library_C1.csv,L-23,9.8645,83.0,direct_extra,81.56058333333335,-1.439416666666645,1.439416666666645,random,22,random
PL_Comms_C2.csv::B-17,Comms,C2,PL_Comms_C2.csv,B-17,12.42884649,99.0,direct_extra,97.56770075757578,-1.4322992424242216,1.4322992424242216,random,22,random
PL_Comms_C2.csv::C-16,Comms,C2,PL_Comms_C2.csv,C-16,13.20894489,99.0,direct_extra,93.61991865079364,-5.380081349206364,5.380081349206364,random,22,random
PL_Comms_C2.csv::F-28,Comms,C2,PL_Comms_C2.csv,F-28,1.86446373,77.0,direct_extra,73.1247619047619,-3.875238095238103,3.875238095238103,random,22,random
PL_Comms_C2.csv::B-14,Comms,C2,PL_Comms_C2.csv,B-14,15.3452346,100.0,direct_extra,95.72014297388432,-4.279857026115678,4.279857026115678,random,22,random
PL_Comms_C2.csv::G-16,Comms,C2,PL_Comms_C2.csv,G-16,13.20894489,92.0,direct_extra,89.27390690554122,-2.7260930944587756,2.7260930944587756,random,22,random
PL_Comms_C2.csv::G-4,Comms,C2,PL_Comms_C2.csv,G-4,25.10928563,92.0,direct_extra,102.74422294372289,10.744222943722889,10.744222943722889,random,22,random
PL_Comms_C1.csv::K-29,Comms,C1,PL_Comms_C1.csv,K-29,6.0,75.0,direct_extra,77.0913214285714,2.091321428571405,2.091321428571405,random,22,random
PL_Comms_C1.csv::B-42,Comms,C1,PL_Comms_C1.csv,B-42,13.34166406,98.0,direct_extra,96.84733905264103,-1.1526609473589673,1.1526609473589673,random,22,random
PL_Comms_C1.csv::M-29,Comms,C1,PL_Comms_C1.csv,M-29,8.0,78.0,direct_extra,83.50321428571428,5.503214285714279,5.503214285714279,random,22,random
PL_Comms_C1.csv::D-50,Comms,C1,PL_Comms_C1.csv,D-50,21.02379604,110.0,direct_extra,105.66296618593614,-4.337033814063858,4.337033814063858,random,22,random
PL_Comms_C2.csv::D-22,Comms,C2,PL_Comms_C2.csv,D-22,7.174693373,92.0,direct_extra,85.31542072551625,-6.684579274483752,6.684579274483752,random,22,random
PL_Comms_C1.csv::O-54,Comms,C1,PL_Comms_C1.csv,O-54,26.92582404,111.0,direct_extra,109.04253214840712,-1.957467851592881,1.957467851592881,random,22,random
PL_Comms_C2.csv::K-40,Comms,C2,PL_Comms_C2.csv,K-40,12.58873405,98.0,direct_extra,97.65234890658698,-0.34765109341302036,0.34765109341302036,random,22,random
PL_Comms_C2.csv::G-7,Comms,C2,PL_Comms_C2.csv,G-7,22.12410959,92.0,direct_extra,112.05335714285711,20.05335714285711,20.05335714285711,random,22,random
PL_Comms_C2.csv::H-3,Comms,C2,PL_Comms_C2.csv,H-3,26.20069131,104.0,direct_extra,100.78400000000006,-3.215999999999937,3.215999999999937,random,22,random
PL_Comms_C1.csv::I-24,Comms,C1,PL_Comms_C1.csv,I-24,6.403124237,80.0,direct_extra,81.9978809523809,1.9978809523808962,1.9978809523808962,random,22,random
PL_Library_C2.csv::N-21,Library,C2,PL_Library_C2.csv,N-21,6.883084338,71.0,direct_extra,73.09784503861151,2.09784503861151,2.09784503861151,random,22,random
PL_Comms_C2.csv::O-24,Comms,C2,PL_Comms_C2.csv,O-24,11.2461649,95.0,direct_extra,90.70972744360903,-4.290272556390974,4.290272556390974,random,22,random
PL_Library_C1.csv::E-7,Library,C1,PL_Library_C1.csv,E-7,17.2463,79.0,direct_extra,81.46030513468014,2.460305134680141,2.460305134680141,random,22,random
PL_Comms_C2.csv::G-52,Comms,C2,PL_Comms_C2.csv,G-52,23.11874186,91.0,direct_extra,94.73975720551375,3.7397572055137545,3.7397572055137545,random,22,random
PL_Comms_C1.csv::L-48,Comms,C1,PL_Comms_C1.csv,L-48,20.24845673,112.0,direct_extra,109.01879158276154,-2.981208417238463,2.981208417238463,random,22,random
PL_Comms_C1.csv::H-56,Comms,C1,PL_Comms_C1.csv,H-56,27.16615541,91.0,direct_extra,100.02229246031744,9.022292460317445,9.022292460317445,random,22,random
PL_Comms_C1.csv::H-26,Comms,C1,PL_Comms_C1.csv,H-26,4.242640687,68.0,direct_extra,72.69905525030543,4.699055250305435,4.699055250305435,random,22,random
PL_SSE_C2.csv::N-8,SSE,C2,PL_SSE_C2.csv,N-8,2.340133543,66.0,direct_extra,72.51275000000007,6.512750000000068,6.512750000000068,random,22,random
PL_Comms_C1.csv::E-39,Comms,C1,PL_Comms_C1.csv,E-39,10.0,96.0,direct_extra,90.55793253968257,-5.442067460317432,5.442067460317432,random,22,random
PL_Comms_C2.csv::P-37,Comms,C2,PL_Comms_C2.csv,P-37,13.65562979,92.0,direct_extra,97.5973392857143,5.597339285714298,5.597339285714298,random,22,random
PL_Comms_C2.csv::C-48,Comms,C2,PL_Comms_C2.csv,C-48,19.14356876,109.0,direct_extra,108.9027450792385,-0.09725492076150033,0.09725492076150033,random,22,random
PL_Comms_C2.csv::E-43,Comms,C2,PL_Comms_C2.csv,E-43,14.05262342,105.0,direct_extra,98.47709704733514,-6.5229029526648645,6.5229029526648645,random,22,random
PL_Library_C1.csv::R-12,Library,C1,PL_Library_C1.csv,R-12,7.665,75.0,direct_extra,70.01460893069346,-4.985391069306544,4.985391069306544,random,22,random
PL_Comms_C2.csv::O-56,Comms,C2,PL_Comms_C2.csv,O-56,28.8179844,122.0,direct_extra,121.6849583333334,-0.3150416666666018,0.3150416666666018,random,22,random
PL_Comms_C2.csv::H-45,Comms,C2,PL_Comms_C2.csv,H-45,16.32409952,86.0,direct_extra,89.43101226505098,3.431012265050981,3.431012265050981,random,22,random
PL_Comms_C1.csv::J-46,Comms,C1,PL_Comms_C1.csv,J-46,17.72004515,105.0,direct_extra,107.4969015275982,2.4969015275981974,2.4969015275981974,random,22,random
PL_Comms_C2.csv::E-6,Comms,C2,PL_Comms_C2.csv,E-6,23.03206949,109.0,direct_extra,114.5877020202021,5.5877020202021015,5.5877020202021015,random,22,random
PL_Library_C1.csv::V-20,Library,C1,PL_Library_C1.csv,V-20,12.1195,73.0,direct_extra,71.90495737295737,-1.0950426270426306,1.0950426270426306,random,22,random
PL_Library_C2.csv::N-27,Library,C2,PL_Library_C2.csv,N-27,14.95443914,81.0,direct_extra,82.47212914862914,1.4721291486291364,1.4721291486291364,random,22,random
PL_SSE_C2.csv::L-8,SSE,C2,PL_SSE_C2.csv,L-8,3.078347771,73.0,direct_extra,74.90113095238104,1.9011309523810382,1.9011309523810382,random,22,random
PL_Comms_C2.csv::A-25,Comms,C2,PL_Comms_C2.csv,A-25,5.78586424,82.0,direct_extra,79.64463118580773,-2.355368814192275,2.355368814192275,random,22,random
PL_SSE_C1.csv::N-5,SSE,C1,PL_SSE_C1.csv,N-5,5.0,72.0,direct_extra,71.76359523809532,-0.23640476190468007,0.23640476190468007,random,22,random
PL_Comms_C1.csv::I-29,Comms,C1,PL_Comms_C1.csv,I-29,4.0,68.0,direct_extra,74.94818223443227,6.948182234432267,6.948182234432267,random,22,random
PL_Comms_C1.csv::H-30,Comms,C1,PL_Comms_C1.csv,H-30,3.16227766,85.0,direct_extra,71.11541666666665,-13.884583333333353,13.884583333333353,random,22,random
PL_Comms_C2.csv::J-39,Comms,C2,PL_Comms_C2.csv,J-39,11.2461649,95.0,direct_extra,98.11292140947288,3.112921409472875,3.112921409472875,random,22,random
PL_Library_C1.csv::P-9,Library,C1,PL_Library_C1.csv,P-9,9.8645,73.0,direct_extra,71.57619999999996,-1.4238000000000426,1.4238000000000426,random,22,random
PL_Library_C2.csv::P-8,Library,C2,PL_Library_C2.csv,P-8,11.23948064,76.0,direct_extra,74.68841666666674,-1.3115833333332603,1.3115833333332603,random,22,random
PL_Library_C1.csv::E-2,Library,C1,PL_Library_C1.csv,E-2,22.5517,75.0,direct_extra,82.47916612554103,7.4791661255410276,7.4791661255410276,random,22,random
PL_SSE_C2.csv::C-4,SSE,C2,PL_SSE_C2.csv,C-4,12.58873405,96.0,direct_extra,102.50517857142854,6.505178571428544,6.505178571428544,random,22,random
PL_Library_C2.csv::F-15,Library,C2,PL_Library_C2.csv,F-15,10.99171734,78.0,direct_extra,72.12149532506122,-5.878504674938782,5.878504674938782,random,22,random
PL_Comms_C2.csv::L-25,Comms,C2,PL_Comms_C2.csv,L-25,8.153295346,93.0,direct_extra,86.97360943223447,-6.026390567765532,6.026390567765532,random,22,random
PL_Comms_C2.csv::J-10,Comms,C2,PL_Comms_C2.csv,J-10,19.68441579,111.0,direct_extra,108.90549960200619,-2.094500397993812,2.094500397993812,random,22,random
PL_Library_C2.csv::P-14,Library,C2,PL_Library_C2.csv,P-14,4.020500591,68.0,direct_extra,70.84355627705631,2.843556277056308,2.843556277056308,random,22,random
PL_Comms_C2.csv::E-25,Comms,C2,PL_Comms_C2.csv,E-25,4.180457511,78.0,direct_extra,83.2915045787546,5.291504578754598,5.291504578754598,random,22,random
PL_Comms_C1.csv::H-9,Comms,C1,PL_Comms_C1.csv,H-9,20.22374842,93.0,direct_extra,88.56945238095246,-4.430547619047545,4.430547619047545,random,22,random
PL_Comms_C2.csv::K-19,Comms,C2,PL_Comms_C2.csv,K-19,11.72502559,88.0,direct_extra,89.77946606774871,1.7794660677487144,1.7794660677487144,random,22,random
PL_Comms_C1.csv::N-24,Comms,C1,PL_Comms_C1.csv,N-24,10.29563014,90.0,direct_extra,85.37596031746033,-4.624039682539674,4.624039682539674,random,22,random
PL_Comms_C1.csv::E-3,Comms,C1,PL_Comms_C1.csv,E-3,26.0,108.0,direct_extra,117.45013492063498,9.45013492063498,9.45013492063498,random,22,random
PL_Comms_C2.csv::C-27,Comms,C2,PL_Comms_C2.csv,C-27,3.078347771,66.0,direct_extra,74.16344227994229,8.163442279942288,8.163442279942288,random,22,random
PL_Comms_C2.csv::C-32,Comms,C2,PL_Comms_C2.csv,C-32,3.804763462,74.0,direct_extra,75.4576117216118,1.4576117216117979,1.4576117216117979,random,22,random
PL_Comms_C1.csv::M-52,Comms,C1,PL_Comms_C1.csv,M-52,24.35159132,108.0,direct_extra,109.32165685425674,1.3216568542567444,1.3216568542567444,random,22,random
PL_Comms_C2.csv::E-22,Comms,C2,PL_Comms_C2.csv,E-22,7.104662202,82.0,direct_extra,84.23683739218295,2.2368373921829487,2.2368373921829487,random,22,random
PL_Library_C2.csv::X-20,Library,C2,PL_Library_C2.csv,X-20,14.64428643,81.0,direct_extra,82.94386706349206,1.943867063492064,1.943867063492064,random,22,random
PL_Comms_C1.csv::A-45,Comms,C1,PL_Comms_C1.csv,A-45,16.4924225,105.0,direct_extra,104.50189160696326,-0.4981083930367447,0.4981083930367447,random,22,random
PL_Comms_C1.csv::G-8,Comms,C1,PL_Comms_C1.csv,G-8,21.09502311,89.0,direct_extra,105.77023690476192,16.770236904761916,16.770236904761916,random,22,random
PL_Comms_C1.csv::J-57,Comms,C1,PL_Comms_C1.csv,J-57,28.44292531,113.0,direct_extra,107.73992673992674,-5.260073260073256,5.260073260073256,random,22,random
PL_Library_C2.csv::N-24,Library,C2,PL_Library_C2.csv,N-24,10.90787903,82.0,direct_extra,84.02833333333332,2.0283333333333218,2.0283333333333218,random,22,random
PL_Comms_C1.csv::M-24,Comms,C1,PL_Comms_C1.csv,M-24,9.433981132,98.0,direct_extra,83.59526021201023,-14.404739787989769,14.404739787989769,random,22,random
PL_Comms_C2.csv::A-50,Comms,C2,PL_Comms_C2.csv,A-50,21.41205793,115.0,direct_extra,103.78361789392376,-11.216382106076239,11.216382106076239,random,22,random
PL_Comms_C1.csv::O-43,Comms,C1,PL_Comms_C1.csv,O-43,17.20465053,109.0,direct_extra,102.54430952380953,-6.455690476190469,6.455690476190469,random,22,random
PL_SSE_C2.csv::E-8,SSE,C2,PL_SSE_C2.csv,E-8,9.299259379,82.0,direct_extra,84.48591666666667,2.485916666666668,2.485916666666668,random,22,random
PL_Comms_C2.csv::I-21,Comms,C2,PL_Comms_C2.csv,I-21,9.026418171,95.0,direct_extra,91.66384821428574,-3.3361517857142644,3.3361517857142644,random,22,random
PL_Comms_C2.csv::A-56,Comms,C2,PL_Comms_C2.csv,A-56,27.32171709,111.0,direct_extra,114.7974107142857,3.7974107142857036,3.7974107142857036,random,22,random
PL_Library_C1.csv::A-4,Library,C1,PL_Library_C1.csv,A-4,23.9724,83.0,direct_extra,79.34316666666658,-3.6568333333334238,3.6568333333334238,random,22,random
PL_Comms_C1.csv::J-22,Comms,C1,PL_Comms_C1.csv,J-22,8.602325267,78.0,direct_extra,83.90154761904759,5.901547619047591,5.901547619047591,random,22,random
PL_Library_C1.csv::X-18,Library,C1,PL_Library_C1.csv,X-18,13.8183,69.0,direct_extra,76.3501388888889,7.350138888888907,7.350138888888907,random,22,random
PL_SSE_C1.csv::M-2,SSE,C1,PL_SSE_C1.csv,M-2,8.062257748,73.0,direct_extra,76.31149999999997,3.311499999999967,3.311499999999967,random,22,random
PL_Comms_C1.csv::K-36,Comms,C1,PL_Comms_C1.csv,K-36,9.219544457,86.0,direct_extra,84.65610606060604,-1.3438939393939648,1.3438939393939648,random,22,random
PL_SSE_C1.csv::B-6,SSE,C1,PL_SSE_C1.csv,B-6,12.64911064,93.0,direct_extra,93.01691666666667,0.01691666666667402,0.01691666666667402,random,22,random
PL_SSE_C2.csv::I-1,SSE,C2,PL_SSE_C2.csv,I-1,10.36707408,86.0,direct_extra,92.06522576035076,6.0652257603507564,6.0652257603507564,random,22,random
PL_Comms_C1.csv::N-51,Comms,C1,PL_Comms_C1.csv,N-51,23.76972865,120.0,direct_extra,108.34342094017103,-11.656579059828971,11.656579059828971,random,22,random
PL_Library_C2.csv::V-20,Library,C2,PL_Library_C2.csv,V-20,12.18023912,80.0,direct_extra,77.9486507936508,-2.051349206349201,2.051349206349201,random,22,random
PL_Comms_C1.csv::I-52,Comms,C1,PL_Comms_C1.csv,I-52,23.34523506,113.0,direct_extra,104.46564102564108,-8.534358974358923,8.534358974358923,random,22,random
PL_Library_C2.csv::N-14,Library,C2,PL_Library_C2.csv,N-14,2.969903197,64.0,direct_extra,69.31566666666664,5.315666666666644,5.315666666666644,random,22,random
PL_Comms_C1.csv::G-57,Comms,C1,PL_Comms_C1.csv,G-57,28.0713377,96.0,direct_extra,106.68117673992674,10.681176739926741,10.681176739926741,random,22,random
PL_Comms_C1.csv::H-49,Comms,C1,PL_Comms_C1.csv,H-49,20.22374842,97.0,direct_extra,100.32719552645423,3.3271955264542328,3.3271955264542328,random,22,random
PL_Comms_C2.csv::C-38,Comms,C2,PL_Comms_C2.csv,C-38,9.299259379,85.0,direct_extra,87.72039244089245,2.7203924408924536,2.7203924408924536,random,22,random
PL_Comms_C2.csv::E-51,Comms,C2,PL_Comms_C2.csv,E-51,22.03352502,106.0,direct_extra,112.46755952380948,6.467559523809484,6.467559523809484,random,22,random
PL_Comms_C2.csv::O-11,Comms,C2,PL_Comms_C2.csv,O-11,20.62707505,122.0,direct_extra,116.94680952380949,-5.053190476190508,5.053190476190508,random,22,random
PL_Comms_C2.csv::G-34,Comms,C2,PL_Comms_C2.csv,G-34,5.520527602,86.0,direct_extra,82.50264017273575,-3.4973598272642477,3.4973598272642477,random,22,random
PL_Comms_C2.csv::L-38,Comms,C2,PL_Comms_C2.csv,L-38,11.46630826,95.0,direct_extra,95.32964880952379,0.32964880952378905,0.32964880952378905,random,22,random
PL_Library_C1.csv::D-7,Library,C1,PL_Library_C1.csv,D-7,18.2297,80.0,direct_extra,84.8059603174603,4.805960317460304,4.805960317460304,random,22,random
PL_Library_C1.csv::T-13,Library,C1,PL_Library_C1.csv,T-13,9.0896,73.0,direct_extra,71.95052218614717,-1.0494778138528318,1.0494778138528318,random,22,random
PL_Comms_C2.csv::N-55,Comms,C2,PL_Comms_C2.csv,N-55,27.54044707,120.0,direct_extra,114.16341071428569,-5.836589285714311,5.836589285714311,random,22,random
PL_Library_C1.csv::F-1,Library,C1,PL_Library_C1.csv,F-1,23.035,84.0,direct_extra,83.52326136363631,-0.4767386363636916,0.4767386363636916,random,22,random
PL_Comms_C1.csv::E-27,Comms,C1,PL_Comms_C1.csv,E-27,2.0,57.0,direct_extra,60.487452380952355,3.487452380952355,3.487452380952355,random,22,random
PL_Comms_C1.csv::G-50,Comms,C1,PL_Comms_C1.csv,G-50,21.09502311,90.0,direct_extra,105.77023690476192,15.770236904761916,15.770236904761916,random,22,random
PL_Comms_C1.csv::F-30,Comms,C1,PL_Comms_C1.csv,F-30,1.414213562,68.0,direct_extra,66.83202380952383,-1.1679761904761676,1.1679761904761676,random,22,random
PL_Comms_C1.csv::O-57,Comms,C1,PL_Comms_C1.csv,O-57,29.73213749,115.0,direct_extra,112.8096468252507,-2.190353174749305,2.190353174749305,random,22,random
PL_Library_C1.csv::D-4,Library,C1,PL_Library_C1.csv,D-4,21.1658,85.0,direct_extra,79.92913974962659,-5.070860250373414,5.070860250373414,random,22,random
PL_Comms_C1.csv::G-23,Comms,C1,PL_Comms_C1.csv,G-23,6.32455532,68.0,direct_extra,80.97827888777891,12.978278887778913,12.978278887778913,random,22,random
PL_SSE_C1.csv::H-1,SSE,C1,PL_SSE_C1.csv,H-1,10.81665383,89.0,direct_extra,90.43725000000002,1.4372500000000201,1.4372500000000201,random,22,random
PL_Comms_C1.csv::A-29,Comms,C1,PL_Comms_C1.csv,A-29,4.0,67.0,direct_extra,65.656884920635,-1.3431150793650062,1.3431150793650062,random,22,random
PL_Comms_C2.csv::H-34,Comms,C2,PL_Comms_C2.csv,H-34,5.956192156,78.0,direct_extra,86.9176174454631,8.917617445463094,8.917617445463094,random,22,random
PL_SSE_C2.csv::F-3,SSE,C2,PL_SSE_C2.csv,F-3,10.69935629,84.0,direct_extra,86.47025000000005,2.47025000000005,2.47025000000005,random,22,random
PL_SSE_C2.csv::M-9,SSE,C2,PL_SSE_C2.csv,M-9,1.86446373,68.0,direct_extra,68.34150000000001,0.3415000000000106,0.3415000000000106,random,22,random
PL_Comms_C1.csv::I-5,Comms,C1,PL_Comms_C1.csv,I-5,24.33105012,108.0,direct_extra,95.23712579365079,-12.76287420634921,12.76287420634921,random,22,random
PL_Comms_C2.csv::C-39,Comms,C2,PL_Comms_C2.csv,C-39,10.27016188,85.0,direct_extra,85.83188760504203,0.8318876050420272,0.8318876050420272,random,22,random
PL_Comms_C2.csv::C-22,Comms,C2,PL_Comms_C2.csv,C-22,7.380801108,86.0,direct_extra,91.8619077385033,5.861907738503305,5.861907738503305,random,22,random
PL_Library_C2.csv::T-20,Library,C2,PL_Library_C2.csv,T-20,9.846294988,75.0,direct_extra,76.72569597744858,1.7256959774485807,1.7256959774485807,random,22,random
PL_Comms_C1.csv::L-39,Comms,C1,PL_Comms_C1.csv,L-39,12.20655562,103.0,direct_extra,94.53433333333334,-8.465666666666664,8.465666666666664,random,22,random
PL_SSE_C1.csv::M-10,SSE,C1,PL_SSE_C1.csv,M-10,1.0,53.0,direct_extra,53.61541666666666,0.6154166666666612,0.6154166666666612,random,22,random
PL_Comms_C1.csv::M-32,Comms,C1,PL_Comms_C1.csv,M-32,8.544003745,86.0,direct_extra,87.32458333333331,1.3245833333333081,1.3245833333333081,random,22,random
PL_Library_C2.csv::G-15,Library,C2,PL_Library_C2.csv,G-15,9.658026455,79.0,direct_extra,81.18111344156341,2.1811134415634115,2.1811134415634115,random,22,random
PL_Comms_C1.csv::J-54,Comms,C1,PL_Comms_C1.csv,J-54,25.49509757,103.0,direct_extra,105.54635134310132,2.546351343101321,2.546351343101321,random,22,random
PL_SSE_C1.csv::H-2,SSE,C1,PL_SSE_C1.csv,H-2,10.0,88.0,direct_extra,90.46541666666668,2.465416666666684,2.465416666666684,random,22,random
PL_Comms_C1.csv::P-51,Comms,C1,PL_Comms_C1.csv,P-51,24.59674775,112.0,direct_extra,107.31113095238102,-4.688869047618979,4.688869047618979,random,22,random
PL_Comms_C2.csv::G-8,Comms,C2,PL_Comms_C2.csv,G-8,21.12998403,89.0,direct_extra,105.21399341374999,16.21399341374999,16.21399341374999,random,22,random
PL_Comms_C2.csv::C-31,Comms,C2,PL_Comms_C2.csv,C-31,3.078347771,73.0,direct_extra,75.2526454517705,2.252645451770505,2.252645451770505,random,22,random
PL_Library_C2.csv::U-18,Library,C2,PL_Library_C2.csv,U-18,9.939092011,75.0,direct_extra,80.34316511579807,5.343165115798072,5.343165115798072,random,22,random
PL_Comms_C2.csv::L-39,Comms,C2,PL_Comms_C2.csv,L-39,12.26687511,96.0,direct_extra,100.15139285714285,4.151392857142852,4.151392857142852,random,22,random
PL_Comms_C2.csv::F-50,Comms,C2,PL_Comms_C2.csv,F-50,21.05887521,84.0,direct_extra,108.46715781440778,24.467157814407784,24.467157814407784,random,22,random
PL_Library_C2.csv::A-8,Library,C2,PL_Library_C2.csv,A-8,20.71883322,90.0,direct_extra,89.73534523809519,-0.26465476190480786,0.26465476190480786,random,22,random
PL_Comms_C1.csv::M-35,Comms,C1,PL_Comms_C1.csv,M-35,10.0,87.0,direct_extra,90.93348809523812,3.9334880952381184,3.9334880952381184,random,22,random
PL_Comms_C2.csv::C-45,Comms,C2,PL_Comms_C2.csv,C-45,16.1702265,108.0,direct_extra,106.37249441786284,-1.627505582137161,1.627505582137161,random,22,random
PL_SSE_C1.csv::L-8,SSE,C1,PL_SSE_C1.csv,L-8,2.828427125,61.0,direct_extra,65.00741666666666,4.007416666666657,4.007416666666657,random,22,random
PL_Comms_C2.csv::G-33,Comms,C2,PL_Comms_C2.csv,G-33,4.634244814,79.0,direct_extra,78.69536309523812,-0.3046369047618782,0.3046369047618782,random,22,random
PL_Comms_C1.csv::A-18,Comms,C1,PL_Comms_C1.csv,A-18,11.70469991,90.0,direct_extra,93.3637797619048,3.3637797619047944,3.3637797619047944,random,22,random
PL_SSE_C2.csv::F-6,SSE,C2,PL_SSE_C2.csv,F-6,9.026418171,96.0,direct_extra,86.85978571428568,-9.140214285714322,9.140214285714322,random,22,random
PL_SSE_C1.csv::D-5,SSE,C1,PL_SSE_C1.csv,D-5,11.18033989,98.0,direct_extra,92.20688095238098,-5.793119047619015,5.793119047619015,random,22,random
PL_Comms_C1.csv::D-38,Comms,C1,PL_Comms_C1.csv,D-38,9.055385138,92.0,direct_extra,87.1192136752137,-4.8807863247863,4.8807863247863,random,22,random
PL_Comms_C2.csv::B-35,Comms,C2,PL_Comms_C2.csv,B-35,6.817347358,78.0,direct_extra,84.3870040588496,6.387004058849598,6.387004058849598,random,22,random
PL_SSE_C1.csv::F-6,SSE,C1,PL_SSE_C1.csv,F-6,8.94427191,83.0,direct_extra,84.85208333333334,1.85208333333334,1.85208333333334,random,22,random
PL_Comms_C2.csv::L-13,Comms,C2,PL_Comms_C2.csv,L-13,17.50646238,116.0,direct_extra,104.03471001220998,-11.965289987790015,11.965289987790015,random,22,random
PL_Comms_C2.csv::F-25,Comms,C2,PL_Comms_C2.csv,F-25,4.298397957,75.0,direct_extra,79.12005952380956,4.120059523809559,4.120059523809559,random,22,random
PL_Library_C2.csv::Q-17,Library,C2,PL_Library_C2.csv,Q-17,4.45381578,62.0,direct_extra,77.45205645743145,15.452056457431453,15.452056457431453,random,22,random
PL_Comms_C2.csv::F-36,Comms,C2,PL_Comms_C2.csv,F-36,7.174693373,86.0,direct_extra,84.29112133699637,-1.708878663003631,1.708878663003631,random,22,random
PL_Comms_C1.csv::G-38,Comms,C1,PL_Comms_C1.csv,G-38,9.219544457,94.0,direct_extra,84.30740487290488,-9.692595127095117,9.692595127095117,random,22,random
PL_Comms_C2.csv::P-17,Comms,C2,PL_Comms_C2.csv,P-17,16.32409952,94.0,direct_extra,89.43101226505098,-4.568987734949019,4.568987734949019,random,22,random
PL_Library_C1.csv::J-3,Library,C1,PL_Library_C1.csv,J-3,18.43,81.0,direct_extra,85.35027593288785,4.350275932887854,4.350275932887854,random,22,random
PL_Comms_C1.csv::A-51,Comms,C1,PL_Comms_C1.csv,A-51,22.36067977,112.0,direct_extra,109.51892274392277,-2.481077256077228,2.481077256077228,random,22,random
PL_SSE_C2.csv::E-4,SSE,C2,PL_SSE_C2.csv,E-4,10.88467845,95.0,direct_extra,92.5451893939394,-2.4548106060606045,2.4548106060606045,random,22,random
PL_Library_C1.csv::I-10,Library,C1,PL_Library_C1.csv,I-10,10.5829,76.0,direct_extra,77.40074087242573,1.4007408724257289,1.4007408724257289,random,22,random
PL_Comms_C1.csv::M-57,Comms,C1,PL_Comms_C1.csv,M-57,29.12043956,104.0,direct_extra,102.31335515873013,-1.6866448412698674,1.6866448412698674,random,22,random
PL_Comms_C2.csv::D-39,Comms,C2,PL_Comms_C2.csv,D-39,10.12305413,88.0,direct_extra,89.66941965632408,1.6694196563240808,1.6694196563240808,random,22,random
PL_Comms_C2.csv::F-34,Comms,C2,PL_Comms_C2.csv,F-34,5.241776893,93.0,direct_extra,82.24187499999996,-10.758125000000035,10.758125000000035,random,22,random
PL_Comms_C1.csv::B-13,Comms,C1,PL_Comms_C1.csv,B-13,16.2788206,94.0,direct_extra,94.91503282828276,0.9150328282827616,0.9150328282827616,random,22,random
PL_Comms_C1.csv::C-11,Comms,C1,PL_Comms_C1.csv,C-11,18.11077028,104.0,direct_extra,101.18745875901273,-2.8125412409872723,2.8125412409872723,random,22,random
PL_Comms_C1.csv::B-17,Comms,C1,PL_Comms_C1.csv,B-17,12.36931688,91.0,direct_extra,91.35044047619053,0.35044047619052776,0.35044047619052776,random,22,random
PL_Comms_C2.csv::N-42,Comms,C2,PL_Comms_C2.csv,N-42,15.85800192,102.0,direct_extra,106.5442023809524,4.544202380952399,4.544202380952399,random,22,random
PL_Library_C1.csv::O-7,Library,C1,PL_Library_C1.csv,O-7,12.27,81.0,direct_extra,79.13749999999997,-1.8625000000000256,1.8625000000000256,random,22,random
PL_Library_C2.csv::E-4,Library,C2,PL_Library_C2.csv,E-4,20.36128311,97.0,direct_extra,95.38604401154406,-1.6139559884559418,1.6139559884559418,random,22,random
PL_Library_C2.csv::P-18,Library,C2,PL_Library_C2.csv,P-18,4.020500591,65.0,direct_extra,71.13685497835499,6.1368549783549895,6.1368549783549895,random,22,random
PL_Comms_C1.csv::G-21,Comms,C1,PL_Comms_C1.csv,G-21,8.246211251,77.0,direct_extra,83.02014491758239,6.020144917582385,6.020144917582385,random,22,random
PL_Library_C2.csv::C-14,Library,C2,PL_Library_C2.csv,C-14,15.1980048,96.0,direct_extra,81.63798809523809,-14.362011904761914,14.362011904761914,random,22,random
PL_Comms_C2.csv::J-28,Comms,C2,PL_Comms_C2.csv,J-28,5.241776893,76.0,direct_extra,82.24187499999996,6.241874999999965,6.241874999999965,random,22,random
PL_Library_C1.csv::J-11,Library,C1,PL_Library_C1.csv,J-11,8.6762,70.0,direct_extra,73.84606158220859,3.8460615822085913,3.8460615822085913,random,22,random
PL_Comms_C2.csv::B-52,Comms,C2,PL_Comms_C2.csv,B-52,23.2266275,115.0,direct_extra,112.49205952380946,-2.507940476190541,2.507940476190541,random,22,random
PL_Comms_C2.csv::E-24,Comms,C2,PL_Comms_C2.csv,E-24,5.14550532,71.0,direct_extra,82.91223214285708,11.912232142857079,11.912232142857079,random,22,random
PL_Comms_C2.csv::C-41,Comms,C2,PL_Comms_C2.csv,C-41,12.22604699,98.0,direct_extra,101.00579762453572,3.0057976245357167,3.0057976245357167,random,22,random
PL_Comms_C1.csv::I-20,Comms,C1,PL_Comms_C1.csv,I-20,9.848857802,92.0,direct_extra,84.13495309149923,-7.865046908500773,7.865046908500773,random,22,random
PL_Comms_C2.csv::B-48,Comms,C2,PL_Comms_C2.csv,B-48,19.2737185,114.0,direct_extra,111.18131650780991,-2.8186834921900896,2.8186834921900896,random,22,random
PL_Comms_C2.csv::H-52,Comms,C2,PL_Comms_C2.csv,H-52,23.2266275,90.0,direct_extra,95.40576911027567,5.405769110275671,5.405769110275671,random,22,random
PL_Library_C2.csv::A-12,Library,C2,PL_Library_C2.csv,A-12,18.46999865,94.0,direct_extra,85.42120238095242,-8.578797619047577,8.578797619047577,random,22,random
PL_SSE_C2.csv::D-9,SSE,C2,PL_SSE_C2.csv,D-9,10.12305413,92.0,direct_extra,99.67416666666666,7.674166666666665,7.674166666666665,random,22,random
PL_Library_C2.csv::S-14,Library,C2,PL_Library_C2.csv,S-14,7.397361016,78.0,direct_extra,77.34217857142855,-0.6578214285714523,0.6578214285714523,random,22,random
PL_Comms_C2.csv::F-17,Comms,C2,PL_Comms_C2.csv,F-17,12.10273626,83.0,direct_extra,86.85784938672448,3.8578493867244816,3.8578493867244816,random,22,random
PL_Comms_C1.csv::E-24,Comms,C1,PL_Comms_C1.csv,E-24,5.0,67.0,direct_extra,73.59602747252748,6.5960274725274815,6.5960274725274815,random,22,random
PL_Comms_C2.csv::A-16,Comms,C2,PL_Comms_C2.csv,A-16,13.65562979,103.0,direct_extra,98.66507341269843,-4.334926587301567,4.334926587301567,random,22,random
PL_Comms_C2.csv::I-36,Comms,C2,PL_Comms_C2.csv,I-36,8.153295346,93.0,direct_extra,86.97360943223447,-6.026390567765532,6.026390567765532,random,22,random
PL_Library_C2.csv::G-8,Library,C2,PL_Library_C2.csv,G-8,14.45500086,73.0,direct_extra,81.18528757353761,8.185287573537607,8.185287573537607,random,22,random
PL_Comms_C1.csv::A-13,Comms,C1,PL_Comms_C1.csv,A-13,16.4924225,92.0,direct_extra,96.90869949494947,4.908699494949474,4.908699494949474,random,22,random
PL_Comms_C2.csv::K-57,Comms,C2,PL_Comms_C2.csv,K-57,28.66140654,113.0,direct_extra,109.96315350877202,-3.0368464912279762,3.0368464912279762,random,22,random
PL_Comms_C2.csv::D-43,Comms,C2,PL_Comms_C2.csv,D-43,14.08815904,98.0,direct_extra,96.30293038066846,-1.6970696193315433,1.6970696193315433,random,22,random
PL_Comms_C1.csv::G-19,Comms,C1,PL_Comms_C1.csv,G-19,10.19803903,89.0,direct_extra,83.57851791556396,-5.421482084436036,5.421482084436036,random,22,random
PL_Comms_C1.csv::E-47,Comms,C1,PL_Comms_C1.csv,E-47,18.0,114.0,direct_extra,109.4407348609315,-4.559265139068501,4.559265139068501,random,22,random
PL_Comms_C2.csv::N-36,Comms,C2,PL_Comms_C2.csv,N-36,11.46630826,86.0,direct_extra,95.1746666666667,9.174666666666695,9.174666666666695,random,22,random
PL_Library_C2.csv::J-6,Library,C2,PL_Library_C2.csv,J-6,14.64428643,96.0,direct_extra,85.59533333333337,-10.404666666666628,10.404666666666628,random,22,random
PL_Library_C2.csv::K-3,Library,C2,PL_Library_C2.csv,K-3,18.11873823,78.0,direct_extra,87.15001190476193,9.150011904761925,9.150011904761925,random,22,random
PL_Comms_C1.csv::E-5,Comms,C1,PL_Comms_C1.csv,E-5,24.0,109.0,direct_extra,113.60045634920644,4.600456349206439,4.600456349206439,random,22,random
PL_Comms_C2.csv::I-5,Comms,C2,PL_Comms_C2.csv,I-5,24.36136747,108.0,direct_extra,93.51499530075189,-14.485004699248108,14.485004699248108,random,22,random
PL_Library_C2.csv::G-10,Library,C2,PL_Library_C2.csv,G-10,12.55142821,83.0,direct_extra,82.79666666666668,-0.20333333333331893,0.20333333333331893,random,22,random
PL_Comms_C1.csv::C-49,Comms,C1,PL_Comms_C1.csv,C-49,20.09975124,106.0,direct_extra,108.75940395649891,2.7594039564989146,2.7594039564989146,random,22,random
PL_Library_C2.csv::H-4,Library,C2,PL_Library_C2.csv,H-4,18.21978938,93.0,direct_extra,86.80084523809526,-6.199154761904737,6.199154761904737,random,22,random
PL_Comms_C1.csv::M-11,Comms,C1,PL_Comms_C1.csv,M-11,19.6977156,103.0,direct_extra,97.27685227248595,-5.723147727514046,5.723147727514046,random,22,random
PL_Comms_C1.csv::M-30,Comms,C1,PL_Comms_C1.csv,M-30,8.062257748,96.0,direct_extra,87.35583333333332,-8.644166666666678,8.644166666666678,random,22,random
PL_Library_C1.csv::P-16,Library,C1,PL_Library_C1.csv,P-16,2.71,58.0,direct_extra,63.45361538461527,5.453615384615269,5.453615384615269,random,22,random
PL_Library_C1.csv::H-5,Library,C1,PL_Library_C1.csv,H-5,16.9781,83.0,direct_extra,82.2441961603212,-0.7558038396788049,0.7558038396788049,random,22,random
PL_Library_C2.csv::E-8,Library,C2,PL_Library_C2.csv,E-8,16.36153569,87.0,direct_extra,88.71491666666672,1.7149166666667242,1.7149166666667242,random,22,random
PL_Comms_C1.csv::D-34,Comms,C1,PL_Comms_C1.csv,D-34,5.099019514,74.0,direct_extra,78.96399639249638,4.963996392496384,4.963996392496384,random,22,random
PL_Library_C2.csv::P-13,Library,C2,PL_Library_C2.csv,P-13,5.034337096,64.0,direct_extra,71.2048988095238,7.204898809523797,7.204898809523797,random,22,random
PL_SSE_C2.csv::I-2,SSE,C2,PL_SSE_C2.csv,I-2,9.511899127,93.0,direct_extra,88.60048468198464,-4.399515318015361,4.399515318015361,random,22,random
PL_Library_C1.csv::R-20,Library,C1,PL_Library_C1.csv,R-20,7.665,76.0,direct_extra,72.5576494616495,-3.442350538350496,3.442350538350496,random,22,random
PL_Comms_C2.csv::L-31,Comms,C2,PL_Comms_C2.csv,L-31,7.380801108,91.0,direct_extra,94.64591666666671,3.6459166666667073,3.6459166666667073,random,22,random
PL_Comms_C2.csv::F-5,Comms,C2,PL_Comms_C2.csv,F-5,24.0515327,94.0,direct_extra,104.260248015873,10.260248015873003,10.260248015873003,random,22,random
PL_Comms_C2.csv::H-36,Comms,C2,PL_Comms_C2.csv,H-36,7.712083052,80.0,direct_extra,86.79413879910933,6.794138799109334,6.794138799109334,random,22,random
PL_Comms_C2.csv::E-37,Comms,C2,PL_Comms_C2.csv,E-37,8.09173807,88.0,direct_extra,86.95035943223449,-1.0496405677655076,1.0496405677655076,random,22,random
PL_Library_C2.csv::S-15,Library,C2,PL_Library_C2.csv,S-15,7.015188878,75.0,direct_extra,74.49970797720803,-0.5002920227919674,0.5002920227919674,random,22,random
PL_Comms_C2.csv::J-12,Comms,C2,PL_Comms_C2.csv,J-12,17.7616504,107.0,direct_extra,102.88380650343807,-4.116193496561934,4.116193496561934,random,22,random
PL_Comms_C2.csv::G-21,Comms,C2,PL_Comms_C2.csv,G-21,8.335239949,86.0,direct_extra,89.01601082251076,3.016010822510765,3.016010822510765,random,22,random
PL_SSE_C1.csv::N-1,SSE,C1,PL_SSE_C1.csv,N-1,9.0,71.0,direct_extra,75.71023809523815,4.710238095238154,4.710238095238154,random,22,random
PL_Comms_C2.csv::G-48,Comms,C2,PL_Comms_C2.csv,G-48,19.14356876,90.0,direct_extra,103.94062297862955,13.940622978629548,13.940622978629548,random,22,random
PL_Comms_C1.csv::A-48,Comms,C1,PL_Comms_C1.csv,A-48,19.41648784,114.0,direct_extra,105.2602037400487,-8.739796259951305,8.739796259951305,random,22,random
PL_Comms_C1.csv::E-49,Comms,C1,PL_Comms_C1.csv,E-49,20.0,105.0,direct_extra,108.6019039564989,3.6019039564989015,3.6019039564989015,random,22,random
PL_Library_C2.csv::G-5,Library,C2,PL_Library_C2.csv,G-5,17.70876831,75.0,direct_extra,84.98607503607505,9.98607503607505,9.98607503607505,random,22,random
PL_Library_C2.csv::O-4,Library,C2,PL_Library_C2.csv,O-4,16.36153569,92.0,direct_extra,78.56282142857144,-13.43717857142856,13.43717857142856,random,22,random
PL_Comms_C2.csv::L-23,Comms,C2,PL_Comms_C2.csv,L-23,9.299259379,89.0,direct_extra,84.74378598484853,-4.256214015151471,4.256214015151471,random,22,random
PL_Comms_C1.csv::M-53,Comms,C1,PL_Comms_C1.csv,M-53,25.29822128,105.0,direct_extra,110.57755526826118,5.577555268261179,5.577555268261179,random,22,random
PL_Library_C1.csv::Y-18,Library,C1,PL_Library_C1.csv,Y-18,15.1494,74.0,direct_extra,77.65397871572873,3.6539787157287265,3.6539787157287265,random,22,random
PL_SSE_C2.csv::B-1,SSE,C2,PL_SSE_C2.csv,B-1,15.04912705,109.0,direct_extra,95.57805555555552,-13.421944444444478,13.421944444444478,random,22,random
PL_Comms_C1.csv::P-42,Comms,C1,PL_Comms_C1.csv,P-42,17.02938637,110.0,direct_extra,101.03886088326875,-8.961139116731246,8.961139116731246,random,22,random
PL_Library_C1.csv::I-7,Library,C1,PL_Library_C1.csv,I-7,13.9506,79.0,direct_extra,80.6212268009768,1.6212268009767996,1.6212268009767996,random,22,random
PL_Comms_C1.csv::G-29,Comms,C1,PL_Comms_C1.csv,G-29,2.0,56.0,direct_extra,60.73808333333331,4.738083333333307,4.738083333333307,random,22,random
PL_Comms_C1.csv::G-34,Comms,C1,PL_Comms_C1.csv,G-34,5.385164807,78.0,direct_extra,81.0506352813853,3.050635281385297,3.050635281385297,random,22,random
PL_Library_C2.csv::R-22,Library,C2,PL_Library_C2.csv,R-22,9.846294988,72.0,direct_extra,73.67363095238095,1.6736309523809467,1.6736309523809467,random,22,random
PL_Library_C1.csv::H-9,Library,C1,PL_Library_C1.csv,H-9,12.4925,74.0,direct_extra,74.31512225705328,0.31512225705327523,0.31512225705327523,random,22,random
PL_Library_C2.csv::O-19,Library,C2,PL_Library_C2.csv,O-19,4.45381578,67.0,direct_extra,72.99781547619048,5.997815476190482,5.997815476190482,random,22,random
PL_Comms_C1.csv::B-34,Comms,C1,PL_Comms_C1.csv,B-34,5.830951895,82.0,direct_extra,75.28798809523809,-6.7120119047619085,6.7120119047619085,random,22,random
PL_Comms_C2.csv::K-22,Comms,C2,PL_Comms_C2.csv,K-22,9.299259379,87.0,direct_extra,84.37110574841827,-2.628894251581727,2.628894251581727,random,22,random
PL_SSE_C2.csv::K-4,SSE,C2,PL_SSE_C2.csv,K-4,6.817347358,88.0,direct_extra,72.71856421356424,-15.281435786435765,15.281435786435765,random,22,random
PL_Comms_C2.csv::D-51,Comms,C2,PL_Comms_C2.csv,D-51,22.05620604,112.0,direct_extra,112.46755952380948,0.4675595238094843,0.4675595238094843,random,22,random
PL_Comms_C1.csv::F-20,Comms,C1,PL_Comms_C1.csv,F-20,9.055385138,85.0,direct_extra,85.2817142857143,0.2817142857143011,0.2817142857143011,random,22,random
PL_Comms_C2.csv::G-53,Comms,C2,PL_Comms_C2.csv,G-53,24.11381813,97.0,direct_extra,93.57943577694238,-3.4205642230576245,3.4205642230576245,random,22,random
PL_SSE_C1.csv::N-9,SSE,C1,PL_SSE_C1.csv,N-9,1.0,52.0,direct_extra,53.61541666666666,1.6154166666666612,1.6154166666666612,random,22,random
PL_Comms_C2.csv::M-42,Comms,C2,PL_Comms_C2.csv,M-42,15.31261653,110.0,direct_extra,100.67844232055415,-9.321557679445846,9.321557679445846,random,22,random
PL_Comms_C1.csv::M-13,Comms,C1,PL_Comms_C1.csv,M-13,17.88854382,115.0,direct_extra,105.49146428571431,-9.508535714285685,9.508535714285685,random,22,random
PL_Comms_C1.csv::C-31,Comms,C1,PL_Comms_C1.csv,C-31,2.828427125,68.0,direct_extra,73.42252747252745,5.422527472527449,5.422527472527449,random,22,random
PL_Comms_C1.csv::O-28,Comms,C1,PL_Comms_C1.csv,O-28,10.04987562,82.0,direct_extra,78.72057196969696,-3.2794280303030376,3.2794280303030376,random,22,random
PL_Comms_C2.csv::D-37,Comms,C2,PL_Comms_C2.csv,D-37,8.153295346,86.0,direct_extra,86.97360943223447,0.9736094322344684,0.9736094322344684,random,22,random
PL_Comms_C1.csv::B-21,Comms,C1,PL_Comms_C1.csv,B-21,8.544003745,84.0,direct_extra,86.85392010073261,2.8539201007326085,2.8539201007326085,random,22,random
PL_Comms_C2.csv::P-21,Comms,C2,PL_Comms_C2.csv,P-21,13.65562979,96.0,direct_extra,90.81023449461881,-5.189765505381189,5.189765505381189,random,22,random
PL_Comms_C1.csv::M-54,Comms,C1,PL_Comms_C1.csv,M-54,26.2488095,118.0,direct_extra,110.19855613830615,-7.801443861693855,7.801443861693855,random,22,random
PL_Comms_C1.csv::H-25,Comms,C1,PL_Comms_C1.csv,H-25,5.0,80.0,direct_extra,73.59602747252748,-6.4039725274725185,6.4039725274725185,random,22,random
PL_Comms_C2.csv::P-42,Comms,C2,PL_Comms_C2.csv,P-42,17.07267481,104.0,direct_extra,104.88366883116883,0.8836688311688334,0.8836688311688334,random,22,random
PL_Library_C1.csv::U-12,Library,C1,PL_Library_C1.csv,U-12,10.9244,85.0,direct_extra,73.6073474025974,-11.392652597402602,11.392652597402602,random,22,random
PL_Comms_C1.csv::E-38,Comms,C1,PL_Comms_C1.csv,E-38,9.0,85.0,direct_extra,87.54488034188039,2.5448803418803863,2.5448803418803863,random,22,random
PL_Comms_C2.csv::A-21,Comms,C2,PL_Comms_C2.csv,A-21,9.026418171,92.0,direct_extra,91.66384821428574,-0.3361517857142644,0.3361517857142644,random,22,random
PL_Library_C1.csv::K-10,Library,C1,PL_Library_C1.csv,K-10,9.0896,71.0,direct_extra,73.44110000212203,2.4411000021220275,2.4411000021220275,random,22,random
PL_Comms_C2.csv::O-22,Comms,C2,PL_Comms_C2.csv,O-22,12.26687511,95.0,direct_extra,87.49851605339113,-7.501483946608872,7.501483946608872,random,22,random
PL_Comms_C2.csv::F-49,Comms,C2,PL_Comms_C2.csv,F-49,20.06181011,93.0,direct_extra,103.95789392551892,10.957893925518917,10.957893925518917,random,22,random
PL_SSE_C1.csv::F-8,SSE,C1,PL_SSE_C1.csv,F-8,8.246211251,80.0,direct_extra,86.73666666666666,6.736666666666665,6.736666666666665,random,22,random
PL_Library_C1.csv::N-6,Library,C1,PL_Library_C1.csv,N-6,13.55,90.0,direct_extra,83.11008333333334,-6.8899166666666645,6.8899166666666645,random,22,random
PL_Comms_C2.csv::N-40,Comms,C2,PL_Comms_C2.csv,N-40,14.26450928,100.0,direct_extra,104.78870652958152,4.788706529581518,4.788706529581518,random,22,random
PL_Comms_C1.csv::G-47,Comms,C1,PL_Comms_C1.csv,G-47,18.11077028,86.0,direct_extra,102.84147008522878,16.841470085228778,16.841470085228778,random,22,random
PL_Comms_C1.csv::O-40,Comms,C1,PL_Comms_C1.csv,O-40,14.86606875,98.0,direct_extra,97.99592857142858,-0.00407142857142162,0.00407142857142162,random,22,random
PL_Library_C2.csv::D-8,Library,C2,PL_Library_C2.csv,D-8,17.39495114,80.0,direct_extra,87.40065476190478,7.400654761904775,7.400654761904775,random,22,random
PL_Comms_C1.csv::P-24,Comms,C1,PL_Comms_C1.csv,P-24,12.08304597,96.0,direct_extra,87.73960223110218,-8.260397768897818,8.260397768897818,random,22,random
PL_Comms_C1.csv::D-45,Comms,C1,PL_Comms_C1.csv,D-45,16.03121954,114.0,direct_extra,106.69504240061404,-7.304957599385958,7.304957599385958,random,22,random
PL_Library_C1.csv::S-23,Library,C1,PL_Library_C1.csv,S-23,11.6562,75.0,direct_extra,73.02673571428569,-1.9732642857143077,1.9732642857143077,random,22,random
PL_Comms_C1.csv::H-5,Comms,C1,PL_Comms_C1.csv,H-5,24.18677324,86.0,direct_extra,95.5065,9.506500000000003,9.506500000000003,random,22,random
PL_SSE_C2.csv::C-7,SSE,C2,PL_SSE_C2.csv,C-7,11.46630826,91.0,direct_extra,96.87684523809527,5.876845238095271,5.876845238095271,random,22,random
PL_SSE_C1.csv::A-7,SSE,C1,PL_SSE_C1.csv,A-7,13.34166406,106.0,direct_extra,98.65250000000003,-7.347499999999968,7.347499999999968,random,22,random
PL_Comms_C1.csv::C-15,Comms,C1,PL_Comms_C1.csv,C-15,14.14213562,96.0,direct_extra,95.78262500000004,-0.21737499999996146,0.21737499999996146,random,22,random
PL_Comms_C2.csv::M-33,Comms,C2,PL_Comms_C2.csv,M-33,9.026418171,94.0,direct_extra,94.57125000000003,0.5712500000000347,0.5712500000000347,random,22,random
PL_Comms_C2.csv::A-32,Comms,C2,PL_Comms_C2.csv,A-32,5.14550532,78.0,direct_extra,82.91223214285708,4.9122321428570785,4.9122321428570785,random,22,random
PL_Library_C2.csv::A-11,Library,C2,PL_Library_C2.csv,A-11,18.91203519,89.0,direct_extra,87.16420238095239,-1.8357976190476109,1.8357976190476109,random,22,random
PL_Library_C2.csv::I-8,Library,C2,PL_Library_C2.csv,I-8,12.84065614,79.0,direct_extra,74.13897222222225,-4.86102777777775,4.86102777777775,random,22,random
PL_Comms_C1.csv::J-20,Comms,C1,PL_Comms_C1.csv,J-20,10.29563014,96.0,direct_extra,87.7034742647703,-8.296525735229693,8.296525735229693,random,22,random
PL_Comms_C2.csv::K-53,Comms,C2,PL_Comms_C2.csv,K-53,24.76845221,113.0,direct_extra,114.72378481240982,1.7237848124098178,1.7237848124098178,random,22,random
PL_SSE_C2.csv::J-8,SSE,C2,PL_SSE_C2.csv,J-8,4.634244814,86.0,direct_extra,76.54761309523808,-9.452386904761923,9.452386904761923,random,22,random
PL_Comms_C1.csv::H-54,Comms,C1,PL_Comms_C1.csv,H-54,25.17935662,95.0,direct_extra,96.18754246031746,1.1875424603174594,1.1875424603174594,random,22,random
PL_Comms_C1.csv::G-55,Comms,C1,PL_Comms_C1.csv,G-55,26.07680962,88.0,direct_extra,103.91282753357753,15.912827533577527,15.912827533577527,random,22,random
PL_Comms_C1.csv::H-50,Comms,C1,PL_Comms_C1.csv,H-50,21.21320344,87.0,direct_extra,105.83321309523812,18.833213095238122,18.833213095238122,random,22,random
PL_Comms_C1.csv::M-40,Comms,C1,PL_Comms_C1.csv,M-40,13.60147051,93.0,direct_extra,94.83541666666667,1.8354166666666742,1.8354166666666742,random,22,random
PL_Comms_C1.csv::A-14,Comms,C1,PL_Comms_C1.csv,A-14,15.5241747,93.0,direct_extra,96.518259018759,3.5182590187589966,3.5182590187589966,random,22,random
PL_Comms_C1.csv::K-47,Comms,C1,PL_Comms_C1.csv,K-47,18.97366596,104.0,direct_extra,104.03078707338206,0.030787073382057883,0.030787073382057883,random,22,random
PL_Comms_C1.csv::D-49,Comms,C1,PL_Comms_C1.csv,D-49,20.02498439,97.0,direct_extra,108.58732062316557,11.587320623165567,11.587320623165567,random,22,random
PL_Library_C1.csv::W-18,Library,C1,PL_Library_C1.csv,W-18,12.4925,79.0,direct_extra,75.3935303030303,-3.6064696969696968,3.6064696969696968,random,22,random
PL_Comms_C2.csv::O-25,Comms,C2,PL_Comms_C2.csv,O-25,10.83864498,83.0,direct_extra,90.9843746392496,7.9843746392495945,7.9843746392495945,random,22,random
PL_SSE_C1.csv::K-4,SSE,C1,PL_SSE_C1.csv,K-4,6.708203932,69.0,direct_extra,73.98233333333333,4.9823333333333295,4.9823333333333295,random,22,random
PL_SSE_C1.csv::A-5,SSE,C1,PL_SSE_C1.csv,A-5,13.92838828,99.0,direct_extra,93.4459642857143,-5.554035714285703,5.554035714285703,random,22,random
PL_Comms_C1.csv::I-38,Comms,C1,PL_Comms_C1.csv,I-38,9.848857802,98.0,direct_extra,91.94303571428573,-6.0569642857142725,6.0569642857142725,random,22,random
PL_Comms_C1.csv::I-45,Comms,C1,PL_Comms_C1.csv,I-45,16.4924225,104.0,direct_extra,104.50189160696326,0.5018916069632553,0.5018916069632553,random,22,random
PL_Comms_C1.csv::J-24,Comms,C1,PL_Comms_C1.csv,J-24,7.071067812,77.0,direct_extra,81.89306814108025,4.893068141080249,4.893068141080249,random,22,random
PL_Comms_C1.csv::G-44,Comms,C1,PL_Comms_C1.csv,G-44,15.13274595,87.0,direct_extra,100.69376632787503,13.693766327875025,13.693766327875025,random,22,random
PL_Library_C2.csv::I-14,Library,C2,PL_Library_C2.csv,I-14,7.397361016,73.0,direct_extra,73.6134740068655,0.613474006865502,0.613474006865502,random,22,random
PL_Library_C1.csv::Q-6,Library,C1,PL_Library_C1.csv,Q-6,14.1466,80.0,direct_extra,83.93104978354982,3.931049783549824,3.931049783549824,random,22,random
PL_Comms_C1.csv::I-12,Comms,C1,PL_Comms_C1.csv,I-12,17.4642492,103.0,direct_extra,100.40167253278122,-2.5983274672187804,2.5983274672187804,random,22,random
PL_Comms_C1.csv::F-17,Comms,C1,PL_Comms_C1.csv,F-17,12.04159458,87.0,direct_extra,87.67018556443549,0.670185564435485,0.670185564435485,random,22,random
PL_Comms_C2.csv::K-11,Comms,C2,PL_Comms_C2.csv,K-11,19.01252811,111.0,direct_extra,105.74524797862954,-5.254752021370464,5.254752021370464,random,22,random
PL_Library_C1.csv::B-2,Library,C1,PL_Library_C1.csv,B-2,24.985,82.0,direct_extra,82.6566661255411,0.6566661255410935,0.6566661255410935,random,22,random
PL_Comms_C1.csv::N-18,Comms,C1,PL_Comms_C1.csv,N-18,14.2126704,90.0,direct_extra,87.98426370851372,-2.0157362914862773,2.0157362914862773,random,22,random
PL_Library_C1.csv::R-18,Library,C1,PL_Library_C1.csv,R-18,6.0597,69.0,direct_extra,72.23241774891785,3.232417748917854,3.232417748917854,random,22,random
PL_Comms_C2.csv::C-35,Comms,C2,PL_Comms_C2.csv,C-35,6.440203801,77.0,direct_extra,89.74073620170675,12.740736201706753,12.740736201706753,random,22,random
PL_Library_C2.csv::R-18,Library,C2,PL_Library_C2.csv,R-18,6.180349909,69.0,direct_extra,78.26274503968253,9.262745039682528,9.262745039682528,random,22,random
PL_Comms_C2.csv::D-29,Comms,C2,PL_Comms_C2.csv,D-29,1.573602555,64.0,direct_extra,71.33833333333327,7.338333333333267,7.338333333333267,random,22,random
PL_Comms_C1.csv::M-39,Comms,C1,PL_Comms_C1.csv,M-39,12.80624847,98.0,direct_extra,95.74092857142858,-2.259071428571417,2.259071428571417,random,22,random
PL_Library_C2.csv::W-20,Library,C2,PL_Library_C2.csv,W-20,13.40039738,70.0,direct_extra,84.67666666666666,14.676666666666662,14.676666666666662,random,22,random
PL_Comms_C2.csv::I-40,Comms,C2,PL_Comms_C2.csv,I-40,11.76759215,107.0,direct_extra,89.37082087795247,-17.629179122047532,17.629179122047532,random,22,random
PL_Comms_C1.csv::G-11,Comms,C1,PL_Comms_C1.csv,G-11,18.11077028,84.0,direct_extra,87.13751984126988,3.137519841269878,3.137519841269878,random,22,random
PL_Library_C1.csv::W-8,Library,C1,PL_Library_C1.csv,W-8,16.3164,87.0,direct_extra,88.01983333333328,1.0198333333332812,1.0198333333332812,random,22,random
PL_SSE_C1.csv::B-1,SSE,C1,PL_SSE_C1.csv,B-1,15.0,92.0,direct_extra,92.93056547619051,0.9305654761905089,0.9305654761905089,random,22,random
PL_Comms_C2.csv::J-50,Comms,C2,PL_Comms_C2.csv,J-50,21.62119851,120.0,direct_extra,110.8594078144078,-9.140592185592197,9.140592185592197,random,22,random
PL_Library_C2.csv::W-7,Library,C2,PL_Library_C2.csv,W-7,17.28907965,94.0,direct_extra,90.54299999999999,-3.457000000000008,3.457000000000008,random,22,random
PL_Comms_C1.csv::K-31,Comms,C1,PL_Comms_C1.csv,K-31,6.32455532,75.0,direct_extra,80.99603571428567,5.996035714285668,5.996035714285668,random,22,random
PL_Comms_C2.csv::P-26,Comms,C2,PL_Comms_C2.csv,P-26,11.46630826,90.0,direct_extra,88.26296031746034,-1.7370396825396597,1.7370396825396597,random,22,random
PL_Comms_C1.csv::P-13,Comms,C1,PL_Comms_C1.csv,P-13,19.41648784,113.0,direct_extra,106.57425595238094,-6.425744047619062,6.425744047619062,random,22,random
PL_Comms_C2.csv::E-49,Comms,C2,PL_Comms_C2.csv,E-49,20.03687164,101.0,direct_extra,109.2342149357709,8.234214935770893,8.234214935770893,random,22,random
PL_Comms_C1.csv::C-56,Comms,C1,PL_Comms_C1.csv,C-56,27.07397274,118.0,direct_extra,111.2763157299572,-6.723684270042796,6.723684270042796,random,22,random
PL_Comms_C2.csv::I-49,Comms,C2,PL_Comms_C2.csv,I-49,20.43223495,108.0,direct_extra,108.61754523692682,0.6175452369268157,0.6175452369268157,random,22,random
PL_Comms_C2.csv::B-45,Comms,C2,PL_Comms_C2.csv,B-45,16.32409952,112.0,direct_extra,105.2870777511962,-6.712922248803807,6.712922248803807,random,22,random
PL_Library_C1.csv::M-17,Library,C1,PL_Library_C1.csv,M-17,1.9163,58.0,direct_extra,57.03980769230766,-0.9601923076923384,0.9601923076923384,random,22,random
PL_Comms_C1.csv::N-21,Comms,C1,PL_Comms_C1.csv,N-21,12.04159458,98.0,direct_extra,91.4390607701335,-6.560939229866506,6.560939229866506,random,22,random
PL_Library_C2.csv::L-16,Library,C2,PL_Library_C2.csv,L-16,2.969903197,74.0,direct_extra,70.97703463203472,-3.022965367965284,3.022965367965284,random,22,random
PL_Comms_C1.csv::J-36,Comms,C1,PL_Comms_C1.csv,J-36,8.602325267,93.0,direct_extra,87.72738979770233,-5.27261020229767,5.27261020229767,random,22,random
PL_Comms_C1.csv::M-33,Comms,C1,PL_Comms_C1.csv,M-33,8.94427191,85.0,direct_extra,87.14291666666664,2.142916666666636,2.142916666666636,random,22,random
PL_Library_C2.csv::G-16,Library,C2,PL_Library_C2.csv,G-16,9.562502288,85.0,direct_extra,83.57141666666674,-1.4285833333332647,1.4285833333332647,random,22,random
PL_Comms_C1.csv::I-4,Comms,C1,PL_Comms_C1.csv,I-4,25.3179778,115.0,direct_extra,98.23450000000004,-16.76549999999996,16.76549999999996,random,22,random
PL_Comms_C2.csv::J-47,Comms,C2,PL_Comms_C2.csv,J-47,18.72101026,113.0,direct_extra,107.32587206336548,-5.67412793663452,5.67412793663452,random,22,random
PL_SSE_C2.csv::I-7,SSE,C2,PL_SSE_C2.csv,I-7,5.956192156,79.0,direct_extra,79.646875,0.6468749999999943,0.6468749999999943,random,22,random
PL_Comms_C2.csv::H-9,Comms,C2,PL_Comms_C2.csv,H-9,20.26021286,94.0,direct_extra,94.24257676924528,0.24257676924527516,0.24257676924527516,random,22,random
PL_Library_C1.csv::M-15,Library,C1,PL_Library_C1.csv,M-15,1.9163,72.0,direct_extra,57.03980769230766,-14.960192307692338,14.960192307692338,random,22,random
PL_Library_C1.csv::L-13,Library,C1,PL_Library_C1.csv,L-13,4.8855,71.0,direct_extra,68.54529437229439,-2.454705627705607,2.454705627705607,random,22,random
PL_Comms_C1.csv::E-30,Comms,C1,PL_Comms_C1.csv,E-30,1.0,69.0,direct_extra,61.743773809523766,-7.256226190476234,7.256226190476234,random,22,random
PL_Comms_C2.csv::D-45,Comms,C2,PL_Comms_C2.csv,D-45,16.07719581,104.0,direct_extra,105.10841108452952,1.1084110845295214,1.1084110845295214,random,22,random
PL_Comms_C2.csv::J-35,Comms,C2,PL_Comms_C2.csv,J-35,7.904190344,88.0,direct_extra,83.71333333333334,-4.286666666666662,4.286666666666662,random,22,random
PL_Comms_C1.csv::D-13,Comms,C1,PL_Comms_C1.csv,D-13,16.03121954,97.0,direct_extra,92.08403282828283,-4.9159671717171705,4.9159671717171705,random,22,random
PL_Library_C1.csv::A-9,Library,C1,PL_Library_C1.csv,A-9,20.0063,80.0,direct_extra,85.56781277056268,5.567812770562682,5.567812770562682,random,22,random
PL_SSE_C1.csv::L-9,SSE,C1,PL_SSE_C1.csv,L-9,2.236067977,60.0,direct_extra,56.93055555555559,-3.0694444444444073,3.0694444444444073,random,22,random
PL_Library_C2.csv::Q-22,Library,C2,PL_Library_C2.csv,Q-22,9.17046073,74.0,direct_extra,73.40364035734412,-0.5963596426558837,0.5963596426558837,random,22,random
PL_Library_C1.csv::G-13,Library,C1,PL_Library_C1.csv,G-13,10.3194,73.0,direct_extra,76.62925872956858,3.6292587295685763,3.6292587295685763,random,22,random
PL_Library_C2.csv::M-19,Library,C2,PL_Library_C2.csv,M-19,4.45381578,76.0,direct_extra,77.45205645743145,1.4520564574314534,1.4520564574314534,random,22,random
PL_Comms_C2.csv::F-4,Comms,C2,PL_Comms_C2.csv,F-4,25.04947554,87.0,direct_extra,92.31592676767676,5.315926767676757,5.315926767676757,random,22,random
PL_Comms_C2.csv::B-37,Comms,C2,PL_Comms_C2.csv,B-37,8.629960892,82.0,direct_extra,86.41797252747254,4.417972527472543,4.417972527472543,random,22,random
PL_Comms_C1.csv::O-11,Comms,C1,PL_Comms_C1.csv,O-11,20.59126028,114.0,direct_extra,108.51133928571426,-5.488660714285743,5.488660714285743,random,22,random
PL_Comms_C1.csv::D-30,Comms,C1,PL_Comms_C1.csv,D-30,1.414213562,69.0,direct_extra,62.44544047619041,-6.554559523809587,6.554559523809587,random,22,random
PL_Library_C2.csv::L-11,Library,C2,PL_Library_C2.csv,L-11,7.397361016,68.0,direct_extra,73.6134740068655,5.613474006865502,5.613474006865502,random,22,random
PL_Comms_C2.csv::B-51,Comms,C2,PL_Comms_C2.csv,B-51,22.23682138,114.0,direct_extra,112.60198809523804,-1.3980119047619581,1.3980119047619581,random,22,random
PL_Library_C2.csv::R-20,Library,C2,PL_Library_C2.csv,R-20,7.760736112,72.0,direct_extra,75.20814904247798,3.2081490424779844,3.2081490424779844,random,22,random
PL_Library_C1.csv::R-13,Library,C1,PL_Library_C1.csv,R-13,6.775,74.0,direct_extra,75.39985043224749,1.39985043224749,1.39985043224749,random,22,random
PL_SSE_C2.csv::C-5,SSE,C2,PL_SSE_C2.csv,C-5,12.14397896,101.0,direct_extra,97.50635714285714,-3.4936428571428593,3.4936428571428593,random,22,random
PL_Comms_C2.csv::B-29,Comms,C2,PL_Comms_C2.csv,B-29,3.236699708,72.0,direct_extra,74.24066450216456,2.240664502164563,2.240664502164563,random,22,random
PL_Library_C2.csv::Q-8,Library,C2,PL_Library_C2.csv,Q-8,11.64070659,74.0,direct_extra,77.78447222222226,3.784472222222263,3.784472222222263,random,22,random
PL_SSE_C2.csv::G-4,SSE,C2,PL_SSE_C2.csv,G-4,9.299259379,76.0,direct_extra,79.53713369963374,3.537133699633742,3.537133699633742,random,22,random
PL_Library_C1.csv::F-6,Library,C1,PL_Library_C1.csv,F-6,17.3525,76.0,direct_extra,81.30797937710442,5.307979377104417,5.307979377104417,random,22,random
PL_Library_C2.csv::R-24,Library,C2,PL_Library_C2.csv,R-24,12.18023912,74.0,direct_extra,77.9486507936508,3.948650793650799,3.948650793650799,random,22,random
PL_Library_C2.csv::P-23,Library,C2,PL_Library_C2.csv,P-23,9.939092011,75.0,direct_extra,78.6961710681791,3.6961710681790976,3.6961710681790976,random,22,random
PL_Comms_C2.csv::F-11,Comms,C2,PL_Comms_C2.csv,F-11,18.0686531,85.0,direct_extra,110.8061095938375,25.806109593837505,25.806109593837505,random,22,random
PL_Comms_C1.csv::N-28,Comms,C1,PL_Comms_C1.csv,N-28,9.055385138,78.0,direct_extra,80.89696428571426,2.8969642857142617,2.8969642857142617,random,22,random
PL_Library_C1.csv::S-22,Library,C1,PL_Library_C1.csv,S-22,10.5829,67.0,direct_extra,74.59103333333329,7.591033333333286,7.591033333333286,random,22,random
PL_Comms_C2.csv::K-2,Comms,C2,PL_Comms_C2.csv,K-2,27.68530702,102.0,direct_extra,109.80743525480366,7.807435254803664,7.807435254803664,random,22,random
PL_Library_C2.csv::V-17,Library,C2,PL_Library_C2.csv,V-17,10.99171734,74.0,direct_extra,72.95789552545162,-1.0421044745483812,1.0421044745483812,random,22,random
PL_Comms_C1.csv::O-24,Comms,C1,PL_Comms_C1.csv,O-24,11.18033989,90.0,direct_extra,89.37636025524182,-0.6236397447581794,0.6236397447581794,random,22,random
PL_Library_C1.csv::O-25,Library,C1,PL_Library_C1.csv,O-25,12.27,89.0,direct_extra,72.60005479673579,-16.39994520326421,16.39994520326421,random,22,random
PL_Comms_C2.csv::B-53,Comms,C2,PL_Comms_C2.csv,B-53,24.21727121,116.0,direct_extra,115.7876181457432,-0.21238185425680456,0.21238185425680456,random,22,random
PL_Comms_C1.csv::I-54,Comms,C1,PL_Comms_C1.csv,I-54,25.3179778,104.0,direct_extra,104.43650610500612,0.4365061050061172,0.4365061050061172,random,22,random
PL_Comms_C1.csv::E-25,Comms,C1,PL_Comms_C1.csv,E-25,4.0,75.0,direct_extra,75.21201556776562,0.21201556776561858,0.21201556776561858,random,22,random
PL_Library_C2.csv::D-3,Library,C2,PL_Library_C2.csv,D-3,22.25684052,96.0,direct_extra,90.82890692640694,-5.171093073593056,5.171093073593056,random,22,random
PL_Comms_C2.csv::J-19,Comms,C2,PL_Comms_C2.csv,J-19,11.2461649,98.0,direct_extra,89.68297892385388,-8.31702107614612,8.31702107614612,random,22,random
PL_Comms_C1.csv::L-28,Comms,C1,PL_Comms_C1.csv,L-28,7.071067812,82.0,direct_extra,75.37335031635034,-6.62664968364966,6.62664968364966,random,22,random
PL_Library_C2.csv::I-11,Library,C2,PL_Library_C2.csv,I-11,9.658026455,74.0,direct_extra,81.18111344156341,7.1811134415634115,7.1811134415634115,random,22,random
PL_SSE_C1.csv::N-3,SSE,C1,PL_SSE_C1.csv,N-3,7.0,71.0,direct_extra,71.67216666666664,0.6721666666666408,0.6721666666666408,random,22,random
PL_Comms_C1.csv::E-41,Comms,C1,PL_Comms_C1.csv,E-41,12.0,97.0,direct_extra,95.42158660166056,-1.5784133983394355,1.5784133983394355,random,22,random
PL_Comms_C1.csv::B-15,Comms,C1,PL_Comms_C1.csv,B-15,14.31782106,99.0,direct_extra,95.53379166666667,-3.466208333333327,3.466208333333327,random,22,random
PL_Comms_C1.csv::J-21,Comms,C1,PL_Comms_C1.csv,J-21,9.433981132,81.0,direct_extra,84.21963095238098,3.2196309523809816,3.2196309523809816,random,22,random
PL_Comms_C1.csv::I-36,Comms,C1,PL_Comms_C1.csv,I-36,8.062257748,103.0,direct_extra,88.98182478632489,-14.018175213675107,14.018175213675107,random,22,random
PL_Comms_C1.csv::H-34,Comms,C1,PL_Comms_C1.csv,H-34,5.830951895,76.0,direct_extra,83.00934387351782,7.009343873517821,7.009343873517821,random,22,random
PL_Comms_C2.csv::F-54,Comms,C2,PL_Comms_C2.csv,F-54,25.04947554,89.0,direct_extra,100.13665836940838,11.13665836940838,11.13665836940838,random,22,random
PL_Library_C2.csv::U-12,Library,C2,PL_Library_C2.csv,U-12,10.99171734,83.0,direct_extra,76.58615800865803,-6.413841991341968,6.413841991341968,random,22,random
PL_SSE_C1.csv::E-4,SSE,C1,PL_SSE_C1.csv,E-4,10.81665383,95.0,direct_extra,91.634,-3.3659999999999997,3.3659999999999997,random,22,random
PL_Comms_C2.csv::B-20,Comms,C2,PL_Comms_C2.csv,B-20,9.564320415,81.0,direct_extra,85.5551729867355,4.555172986735499,4.555172986735499,random,22,random
PL_Comms_C2.csv::D-17,Comms,C2,PL_Comms_C2.csv,D-17,12.10273626,97.0,direct_extra,95.90961742424244,-1.090382575757559,1.090382575757559,random,22,random
PL_Comms_C1.csv::G-6,Comms,C1,PL_Comms_C1.csv,G-6,23.08679276,90.0,direct_extra,100.53033333333333,10.530333333333331,10.530333333333331,random,22,random
PL_Comms_C2.csv::E-21,Comms,C2,PL_Comms_C2.csv,E-21,8.09173807,91.0,direct_extra,87.94064772727273,-3.059352272727267,3.059352272727267,random,22,random
PL_Comms_C2.csv::J-15,Comms,C2,PL_Comms_C2.csv,J-15,14.91563693,102.0,direct_extra,98.79415868040007,-3.2058413195999265,3.2058413195999265,random,22,random
PL_Comms_C1.csv::J-55,Comms,C1,PL_Comms_C1.csv,J-55,26.47640459,104.0,direct_extra,103.47733943833944,-0.5226605616605582,0.5226605616605582,random,22,random
PL_Comms_C1.csv::C-38,Comms,C1,PL_Comms_C1.csv,C-38,9.219544457,90.0,direct_extra,84.44456973581973,-5.5554302641802735,5.5554302641802735,random,22,random
PL_Comms_C2.csv::H-26,Comms,C2,PL_Comms_C2.csv,H-26,4.413187623,79.0,direct_extra,80.19191071428578,1.1919107142857825,1.1919107142857825,random,22,random
PL_Library_C1.csv::D-8,Library,C1,PL_Library_C1.csv,D-8,17.3525,79.0,direct_extra,87.49265674603176,8.492656746031756,8.492656746031756,random,22,random
PL_Library_C1.csv::Q-9,Library,C1,PL_Library_C1.csv,Q-9,10.3194,70.0,direct_extra,73.81444999999994,3.814449999999937,3.814449999999937,random,22,random
PL_Library_C2.csv::V-5,Library,C2,PL_Library_C2.csv,V-5,18.46999865,84.0,direct_extra,84.52130952380953,0.5213095238095349,0.5213095238095349,random,22,random
PL_Library_C1.csv::Q-23,Library,C1,PL_Library_C1.csv,Q-23,10.3194,73.0,direct_extra,77.6761346817596,4.676134681759606,4.676134681759606,random,22,random
PL_SSE_C2.csv::M-5,SSE,C2,PL_SSE_C2.csv,M-5,5.241776893,77.0,direct_extra,73.30502579365077,-3.6949742063492295,3.6949742063492295,random,22,random
PL_Comms_C2.csv::L-51,Comms,C2,PL_Comms_C2.csv,L-51,23.11874186,108.0,direct_extra,112.17632142857136,4.176321428571356,4.176321428571356,random,22,random
PL_SSE_C1.csv::E-5,SSE,C1,PL_SSE_C1.csv,E-5,10.29563014,96.0,direct_extra,84.81408333333331,-11.185916666666685,11.185916666666685,random,22,random
PL_Comms_C2.csv::C-40,Comms,C2,PL_Comms_C2.csv,C-40,11.2461649,100.0,direct_extra,90.70972744360903,-9.290272556390974,9.290272556390974,random,22,random
PL_SSE_C1.csv::C-2,SSE,C1,PL_SSE_C1.csv,C-2,13.60147051,115.0,direct_extra,90.62781181318685,-24.372188186813148,24.372188186813148,random,22,random
PL_Comms_C1.csv::A-2,Comms,C1,PL_Comms_C1.csv,A-2,27.29468813,122.0,direct_extra,120.60623015873016,-1.3937698412698438,1.3937698412698438,random,22,random
PL_Comms_C1.csv::B-48,Comms,C1,PL_Comms_C1.csv,B-48,19.23538406,110.0,direct_extra,104.27694183528679,-5.723058164713208,5.723058164713208,random,22,random
PL_Comms_C2.csv::J-32,Comms,C2,PL_Comms_C2.csv,J-32,5.956192156,89.0,direct_extra,86.9176174454631,-2.082382554536906,2.082382554536906,random,22,random
PL_Comms_C2.csv::G-13,Comms,C2,PL_Comms_C2.csv,G-13,16.1702265,93.0,direct_extra,91.16116970121381,-1.838830298786192,1.838830298786192,random,22,random
PL_Comms_C2.csv::G-31,Comms,C2,PL_Comms_C2.csv,G-31,3.078347771,74.0,direct_extra,75.77211111111113,1.7721111111111298,1.7721111111111298,random,22,random
PL_Comms_C2.csv::L-46,Comms,C2,PL_Comms_C2.csv,L-46,18.4248806,110.0,direct_extra,107.0255149205083,-2.9744850794917,2.9744850794917,random,22,random
PL_Library_C1.csv::R-11,Library,C1,PL_Library_C1.csv,R-11,8.6762,75.0,direct_extra,73.84606158220859,-1.1539384177914087,1.1539384177914087,random,22,random
PL_Comms_C1.csv::F-23,Comms,C1,PL_Comms_C1.csv,F-23,6.08276253,79.0,direct_extra,85.84707367149753,6.847073671497526,6.847073671497526,random,22,random
PL_SSE_C1.csv::I-4,SSE,C1,PL_SSE_C1.csv,I-4,7.810249676,97.0,direct_extra,86.92771652864039,-10.072283471359611,10.072283471359611,random,22,random
PL_Comms_C1.csv::D-29,Comms,C1,PL_Comms_C1.csv,D-29,1.0,51.0,direct_extra,53.09466666666667,2.0946666666666687,2.0946666666666687,random,22,random
PL_Comms_C1.csv::B-24,Comms,C1,PL_Comms_C1.csv,B-24,5.830951895,80.0,direct_extra,74.2978438228438,-5.702156177156198,5.702156177156198,random,22,random
PL_Library_C2.csv::E-6,Library,C2,PL_Library_C2.csv,E-6,18.27010536,93.0,direct_extra,86.77977380952383,-6.220226190476168,6.220226190476168,random,22,random
PL_Comms_C2.csv::J-34,Comms,C2,PL_Comms_C2.csv,J-34,7.174693373,79.0,direct_extra,83.41566666666668,4.415666666666681,4.415666666666681,random,22,random
PL_Library_C2.csv::G-9,Library,C2,PL_Library_C2.csv,G-9,13.46872952,70.0,direct_extra,81.59341666666671,11.593416666666712,11.593416666666712,random,22,random
PL_Comms_C1.csv::B-51,Comms,C1,PL_Comms_C1.csv,B-51,22.20360331,113.0,direct_extra,110.74037512487521,-2.2596248751247856,2.2596248751247856,random,22,random
PL_SSE_C1.csv::D-6,SSE,C1,PL_SSE_C1.csv,D-6,10.77032961,89.0,direct_extra,92.59500000000001,3.595000000000013,3.595000000000013,random,22,random
PL_Comms_C1.csv::C-17,Comms,C1,PL_Comms_C1.csv,C-17,12.16552506,95.0,direct_extra,90.69758333333338,-4.302416666666616,4.302416666666616,random,22,random
PL_Comms_C1.csv::A-35,Comms,C1,PL_Comms_C1.csv,A-35,7.211102551,95.0,direct_extra,81.04388095238086,-13.95611904761914,13.95611904761914,random,22,random
PL_Comms_C2.csv::F-32,Comms,C2,PL_Comms_C2.csv,F-32,3.387657745,78.0,direct_extra,76.76457142857141,-1.235428571428585,1.235428571428585,random,22,random
PL_Library_C1.csv::Q-4,Library,C1,PL_Library_C1.csv,Q-4,16.7604,78.0,direct_extra,83.24991883116886,5.249918831168856,5.249918831168856,random,22,random
PL_Library_C1.csv::N-20,Library,C1,PL_Library_C1.csv,N-20,5.42,68.0,direct_extra,71.38758008658002,3.387580086580016,3.387580086580016,random,22,random
PL_Comms_C2.csv::D-34,Comms,C2,PL_Comms_C2.csv,D-34,5.241776893,86.0,direct_extra,82.49151785714284,-3.5084821428571615,3.5084821428571615,random,22,random
PL_Comms_C2.csv::I-53,Comms,C2,PL_Comms_C2.csv,I-53,24.36136747,112.0,direct_extra,106.33381348768188,-5.66618651231812,5.66618651231812,random,22,random
PL_Library_C1.csv::G-11,Library,C1,PL_Library_C1.csv,G-11,11.6562,78.0,direct_extra,80.42890476190476,2.428904761904761,2.428904761904761,random,22,random
PL_Library_C2.csv::H-11,Library,C2,PL_Library_C2.csv,H-11,10.65240583,91.0,direct_extra,75.19001190476189,-15.809988095238111,15.809988095238111,random,22,random
PL_Library_C1.csv::P-8,Library,C1,PL_Library_C1.csv,P-8,11.1736,74.0,direct_extra,75.89186666666666,1.8918666666666581,1.8918666666666581,random,22,random
PL_Comms_C2.csv::A-28,Comms,C2,PL_Comms_C2.csv,A-28,4.298397957,65.0,direct_extra,77.44037283549787,12.440372835497868,12.440372835497868,random,22,random
PL_Comms_C2.csv::C-52,Comms,C2,PL_Comms_C2.csv,C-52,23.11874186,122.0,direct_extra,112.17632142857136,-9.823678571428644,9.823678571428644,random,22,random
PL_SSE_C1.csv::N-2,SSE,C1,PL_SSE_C1.csv,N-2,8.0,67.0,direct_extra,76.48453571428568,9.484535714285684,9.484535714285684,random,22,random
PL_Comms_C2.csv::B-22,Comms,C2,PL_Comms_C2.csv,B-22,7.712083052,83.0,direct_extra,86.79413879910933,3.7941387991093336,3.7941387991093336,random,22,random
PL_Comms_C2.csv::G-5,Comms,C2,PL_Comms_C2.csv,G-5,24.11381813,90.0,wallpath_residual_extra,102.32273448106245,12.322734481062454,12.322734481062454,random,22,random
PL_Comms_C1.csv::F-21,Comms,C1,PL_Comms_C1.csv,F-21,8.062257748,74.0,wallpath_residual_extra,88.16519845021638,14.16519845021638,14.16519845021638,random,22,random
PL_SSE_C1.csv::D-7,SSE,C1,PL_SSE_C1.csv,D-7,10.44030651,101.0,wallpath_residual_extra,95.32825924310323,-5.671740756896767,5.671740756896767,random,22,random
PL_Comms_C2.csv::K-3,Comms,C2,PL_Comms_C2.csv,K-3,26.71097574,106.0,wallpath_residual_extra,108.3486339196574,2.348633919657402,2.348633919657402,random,22,random
PL_Comms_C2.csv::E-31,Comms,C2,PL_Comms_C2.csv,E-31,2.340133543,88.0,wallpath_residual_extra,74.50011087684793,-13.499889123152073,13.499889123152073,random,22,random
PL_Comms_C1.csv::H-55,Comms,C1,PL_Comms_C1.csv,H-55,26.17250466,98.0,wallpath_residual_extra,99.48430763629463,1.4843076362946306,1.4843076362946306,random,22,random
PL_Comms_C2.csv::C-56,Comms,C2,PL_Comms_C2.csv,C-56,27.10122184,118.0,wallpath_residual_extra,115.10933612907628,-2.890663870923717,2.890663870923717,random,22,random
PL_Library_C1.csv::G-12,Library,C1,PL_Library_C1.csv,G-12,10.9244,74.0,wallpath_residual_extra,75.18396048736615,1.18396048736615,1.18396048736615,random,22,random
PL_Comms_C2.csv::D-44,Comms,C2,PL_Comms_C2.csv,D-44,15.08231497,101.0,wallpath_residual_extra,98.52494766728653,-2.4750523327134744,2.4750523327134744,random,22,random
PL_SSE_C1.csv::K-5,SSE,C1,PL_SSE_C1.csv,K-5,5.830951895,80.0,wallpath_residual_extra,74.84425522783438,-5.155744772165619,5.155744772165619,random,22,random
PL_Comms_C1.csv::H-27,Comms,C1,PL_Comms_C1.csv,H-27,3.605551275,70.0,wallpath_residual_extra,68.64857173028959,-1.3514282697104107,1.3514282697104107,random,22,random
PL_Library_C1.csv::J-8,Library,C1,PL_Library_C1.csv,J-8,12.1195,78.0,wallpath_residual_extra,75.32230658274122,-2.67769341725878,2.67769341725878,random,22,random
PL_Library_C2.csv::W-19,Library,C2,PL_Library_C2.csv,W-19,12.91195086,86.0,wallpath_residual_extra,80.18618699752011,-5.81381300247989,5.81381300247989,random,22,random
PL_Library_C1.csv::P-17,Library,C1,PL_Library_C1.csv,P-17,3.0299,67.0,wallpath_residual_extra,66.51168078574236,-0.48831921425764335,0.48831921425764335,random,22,random
PL_Comms_C1.csv::O-36,Comms,C1,PL_Comms_C1.csv,O-36,12.20655562,91.0,wallpath_residual_extra,97.88392960069764,6.883929600697641,6.883929600697641,random,22,random
PL_Comms_C2.csv::H-50,Comms,C2,PL_Comms_C2.csv,H-50,21.2479699,99.0,wallpath_residual_extra,103.26831656543119,4.268316565431192,4.268316565431192,random,22,random
PL_Comms_C2.csv::A-18,Comms,C2,PL_Comms_C2.csv,A-18,11.76759215,96.0,wallpath_residual_extra,93.927587575428,-2.0724124245719935,2.0724124245719935,random,22,random
PL_Comms_C2.csv::K-50,Comms,C2,PL_Comms_C2.csv,K-50,21.87409941,107.0,wallpath_residual_extra,100.53742076543736,-6.462579234562639,6.462579234562639,random,22,random
PL_Library_C1.csv::P-23,Library,C1,PL_Library_C1.csv,P-23,9.8645,65.0,wallpath_residual_extra,76.5153083598861,11.515308359886106,11.515308359886106,random,22,random
PL_Library_C1.csv::T-12,Library,C1,PL_Library_C1.csv,T-12,9.771,75.0,wallpath_residual_extra,75.71773383909945,0.7177338390994521,0.7177338390994521,random,22,random
PL_Library_C1.csv::V-14,Library,C1,PL_Library_C1.csv,V-14,11.1736,80.0,wallpath_residual_extra,74.5086191074226,-5.491380892577396,5.491380892577396,random,22,random
PL_Library_C1.csv::O-9,Library,C1,PL_Library_C1.csv,O-9,9.5813,64.0,wallpath_residual_extra,76.07650634451987,12.07650634451987,12.07650634451987,random,22,random
PL_Comms_C1.csv::L-21,Comms,C1,PL_Comms_C1.csv,L-21,10.63014581,95.0,wallpath_residual_extra,84.82845789534512,-10.171542104654876,10.171542104654876,random,22,random
PL_Comms_C1.csv::M-23,Comms,C1,PL_Comms_C1.csv,M-23,10.0,98.0,wallpath_residual_extra,86.41061633772617,-11.589383662273832,11.589383662273832,random,22,random
PL_Comms_C1.csv::H-3,Comms,C1,PL_Comms_C1.csv,H-3,26.17250466,99.0,wallpath_residual_extra,97.98028309630895,-1.019716903691048,1.019716903691048,random,22,random
PL_Comms_C1.csv::J-25,Comms,C1,PL_Comms_C1.csv,J-25,6.403124237,80.0,wallpath_residual_extra,83.96901435721104,3.9690143572110372,3.9690143572110372,random,22,random
PL_Comms_C1.csv::P-17,Comms,C1,PL_Comms_C1.csv,P-17,16.2788206,82.0,wallpath_residual_extra,91.95046786204131,9.950467862041307,9.950467862041307,random,22,random
PL_Library_C1.csv::F-3,Library,C1,PL_Library_C1.csv,F-3,20.6832,84.0,wallpath_residual_extra,78.61940972275774,-5.380590277242263,5.380590277242263,random,22,random
PL_Comms_C1.csv::K-44,Comms,C1,PL_Comms_C1.csv,K-44,16.15549442,97.0,wallpath_residual_extra,107.37033628894521,10.37033628894521,10.37033628894521,random,22,random
PL_Comms_C1.csv::D-40,Comms,C1,PL_Comms_C1.csv,D-40,11.04536102,87.0,wallpath_residual_extra,90.99256180529107,3.992561805291075,3.992561805291075,random,22,random
PL_Comms_C2.csv::C-20,Comms,C2,PL_Comms_C2.csv,C-20,9.299259379,89.0,wallpath_residual_extra,87.25076373754236,-1.749236262457643,1.749236262457643,random,22,random
PL_Comms_C1.csv::G-35,Comms,C1,PL_Comms_C1.csv,G-35,6.32455532,78.0,wallpath_residual_extra,84.2182686342813,6.218268634281301,6.218268634281301,random,22,random
PL_Comms_C2.csv::P-57,Comms,C2,PL_Comms_C2.csv,P-57,30.10774361,119.0,wallpath_residual_extra,124.0784442344347,5.0784442344346985,5.0784442344346985,random,22,random
PL_Comms_C2.csv::A-3,Comms,C2,PL_Comms_C2.csv,A-3,26.33393675,122.0,wallpath_residual_extra,114.7565603440562,-7.243439655943803,7.243439655943803,random,22,random
PL_Comms_C2.csv::B-43,Comms,C2,PL_Comms_C2.csv,B-43,14.3692806,92.0,wallpath_residual_extra,99.31064493676044,7.31064493676044,7.31064493676044,random,22,random
PL_Library_C1.csv::I-12,Library,C1,PL_Library_C1.csv,I-12,8.6762,84.0,wallpath_residual_extra,81.2764965404083,-2.723503459591697,2.723503459591697,random,22,random
PL_Comms_C1.csv::A-15,Comms,C1,PL_Comms_C1.csv,A-15,14.56021978,90.0,wallpath_residual_extra,94.23246361234328,4.232463612343281,4.232463612343281,random,22,random
PL_Comms_C2.csv::A-52,Comms,C2,PL_Comms_C2.csv,A-52,23.37683094,122.0,wallpath_residual_extra,112.58377443275839,-9.41622556724161,9.41622556724161,random,22,random
PL_Comms_C1.csv::A-4,Comms,C1,PL_Comms_C1.csv,A-4,25.3179778,118.0,wallpath_residual_extra,113.54079078117093,-4.4592092188290735,4.4592092188290735,random,22,random
PL_Library_C1.csv::J-9,Library,C1,PL_Library_C1.csv,J-9,10.9244,86.0,wallpath_residual_extra,77.35981593677317,-8.640184063226826,8.640184063226826,random,22,random
PL_Library_C1.csv::V-11,Library,C1,PL_Library_C1.csv,V-11,12.783,74.0,wallpath_residual_extra,82.45216464829237,8.452164648292367,8.452164648292367,random,22,random
PL_Comms_C1.csv::F-38,Comms,C1,PL_Comms_C1.csv,F-38,9.055385138,81.0,wallpath_residual_extra,87.00796512057562,6.007965120575619,6.007965120575619,random,22,random
PL_Library_C1.csv::Q-11,Library,C1,PL_Library_C1.csv,Q-11,7.9009,72.0,wallpath_residual_extra,71.51359363952552,-0.4864063604744757,0.4864063604744757,random,22,random
PL_Comms_C1.csv::J-10,Comms,C1,PL_Comms_C1.csv,J-10,19.6468827,102.0,wallpath_residual_extra,98.12694743234407,-3.8730525676559324,3.8730525676559324,random,22,random
PL_Library_C2.csv::E-3,Library,C2,PL_Library_C2.csv,E-3,21.4588554,83.0,wallpath_residual_extra,90.15888149991692,7.158881499916916,7.158881499916916,random,22,random
PL_Library_C1.csv::W-20,Library,C1,PL_Library_C1.csv,W-20,13.3452,72.0,wallpath_residual_extra,79.61413749785713,7.614137497857129,7.614137497857129,random,22,random
PL_Comms_C1.csv::C-20,Comms,C1,PL_Comms_C1.csv,C-20,9.219544457,88.0,wallpath_residual_extra,85.77253740456942,-2.2274625954305804,2.2274625954305804,random,22,random
PL_SSE_C2.csv::I-5,SSE,C2,PL_SSE_C2.csv,I-5,7.174693373,85.0,wallpath_residual_extra,84.40830045707052,-0.5916995429294758,0.5916995429294758,random,22,random
PL_Comms_C1.csv::I-55,Comms,C1,PL_Comms_C1.csv,I-55,26.30589288,107.0,wallpath_residual_extra,103.62710786142893,-3.372892138571075,3.372892138571075,random,22,random
PL_Comms_C1.csv::N-17,Comms,C1,PL_Comms_C1.csv,N-17,15.0,97.0,wallpath_residual_extra,88.0874135654557,-8.912586434544295,8.912586434544295,random,22,random
PL_SSE_C2.csv::K-7,SSE,C2,PL_SSE_C2.csv,K-7,4.413187623,80.0,wallpath_residual_extra,71.42154772670241,-8.578452273297586,8.578452273297586,random,22,random
PL_Comms_C1.csv::F-51,Comms,C1,PL_Comms_C1.csv,F-51,22.02271555,94.0,wallpath_residual_extra,101.85323770341131,7.85323770341131,7.85323770341131,random,22,random
PL_Comms_C1.csv::L-31,Comms,C1,PL_Comms_C1.csv,L-31,7.280109889,85.0,wallpath_residual_extra,93.32164790436423,8.321647904364227,8.321647904364227,random,22,random
PL_Comms_C1.csv::H-20,Comms,C1,PL_Comms_C1.csv,H-20,9.486832981,83.0,wallpath_residual_extra,79.40858612383455,-3.591413876165447,3.591413876165447,random,22,random
PL_Library_C1.csv::L-23,Library,C1,PL_Library_C1.csv,L-23,9.8645,83.0,wallpath_residual_extra,76.61263896908079,-6.387361030919209,6.387361030919209,random,22,random
PL_Comms_C2.csv::B-17,Comms,C2,PL_Comms_C2.csv,B-17,12.42884649,99.0,wallpath_residual_extra,96.27582692460817,-2.724173075391832,2.724173075391832,random,22,random
PL_Comms_C2.csv::C-16,Comms,C2,PL_Comms_C2.csv,C-16,13.20894489,99.0,wallpath_residual_extra,95.25763902974039,-3.742360970259611,3.742360970259611,random,22,random
PL_Comms_C2.csv::F-28,Comms,C2,PL_Comms_C2.csv,F-28,1.86446373,77.0,wallpath_residual_extra,73.93372435740076,-3.066275642599237,3.066275642599237,random,22,random
PL_Comms_C2.csv::B-14,Comms,C2,PL_Comms_C2.csv,B-14,15.3452346,100.0,wallpath_residual_extra,96.86171012951786,-3.13828987048214,3.13828987048214,random,22,random
PL_Comms_C2.csv::G-16,Comms,C2,PL_Comms_C2.csv,G-16,13.20894489,92.0,wallpath_residual_extra,89.79514374685856,-2.2048562531414433,2.2048562531414433,random,22,random
PL_Comms_C2.csv::G-4,Comms,C2,PL_Comms_C2.csv,G-4,25.10928563,92.0,wallpath_residual_extra,104.10459816401095,12.104598164010952,12.104598164010952,random,22,random
PL_Comms_C1.csv::K-29,Comms,C1,PL_Comms_C1.csv,K-29,6.0,75.0,wallpath_residual_extra,75.85127525455388,0.8512752545538831,0.8512752545538831,random,22,random
PL_Comms_C1.csv::B-42,Comms,C1,PL_Comms_C1.csv,B-42,13.34166406,98.0,wallpath_residual_extra,96.94959346101959,-1.0504065389804111,1.0504065389804111,random,22,random
PL_Comms_C1.csv::M-29,Comms,C1,PL_Comms_C1.csv,M-29,8.0,78.0,wallpath_residual_extra,84.44965910746059,6.44965910746059,6.44965910746059,random,22,random
PL_Comms_C1.csv::D-50,Comms,C1,PL_Comms_C1.csv,D-50,21.02379604,110.0,wallpath_residual_extra,105.69134146656887,-4.308658533431128,4.308658533431128,random,22,random
PL_Comms_C2.csv::D-22,Comms,C2,PL_Comms_C2.csv,D-22,7.174693373,92.0,wallpath_residual_extra,85.77325685801571,-6.2267431419842865,6.2267431419842865,random,22,random
PL_Comms_C1.csv::O-54,Comms,C1,PL_Comms_C1.csv,O-54,26.92582404,111.0,wallpath_residual_extra,107.9784489128912,-3.0215510871088043,3.0215510871088043,random,22,random
PL_Comms_C2.csv::K-40,Comms,C2,PL_Comms_C2.csv,K-40,12.58873405,98.0,wallpath_residual_extra,98.78359819299119,0.7835981929911924,0.7835981929911924,random,22,random
PL_Comms_C2.csv::G-7,Comms,C2,PL_Comms_C2.csv,G-7,22.12410959,92.0,wallpath_residual_extra,102.65121990157812,10.651219901578116,10.651219901578116,random,22,random
PL_Comms_C2.csv::H-3,Comms,C2,PL_Comms_C2.csv,H-3,26.20069131,104.0,wallpath_residual_extra,102.51501798087192,-1.4849820191280827,1.4849820191280827,random,22,random
PL_Comms_C1.csv::I-24,Comms,C1,PL_Comms_C1.csv,I-24,6.403124237,80.0,wallpath_residual_extra,77.76254268884709,-2.237457311152909,2.237457311152909,random,22,random
PL_Library_C2.csv::N-21,Library,C2,PL_Library_C2.csv,N-21,6.883084338,71.0,wallpath_residual_extra,73.20629625261203,2.2062962526120344,2.2062962526120344,random,22,random
PL_Comms_C2.csv::O-24,Comms,C2,PL_Comms_C2.csv,O-24,11.2461649,95.0,wallpath_residual_extra,91.0807413009266,-3.9192586990733957,3.9192586990733957,random,22,random
PL_Library_C1.csv::E-7,Library,C1,PL_Library_C1.csv,E-7,17.2463,79.0,wallpath_residual_extra,81.08096091409324,2.0809609140932395,2.0809609140932395,random,22,random
PL_Comms_C2.csv::G-52,Comms,C2,PL_Comms_C2.csv,G-52,23.11874186,91.0,wallpath_residual_extra,93.49800055449373,2.4980005544937285,2.4980005544937285,random,22,random
PL_Comms_C1.csv::L-48,Comms,C1,PL_Comms_C1.csv,L-48,20.24845673,112.0,wallpath_residual_extra,108.50140240891061,-3.4985975910893927,3.4985975910893927,random,22,random
PL_Comms_C1.csv::H-56,Comms,C1,PL_Comms_C1.csv,H-56,27.16615541,91.0,wallpath_residual_extra,101.13844596927937,10.138445969279374,10.138445969279374,random,22,random
PL_Comms_C1.csv::H-26,Comms,C1,PL_Comms_C1.csv,H-26,4.242640687,68.0,wallpath_residual_extra,72.67655262405574,4.676552624055745,4.676552624055745,random,22,random
PL_SSE_C2.csv::N-8,SSE,C2,PL_SSE_C2.csv,N-8,2.340133543,66.0,wallpath_residual_extra,72.79049394756669,6.790493947566688,6.790493947566688,random,22,random
PL_Comms_C1.csv::E-39,Comms,C1,PL_Comms_C1.csv,E-39,10.0,96.0,wallpath_residual_extra,89.14585904277625,-6.854140957223748,6.854140957223748,random,22,random
PL_Comms_C2.csv::P-37,Comms,C2,PL_Comms_C2.csv,P-37,13.65562979,92.0,wallpath_residual_extra,94.45479386172663,2.4547938617266283,2.4547938617266283,random,22,random
PL_Comms_C2.csv::C-48,Comms,C2,PL_Comms_C2.csv,C-48,19.14356876,109.0,wallpath_residual_extra,108.53815485901843,-0.46184514098156626,0.46184514098156626,random,22,random
PL_Comms_C2.csv::E-43,Comms,C2,PL_Comms_C2.csv,E-43,14.05262342,105.0,wallpath_residual_extra,99.30090852984164,-5.699091470158365,5.699091470158365,random,22,random
PL_Library_C1.csv::R-12,Library,C1,PL_Library_C1.csv,R-12,7.665,75.0,wallpath_residual_extra,70.97602588949782,-4.023974110502181,4.023974110502181,random,22,random
PL_Comms_C2.csv::O-56,Comms,C2,PL_Comms_C2.csv,O-56,28.8179844,122.0,wallpath_residual_extra,121.62875308094517,-0.3712469190548262,0.3712469190548262,random,22,random
PL_Comms_C2.csv::H-45,Comms,C2,PL_Comms_C2.csv,H-45,16.32409952,86.0,wallpath_residual_extra,90.02590825777494,4.025908257774944,4.025908257774944,random,22,random
PL_Comms_C1.csv::J-46,Comms,C1,PL_Comms_C1.csv,J-46,17.72004515,105.0,wallpath_residual_extra,107.08624440582288,2.0862444058228817,2.0862444058228817,random,22,random
PL_Comms_C2.csv::E-6,Comms,C2,PL_Comms_C2.csv,E-6,23.03206949,109.0,wallpath_residual_extra,112.27284609097032,3.2728460909703188,3.2728460909703188,random,22,random
PL_Library_C1.csv::V-20,Library,C1,PL_Library_C1.csv,V-20,12.1195,73.0,wallpath_residual_extra,72.555649886088,-0.4443501139119945,0.4443501139119945,random,22,random
PL_Library_C2.csv::N-27,Library,C2,PL_Library_C2.csv,N-27,14.95443914,81.0,wallpath_residual_extra,82.69770451329886,1.6977045132988593,1.6977045132988593,random,22,random
PL_SSE_C2.csv::L-8,SSE,C2,PL_SSE_C2.csv,L-8,3.078347771,73.0,wallpath_residual_extra,75.16036873039234,2.160368730392335,2.160368730392335,random,22,random
PL_Comms_C2.csv::A-25,Comms,C2,PL_Comms_C2.csv,A-25,5.78586424,82.0,wallpath_residual_extra,80.39460427251663,-1.6053957274833692,1.6053957274833692,random,22,random
PL_SSE_C1.csv::N-5,SSE,C1,PL_SSE_C1.csv,N-5,5.0,72.0,wallpath_residual_extra,71.83004105752792,-0.16995894247207843,0.16995894247207843,random,22,random
PL_Comms_C1.csv::I-29,Comms,C1,PL_Comms_C1.csv,I-29,4.0,68.0,wallpath_residual_extra,72.78772114796908,4.78772114796908,4.78772114796908,random,22,random
PL_Comms_C1.csv::H-30,Comms,C1,PL_Comms_C1.csv,H-30,3.16227766,85.0,wallpath_residual_extra,70.25756763734552,-14.742432362654483,14.742432362654483,random,22,random
PL_Comms_C2.csv::J-39,Comms,C2,PL_Comms_C2.csv,J-39,11.2461649,95.0,wallpath_residual_extra,97.73985910706061,2.73985910706061,2.73985910706061,random,22,random
PL_Library_C1.csv::P-9,Library,C1,PL_Library_C1.csv,P-9,9.8645,73.0,wallpath_residual_extra,71.7683573141356,-1.2316426858644007,1.2316426858644007,random,22,random
PL_Library_C2.csv::P-8,Library,C2,PL_Library_C2.csv,P-8,11.23948064,76.0,wallpath_residual_extra,75.1129406788091,-0.8870593211909039,0.8870593211909039,random,22,random
PL_Library_C1.csv::E-2,Library,C1,PL_Library_C1.csv,E-2,22.5517,75.0,wallpath_residual_extra,83.0753335849122,8.075333584912201,8.075333584912201,random,22,random
PL_SSE_C2.csv::C-4,SSE,C2,PL_SSE_C2.csv,C-4,12.58873405,96.0,wallpath_residual_extra,102.98905685486083,6.989056854860834,6.989056854860834,random,22,random
PL_Library_C2.csv::F-15,Library,C2,PL_Library_C2.csv,F-15,10.99171734,78.0,wallpath_residual_extra,72.62690347613406,-5.373096523865939,5.373096523865939,random,22,random
PL_Comms_C2.csv::L-25,Comms,C2,PL_Comms_C2.csv,L-25,8.153295346,93.0,wallpath_residual_extra,86.6774924337466,-6.322507566253407,6.322507566253407,random,22,random
PL_Comms_C2.csv::J-10,Comms,C2,PL_Comms_C2.csv,J-10,19.68441579,111.0,wallpath_residual_extra,108.10941241895868,-2.8905875810413164,2.8905875810413164,random,22,random
PL_Library_C2.csv::P-14,Library,C2,PL_Library_C2.csv,P-14,4.020500591,68.0,wallpath_residual_extra,70.91898313836097,2.9189831383609715,2.9189831383609715,random,22,random
PL_Comms_C2.csv::E-25,Comms,C2,PL_Comms_C2.csv,E-25,4.180457511,78.0,wallpath_residual_extra,81.15385995433405,3.1538599543340524,3.1538599543340524,random,22,random
PL_Comms_C1.csv::H-9,Comms,C1,PL_Comms_C1.csv,H-9,20.22374842,93.0,wallpath_residual_extra,91.50582973888864,-1.494170261111364,1.494170261111364,random,22,random
PL_Comms_C2.csv::K-19,Comms,C2,PL_Comms_C2.csv,K-19,11.72502559,88.0,wallpath_residual_extra,89.30729422898453,1.3072942289845315,1.3072942289845315,random,22,random
PL_Comms_C1.csv::N-24,Comms,C1,PL_Comms_C1.csv,N-24,10.29563014,90.0,wallpath_residual_extra,87.50425623577755,-2.4957437642224534,2.4957437642224534,random,22,random
PL_Comms_C1.csv::E-3,Comms,C1,PL_Comms_C1.csv,E-3,26.0,108.0,wallpath_residual_extra,116.35537076244795,8.355370762447947,8.355370762447947,random,22,random
PL_Comms_C2.csv::C-27,Comms,C2,PL_Comms_C2.csv,C-27,3.078347771,66.0,wallpath_residual_extra,73.86146480020064,7.861464800200636,7.861464800200636,random,22,random
PL_Comms_C2.csv::C-32,Comms,C2,PL_Comms_C2.csv,C-32,3.804763462,74.0,wallpath_residual_extra,75.66111754640225,1.6611175464022523,1.6611175464022523,random,22,random
PL_Comms_C1.csv::M-52,Comms,C1,PL_Comms_C1.csv,M-52,24.35159132,108.0,wallpath_residual_extra,109.33573849434224,1.3357384943422375,1.3357384943422375,random,22,random
PL_Comms_C2.csv::E-22,Comms,C2,PL_Comms_C2.csv,E-22,7.104662202,82.0,wallpath_residual_extra,85.30321490417745,3.3032149041774517,3.3032149041774517,random,22,random
PL_Library_C2.csv::X-20,Library,C2,PL_Library_C2.csv,X-20,14.64428643,81.0,wallpath_residual_extra,84.55113893079077,3.5511389307907706,3.5511389307907706,random,22,random
PL_Comms_C1.csv::A-45,Comms,C1,PL_Comms_C1.csv,A-45,16.4924225,105.0,wallpath_residual_extra,104.68250623652233,-0.3174937634776711,0.3174937634776711,random,22,random
PL_Comms_C1.csv::G-8,Comms,C1,PL_Comms_C1.csv,G-8,21.09502311,89.0,wallpath_residual_extra,103.78071287702154,14.780712877021543,14.780712877021543,random,22,random
PL_Comms_C1.csv::J-57,Comms,C1,PL_Comms_C1.csv,J-57,28.44292531,113.0,wallpath_residual_extra,107.02868757693928,-5.9713124230607235,5.9713124230607235,random,22,random
PL_Library_C2.csv::N-24,Library,C2,PL_Library_C2.csv,N-24,10.90787903,82.0,wallpath_residual_extra,80.45744424774882,-1.5425557522511752,1.5425557522511752,random,22,random
PL_Comms_C1.csv::M-24,Comms,C1,PL_Comms_C1.csv,M-24,9.433981132,98.0,wallpath_residual_extra,85.72779660473265,-12.272203395267354,12.272203395267354,random,22,random
PL_Comms_C2.csv::A-50,Comms,C2,PL_Comms_C2.csv,A-50,21.41205793,115.0,wallpath_residual_extra,110.39570828911151,-4.604291710888489,4.604291710888489,random,22,random
PL_Comms_C1.csv::O-43,Comms,C1,PL_Comms_C1.csv,O-43,17.20465053,109.0,wallpath_residual_extra,102.12641142819466,-6.873588571805342,6.873588571805342,random,22,random
PL_SSE_C2.csv::E-8,SSE,C2,PL_SSE_C2.csv,E-8,9.299259379,82.0,wallpath_residual_extra,86.26289294896755,4.262892948967547,4.262892948967547,random,22,random
PL_Comms_C2.csv::I-21,Comms,C2,PL_Comms_C2.csv,I-21,9.026418171,95.0,wallpath_residual_extra,88.46880964694604,-6.531190353053958,6.531190353053958,random,22,random
PL_Comms_C2.csv::A-56,Comms,C2,PL_Comms_C2.csv,A-56,27.32171709,111.0,wallpath_residual_extra,116.8873193786404,5.887319378640399,5.887319378640399,random,22,random
PL_Library_C1.csv::A-4,Library,C1,PL_Library_C1.csv,A-4,23.9724,83.0,wallpath_residual_extra,78.51117815159984,-4.488821848400164,4.488821848400164,random,22,random
PL_Comms_C1.csv::J-22,Comms,C1,PL_Comms_C1.csv,J-22,8.602325267,78.0,wallpath_residual_extra,83.51166625340606,5.511666253406062,5.511666253406062,random,22,random
PL_Library_C1.csv::X-18,Library,C1,PL_Library_C1.csv,X-18,13.8183,69.0,wallpath_residual_extra,82.53846299247985,13.53846299247985,13.53846299247985,random,22,random
PL_SSE_C1.csv::M-2,SSE,C1,PL_SSE_C1.csv,M-2,8.062257748,73.0,wallpath_residual_extra,75.4739540505775,2.473954050577504,2.473954050577504,random,22,random
PL_Comms_C1.csv::K-36,Comms,C1,PL_Comms_C1.csv,K-36,9.219544457,86.0,wallpath_residual_extra,86.22956199982306,0.22956199982306202,0.22956199982306202,random,22,random
PL_SSE_C1.csv::B-6,SSE,C1,PL_SSE_C1.csv,B-6,12.64911064,93.0,wallpath_residual_extra,89.1907785728177,-3.809221427182294,3.809221427182294,random,22,random
PL_SSE_C2.csv::I-1,SSE,C2,PL_SSE_C2.csv,I-1,10.36707408,86.0,wallpath_residual_extra,88.460676616503,2.460676616502994,2.460676616502994,random,22,random
PL_Comms_C1.csv::N-51,Comms,C1,PL_Comms_C1.csv,N-51,23.76972865,120.0,wallpath_residual_extra,107.75127709985627,-12.248722900143733,12.248722900143733,random,22,random
PL_Library_C2.csv::V-20,Library,C2,PL_Library_C2.csv,V-20,12.18023912,80.0,wallpath_residual_extra,77.07197236754132,-2.9280276324586794,2.9280276324586794,random,22,random
PL_Comms_C1.csv::I-52,Comms,C1,PL_Comms_C1.csv,I-52,23.34523506,113.0,wallpath_residual_extra,104.78155399926548,-8.218446000734517,8.218446000734517,random,22,random
PL_Library_C2.csv::N-14,Library,C2,PL_Library_C2.csv,N-14,2.969903197,64.0,wallpath_residual_extra,72.98105886111445,8.981058861114448,8.981058861114448,random,22,random
PL_Comms_C1.csv::G-57,Comms,C1,PL_Comms_C1.csv,G-57,28.0713377,96.0,wallpath_residual_extra,106.6178565723548,10.617856572354796,10.617856572354796,random,22,random
PL_Comms_C1.csv::H-49,Comms,C1,PL_Comms_C1.csv,H-49,20.22374842,97.0,wallpath_residual_extra,100.13345302664317,3.133453026643167,3.133453026643167,random,22,random
PL_Comms_C2.csv::C-38,Comms,C2,PL_Comms_C2.csv,C-38,9.299259379,85.0,wallpath_residual_extra,88.74851632768238,3.748516327682381,3.748516327682381,random,22,random
PL_Comms_C2.csv::E-51,Comms,C2,PL_Comms_C2.csv,E-51,22.03352502,106.0,wallpath_residual_extra,106.79294970167675,0.792949701676747,0.792949701676747,random,22,random
PL_Comms_C2.csv::O-11,Comms,C2,PL_Comms_C2.csv,O-11,20.62707505,122.0,wallpath_residual_extra,114.73341228587164,-7.266587714128363,7.266587714128363,random,22,random
PL_Comms_C2.csv::G-34,Comms,C2,PL_Comms_C2.csv,G-34,5.520527602,86.0,wallpath_residual_extra,83.54340257277703,-2.456597427222974,2.456597427222974,random,22,random
PL_Comms_C2.csv::L-38,Comms,C2,PL_Comms_C2.csv,L-38,11.46630826,95.0,wallpath_residual_extra,100.34435815950468,5.344358159504679,5.344358159504679,random,22,random
PL_Library_C1.csv::D-7,Library,C1,PL_Library_C1.csv,D-7,18.2297,80.0,wallpath_residual_extra,84.52706355227181,4.527063552271812,4.527063552271812,random,22,random
PL_Library_C1.csv::T-13,Library,C1,PL_Library_C1.csv,T-13,9.0896,73.0,wallpath_residual_extra,71.79133729759666,-1.2086627024033447,1.2086627024033447,random,22,random
PL_Comms_C2.csv::N-55,Comms,C2,PL_Comms_C2.csv,N-55,27.54044707,120.0,wallpath_residual_extra,116.75567310896811,-3.244326891031889,3.244326891031889,random,22,random
PL_Library_C1.csv::F-1,Library,C1,PL_Library_C1.csv,F-1,23.035,84.0,wallpath_residual_extra,84.17775816993668,0.1777581699366806,0.1777581699366806,random,22,random
PL_Comms_C1.csv::E-27,Comms,C1,PL_Comms_C1.csv,E-27,2.0,57.0,wallpath_residual_extra,60.50685483330913,3.506854833309127,3.506854833309127,random,22,random
PL_Comms_C1.csv::G-50,Comms,C1,PL_Comms_C1.csv,G-50,21.09502311,90.0,wallpath_residual_extra,103.78071287702154,13.780712877021543,13.780712877021543,random,22,random
PL_Comms_C1.csv::F-30,Comms,C1,PL_Comms_C1.csv,F-30,1.414213562,68.0,wallpath_residual_extra,65.73763259131556,-2.2623674086844403,2.2623674086844403,random,22,random
PL_Comms_C1.csv::O-57,Comms,C1,PL_Comms_C1.csv,O-57,29.73213749,115.0,wallpath_residual_extra,113.17250290906225,-1.8274970909377544,1.8274970909377544,random,22,random
PL_Library_C1.csv::D-4,Library,C1,PL_Library_C1.csv,D-4,21.1658,85.0,wallpath_residual_extra,80.08806082346236,-4.9119391765376434,4.9119391765376434,random,22,random
PL_Comms_C1.csv::G-23,Comms,C1,PL_Comms_C1.csv,G-23,6.32455532,68.0,wallpath_residual_extra,80.22344601225926,12.22344601225926,12.22344601225926,random,22,random
PL_SSE_C1.csv::H-1,SSE,C1,PL_SSE_C1.csv,H-1,10.81665383,89.0,wallpath_residual_extra,91.731668166626,2.731668166625994,2.731668166625994,random,22,random
PL_Comms_C1.csv::A-29,Comms,C1,PL_Comms_C1.csv,A-29,4.0,67.0,wallpath_residual_extra,66.2616401237395,-0.7383598762605033,0.7383598762605033,random,22,random
PL_Comms_C2.csv::H-34,Comms,C2,PL_Comms_C2.csv,H-34,5.956192156,78.0,wallpath_residual_extra,86.45282197897839,8.452821978978392,8.452821978978392,random,22,random
PL_SSE_C2.csv::F-3,SSE,C2,PL_SSE_C2.csv,F-3,10.69935629,84.0,wallpath_residual_extra,84.21839780833332,0.21839780833332156,0.21839780833332156,random,22,random
PL_SSE_C2.csv::M-9,SSE,C2,PL_SSE_C2.csv,M-9,1.86446373,68.0,wallpath_residual_extra,70.04046570485765,2.0404657048576524,2.0404657048576524,random,22,random
PL_Comms_C1.csv::I-5,Comms,C1,PL_Comms_C1.csv,I-5,24.33105012,108.0,wallpath_residual_extra,96.06194551864421,-11.938054481355792,11.938054481355792,random,22,random
PL_Comms_C2.csv::C-39,Comms,C2,PL_Comms_C2.csv,C-39,10.27016188,85.0,wallpath_residual_extra,88.82194437244443,3.8219443724444346,3.8219443724444346,random,22,random
PL_Comms_C2.csv::C-22,Comms,C2,PL_Comms_C2.csv,C-22,7.380801108,86.0,wallpath_residual_extra,89.14683610388899,3.1468361038889867,3.1468361038889867,random,22,random
PL_Library_C2.csv::T-20,Library,C2,PL_Library_C2.csv,T-20,9.846294988,75.0,wallpath_residual_extra,75.60159645078555,0.60159645078555,0.60159645078555,random,22,random
PL_Comms_C1.csv::L-39,Comms,C1,PL_Comms_C1.csv,L-39,12.20655562,103.0,wallpath_residual_extra,96.8651121071978,-6.1348878928021975,6.1348878928021975,random,22,random
PL_SSE_C1.csv::M-10,SSE,C1,PL_SSE_C1.csv,M-10,1.0,53.0,wallpath_residual_extra,50.27497255843482,-2.7250274415651816,2.7250274415651816,random,22,random
PL_Comms_C1.csv::M-32,Comms,C1,PL_Comms_C1.csv,M-32,8.544003745,86.0,wallpath_residual_extra,87.91373704435266,1.9137370443526578,1.9137370443526578,random,22,random
PL_Library_C2.csv::G-15,Library,C2,PL_Library_C2.csv,G-15,9.658026455,79.0,wallpath_residual_extra,81.29664722489332,2.29664722489332,2.29664722489332,random,22,random
PL_Comms_C1.csv::J-54,Comms,C1,PL_Comms_C1.csv,J-54,25.49509757,103.0,wallpath_residual_extra,105.66837921905046,2.6683792190504647,2.6683792190504647,random,22,random
PL_SSE_C1.csv::H-2,SSE,C1,PL_SSE_C1.csv,H-2,10.0,88.0,wallpath_residual_extra,90.15804632704237,2.1580463270423706,2.1580463270423706,random,22,random
PL_Comms_C1.csv::P-51,Comms,C1,PL_Comms_C1.csv,P-51,24.59674775,112.0,wallpath_residual_extra,106.68946496799582,-5.310535032004182,5.310535032004182,random,22,random
PL_Comms_C2.csv::G-8,Comms,C2,PL_Comms_C2.csv,G-8,21.12998403,89.0,wallpath_residual_extra,103.00651734129612,14.006517341296117,14.006517341296117,random,22,random
PL_Comms_C2.csv::C-31,Comms,C2,PL_Comms_C2.csv,C-31,3.078347771,73.0,wallpath_residual_extra,75.64912413217881,2.6491241321788124,2.6491241321788124,random,22,random
PL_Library_C2.csv::U-18,Library,C2,PL_Library_C2.csv,U-18,9.939092011,75.0,wallpath_residual_extra,76.28763674741873,1.2876367474187305,1.2876367474187305,random,22,random
PL_Comms_C2.csv::L-39,Comms,C2,PL_Comms_C2.csv,L-39,12.26687511,96.0,wallpath_residual_extra,102.51412817003475,6.514128170034752,6.514128170034752,random,22,random
PL_Comms_C2.csv::F-50,Comms,C2,PL_Comms_C2.csv,F-50,21.05887521,84.0,wallpath_residual_extra,107.53511243774788,23.535112437747884,23.535112437747884,random,22,random
PL_Library_C2.csv::A-8,Library,C2,PL_Library_C2.csv,A-8,20.71883322,90.0,wallpath_residual_extra,91.59171446942744,1.591714469427444,1.591714469427444,random,22,random
PL_Comms_C1.csv::M-35,Comms,C1,PL_Comms_C1.csv,M-35,10.0,87.0,wallpath_residual_extra,88.17530064679461,1.1753006467946108,1.1753006467946108,random,22,random
PL_Comms_C2.csv::C-45,Comms,C2,PL_Comms_C2.csv,C-45,16.1702265,108.0,wallpath_residual_extra,104.89604308187832,-3.103956918121682,3.103956918121682,random,22,random
PL_SSE_C1.csv::L-8,SSE,C1,PL_SSE_C1.csv,L-8,2.828427125,61.0,wallpath_residual_extra,62.40103494464561,1.401034944645609,1.401034944645609,random,22,random
PL_Comms_C2.csv::G-33,Comms,C2,PL_Comms_C2.csv,G-33,4.634244814,79.0,wallpath_residual_extra,80.67941086367101,1.6794108636710092,1.6794108636710092,random,22,random
PL_Comms_C1.csv::A-18,Comms,C1,PL_Comms_C1.csv,A-18,11.70469991,90.0,wallpath_residual_extra,91.4919500132203,1.491950013220304,1.491950013220304,random,22,random
PL_SSE_C2.csv::F-6,SSE,C2,PL_SSE_C2.csv,F-6,9.026418171,96.0,wallpath_residual_extra,85.67324062394209,-10.326759376057908,10.326759376057908,random,22,random
PL_SSE_C1.csv::D-5,SSE,C1,PL_SSE_C1.csv,D-5,11.18033989,98.0,wallpath_residual_extra,91.23604336195396,-6.763956638046039,6.763956638046039,random,22,random
PL_Comms_C1.csv::D-38,Comms,C1,PL_Comms_C1.csv,D-38,9.055385138,92.0,wallpath_residual_extra,87.00796512057562,-4.992034879424381,4.992034879424381,random,22,random
PL_Comms_C2.csv::B-35,Comms,C2,PL_Comms_C2.csv,B-35,6.817347358,78.0,wallpath_residual_extra,85.26177091001394,7.2617709100139365,7.2617709100139365,random,22,random
PL_SSE_C1.csv::F-6,SSE,C1,PL_SSE_C1.csv,F-6,8.94427191,83.0,wallpath_residual_extra,82.16353389713196,-0.8364661028680445,0.8364661028680445,random,22,random
PL_Comms_C2.csv::L-13,Comms,C2,PL_Comms_C2.csv,L-13,17.50646238,116.0,wallpath_residual_extra,104.22243462056127,-11.777565379438727,11.777565379438727,random,22,random
PL_Comms_C2.csv::F-25,Comms,C2,PL_Comms_C2.csv,F-25,4.298397957,75.0,wallpath_residual_extra,79.71731179417787,4.717311794177874,4.717311794177874,random,22,random
PL_Library_C2.csv::Q-17,Library,C2,PL_Library_C2.csv,Q-17,4.45381578,62.0,wallpath_residual_extra,77.13691238785024,15.136912387850245,15.136912387850245,random,22,random
PL_Comms_C2.csv::F-36,Comms,C2,PL_Comms_C2.csv,F-36,7.174693373,86.0,wallpath_residual_extra,83.13618195621287,-2.863818043787134,2.863818043787134,random,22,random
PL_Comms_C1.csv::G-38,Comms,C1,PL_Comms_C1.csv,G-38,9.219544457,94.0,wallpath_residual_extra,85.77253740456942,-8.22746259543058,8.22746259543058,random,22,random
PL_Comms_C2.csv::P-17,Comms,C2,PL_Comms_C2.csv,P-17,16.32409952,94.0,wallpath_residual_extra,90.02590825777494,-3.974091742225056,3.974091742225056,random,22,random
PL_Library_C1.csv::J-3,Library,C1,PL_Library_C1.csv,J-3,18.43,81.0,wallpath_residual_extra,83.57041764762342,2.5704176476234153,2.5704176476234153,random,22,random
PL_Comms_C1.csv::A-51,Comms,C1,PL_Comms_C1.csv,A-51,22.36067977,112.0,wallpath_residual_extra,109.48749536851645,-2.5125046314835515,2.5125046314835515,random,22,random
PL_SSE_C2.csv::E-4,SSE,C2,PL_SSE_C2.csv,E-4,10.88467845,95.0,wallpath_residual_extra,91.50319764380257,-3.496802356197435,3.496802356197435,random,22,random
PL_Library_C1.csv::I-10,Library,C1,PL_Library_C1.csv,I-10,10.5829,76.0,wallpath_residual_extra,76.93460710688261,0.9346071068826092,0.9346071068826092,random,22,random
PL_Comms_C1.csv::M-57,Comms,C1,PL_Comms_C1.csv,M-57,29.12043956,104.0,wallpath_residual_extra,101.34698538753135,-2.6530146124686524,2.6530146124686524,random,22,random
PL_Comms_C2.csv::D-39,Comms,C2,PL_Comms_C2.csv,D-39,10.12305413,88.0,wallpath_residual_extra,89.37930247876439,1.3793024787643873,1.3793024787643873,random,22,random
PL_Comms_C2.csv::F-34,Comms,C2,PL_Comms_C2.csv,F-34,5.241776893,93.0,wallpath_residual_extra,81.5958808641459,-11.404119135854103,11.404119135854103,random,22,random
PL_Comms_C1.csv::B-13,Comms,C1,PL_Comms_C1.csv,B-13,16.2788206,94.0,wallpath_residual_extra,94.92525803133722,0.9252580313372221,0.9252580313372221,random,22,random
PL_Comms_C1.csv::C-11,Comms,C1,PL_Comms_C1.csv,C-11,18.11077028,104.0,wallpath_residual_extra,101.00393445884949,-2.9960655411505144,2.9960655411505144,random,22,random
PL_Comms_C1.csv::B-17,Comms,C1,PL_Comms_C1.csv,B-17,12.36931688,91.0,wallpath_residual_extra,91.20267755509303,0.20267755509303242,0.20267755509303242,random,22,random
PL_Comms_C2.csv::N-42,Comms,C2,PL_Comms_C2.csv,N-42,15.85800192,102.0,wallpath_residual_extra,106.77592582941266,4.775925829412657,4.775925829412657,random,22,random
PL_Library_C1.csv::O-7,Library,C1,PL_Library_C1.csv,O-7,12.27,81.0,wallpath_residual_extra,79.77963441885701,-1.2203655811429854,1.2203655811429854,random,22,random
PL_Library_C2.csv::E-4,Library,C2,PL_Library_C2.csv,E-4,20.36128311,97.0,wallpath_residual_extra,95.94548619956291,-1.0545138004370926,1.0545138004370926,random,22,random
PL_Library_C2.csv::P-18,Library,C2,PL_Library_C2.csv,P-18,4.020500591,65.0,wallpath_residual_extra,70.53950184967135,5.539501849671353,5.539501849671353,random,22,random
PL_Comms_C1.csv::G-21,Comms,C1,PL_Comms_C1.csv,G-21,8.246211251,77.0,wallpath_residual_extra,85.34376651701882,8.343766517018821,8.343766517018821,random,22,random
PL_Library_C2.csv::C-14,Library,C2,PL_Library_C2.csv,C-14,15.1980048,96.0,wallpath_residual_extra,82.34444045404882,-13.655559545951178,13.655559545951178,random,22,random
PL_Comms_C2.csv::J-28,Comms,C2,PL_Comms_C2.csv,J-28,5.241776893,76.0,wallpath_residual_extra,81.5958808641459,5.595880864145897,5.595880864145897,random,22,random
PL_Library_C1.csv::J-11,Library,C1,PL_Library_C1.csv,J-11,8.6762,70.0,wallpath_residual_extra,73.16368943836896,3.163689438368962,3.163689438368962,random,22,random
PL_Comms_C2.csv::B-52,Comms,C2,PL_Comms_C2.csv,B-52,23.2266275,115.0,wallpath_residual_extra,111.61063060079955,-3.389369399200447,3.389369399200447,random,22,random
PL_Comms_C2.csv::E-24,Comms,C2,PL_Comms_C2.csv,E-24,5.14550532,71.0,wallpath_residual_extra,81.91823534243548,10.91823534243548,10.91823534243548,random,22,random
PL_Comms_C2.csv::C-41,Comms,C2,PL_Comms_C2.csv,C-41,12.22604699,98.0,wallpath_residual_extra,101.02328783588136,3.023287835881362,3.023287835881362,random,22,random
PL_Comms_C1.csv::I-20,Comms,C1,PL_Comms_C1.csv,I-20,9.848857802,92.0,wallpath_residual_extra,85.58250648321389,-6.417493516786109,6.417493516786109,random,22,random
PL_Comms_C2.csv::B-48,Comms,C2,PL_Comms_C2.csv,B-48,19.2737185,114.0,wallpath_residual_extra,110.6455636308713,-3.354436369128706,3.354436369128706,random,22,random
PL_Comms_C2.csv::H-52,Comms,C2,PL_Comms_C2.csv,H-52,23.2266275,90.0,wallpath_residual_extra,95.50837488156785,5.508374881567846,5.508374881567846,random,22,random
PL_Library_C2.csv::A-12,Library,C2,PL_Library_C2.csv,A-12,18.46999865,94.0,wallpath_residual_extra,86.6654656884404,-7.334534311559594,7.334534311559594,random,22,random
PL_SSE_C2.csv::D-9,SSE,C2,PL_SSE_C2.csv,D-9,10.12305413,92.0,wallpath_residual_extra,99.06047511402326,7.060475114023262,7.060475114023262,random,22,random
PL_Library_C2.csv::S-14,Library,C2,PL_Library_C2.csv,S-14,7.397361016,78.0,wallpath_residual_extra,76.94983227613919,-1.0501677238608096,1.0501677238608096,random,22,random
PL_Comms_C2.csv::F-17,Comms,C2,PL_Comms_C2.csv,F-17,12.10273626,83.0,wallpath_residual_extra,89.7209921691169,6.720992169116897,6.720992169116897,random,22,random
PL_Comms_C1.csv::E-24,Comms,C1,PL_Comms_C1.csv,E-24,5.0,67.0,wallpath_residual_extra,74.15887768855578,7.158877688555776,7.158877688555776,random,22,random
PL_Comms_C2.csv::A-16,Comms,C2,PL_Comms_C2.csv,A-16,13.65562979,103.0,wallpath_residual_extra,97.64388538047267,-5.356114619527332,5.356114619527332,random,22,random
PL_Comms_C2.csv::I-36,Comms,C2,PL_Comms_C2.csv,I-36,8.153295346,93.0,wallpath_residual_extra,86.6774924337466,-6.322507566253407,6.322507566253407,random,22,random
PL_Library_C2.csv::G-8,Library,C2,PL_Library_C2.csv,G-8,14.45500086,73.0,wallpath_residual_extra,79.15638589995139,6.156385899951388,6.156385899951388,random,22,random
PL_Comms_C1.csv::A-13,Comms,C1,PL_Comms_C1.csv,A-13,16.4924225,92.0,wallpath_residual_extra,96.06008926163145,4.060089261631447,4.060089261631447,random,22,random
PL_Comms_C2.csv::K-57,Comms,C2,PL_Comms_C2.csv,K-57,28.66140654,113.0,wallpath_residual_extra,109.97158160810497,-3.0284183918950305,3.0284183918950305,random,22,random
PL_Comms_C2.csv::D-43,Comms,C2,PL_Comms_C2.csv,D-43,14.08815904,98.0,wallpath_residual_extra,97.97450208406941,-0.025497915930586146,0.025497915930586146,random,22,random
PL_Comms_C1.csv::G-19,Comms,C1,PL_Comms_C1.csv,G-19,10.19803903,89.0,wallpath_residual_extra,85.61256044185927,-3.387439558140727,3.387439558140727,random,22,random
PL_Comms_C1.csv::E-47,Comms,C1,PL_Comms_C1.csv,E-47,18.0,114.0,wallpath_residual_extra,108.48411784783373,-5.51588215216627,5.51588215216627,random,22,random
PL_Comms_C2.csv::N-36,Comms,C2,PL_Comms_C2.csv,N-36,11.46630826,86.0,wallpath_residual_extra,95.39948807663303,9.399488076633034,9.399488076633034,random,22,random
PL_Library_C2.csv::J-6,Library,C2,PL_Library_C2.csv,J-6,14.64428643,96.0,wallpath_residual_extra,83.72137190920253,-12.278628090797469,12.278628090797469,random,22,random
PL_Library_C2.csv::K-3,Library,C2,PL_Library_C2.csv,K-3,18.11873823,78.0,wallpath_residual_extra,86.6713022855142,8.671302285514201,8.671302285514201,random,22,random
PL_Comms_C1.csv::E-5,Comms,C1,PL_Comms_C1.csv,E-5,24.0,109.0,wallpath_residual_extra,111.0233407483008,2.0233407483007966,2.0233407483007966,random,22,random
PL_Comms_C2.csv::I-5,Comms,C2,PL_Comms_C2.csv,I-5,24.36136747,108.0,wallpath_residual_extra,95.60554091687982,-12.394459083120182,12.394459083120182,random,22,random
PL_Library_C2.csv::G-10,Library,C2,PL_Library_C2.csv,G-10,12.55142821,83.0,wallpath_residual_extra,83.46101561827834,0.4610156182783385,0.4610156182783385,random,22,random
PL_Comms_C1.csv::C-49,Comms,C1,PL_Comms_C1.csv,C-49,20.09975124,106.0,wallpath_residual_extra,108.30621332674237,2.306213326742366,2.306213326742366,random,22,random
PL_Library_C2.csv::H-4,Library,C2,PL_Library_C2.csv,H-4,18.21978938,93.0,wallpath_residual_extra,86.33014842080838,-6.669851579191615,6.669851579191615,random,22,random
PL_Comms_C1.csv::M-11,Comms,C1,PL_Comms_C1.csv,M-11,19.6977156,103.0,wallpath_residual_extra,98.156719671002,-4.843280328998006,4.843280328998006,random,22,random
PL_Comms_C1.csv::M-30,Comms,C1,PL_Comms_C1.csv,M-30,8.062257748,96.0,wallpath_residual_extra,87.74098850917116,-8.25901149082884,8.25901149082884,random,22,random
PL_Library_C1.csv::P-16,Library,C1,PL_Library_C1.csv,P-16,2.71,58.0,wallpath_residual_extra,65.26463296495537,7.264632964955368,7.264632964955368,random,22,random
PL_Library_C1.csv::H-5,Library,C1,PL_Library_C1.csv,H-5,16.9781,83.0,wallpath_residual_extra,81.11951933619397,-1.8804806638060256,1.8804806638060256,random,22,random
PL_Library_C2.csv::E-8,Library,C2,PL_Library_C2.csv,E-8,16.36153569,87.0,wallpath_residual_extra,88.86021387412617,1.860213874126174,1.860213874126174,random,22,random
PL_Comms_C1.csv::D-34,Comms,C1,PL_Comms_C1.csv,D-34,5.099019514,74.0,wallpath_residual_extra,79.19240329054894,5.192403290548938,5.192403290548938,random,22,random
PL_Library_C2.csv::P-13,Library,C2,PL_Library_C2.csv,P-13,5.034337096,64.0,wallpath_residual_extra,72.54877158594716,8.548771585947165,8.548771585947165,random,22,random
PL_SSE_C2.csv::I-2,SSE,C2,PL_SSE_C2.csv,I-2,9.511899127,93.0,wallpath_residual_extra,86.0161942409662,-6.9838057590338,6.9838057590338,random,22,random
PL_Library_C1.csv::R-20,Library,C1,PL_Library_C1.csv,R-20,7.665,76.0,wallpath_residual_extra,73.34308972077874,-2.6569102792212647,2.6569102792212647,random,22,random
PL_Comms_C2.csv::L-31,Comms,C2,PL_Comms_C2.csv,L-31,7.380801108,91.0,wallpath_residual_extra,94.14301349773154,3.1430134977315447,3.1430134977315447,random,22,random
PL_Comms_C2.csv::F-5,Comms,C2,PL_Comms_C2.csv,F-5,24.0515327,94.0,wallpath_residual_extra,108.74114369537729,14.74114369537729,14.74114369537729,random,22,random
PL_Comms_C2.csv::H-36,Comms,C2,PL_Comms_C2.csv,H-36,7.712083052,80.0,wallpath_residual_extra,87.24479008533027,7.244790085330266,7.244790085330266,random,22,random
PL_Comms_C2.csv::E-37,Comms,C2,PL_Comms_C2.csv,E-37,8.09173807,88.0,wallpath_residual_extra,86.36285231289948,-1.6371476871005228,1.6371476871005228,random,22,random
PL_Library_C2.csv::S-15,Library,C2,PL_Library_C2.csv,S-15,7.015188878,75.0,wallpath_residual_extra,74.26496247190734,-0.7350375280926613,0.7350375280926613,random,22,random
PL_Comms_C2.csv::J-12,Comms,C2,PL_Comms_C2.csv,J-12,17.7616504,107.0,wallpath_residual_extra,103.09555615006865,-3.9044438499313543,3.9044438499313543,random,22,random
PL_Comms_C2.csv::G-21,Comms,C2,PL_Comms_C2.csv,G-21,8.335239949,86.0,wallpath_residual_extra,87.60485591465496,1.6048559146549621,1.6048559146549621,random,22,random
PL_SSE_C1.csv::N-1,SSE,C1,PL_SSE_C1.csv,N-1,9.0,71.0,wallpath_residual_extra,75.29324244950153,4.293242449501534,4.293242449501534,random,22,random
PL_Comms_C2.csv::G-48,Comms,C2,PL_Comms_C2.csv,G-48,19.14356876,90.0,wallpath_residual_extra,102.50645407246469,12.506454072464692,12.506454072464692,random,22,random
PL_Comms_C1.csv::A-48,Comms,C1,PL_Comms_C1.csv,A-48,19.41648784,114.0,wallpath_residual_extra,105.7948182786464,-8.205181721353597,8.205181721353597,random,22,random
PL_Comms_C1.csv::E-49,Comms,C1,PL_Comms_C1.csv,E-49,20.0,105.0,wallpath_residual_extra,108.21796009888462,3.2179600988846175,3.2179600988846175,random,22,random
PL_Library_C2.csv::G-5,Library,C2,PL_Library_C2.csv,G-5,17.70876831,75.0,wallpath_residual_extra,85.2695411927169,10.2695411927169,10.2695411927169,random,22,random
PL_Library_C2.csv::O-4,Library,C2,PL_Library_C2.csv,O-4,16.36153569,92.0,wallpath_residual_extra,79.11136700458512,-12.88863299541488,12.88863299541488,random,22,random
PL_Comms_C2.csv::L-23,Comms,C2,PL_Comms_C2.csv,L-23,9.299259379,89.0,wallpath_residual_extra,87.25076373754236,-1.749236262457643,1.749236262457643,random,22,random
PL_Comms_C1.csv::M-53,Comms,C1,PL_Comms_C1.csv,M-53,25.29822128,105.0,wallpath_residual_extra,110.22330988650033,5.223309886500331,5.223309886500331,random,22,random
PL_Library_C1.csv::Y-18,Library,C1,PL_Library_C1.csv,Y-18,15.1494,74.0,wallpath_residual_extra,83.38136538120845,9.381365381208454,9.381365381208454,random,22,random
PL_SSE_C2.csv::B-1,SSE,C2,PL_SSE_C2.csv,B-1,15.04912705,109.0,wallpath_residual_extra,95.77163697845181,-13.22836302154819,13.22836302154819,random,22,random
PL_Comms_C1.csv::P-42,Comms,C1,PL_Comms_C1.csv,P-42,17.02938637,110.0,wallpath_residual_extra,99.21536485530021,-10.784635144699791,10.784635144699791,random,22,random
PL_Library_C1.csv::I-7,Library,C1,PL_Library_C1.csv,I-7,13.9506,79.0,wallpath_residual_extra,79.42152441174235,0.4215244117423538,0.4215244117423538,random,22,random
PL_Comms_C1.csv::G-29,Comms,C1,PL_Comms_C1.csv,G-29,2.0,56.0,wallpath_residual_extra,61.871884138892625,5.871884138892625,5.871884138892625,random,22,random
PL_Comms_C1.csv::G-34,Comms,C1,PL_Comms_C1.csv,G-34,5.385164807,78.0,wallpath_residual_extra,80.96898193376066,2.9689819337606593,2.9689819337606593,random,22,random
PL_Library_C2.csv::R-22,Library,C2,PL_Library_C2.csv,R-22,9.846294988,72.0,wallpath_residual_extra,73.69936224091066,1.6993622409106592,1.6993622409106592,random,22,random
PL_Library_C1.csv::H-9,Library,C1,PL_Library_C1.csv,H-9,12.4925,74.0,wallpath_residual_extra,75.61549075317566,1.6154907531756635,1.6154907531756635,random,22,random
PL_Library_C2.csv::O-19,Library,C2,PL_Library_C2.csv,O-19,4.45381578,67.0,wallpath_residual_extra,72.51859741682863,5.5185974168286265,5.5185974168286265,random,22,random
PL_Comms_C1.csv::B-34,Comms,C1,PL_Comms_C1.csv,B-34,5.830951895,82.0,wallpath_residual_extra,74.89960189320887,-7.100398106791133,7.100398106791133,random,22,random
PL_Comms_C2.csv::K-22,Comms,C2,PL_Comms_C2.csv,K-22,9.299259379,87.0,wallpath_residual_extra,84.22164171115911,-2.7783582888408915,2.7783582888408915,random,22,random
PL_SSE_C2.csv::K-4,SSE,C2,PL_SSE_C2.csv,K-4,6.817347358,88.0,wallpath_residual_extra,72.56462765138656,-15.435372348613441,15.435372348613441,random,22,random
PL_Comms_C2.csv::D-51,Comms,C2,PL_Comms_C2.csv,D-51,22.05620604,112.0,wallpath_residual_extra,106.04033062225386,-5.959669377746138,5.959669377746138,random,22,random
PL_Comms_C1.csv::F-20,Comms,C1,PL_Comms_C1.csv,F-20,9.055385138,85.0,wallpath_residual_extra,84.21275153130074,-0.7872484686992607,0.7872484686992607,random,22,random
PL_Comms_C2.csv::G-53,Comms,C2,PL_Comms_C2.csv,G-53,24.11381813,97.0,wallpath_residual_extra,94.7095114170833,-2.2904885829166943,2.2904885829166943,random,22,random
PL_SSE_C1.csv::N-9,SSE,C1,PL_SSE_C1.csv,N-9,1.0,52.0,wallpath_residual_extra,50.27497255843482,-1.7250274415651816,1.7250274415651816,random,22,random
PL_Comms_C2.csv::M-42,Comms,C2,PL_Comms_C2.csv,M-42,15.31261653,110.0,wallpath_residual_extra,100.26650849083104,-9.733491509168957,9.733491509168957,random,22,random
PL_Comms_C1.csv::M-13,Comms,C1,PL_Comms_C1.csv,M-13,17.88854382,115.0,wallpath_residual_extra,104.21658721694241,-10.783412783057585,10.783412783057585,random,22,random
PL_Comms_C1.csv::C-31,Comms,C1,PL_Comms_C1.csv,C-31,2.828427125,68.0,wallpath_residual_extra,72.10605899042868,4.106058990428679,4.106058990428679,random,22,random
PL_Comms_C1.csv::O-28,Comms,C1,PL_Comms_C1.csv,O-28,10.04987562,82.0,wallpath_residual_extra,79.21144546042345,-2.788554539576552,2.788554539576552,random,22,random
PL_Comms_C2.csv::D-37,Comms,C2,PL_Comms_C2.csv,D-37,8.153295346,86.0,wallpath_residual_extra,86.6774924337466,0.6774924337465933,0.6774924337465933,random,22,random
PL_Comms_C1.csv::B-21,Comms,C1,PL_Comms_C1.csv,B-21,8.544003745,84.0,wallpath_residual_extra,86.76729891747604,2.7672989174760403,2.7672989174760403,random,22,random
PL_Comms_C2.csv::P-21,Comms,C2,PL_Comms_C2.csv,P-21,13.65562979,96.0,wallpath_residual_extra,90.44088577827922,-5.559114221720776,5.559114221720776,random,22,random
PL_Comms_C1.csv::M-54,Comms,C1,PL_Comms_C1.csv,M-54,26.2488095,118.0,wallpath_residual_extra,109.68246839744091,-8.317531602559086,8.317531602559086,random,22,random
PL_Comms_C1.csv::H-25,Comms,C1,PL_Comms_C1.csv,H-25,5.0,80.0,wallpath_residual_extra,74.15887768855578,-5.841122311444224,5.841122311444224,random,22,random
PL_Comms_C2.csv::P-42,Comms,C2,PL_Comms_C2.csv,P-42,17.07267481,104.0,wallpath_residual_extra,106.10014739655789,2.1001473965578867,2.1001473965578867,random,22,random
PL_Library_C1.csv::U-12,Library,C1,PL_Library_C1.csv,U-12,10.9244,85.0,wallpath_residual_extra,75.15157423210519,-9.84842576789481,9.84842576789481,random,22,random
PL_Comms_C1.csv::E-38,Comms,C1,PL_Comms_C1.csv,E-38,9.0,85.0,wallpath_residual_extra,87.1994657695624,2.1994657695623943,2.1994657695623943,random,22,random
PL_Comms_C2.csv::A-21,Comms,C2,PL_Comms_C2.csv,A-21,9.026418171,92.0,wallpath_residual_extra,88.46880964694604,-3.531190353053958,3.531190353053958,random,22,random
PL_Library_C1.csv::K-10,Library,C1,PL_Library_C1.csv,K-10,9.0896,71.0,wallpath_residual_extra,74.23011533833478,3.230115338334784,3.230115338334784,random,22,random
PL_Comms_C2.csv::O-22,Comms,C2,PL_Comms_C2.csv,O-22,12.26687511,95.0,wallpath_residual_extra,89.95434263905241,-5.045657360947587,5.045657360947587,random,22,random
PL_Comms_C2.csv::F-49,Comms,C2,PL_Comms_C2.csv,F-49,20.06181011,93.0,wallpath_residual_extra,101.71219957463765,8.712199574637651,8.712199574637651,random,22,random
PL_SSE_C1.csv::F-8,SSE,C1,PL_SSE_C1.csv,F-8,8.246211251,80.0,wallpath_residual_extra,84.37166949349012,4.371669493490117,4.371669493490117,random,22,random
PL_Library_C1.csv::N-6,Library,C1,PL_Library_C1.csv,N-6,13.55,90.0,wallpath_residual_extra,82.71217814041651,-7.287821859583488,7.287821859583488,random,22,random
PL_Comms_C2.csv::N-40,Comms,C2,PL_Comms_C2.csv,N-40,14.26450928,100.0,wallpath_residual_extra,104.24651088626631,4.246510886266307,4.246510886266307,random,22,random
PL_Comms_C1.csv::G-47,Comms,C1,PL_Comms_C1.csv,G-47,18.11077028,86.0,wallpath_residual_extra,100.28105015210811,14.281050152108108,14.281050152108108,random,22,random
PL_Comms_C1.csv::O-40,Comms,C1,PL_Comms_C1.csv,O-40,14.86606875,98.0,wallpath_residual_extra,97.63424013484506,-0.3657598651549421,0.3657598651549421,random,22,random
PL_Library_C2.csv::D-8,Library,C2,PL_Library_C2.csv,D-8,17.39495114,80.0,wallpath_residual_extra,87.31862605423974,7.318626054239743,7.318626054239743,random,22,random
PL_Comms_C1.csv::P-24,Comms,C1,PL_Comms_C1.csv,P-24,12.08304597,96.0,wallpath_residual_extra,90.08369049439567,-5.916309505604332,5.916309505604332,random,22,random
PL_Comms_C1.csv::D-45,Comms,C1,PL_Comms_C1.csv,D-45,16.03121954,114.0,wallpath_residual_extra,107.27788811793903,-6.722111882060972,6.722111882060972,random,22,random
PL_Library_C1.csv::S-23,Library,C1,PL_Library_C1.csv,S-23,11.6562,75.0,wallpath_residual_extra,73.85310916054136,-1.146890839458635,1.146890839458635,random,22,random
PL_Comms_C1.csv::H-5,Comms,C1,PL_Comms_C1.csv,H-5,24.18677324,86.0,wallpath_residual_extra,98.09999794265296,12.099997942652962,12.099997942652962,random,22,random
PL_SSE_C2.csv::C-7,SSE,C2,PL_SSE_C2.csv,C-7,11.46630826,91.0,wallpath_residual_extra,96.37264262361047,5.372642623610474,5.372642623610474,random,22,random
PL_SSE_C1.csv::A-7,SSE,C1,PL_SSE_C1.csv,A-7,13.34166406,106.0,wallpath_residual_extra,97.75360750055509,-8.246392499444909,8.246392499444909,random,22,random
PL_Comms_C1.csv::C-15,Comms,C1,PL_Comms_C1.csv,C-15,14.14213562,96.0,wallpath_residual_extra,94.76115109810203,-1.238848901897967,1.238848901897967,random,22,random
PL_Comms_C2.csv::M-33,Comms,C2,PL_Comms_C2.csv,M-33,9.026418171,94.0,wallpath_residual_extra,96.09637250201781,2.0963725020178146,2.0963725020178146,random,22,random
PL_Comms_C2.csv::A-32,Comms,C2,PL_Comms_C2.csv,A-32,5.14550532,78.0,wallpath_residual_extra,81.91823534243548,3.91823534243548,3.91823534243548,random,22,random
PL_Library_C2.csv::A-11,Library,C2,PL_Library_C2.csv,A-11,18.91203519,89.0,wallpath_residual_extra,88.23708963037629,-0.762910369623711,0.762910369623711,random,22,random
PL_Library_C2.csv::I-8,Library,C2,PL_Library_C2.csv,I-8,12.84065614,79.0,wallpath_residual_extra,74.5021404601073,-4.497859539892701,4.497859539892701,random,22,random
PL_Comms_C1.csv::J-20,Comms,C1,PL_Comms_C1.csv,J-20,10.29563014,96.0,wallpath_residual_extra,86.38398600663353,-9.616013993366465,9.616013993366465,random,22,random
PL_Comms_C2.csv::K-53,Comms,C2,PL_Comms_C2.csv,K-53,24.76845221,113.0,wallpath_residual_extra,113.46515275450405,0.4651527545040466,0.4651527545040466,random,22,random
PL_SSE_C2.csv::J-8,SSE,C2,PL_SSE_C2.csv,J-8,4.634244814,86.0,wallpath_residual_extra,77.55795241946602,-8.44204758053398,8.44204758053398,random,22,random
PL_Comms_C1.csv::H-54,Comms,C1,PL_Comms_C1.csv,H-54,25.17935662,95.0,wallpath_residual_extra,97.81334378710746,2.8133437871074563,2.8133437871074563,random,22,random
PL_Comms_C1.csv::G-55,Comms,C1,PL_Comms_C1.csv,G-55,26.07680962,88.0,wallpath_residual_extra,103.36064459486262,15.36064459486262,15.36064459486262,random,22,random
PL_Comms_C1.csv::H-50,Comms,C1,PL_Comms_C1.csv,H-50,21.21320344,87.0,wallpath_residual_extra,103.79171868396975,16.791718683969748,16.791718683969748,random,22,random
PL_Comms_C1.csv::M-40,Comms,C1,PL_Comms_C1.csv,M-40,13.60147051,93.0,wallpath_residual_extra,94.42284576905038,1.422845769050383,1.422845769050383,random,22,random
PL_Comms_C1.csv::A-14,Comms,C1,PL_Comms_C1.csv,A-14,15.5241747,93.0,wallpath_residual_extra,95.37638956675747,2.3763895667574673,2.3763895667574673,random,22,random
PL_Comms_C1.csv::K-47,Comms,C1,PL_Comms_C1.csv,K-47,18.97366596,104.0,wallpath_residual_extra,104.49220105762335,0.49220105762334754,0.49220105762334754,random,22,random
PL_Comms_C1.csv::D-49,Comms,C1,PL_Comms_C1.csv,D-49,20.02498439,97.0,wallpath_residual_extra,108.16267597604367,11.162675976043673,11.162675976043673,random,22,random
PL_Library_C1.csv::W-18,Library,C1,PL_Library_C1.csv,W-18,12.4925,79.0,wallpath_residual_extra,82.26068808999878,3.26068808999878,3.26068808999878,random,22,random
PL_Comms_C2.csv::O-25,Comms,C2,PL_Comms_C2.csv,O-25,10.83864498,83.0,wallpath_residual_extra,90.30524344603589,7.305243446035888,7.305243446035888,random,22,random
PL_SSE_C1.csv::K-4,SSE,C1,PL_SSE_C1.csv,K-4,6.708203932,69.0,wallpath_residual_extra,73.872059776012,4.872059776011994,4.872059776011994,random,22,random
PL_SSE_C1.csv::A-5,SSE,C1,PL_SSE_C1.csv,A-5,13.92838828,99.0,wallpath_residual_extra,94.14015609244868,-4.859843907551323,4.859843907551323,random,22,random
PL_Comms_C1.csv::I-38,Comms,C1,PL_Comms_C1.csv,I-38,9.848857802,98.0,wallpath_residual_extra,92.00571341204922,-5.994286587950782,5.994286587950782,random,22,random
PL_Comms_C1.csv::I-45,Comms,C1,PL_Comms_C1.csv,I-45,16.4924225,104.0,wallpath_residual_extra,104.68250623652233,0.6825062365223289,0.6825062365223289,random,22,random
PL_Comms_C1.csv::J-24,Comms,C1,PL_Comms_C1.csv,J-24,7.071067812,77.0,wallpath_residual_extra,82.96787092268707,5.967870922687069,5.967870922687069,random,22,random
PL_Comms_C1.csv::G-44,Comms,C1,PL_Comms_C1.csv,G-44,15.13274595,87.0,wallpath_residual_extra,99.9813391864332,12.981339186433203,12.981339186433203,random,22,random
PL_Library_C2.csv::I-14,Library,C2,PL_Library_C2.csv,I-14,7.397361016,73.0,wallpath_residual_extra,72.98371915392799,-0.016280846072007193,0.016280846072007193,random,22,random
PL_Library_C1.csv::Q-6,Library,C1,PL_Library_C1.csv,Q-6,14.1466,80.0,wallpath_residual_extra,82.49208542482658,2.492085424826584,2.492085424826584,random,22,random
PL_Comms_C1.csv::I-12,Comms,C1,PL_Comms_C1.csv,I-12,17.4642492,103.0,wallpath_residual_extra,98.9274247634944,-4.0725752365056,4.0725752365056,random,22,random
PL_Comms_C1.csv::F-17,Comms,C1,PL_Comms_C1.csv,F-17,12.04159458,87.0,wallpath_residual_extra,90.05806720151698,3.0580672015169768,3.0580672015169768,random,22,random
PL_Comms_C2.csv::K-11,Comms,C2,PL_Comms_C2.csv,K-11,19.01252811,111.0,wallpath_residual_extra,104.27798118913866,-6.722018810861343,6.722018810861343,random,22,random
PL_Library_C1.csv::B-2,Library,C1,PL_Library_C1.csv,B-2,24.985,82.0,wallpath_residual_extra,82.60723100719433,0.6072310071943292,0.6072310071943292,random,22,random
PL_Comms_C1.csv::N-18,Comms,C1,PL_Comms_C1.csv,N-18,14.2126704,90.0,wallpath_residual_extra,87.58801776163845,-2.4119822383615457,2.4119822383615457,random,22,random
PL_Library_C1.csv::R-18,Library,C1,PL_Library_C1.csv,R-18,6.0597,69.0,wallpath_residual_extra,71.76088100797354,2.7608810079735377,2.7608810079735377,random,22,random
PL_Comms_C2.csv::C-35,Comms,C2,PL_Comms_C2.csv,C-35,6.440203801,77.0,wallpath_residual_extra,88.51336575769339,11.513365757693393,11.513365757693393,random,22,random
PL_Library_C2.csv::R-18,Library,C2,PL_Library_C2.csv,R-18,6.180349909,69.0,wallpath_residual_extra,77.61152819734258,8.61152819734258,8.61152819734258,random,22,random
PL_Comms_C2.csv::D-29,Comms,C2,PL_Comms_C2.csv,D-29,1.573602555,64.0,wallpath_residual_extra,71.02409321827288,7.024093218272881,7.024093218272881,random,22,random
PL_Comms_C1.csv::M-39,Comms,C1,PL_Comms_C1.csv,M-39,12.80624847,98.0,wallpath_residual_extra,97.13677871139537,-0.8632212886046347,0.8632212886046347,random,22,random
PL_Library_C2.csv::W-20,Library,C2,PL_Library_C2.csv,W-20,13.40039738,70.0,wallpath_residual_extra,85.28087606457927,15.280876064579274,15.280876064579274,random,22,random
PL_Comms_C2.csv::I-40,Comms,C2,PL_Comms_C2.csv,I-40,11.76759215,107.0,wallpath_residual_extra,90.08300434958436,-16.916995650415643,16.916995650415643,random,22,random
PL_Comms_C1.csv::G-11,Comms,C1,PL_Comms_C1.csv,G-11,18.11077028,84.0,wallpath_residual_extra,90.70441574075902,6.704415740759018,6.704415740759018,random,22,random
PL_Library_C1.csv::W-8,Library,C1,PL_Library_C1.csv,W-8,16.3164,87.0,wallpath_residual_extra,87.7881409180835,0.7881409180834993,0.7881409180834993,random,22,random
PL_SSE_C1.csv::B-1,SSE,C1,PL_SSE_C1.csv,B-1,15.0,92.0,wallpath_residual_extra,92.86234960139772,0.8623496013977245,0.8623496013977245,random,22,random
PL_Comms_C2.csv::J-50,Comms,C2,PL_Comms_C2.csv,J-50,21.62119851,120.0,wallpath_residual_extra,110.33764687681766,-9.662353123182342,9.662353123182342,random,22,random
PL_Library_C2.csv::W-7,Library,C2,PL_Library_C2.csv,W-7,17.28907965,94.0,wallpath_residual_extra,90.89949390043532,-3.100506099564683,3.100506099564683,random,22,random
PL_Comms_C1.csv::K-31,Comms,C1,PL_Comms_C1.csv,K-31,6.32455532,75.0,wallpath_residual_extra,77.29112642867918,2.2911264286791777,2.2911264286791777,random,22,random
PL_Comms_C2.csv::P-26,Comms,C2,PL_Comms_C2.csv,P-26,11.46630826,90.0,wallpath_residual_extra,88.88693583750458,-1.1130641624954194,1.1130641624954194,random,22,random
PL_Comms_C1.csv::P-13,Comms,C1,PL_Comms_C1.csv,P-13,19.41648784,113.0,wallpath_residual_extra,106.16213377841535,-6.8378662215846475,6.8378662215846475,random,22,random
PL_Comms_C2.csv::E-49,Comms,C2,PL_Comms_C2.csv,E-49,20.03687164,101.0,wallpath_residual_extra,109.41393883128154,8.413938831281541,8.413938831281541,random,22,random
PL_Comms_C1.csv::C-56,Comms,C1,PL_Comms_C1.csv,C-56,27.07397274,118.0,wallpath_residual_extra,111.4101875366548,-6.589812463345197,6.589812463345197,random,22,random
PL_Comms_C2.csv::I-49,Comms,C2,PL_Comms_C2.csv,I-49,20.43223495,108.0,wallpath_residual_extra,108.49060555768791,0.49060555768791403,0.49060555768791403,random,22,random
PL_Comms_C2.csv::B-45,Comms,C2,PL_Comms_C2.csv,B-45,16.32409952,112.0,wallpath_residual_extra,104.72361041433406,-7.276389585665939,7.276389585665939,random,22,random
PL_Library_C1.csv::M-17,Library,C1,PL_Library_C1.csv,M-17,1.9163,58.0,wallpath_residual_extra,61.78003095820102,3.780030958201017,3.780030958201017,random,22,random
PL_Comms_C1.csv::N-21,Comms,C1,PL_Comms_C1.csv,N-21,12.04159458,98.0,wallpath_residual_extra,90.51389581257749,-7.486104187422512,7.486104187422512,random,22,random
PL_Library_C2.csv::L-16,Library,C2,PL_Library_C2.csv,L-16,2.969903197,74.0,wallpath_residual_extra,72.20409713397103,-1.7959028660289675,1.7959028660289675,random,22,random
PL_Comms_C1.csv::J-36,Comms,C1,PL_Comms_C1.csv,J-36,8.602325267,93.0,wallpath_residual_extra,86.9916582221867,-6.0083417778133,6.0083417778133,random,22,random
PL_Comms_C1.csv::M-33,Comms,C1,PL_Comms_C1.csv,M-33,8.94427191,85.0,wallpath_residual_extra,88.49349055987655,3.493490559876548,3.493490559876548,random,22,random
PL_Library_C2.csv::G-16,Library,C2,PL_Library_C2.csv,G-16,9.562502288,85.0,wallpath_residual_extra,83.86251139376259,-1.1374886062374117,1.1374886062374117,random,22,random
PL_Comms_C1.csv::I-4,Comms,C1,PL_Comms_C1.csv,I-4,25.3179778,115.0,wallpath_residual_extra,99.00273535224841,-15.997264647751592,15.997264647751592,random,22,random
PL_Comms_C2.csv::J-47,Comms,C2,PL_Comms_C2.csv,J-47,18.72101026,113.0,wallpath_residual_extra,109.42976928035735,-3.5702307196426517,3.5702307196426517,random,22,random
PL_SSE_C2.csv::I-7,SSE,C2,PL_SSE_C2.csv,I-7,5.956192156,79.0,wallpath_residual_extra,79.97138598385285,0.9713859838528549,0.9713859838528549,random,22,random
PL_Comms_C2.csv::H-9,Comms,C2,PL_Comms_C2.csv,H-9,20.26021286,94.0,wallpath_residual_extra,95.90168703974751,1.9016870397475145,1.9016870397475145,random,22,random
PL_Library_C1.csv::M-15,Library,C1,PL_Library_C1.csv,M-15,1.9163,72.0,wallpath_residual_extra,61.78003095820102,-10.219969041798983,10.219969041798983,random,22,random
PL_Library_C1.csv::L-13,Library,C1,PL_Library_C1.csv,L-13,4.8855,71.0,wallpath_residual_extra,68.63964810257653,-2.3603518974234703,2.3603518974234703,random,22,random
PL_Comms_C1.csv::E-30,Comms,C1,PL_Comms_C1.csv,E-30,1.0,69.0,wallpath_residual_extra,58.075271513382376,-10.924728486617624,10.924728486617624,random,22,random
PL_Comms_C2.csv::D-45,Comms,C2,PL_Comms_C2.csv,D-45,16.07719581,104.0,wallpath_residual_extra,103.48207252250728,-0.5179274774927194,0.5179274774927194,random,22,random
PL_Comms_C2.csv::J-35,Comms,C2,PL_Comms_C2.csv,J-35,7.904190344,88.0,wallpath_residual_extra,84.76248739599043,-3.2375126040095665,3.2375126040095665,random,22,random
PL_Comms_C1.csv::D-13,Comms,C1,PL_Comms_C1.csv,D-13,16.03121954,97.0,wallpath_residual_extra,93.40878019294408,-3.5912198070559214,3.5912198070559214,random,22,random
PL_Library_C1.csv::A-9,Library,C1,PL_Library_C1.csv,A-9,20.0063,80.0,wallpath_residual_extra,84.45880489249492,4.458804892494925,4.458804892494925,random,22,random
PL_SSE_C1.csv::L-9,SSE,C1,PL_SSE_C1.csv,L-9,2.236067977,60.0,wallpath_residual_extra,58.07849167149673,-1.921508328503272,1.921508328503272,random,22,random
PL_Library_C2.csv::Q-22,Library,C2,PL_Library_C2.csv,Q-22,9.17046073,74.0,wallpath_residual_extra,73.91034471064805,-0.08965528935195266,0.08965528935195266,random,22,random
PL_Library_C1.csv::G-13,Library,C1,PL_Library_C1.csv,G-13,10.3194,73.0,wallpath_residual_extra,76.58649016816561,3.5864901681656107,3.5864901681656107,random,22,random
PL_Library_C2.csv::M-19,Library,C2,PL_Library_C2.csv,M-19,4.45381578,76.0,wallpath_residual_extra,77.13691238785024,1.136912387850245,1.136912387850245,random,22,random
PL_Comms_C2.csv::F-4,Comms,C2,PL_Comms_C2.csv,F-4,25.04947554,87.0,wallpath_residual_extra,99.64701056876119,12.64701056876119,12.64701056876119,random,22,random
PL_Comms_C2.csv::B-37,Comms,C2,PL_Comms_C2.csv,B-37,8.629960892,82.0,wallpath_residual_extra,87.63858583614397,5.6385858361439745,5.6385858361439745,random,22,random
PL_Comms_C1.csv::O-11,Comms,C1,PL_Comms_C1.csv,O-11,20.59126028,114.0,wallpath_residual_extra,107.69721230694236,-6.302787693057638,6.302787693057638,random,22,random
PL_Comms_C1.csv::D-30,Comms,C1,PL_Comms_C1.csv,D-30,1.414213562,69.0,wallpath_residual_extra,61.39206294065216,-7.60793705934784,7.60793705934784,random,22,random
PL_Library_C2.csv::L-11,Library,C2,PL_Library_C2.csv,L-11,7.397361016,68.0,wallpath_residual_extra,72.98371915392799,4.983719153927993,4.983719153927993,random,22,random
PL_Comms_C2.csv::B-51,Comms,C2,PL_Comms_C2.csv,B-51,22.23682138,114.0,wallpath_residual_extra,110.76978230310719,-3.230217696892808,3.230217696892808,random,22,random
PL_Library_C2.csv::R-20,Library,C2,PL_Library_C2.csv,R-20,7.760736112,72.0,wallpath_residual_extra,76.10791363548894,4.107913635488941,4.107913635488941,random,22,random
PL_Library_C1.csv::R-13,Library,C1,PL_Library_C1.csv,R-13,6.775,74.0,wallpath_residual_extra,73.77163855700121,-0.22836144299878924,0.22836144299878924,random,22,random
PL_SSE_C2.csv::C-5,SSE,C2,PL_SSE_C2.csv,C-5,12.14397896,101.0,wallpath_residual_extra,99.43401524442012,-1.5659847555798763,1.5659847555798763,random,22,random
PL_Comms_C2.csv::B-29,Comms,C2,PL_Comms_C2.csv,B-29,3.236699708,72.0,wallpath_residual_extra,73.65865405288434,1.6586540528843443,1.6586540528843443,random,22,random
PL_Library_C2.csv::Q-8,Library,C2,PL_Library_C2.csv,Q-8,11.64070659,74.0,wallpath_residual_extra,77.58189192971504,3.5818919297150416,3.5818919297150416,random,22,random
PL_SSE_C2.csv::G-4,SSE,C2,PL_SSE_C2.csv,G-4,9.299259379,76.0,wallpath_residual_extra,80.40446063413748,4.404460634137479,4.404460634137479,random,22,random
PL_Library_C1.csv::F-6,Library,C1,PL_Library_C1.csv,F-6,17.3525,76.0,wallpath_residual_extra,81.0770712460071,5.077071246007094,5.077071246007094,random,22,random
PL_Library_C2.csv::R-24,Library,C2,PL_Library_C2.csv,R-24,12.18023912,74.0,wallpath_residual_extra,77.07197236754132,3.0719723675413206,3.0719723675413206,random,22,random
PL_Library_C2.csv::P-23,Library,C2,PL_Library_C2.csv,P-23,9.939092011,75.0,wallpath_residual_extra,76.05735583185923,1.0573558318592262,1.0573558318592262,random,22,random
PL_Comms_C2.csv::F-11,Comms,C2,PL_Comms_C2.csv,F-11,18.0686531,85.0,wallpath_residual_extra,110.6449170528752,25.6449170528752,25.6449170528752,random,22,random
PL_Comms_C1.csv::N-28,Comms,C1,PL_Comms_C1.csv,N-28,9.055385138,78.0,wallpath_residual_extra,79.00874093686653,1.0087409368665305,1.0087409368665305,random,22,random
PL_Library_C1.csv::S-22,Library,C1,PL_Library_C1.csv,S-22,10.5829,67.0,wallpath_residual_extra,73.17379139433184,6.173791394331843,6.173791394331843,random,22,random
PL_Comms_C2.csv::K-2,Comms,C2,PL_Comms_C2.csv,K-2,27.68530702,102.0,wallpath_residual_extra,110.5490461354363,8.5490461354363,8.5490461354363,random,22,random
PL_Library_C2.csv::V-17,Library,C2,PL_Library_C2.csv,V-17,10.99171734,74.0,wallpath_residual_extra,75.67626418454599,1.6762641845459854,1.6762641845459854,random,22,random
PL_Comms_C1.csv::O-24,Comms,C1,PL_Comms_C1.csv,O-24,11.18033989,90.0,wallpath_residual_extra,90.3745657525327,0.3745657525327033,0.3745657525327033,random,22,random
PL_Library_C1.csv::O-25,Library,C1,PL_Library_C1.csv,O-25,12.27,89.0,wallpath_residual_extra,73.9003214583032,-15.099678541696804,15.099678541696804,random,22,random
PL_Comms_C2.csv::B-53,Comms,C2,PL_Comms_C2.csv,B-53,24.21727121,116.0,wallpath_residual_extra,115.25336195257547,-0.7466380474245256,0.7466380474245256,random,22,random
PL_Comms_C1.csv::I-54,Comms,C1,PL_Comms_C1.csv,I-54,25.3179778,104.0,wallpath_residual_extra,104.09892002711908,0.09892002711907821,0.09892002711907821,random,22,random
PL_Comms_C1.csv::E-25,Comms,C1,PL_Comms_C1.csv,E-25,4.0,75.0,wallpath_residual_extra,74.53346261456234,-0.4665373854376611,0.4665373854376611,random,22,random
PL_Library_C2.csv::D-3,Library,C2,PL_Library_C2.csv,D-3,22.25684052,96.0,wallpath_residual_extra,90.92799932200677,-5.0720006779932305,5.0720006779932305,random,22,random
PL_Comms_C2.csv::J-19,Comms,C2,PL_Comms_C2.csv,J-19,11.2461649,98.0,wallpath_residual_extra,89.65217913743814,-8.34782086256186,8.34782086256186,random,22,random
PL_Comms_C1.csv::L-28,Comms,C1,PL_Comms_C1.csv,L-28,7.071067812,82.0,wallpath_residual_extra,74.69816657218348,-7.3018334278165185,7.3018334278165185,random,22,random
PL_Library_C2.csv::I-11,Library,C2,PL_Library_C2.csv,I-11,9.658026455,74.0,wallpath_residual_extra,81.29664722489332,7.29664722489332,7.29664722489332,random,22,random
PL_SSE_C1.csv::N-3,SSE,C1,PL_SSE_C1.csv,N-3,7.0,71.0,wallpath_residual_extra,72.46439880110245,1.4643988011024476,1.4643988011024476,random,22,random
PL_Comms_C1.csv::E-41,Comms,C1,PL_Comms_C1.csv,E-41,12.0,97.0,wallpath_residual_extra,95.49876201551206,-1.5012379844879433,1.5012379844879433,random,22,random
PL_Comms_C1.csv::B-15,Comms,C1,PL_Comms_C1.csv,B-15,14.31782106,99.0,wallpath_residual_extra,94.49934757271954,-4.500652427280457,4.500652427280457,random,22,random
PL_Comms_C1.csv::J-21,Comms,C1,PL_Comms_C1.csv,J-21,9.433981132,81.0,wallpath_residual_extra,84.07660433503422,3.0766043350342187,3.0766043350342187,random,22,random
PL_Comms_C1.csv::I-36,Comms,C1,PL_Comms_C1.csv,I-36,8.062257748,103.0,wallpath_residual_extra,89.2908224129168,-13.709177587083204,13.709177587083204,random,22,random
PL_Comms_C1.csv::H-34,Comms,C1,PL_Comms_C1.csv,H-34,5.830951895,76.0,wallpath_residual_extra,83.29440994753706,7.294409947537062,7.294409947537062,random,22,random
PL_Comms_C2.csv::F-54,Comms,C2,PL_Comms_C2.csv,F-54,25.04947554,89.0,wallpath_residual_extra,102.23670799513495,13.23670799513495,13.23670799513495,random,22,random
PL_Library_C2.csv::U-12,Library,C2,PL_Library_C2.csv,U-12,10.99171734,83.0,wallpath_residual_extra,78.40618139876233,-4.593818601237672,4.593818601237672,random,22,random
PL_SSE_C1.csv::E-4,SSE,C1,PL_SSE_C1.csv,E-4,10.81665383,95.0,wallpath_residual_extra,91.47366868765326,-3.5263313123467412,3.5263313123467412,random,22,random
PL_Comms_C2.csv::B-20,Comms,C2,PL_Comms_C2.csv,B-20,9.564320415,81.0,wallpath_residual_extra,87.51776120794527,6.51776120794527,6.51776120794527,random,22,random
PL_Comms_C2.csv::D-17,Comms,C2,PL_Comms_C2.csv,D-17,12.10273626,97.0,wallpath_residual_extra,95.45111578815492,-1.5488842118450776,1.5488842118450776,random,22,random
PL_Comms_C1.csv::G-6,Comms,C1,PL_Comms_C1.csv,G-6,23.08679276,90.0,wallpath_residual_extra,100.68854686171404,10.688546861714045,10.688546861714045,random,22,random
PL_Comms_C2.csv::E-21,Comms,C2,PL_Comms_C2.csv,E-21,8.09173807,91.0,wallpath_residual_extra,87.07476141176558,-3.9252385882344214,3.9252385882344214,random,22,random
PL_Comms_C2.csv::J-15,Comms,C2,PL_Comms_C2.csv,J-15,14.91563693,102.0,wallpath_residual_extra,96.47428815639637,-5.525711843603631,5.525711843603631,random,22,random
PL_Comms_C1.csv::J-55,Comms,C1,PL_Comms_C1.csv,J-55,26.47640459,104.0,wallpath_residual_extra,103.39161079018464,-0.6083892098153569,0.6083892098153569,random,22,random
PL_Comms_C1.csv::C-38,Comms,C1,PL_Comms_C1.csv,C-38,9.219544457,90.0,wallpath_residual_extra,86.16444546484875,-3.835554535151246,3.835554535151246,random,22,random
PL_Comms_C2.csv::H-26,Comms,C2,PL_Comms_C2.csv,H-26,4.413187623,79.0,wallpath_residual_extra,79.52024166139437,0.5202416613943655,0.5202416613943655,random,22,random
PL_Library_C1.csv::D-8,Library,C1,PL_Library_C1.csv,D-8,17.3525,79.0,wallpath_residual_extra,86.08482747948715,7.084827479487146,7.084827479487146,random,22,random
PL_Library_C1.csv::Q-9,Library,C1,PL_Library_C1.csv,Q-9,10.3194,70.0,wallpath_residual_extra,72.8233828279196,2.823382827919602,2.823382827919602,random,22,random
PL_Library_C2.csv::V-5,Library,C2,PL_Library_C2.csv,V-5,18.46999865,84.0,wallpath_residual_extra,84.78951543641556,0.7895154364155559,0.7895154364155559,random,22,random
PL_Library_C1.csv::Q-23,Library,C1,PL_Library_C1.csv,Q-23,10.3194,73.0,wallpath_residual_extra,76.94439411964021,3.944394119640208,3.944394119640208,random,22,random
PL_SSE_C2.csv::M-5,SSE,C2,PL_SSE_C2.csv,M-5,5.241776893,77.0,wallpath_residual_extra,74.08583528373813,-2.9141647162618654,2.9141647162618654,random,22,random
PL_Comms_C2.csv::L-51,Comms,C2,PL_Comms_C2.csv,L-51,23.11874186,108.0,wallpath_residual_extra,110.78962098766252,2.7896209876625164,2.7896209876625164,random,22,random
PL_SSE_C1.csv::E-5,SSE,C1,PL_SSE_C1.csv,E-5,10.29563014,96.0,wallpath_residual_extra,93.81295877929477,-2.1870412207052254,2.1870412207052254,random,22,random
PL_Comms_C2.csv::C-40,Comms,C2,PL_Comms_C2.csv,C-40,11.2461649,100.0,wallpath_residual_extra,91.0807413009266,-8.919258699073396,8.919258699073396,random,22,random
PL_SSE_C1.csv::C-2,SSE,C1,PL_SSE_C1.csv,C-2,13.60147051,115.0,wallpath_residual_extra,89.6055062334894,-25.394493766510607,25.394493766510607,random,22,random
PL_Comms_C1.csv::A-2,Comms,C1,PL_Comms_C1.csv,A-2,27.29468813,122.0,wallpath_residual_extra,120.64287825200729,-1.3571217479927071,1.3571217479927071,random,22,random
PL_Comms_C1.csv::B-48,Comms,C1,PL_Comms_C1.csv,B-48,19.23538406,110.0,wallpath_residual_extra,104.7353680326683,-5.264631967331695,5.264631967331695,random,22,random
PL_Comms_C2.csv::J-32,Comms,C2,PL_Comms_C2.csv,J-32,5.956192156,89.0,wallpath_residual_extra,86.45282197897839,-2.547178021021608,2.547178021021608,random,22,random
PL_Comms_C2.csv::G-13,Comms,C2,PL_Comms_C2.csv,G-13,16.1702265,93.0,wallpath_residual_extra,92.05536312017185,-0.9446368798281526,0.9446368798281526,random,22,random
PL_Comms_C2.csv::G-31,Comms,C2,PL_Comms_C2.csv,G-31,3.078347771,74.0,wallpath_residual_extra,76.40888310380456,2.4088831038045555,2.4088831038045555,random,22,random
PL_Comms_C2.csv::L-46,Comms,C2,PL_Comms_C2.csv,L-46,18.4248806,110.0,wallpath_residual_extra,107.96458275834263,-2.0354172416573704,2.0354172416573704,random,22,random
PL_Library_C1.csv::R-11,Library,C1,PL_Library_C1.csv,R-11,8.6762,75.0,wallpath_residual_extra,73.16368943836896,-1.8363105616310378,1.8363105616310378,random,22,random
PL_Comms_C1.csv::F-23,Comms,C1,PL_Comms_C1.csv,F-23,6.08276253,79.0,wallpath_residual_extra,84.90431098390313,5.90431098390313,5.90431098390313,random,22,random
PL_SSE_C1.csv::I-4,SSE,C1,PL_SSE_C1.csv,I-4,7.810249676,97.0,wallpath_residual_extra,89.39971647965088,-7.600283520349123,7.600283520349123,random,22,random
PL_Comms_C1.csv::D-29,Comms,C1,PL_Comms_C1.csv,D-29,1.0,51.0,wallpath_residual_extra,52.522916170003285,1.5229161700032847,1.5229161700032847,random,22,random
PL_Comms_C1.csv::B-24,Comms,C1,PL_Comms_C1.csv,B-24,5.830951895,80.0,wallpath_residual_extra,75.09718379843623,-4.902816201563766,4.902816201563766,random,22,random
PL_Library_C2.csv::E-6,Library,C2,PL_Library_C2.csv,E-6,18.27010536,93.0,wallpath_residual_extra,86.17393926072138,-6.826060739278617,6.826060739278617,random,22,random
PL_Comms_C2.csv::J-34,Comms,C2,PL_Comms_C2.csv,J-34,7.174693373,79.0,wallpath_residual_extra,83.17349605644594,4.173496056445941,4.173496056445941,random,22,random
PL_Library_C2.csv::G-9,Library,C2,PL_Library_C2.csv,G-9,13.46872952,70.0,wallpath_residual_extra,84.22509689862422,14.225096898624216,14.225096898624216,random,22,random
PL_Comms_C1.csv::B-51,Comms,C1,PL_Comms_C1.csv,B-51,22.20360331,113.0,wallpath_residual_extra,110.37462392988868,-2.625376070111315,2.625376070111315,random,22,random
PL_SSE_C1.csv::D-6,SSE,C1,PL_SSE_C1.csv,D-6,10.77032961,89.0,wallpath_residual_extra,90.96405268214144,1.9640526821414426,1.9640526821414426,random,22,random
PL_Comms_C1.csv::C-17,Comms,C1,PL_Comms_C1.csv,C-17,12.16552506,95.0,wallpath_residual_extra,91.03761727269917,-3.9623827273008345,3.9623827273008345,random,22,random
PL_Comms_C1.csv::A-35,Comms,C1,PL_Comms_C1.csv,A-35,7.211102551,95.0,wallpath_residual_extra,81.33481454690835,-13.665185453091652,13.665185453091652,random,22,random
PL_Comms_C2.csv::F-32,Comms,C2,PL_Comms_C2.csv,F-32,3.387657745,78.0,wallpath_residual_extra,77.53338354143573,-0.4666164585642747,0.4666164585642747,random,22,random
PL_Library_C1.csv::Q-4,Library,C1,PL_Library_C1.csv,Q-4,16.7604,78.0,wallpath_residual_extra,82.54329114079931,4.543291140799312,4.543291140799312,random,22,random
PL_Library_C1.csv::N-20,Library,C1,PL_Library_C1.csv,N-20,5.42,68.0,wallpath_residual_extra,70.78515567724818,2.7851556772481842,2.7851556772481842,random,22,random
PL_Comms_C2.csv::D-34,Comms,C2,PL_Comms_C2.csv,D-34,5.241776893,86.0,wallpath_residual_extra,83.08100934627443,-2.9189906537255723,2.9189906537255723,random,22,random
PL_Comms_C2.csv::I-53,Comms,C2,PL_Comms_C2.csv,I-53,24.36136747,112.0,wallpath_residual_extra,104.78513007052183,-7.214869929478169,7.214869929478169,random,22,random
PL_Library_C1.csv::G-11,Library,C1,PL_Library_C1.csv,G-11,11.6562,78.0,wallpath_residual_extra,80.3176065207482,2.3176065207481997,2.3176065207481997,random,22,random
PL_Library_C2.csv::H-11,Library,C2,PL_Library_C2.csv,H-11,10.65240583,91.0,wallpath_residual_extra,76.08840681916517,-14.911593180834828,14.911593180834828,random,22,random
PL_Library_C1.csv::P-8,Library,C1,PL_Library_C1.csv,P-8,11.1736,74.0,wallpath_residual_extra,73.76581768600083,-0.23418231399917033,0.23418231399917033,random,22,random
PL_Comms_C2.csv::A-28,Comms,C2,PL_Comms_C2.csv,A-28,4.298397957,65.0,wallpath_residual_extra,76.41956916800659,11.41956916800659,11.41956916800659,random,22,random
PL_Comms_C2.csv::C-52,Comms,C2,PL_Comms_C2.csv,C-52,23.11874186,122.0,wallpath_residual_extra,110.78962098766252,-11.210379012337484,11.210379012337484,random,22,random
PL_SSE_C1.csv::N-2,SSE,C1,PL_SSE_C1.csv,N-2,8.0,67.0,wallpath_residual_extra,75.58316393972696,8.583163939726958,8.583163939726958,random,22,random
PL_Comms_C2.csv::B-22,Comms,C2,PL_Comms_C2.csv,B-22,7.712083052,83.0,wallpath_residual_extra,87.24479008533027,4.244790085330266,4.244790085330266,random,22,random
PL_Comms_C2.csv::G-5,Comms,C2,PL_Comms_C2.csv,G-5,24.11381813,90.0,wallpath_residual_rf,98.44206194916251,8.442061949162508,8.442061949162508,random,22,random
PL_Comms_C1.csv::F-21,Comms,C1,PL_Comms_C1.csv,F-21,8.062257748,74.0,wallpath_residual_rf,87.98494132579638,13.984941325796385,13.984941325796385,random,22,random
PL_SSE_C1.csv::D-7,SSE,C1,PL_SSE_C1.csv,D-7,10.44030651,101.0,wallpath_residual_rf,93.22018269865427,-7.77981730134573,7.77981730134573,random,22,random
PL_Comms_C2.csv::K-3,Comms,C2,PL_Comms_C2.csv,K-3,26.71097574,106.0,wallpath_residual_rf,111.9889035605833,5.988903560583296,5.988903560583296,random,22,random
PL_Comms_C2.csv::E-31,Comms,C2,PL_Comms_C2.csv,E-31,2.340133543,88.0,wallpath_residual_rf,73.94879880023922,-14.051201199760783,14.051201199760783,random,22,random
PL_Comms_C1.csv::H-55,Comms,C1,PL_Comms_C1.csv,H-55,26.17250466,98.0,wallpath_residual_rf,98.8935516553101,0.8935516553101053,0.8935516553101053,random,22,random
PL_Comms_C2.csv::C-56,Comms,C2,PL_Comms_C2.csv,C-56,27.10122184,118.0,wallpath_residual_rf,111.48744644409692,-6.512553555903082,6.512553555903082,random,22,random
PL_Library_C1.csv::G-12,Library,C1,PL_Library_C1.csv,G-12,10.9244,74.0,wallpath_residual_rf,75.00057635554316,1.00057635554316,1.00057635554316,random,22,random
PL_Comms_C2.csv::D-44,Comms,C2,PL_Comms_C2.csv,D-44,15.08231497,101.0,wallpath_residual_rf,95.67851535601154,-5.321484643988455,5.321484643988455,random,22,random
PL_SSE_C1.csv::K-5,SSE,C1,PL_SSE_C1.csv,K-5,5.830951895,80.0,wallpath_residual_rf,74.7509380784303,-5.249061921569705,5.249061921569705,random,22,random
PL_Comms_C1.csv::H-27,Comms,C1,PL_Comms_C1.csv,H-27,3.605551275,70.0,wallpath_residual_rf,69.19948727028411,-0.8005127297158907,0.8005127297158907,random,22,random
PL_Library_C1.csv::J-8,Library,C1,PL_Library_C1.csv,J-8,12.1195,78.0,wallpath_residual_rf,72.43182745997062,-5.56817254002938,5.56817254002938,random,22,random
PL_Library_C2.csv::W-19,Library,C2,PL_Library_C2.csv,W-19,12.91195086,86.0,wallpath_residual_rf,79.42728112762067,-6.572718872379326,6.572718872379326,random,22,random
PL_Library_C1.csv::P-17,Library,C1,PL_Library_C1.csv,P-17,3.0299,67.0,wallpath_residual_rf,67.09763210654069,0.09763210654068644,0.09763210654068644,random,22,random
PL_Comms_C1.csv::O-36,Comms,C1,PL_Comms_C1.csv,O-36,12.20655562,91.0,wallpath_residual_rf,94.25291450305328,3.252914503053276,3.252914503053276,random,22,random
PL_Comms_C2.csv::H-50,Comms,C2,PL_Comms_C2.csv,H-50,21.2479699,99.0,wallpath_residual_rf,103.30832164802119,4.308321648021192,4.308321648021192,random,22,random
PL_Comms_C2.csv::A-18,Comms,C2,PL_Comms_C2.csv,A-18,11.76759215,96.0,wallpath_residual_rf,94.47678688982543,-1.5232131101745665,1.5232131101745665,random,22,random
PL_Comms_C2.csv::K-50,Comms,C2,PL_Comms_C2.csv,K-50,21.87409941,107.0,wallpath_residual_rf,97.93196345335298,-9.068036546647022,9.068036546647022,random,22,random
PL_Library_C1.csv::P-23,Library,C1,PL_Library_C1.csv,P-23,9.8645,65.0,wallpath_residual_rf,77.68919923098856,12.689199230988564,12.689199230988564,random,22,random
PL_Library_C1.csv::T-12,Library,C1,PL_Library_C1.csv,T-12,9.771,75.0,wallpath_residual_rf,76.75471298312229,1.754712983122289,1.754712983122289,random,22,random
PL_Library_C1.csv::V-14,Library,C1,PL_Library_C1.csv,V-14,11.1736,80.0,wallpath_residual_rf,76.34613128350047,-3.653868716499531,3.653868716499531,random,22,random
PL_Library_C1.csv::O-9,Library,C1,PL_Library_C1.csv,O-9,9.5813,64.0,wallpath_residual_rf,76.67777818640198,12.67777818640198,12.67777818640198,random,22,random
PL_Comms_C1.csv::L-21,Comms,C1,PL_Comms_C1.csv,L-21,10.63014581,95.0,wallpath_residual_rf,86.03588513452908,-8.964114865470918,8.964114865470918,random,22,random
PL_Comms_C1.csv::M-23,Comms,C1,PL_Comms_C1.csv,M-23,10.0,98.0,wallpath_residual_rf,86.37449028805189,-11.625509711948112,11.625509711948112,random,22,random
PL_Comms_C1.csv::H-3,Comms,C1,PL_Comms_C1.csv,H-3,26.17250466,99.0,wallpath_residual_rf,97.99627378591975,-1.0037262140802454,1.0037262140802454,random,22,random
PL_Comms_C1.csv::J-25,Comms,C1,PL_Comms_C1.csv,J-25,6.403124237,80.0,wallpath_residual_rf,84.002994328921,4.002994328921005,4.002994328921005,random,22,random
PL_Comms_C1.csv::P-17,Comms,C1,PL_Comms_C1.csv,P-17,16.2788206,82.0,wallpath_residual_rf,90.23948065581263,8.239480655812628,8.239480655812628,random,22,random
PL_Library_C1.csv::F-3,Library,C1,PL_Library_C1.csv,F-3,20.6832,84.0,wallpath_residual_rf,76.66329040633426,-7.336709593665745,7.336709593665745,random,22,random
PL_Comms_C1.csv::K-44,Comms,C1,PL_Comms_C1.csv,K-44,16.15549442,97.0,wallpath_residual_rf,104.89715811857758,7.897158118577579,7.897158118577579,random,22,random
PL_Comms_C1.csv::D-40,Comms,C1,PL_Comms_C1.csv,D-40,11.04536102,87.0,wallpath_residual_rf,90.96515326899872,3.9651532689987192,3.9651532689987192,random,22,random
PL_Comms_C2.csv::C-20,Comms,C2,PL_Comms_C2.csv,C-20,9.299259379,89.0,wallpath_residual_rf,86.02059861572167,-2.979401384278333,2.979401384278333,random,22,random
PL_Comms_C1.csv::G-35,Comms,C1,PL_Comms_C1.csv,G-35,6.32455532,78.0,wallpath_residual_rf,84.53269201071693,6.532692010716929,6.532692010716929,random,22,random
PL_Comms_C2.csv::P-57,Comms,C2,PL_Comms_C2.csv,P-57,30.10774361,119.0,wallpath_residual_rf,123.45082624011134,4.45082624011134,4.45082624011134,random,22,random
PL_Comms_C2.csv::A-3,Comms,C2,PL_Comms_C2.csv,A-3,26.33393675,122.0,wallpath_residual_rf,115.20503940703445,-6.794960592965552,6.794960592965552,random,22,random
PL_Comms_C2.csv::B-43,Comms,C2,PL_Comms_C2.csv,B-43,14.3692806,92.0,wallpath_residual_rf,97.69933933165916,5.699339331659161,5.699339331659161,random,22,random
PL_Library_C1.csv::I-12,Library,C1,PL_Library_C1.csv,I-12,8.6762,84.0,wallpath_residual_rf,81.82050590471889,-2.1794940952811146,2.1794940952811146,random,22,random
PL_Comms_C1.csv::A-15,Comms,C1,PL_Comms_C1.csv,A-15,14.56021978,90.0,wallpath_residual_rf,94.28813403854976,4.288134038549757,4.288134038549757,random,22,random
PL_Comms_C2.csv::A-52,Comms,C2,PL_Comms_C2.csv,A-52,23.37683094,122.0,wallpath_residual_rf,112.58163868520448,-9.418361314795519,9.418361314795519,random,22,random
PL_Comms_C1.csv::A-4,Comms,C1,PL_Comms_C1.csv,A-4,25.3179778,118.0,wallpath_residual_rf,112.44880050554775,-5.5511994944522485,5.5511994944522485,random,22,random
PL_Library_C1.csv::J-9,Library,C1,PL_Library_C1.csv,J-9,10.9244,86.0,wallpath_residual_rf,77.81259387414708,-8.187406125852917,8.187406125852917,random,22,random
PL_Library_C1.csv::V-11,Library,C1,PL_Library_C1.csv,V-11,12.783,74.0,wallpath_residual_rf,83.729898410094,9.729898410093995,9.729898410093995,random,22,random
PL_Comms_C1.csv::F-38,Comms,C1,PL_Comms_C1.csv,F-38,9.055385138,81.0,wallpath_residual_rf,89.17821367609197,8.178213676091971,8.178213676091971,random,22,random
PL_Library_C1.csv::Q-11,Library,C1,PL_Library_C1.csv,Q-11,7.9009,72.0,wallpath_residual_rf,70.72166036089239,-1.2783396391076138,1.2783396391076138,random,22,random
PL_Comms_C1.csv::J-10,Comms,C1,PL_Comms_C1.csv,J-10,19.6468827,102.0,wallpath_residual_rf,99.53148258258062,-2.4685174174193776,2.4685174174193776,random,22,random
PL_Library_C2.csv::E-3,Library,C2,PL_Library_C2.csv,E-3,21.4588554,83.0,wallpath_residual_rf,91.9275362364552,8.927536236455197,8.927536236455197,random,22,random
PL_Library_C1.csv::W-20,Library,C1,PL_Library_C1.csv,W-20,13.3452,72.0,wallpath_residual_rf,79.98503194059684,7.985031940596841,7.985031940596841,random,22,random
PL_Comms_C1.csv::C-20,Comms,C1,PL_Comms_C1.csv,C-20,9.219544457,88.0,wallpath_residual_rf,86.38492217461696,-1.6150778253830396,1.6150778253830396,random,22,random
PL_SSE_C2.csv::I-5,SSE,C2,PL_SSE_C2.csv,I-5,7.174693373,85.0,wallpath_residual_rf,83.89298500478924,-1.1070149952107613,1.1070149952107613,random,22,random
PL_Comms_C1.csv::I-55,Comms,C1,PL_Comms_C1.csv,I-55,26.30589288,107.0,wallpath_residual_rf,102.292294104902,-4.707705895098002,4.707705895098002,random,22,random
PL_Comms_C1.csv::N-17,Comms,C1,PL_Comms_C1.csv,N-17,15.0,97.0,wallpath_residual_rf,88.07176257608829,-8.92823742391171,8.92823742391171,random,22,random
PL_SSE_C2.csv::K-7,SSE,C2,PL_SSE_C2.csv,K-7,4.413187623,80.0,wallpath_residual_rf,71.45520683001303,-8.544793169986974,8.544793169986974,random,22,random
PL_Comms_C1.csv::F-51,Comms,C1,PL_Comms_C1.csv,F-51,22.02271555,94.0,wallpath_residual_rf,103.63080151333757,9.630801513337573,9.630801513337573,random,22,random
PL_Comms_C1.csv::L-31,Comms,C1,PL_Comms_C1.csv,L-31,7.280109889,85.0,wallpath_residual_rf,90.17875118949046,5.178751189490455,5.178751189490455,random,22,random
PL_Comms_C1.csv::H-20,Comms,C1,PL_Comms_C1.csv,H-20,9.486832981,83.0,wallpath_residual_rf,80.28102278612445,-2.7189772138755472,2.7189772138755472,random,22,random
PL_Library_C1.csv::L-23,Library,C1,PL_Library_C1.csv,L-23,9.8645,83.0,wallpath_residual_rf,79.93067237280097,-3.06932762719903,3.06932762719903,random,22,random
PL_Comms_C2.csv::B-17,Comms,C2,PL_Comms_C2.csv,B-17,12.42884649,99.0,wallpath_residual_rf,95.0442137574297,-3.955786242570298,3.955786242570298,random,22,random
PL_Comms_C2.csv::C-16,Comms,C2,PL_Comms_C2.csv,C-16,13.20894489,99.0,wallpath_residual_rf,96.17245571316582,-2.8275442868341827,2.8275442868341827,random,22,random
PL_Comms_C2.csv::F-28,Comms,C2,PL_Comms_C2.csv,F-28,1.86446373,77.0,wallpath_residual_rf,72.9561938092206,-4.0438061907794065,4.0438061907794065,random,22,random
PL_Comms_C2.csv::B-14,Comms,C2,PL_Comms_C2.csv,B-14,15.3452346,100.0,wallpath_residual_rf,95.9894214455525,-4.010578554447505,4.010578554447505,random,22,random
PL_Comms_C2.csv::G-16,Comms,C2,PL_Comms_C2.csv,G-16,13.20894489,92.0,wallpath_residual_rf,90.09167487472055,-1.9083251252794469,1.9083251252794469,random,22,random
PL_Comms_C2.csv::G-4,Comms,C2,PL_Comms_C2.csv,G-4,25.10928563,92.0,wallpath_residual_rf,100.16536238175402,8.165362381754022,8.165362381754022,random,22,random
PL_Comms_C1.csv::K-29,Comms,C1,PL_Comms_C1.csv,K-29,6.0,75.0,wallpath_residual_rf,76.29097494733507,1.290974947335073,1.290974947335073,random,22,random
PL_Comms_C1.csv::B-42,Comms,C1,PL_Comms_C1.csv,B-42,13.34166406,98.0,wallpath_residual_rf,96.71902067508795,-1.2809793249120531,1.2809793249120531,random,22,random
PL_Comms_C1.csv::M-29,Comms,C1,PL_Comms_C1.csv,M-29,8.0,78.0,wallpath_residual_rf,83.33587398498001,5.335873984980012,5.335873984980012,random,22,random
PL_Comms_C1.csv::D-50,Comms,C1,PL_Comms_C1.csv,D-50,21.02379604,110.0,wallpath_residual_rf,104.81298707917554,-5.187012920824458,5.187012920824458,random,22,random
PL_Comms_C2.csv::D-22,Comms,C2,PL_Comms_C2.csv,D-22,7.174693373,92.0,wallpath_residual_rf,84.72719633784685,-7.2728036621531515,7.2728036621531515,random,22,random
PL_Comms_C1.csv::O-54,Comms,C1,PL_Comms_C1.csv,O-54,26.92582404,111.0,wallpath_residual_rf,107.84093020055485,-3.159069799445149,3.159069799445149,random,22,random
PL_Comms_C2.csv::K-40,Comms,C2,PL_Comms_C2.csv,K-40,12.58873405,98.0,wallpath_residual_rf,97.96496916545483,-0.03503083454516798,0.03503083454516798,random,22,random
PL_Comms_C2.csv::G-7,Comms,C2,PL_Comms_C2.csv,G-7,22.12410959,92.0,wallpath_residual_rf,99.13332867674058,7.133328676740575,7.133328676740575,random,22,random
PL_Comms_C2.csv::H-3,Comms,C2,PL_Comms_C2.csv,H-3,26.20069131,104.0,wallpath_residual_rf,98.07144668689783,-5.928553313102171,5.928553313102171,random,22,random
PL_Comms_C1.csv::I-24,Comms,C1,PL_Comms_C1.csv,I-24,6.403124237,80.0,wallpath_residual_rf,79.24771705154079,-0.7522829484592108,0.7522829484592108,random,22,random
PL_Library_C2.csv::N-21,Library,C2,PL_Library_C2.csv,N-21,6.883084338,71.0,wallpath_residual_rf,74.43796361582523,3.4379636158252254,3.4379636158252254,random,22,random
PL_Comms_C2.csv::O-24,Comms,C2,PL_Comms_C2.csv,O-24,11.2461649,95.0,wallpath_residual_rf,90.28126679541445,-4.718733204585547,4.718733204585547,random,22,random
PL_Library_C1.csv::E-7,Library,C1,PL_Library_C1.csv,E-7,17.2463,79.0,wallpath_residual_rf,81.31915442134351,2.3191544213435122,2.3191544213435122,random,22,random
PL_Comms_C2.csv::G-52,Comms,C2,PL_Comms_C2.csv,G-52,23.11874186,91.0,wallpath_residual_rf,94.08566347331785,3.085663473317851,3.085663473317851,random,22,random
PL_Comms_C1.csv::L-48,Comms,C1,PL_Comms_C1.csv,L-48,20.24845673,112.0,wallpath_residual_rf,108.45598928640158,-3.544010713598425,3.544010713598425,random,22,random
PL_Comms_C1.csv::H-56,Comms,C1,PL_Comms_C1.csv,H-56,27.16615541,91.0,wallpath_residual_rf,102.30638115868253,11.306381158682527,11.306381158682527,random,22,random
PL_Comms_C1.csv::H-26,Comms,C1,PL_Comms_C1.csv,H-26,4.242640687,68.0,wallpath_residual_rf,71.95430332559998,3.95430332559998,3.95430332559998,random,22,random
PL_SSE_C2.csv::N-8,SSE,C2,PL_SSE_C2.csv,N-8,2.340133543,66.0,wallpath_residual_rf,72.56518455656212,6.565184556562116,6.565184556562116,random,22,random
PL_Comms_C1.csv::E-39,Comms,C1,PL_Comms_C1.csv,E-39,10.0,96.0,wallpath_residual_rf,89.57481296130398,-6.4251870386960235,6.4251870386960235,random,22,random
PL_Comms_C2.csv::P-37,Comms,C2,PL_Comms_C2.csv,P-37,13.65562979,92.0,wallpath_residual_rf,96.70124813985424,4.701248139854243,4.701248139854243,random,22,random
PL_Comms_C2.csv::C-48,Comms,C2,PL_Comms_C2.csv,C-48,19.14356876,109.0,wallpath_residual_rf,104.96927307472916,-4.030726925270841,4.030726925270841,random,22,random
PL_Comms_C2.csv::E-43,Comms,C2,PL_Comms_C2.csv,E-43,14.05262342,105.0,wallpath_residual_rf,98.83902171221635,-6.160978287783649,6.160978287783649,random,22,random
PL_Library_C1.csv::R-12,Library,C1,PL_Library_C1.csv,R-12,7.665,75.0,wallpath_residual_rf,69.98049548766326,-5.019504512336738,5.019504512336738,random,22,random
PL_Comms_C2.csv::O-56,Comms,C2,PL_Comms_C2.csv,O-56,28.8179844,122.0,wallpath_residual_rf,122.15008255381615,0.15008255381614788,0.15008255381614788,random,22,random
PL_Comms_C2.csv::H-45,Comms,C2,PL_Comms_C2.csv,H-45,16.32409952,86.0,wallpath_residual_rf,90.533838678118,4.533838678118002,4.533838678118002,random,22,random
PL_Comms_C1.csv::J-46,Comms,C1,PL_Comms_C1.csv,J-46,17.72004515,105.0,wallpath_residual_rf,107.50921181596215,2.5092118159621464,2.5092118159621464,random,22,random
PL_Comms_C2.csv::E-6,Comms,C2,PL_Comms_C2.csv,E-6,23.03206949,109.0,wallpath_residual_rf,113.32271385224266,4.322713852242657,4.322713852242657,random,22,random
PL_Library_C1.csv::V-20,Library,C1,PL_Library_C1.csv,V-20,12.1195,73.0,wallpath_residual_rf,72.21709501732377,-0.7829049826762287,0.7829049826762287,random,22,random
PL_Library_C2.csv::N-27,Library,C2,PL_Library_C2.csv,N-27,14.95443914,81.0,wallpath_residual_rf,82.67989000800236,1.67989000800236,1.67989000800236,random,22,random
PL_SSE_C2.csv::L-8,SSE,C2,PL_SSE_C2.csv,L-8,3.078347771,73.0,wallpath_residual_rf,75.111251566393,2.111251566392994,2.111251566392994,random,22,random
PL_Comms_C2.csv::A-25,Comms,C2,PL_Comms_C2.csv,A-25,5.78586424,82.0,wallpath_residual_rf,79.78734390615205,-2.2126560938479543,2.2126560938479543,random,22,random
PL_SSE_C1.csv::N-5,SSE,C1,PL_SSE_C1.csv,N-5,5.0,72.0,wallpath_residual_rf,72.36929355558871,0.3692935555887118,0.3692935555887118,random,22,random
PL_Comms_C1.csv::I-29,Comms,C1,PL_Comms_C1.csv,I-29,4.0,68.0,wallpath_residual_rf,74.38941187913115,6.389411879131146,6.389411879131146,random,22,random
PL_Comms_C1.csv::H-30,Comms,C1,PL_Comms_C1.csv,H-30,3.16227766,85.0,wallpath_residual_rf,68.74453759293262,-16.255462407067384,16.255462407067384,random,22,random
PL_Comms_C2.csv::J-39,Comms,C2,PL_Comms_C2.csv,J-39,11.2461649,95.0,wallpath_residual_rf,98.24948638467254,3.2494863846725366,3.2494863846725366,random,22,random
PL_Library_C1.csv::P-9,Library,C1,PL_Library_C1.csv,P-9,9.8645,73.0,wallpath_residual_rf,72.77582714670363,-0.22417285329636627,0.22417285329636627,random,22,random
PL_Library_C2.csv::P-8,Library,C2,PL_Library_C2.csv,P-8,11.23948064,76.0,wallpath_residual_rf,74.49379682924604,-1.5062031707539631,1.5062031707539631,random,22,random
PL_Library_C1.csv::E-2,Library,C1,PL_Library_C1.csv,E-2,22.5517,75.0,wallpath_residual_rf,81.77152328387368,6.771523283873677,6.771523283873677,random,22,random
PL_SSE_C2.csv::C-4,SSE,C2,PL_SSE_C2.csv,C-4,12.58873405,96.0,wallpath_residual_rf,101.33598404734099,5.335984047340986,5.335984047340986,random,22,random
PL_Library_C2.csv::F-15,Library,C2,PL_Library_C2.csv,F-15,10.99171734,78.0,wallpath_residual_rf,72.99228552657972,-5.007714473420279,5.007714473420279,random,22,random
PL_Comms_C2.csv::L-25,Comms,C2,PL_Comms_C2.csv,L-25,8.153295346,93.0,wallpath_residual_rf,86.43771902310692,-6.562280976893078,6.562280976893078,random,22,random
PL_Comms_C2.csv::J-10,Comms,C2,PL_Comms_C2.csv,J-10,19.68441579,111.0,wallpath_residual_rf,110.7009343286705,-0.299065671329501,0.299065671329501,random,22,random
PL_Library_C2.csv::P-14,Library,C2,PL_Library_C2.csv,P-14,4.020500591,68.0,wallpath_residual_rf,72.60800502297427,4.608005022974268,4.608005022974268,random,22,random
PL_Comms_C2.csv::E-25,Comms,C2,PL_Comms_C2.csv,E-25,4.180457511,78.0,wallpath_residual_rf,80.9038197932164,2.9038197932163996,2.9038197932163996,random,22,random
PL_Comms_C1.csv::H-9,Comms,C1,PL_Comms_C1.csv,H-9,20.22374842,93.0,wallpath_residual_rf,94.75117668907603,1.7511766890760327,1.7511766890760327,random,22,random
PL_Comms_C2.csv::K-19,Comms,C2,PL_Comms_C2.csv,K-19,11.72502559,88.0,wallpath_residual_rf,89.51603042401766,1.5160304240176572,1.5160304240176572,random,22,random
PL_Comms_C1.csv::N-24,Comms,C1,PL_Comms_C1.csv,N-24,10.29563014,90.0,wallpath_residual_rf,87.71661608554568,-2.283383914454319,2.283383914454319,random,22,random
PL_Comms_C1.csv::E-3,Comms,C1,PL_Comms_C1.csv,E-3,26.0,108.0,wallpath_residual_rf,113.68002002111795,5.680020021117954,5.680020021117954,random,22,random
PL_Comms_C2.csv::C-27,Comms,C2,PL_Comms_C2.csv,C-27,3.078347771,66.0,wallpath_residual_rf,74.56412407953421,8.56412407953421,8.56412407953421,random,22,random
PL_Comms_C2.csv::C-32,Comms,C2,PL_Comms_C2.csv,C-32,3.804763462,74.0,wallpath_residual_rf,76.06121490232383,2.061214902323826,2.061214902323826,random,22,random
PL_Comms_C1.csv::M-52,Comms,C1,PL_Comms_C1.csv,M-52,24.35159132,108.0,wallpath_residual_rf,110.72537462759459,2.72537462759459,2.72537462759459,random,22,random
PL_Comms_C2.csv::E-22,Comms,C2,PL_Comms_C2.csv,E-22,7.104662202,82.0,wallpath_residual_rf,84.16708196146074,2.167081961460738,2.167081961460738,random,22,random
PL_Library_C2.csv::X-20,Library,C2,PL_Library_C2.csv,X-20,14.64428643,81.0,wallpath_residual_rf,82.8684732603345,1.868473260334497,1.868473260334497,random,22,random
PL_Comms_C1.csv::A-45,Comms,C1,PL_Comms_C1.csv,A-45,16.4924225,105.0,wallpath_residual_rf,106.28783004224435,1.2878300422443516,1.2878300422443516,random,22,random
PL_Comms_C1.csv::G-8,Comms,C1,PL_Comms_C1.csv,G-8,21.09502311,89.0,wallpath_residual_rf,104.65664517219813,15.656645172198125,15.656645172198125,random,22,random
PL_Comms_C1.csv::J-57,Comms,C1,PL_Comms_C1.csv,J-57,28.44292531,113.0,wallpath_residual_rf,106.8127875891977,-6.187212410802303,6.187212410802303,random,22,random
PL_Library_C2.csv::N-24,Library,C2,PL_Library_C2.csv,N-24,10.90787903,82.0,wallpath_residual_rf,78.91246691936581,-3.087533080634188,3.087533080634188,random,22,random
PL_Comms_C1.csv::M-24,Comms,C1,PL_Comms_C1.csv,M-24,9.433981132,98.0,wallpath_residual_rf,86.54329492270614,-11.456705077293861,11.456705077293861,random,22,random
PL_Comms_C2.csv::A-50,Comms,C2,PL_Comms_C2.csv,A-50,21.41205793,115.0,wallpath_residual_rf,113.71822694810118,-1.2817730518988242,1.2817730518988242,random,22,random
PL_Comms_C1.csv::O-43,Comms,C1,PL_Comms_C1.csv,O-43,17.20465053,109.0,wallpath_residual_rf,104.75941777960257,-4.240582220397428,4.240582220397428,random,22,random
PL_SSE_C2.csv::E-8,SSE,C2,PL_SSE_C2.csv,E-8,9.299259379,82.0,wallpath_residual_rf,88.1314746443517,6.131474644351698,6.131474644351698,random,22,random
PL_Comms_C2.csv::I-21,Comms,C2,PL_Comms_C2.csv,I-21,9.026418171,95.0,wallpath_residual_rf,88.23548130421652,-6.7645186957834795,6.7645186957834795,random,22,random
PL_Comms_C2.csv::A-56,Comms,C2,PL_Comms_C2.csv,A-56,27.32171709,111.0,wallpath_residual_rf,119.15117357374982,8.151173573749816,8.151173573749816,random,22,random
PL_Library_C1.csv::A-4,Library,C1,PL_Library_C1.csv,A-4,23.9724,83.0,wallpath_residual_rf,81.20682700850402,-1.7931729914959789,1.7931729914959789,random,22,random
PL_Comms_C1.csv::J-22,Comms,C1,PL_Comms_C1.csv,J-22,8.602325267,78.0,wallpath_residual_rf,82.7554773103999,4.755477310399897,4.755477310399897,random,22,random
PL_Library_C1.csv::X-18,Library,C1,PL_Library_C1.csv,X-18,13.8183,69.0,wallpath_residual_rf,77.66338872553992,8.663388725539917,8.663388725539917,random,22,random
PL_SSE_C1.csv::M-2,SSE,C1,PL_SSE_C1.csv,M-2,8.062257748,73.0,wallpath_residual_rf,76.7298934540059,3.7298934540059037,3.7298934540059037,random,22,random
PL_Comms_C1.csv::K-36,Comms,C1,PL_Comms_C1.csv,K-36,9.219544457,86.0,wallpath_residual_rf,85.91184413980578,-0.08815586019422028,0.08815586019422028,random,22,random
PL_SSE_C1.csv::B-6,SSE,C1,PL_SSE_C1.csv,B-6,12.64911064,93.0,wallpath_residual_rf,92.89771795783395,-0.10228204216605263,0.10228204216605263,random,22,random
PL_SSE_C2.csv::I-1,SSE,C2,PL_SSE_C2.csv,I-1,10.36707408,86.0,wallpath_residual_rf,87.83132124613473,1.8313212461347348,1.8313212461347348,random,22,random
PL_Comms_C1.csv::N-51,Comms,C1,PL_Comms_C1.csv,N-51,23.76972865,120.0,wallpath_residual_rf,112.72698555872788,-7.2730144412721245,7.2730144412721245,random,22,random
PL_Library_C2.csv::V-20,Library,C2,PL_Library_C2.csv,V-20,12.18023912,80.0,wallpath_residual_rf,78.57966098984758,-1.4203390101524178,1.4203390101524178,random,22,random
PL_Comms_C1.csv::I-52,Comms,C1,PL_Comms_C1.csv,I-52,23.34523506,113.0,wallpath_residual_rf,106.53935793067178,-6.460642069328216,6.460642069328216,random,22,random
PL_Library_C2.csv::N-14,Library,C2,PL_Library_C2.csv,N-14,2.969903197,64.0,wallpath_residual_rf,70.98030536445427,6.980305364454267,6.980305364454267,random,22,random
PL_Comms_C1.csv::G-57,Comms,C1,PL_Comms_C1.csv,G-57,28.0713377,96.0,wallpath_residual_rf,104.99324705293851,8.993247052938514,8.993247052938514,random,22,random
PL_Comms_C1.csv::H-49,Comms,C1,PL_Comms_C1.csv,H-49,20.22374842,97.0,wallpath_residual_rf,101.63827213673414,4.638272136734145,4.638272136734145,random,22,random
PL_Comms_C2.csv::C-38,Comms,C2,PL_Comms_C2.csv,C-38,9.299259379,85.0,wallpath_residual_rf,88.18546869702246,3.1854686970224577,3.1854686970224577,random,22,random
PL_Comms_C2.csv::E-51,Comms,C2,PL_Comms_C2.csv,E-51,22.03352502,106.0,wallpath_residual_rf,102.19927855111935,-3.800721448880651,3.800721448880651,random,22,random
PL_Comms_C2.csv::O-11,Comms,C2,PL_Comms_C2.csv,O-11,20.62707505,122.0,wallpath_residual_rf,115.13036584104947,-6.869634158950532,6.869634158950532,random,22,random
PL_Comms_C2.csv::G-34,Comms,C2,PL_Comms_C2.csv,G-34,5.520527602,86.0,wallpath_residual_rf,82.73461609683402,-3.265383903165983,3.265383903165983,random,22,random
PL_Comms_C2.csv::L-38,Comms,C2,PL_Comms_C2.csv,L-38,11.46630826,95.0,wallpath_residual_rf,97.23466741423175,2.234667414231751,2.234667414231751,random,22,random
PL_Library_C1.csv::D-7,Library,C1,PL_Library_C1.csv,D-7,18.2297,80.0,wallpath_residual_rf,85.58971239253215,5.5897123925321495,5.5897123925321495,random,22,random
PL_Library_C1.csv::T-13,Library,C1,PL_Library_C1.csv,T-13,9.0896,73.0,wallpath_residual_rf,71.79467351875842,-1.2053264812415847,1.2053264812415847,random,22,random
PL_Comms_C2.csv::N-55,Comms,C2,PL_Comms_C2.csv,N-55,27.54044707,120.0,wallpath_residual_rf,121.0354077211235,1.035407721123505,1.035407721123505,random,22,random
PL_Library_C1.csv::F-1,Library,C1,PL_Library_C1.csv,F-1,23.035,84.0,wallpath_residual_rf,81.91780814871879,-2.082191851281209,2.082191851281209,random,22,random
PL_Comms_C1.csv::E-27,Comms,C1,PL_Comms_C1.csv,E-27,2.0,57.0,wallpath_residual_rf,60.13857490637802,3.138574906378018,3.138574906378018,random,22,random
PL_Comms_C1.csv::G-50,Comms,C1,PL_Comms_C1.csv,G-50,21.09502311,90.0,wallpath_residual_rf,104.65664517219813,14.656645172198125,14.656645172198125,random,22,random
PL_Comms_C1.csv::F-30,Comms,C1,PL_Comms_C1.csv,F-30,1.414213562,68.0,wallpath_residual_rf,65.4324600374453,-2.5675399625547044,2.5675399625547044,random,22,random
PL_Comms_C1.csv::O-57,Comms,C1,PL_Comms_C1.csv,O-57,29.73213749,115.0,wallpath_residual_rf,113.91920484661243,-1.0807951533875695,1.0807951533875695,random,22,random
PL_Library_C1.csv::D-4,Library,C1,PL_Library_C1.csv,D-4,21.1658,85.0,wallpath_residual_rf,81.38792203465721,-3.6120779653427917,3.6120779653427917,random,22,random
PL_Comms_C1.csv::G-23,Comms,C1,PL_Comms_C1.csv,G-23,6.32455532,68.0,wallpath_residual_rf,79.3899013549436,11.389901354943603,11.389901354943603,random,22,random
PL_SSE_C1.csv::H-1,SSE,C1,PL_SSE_C1.csv,H-1,10.81665383,89.0,wallpath_residual_rf,90.78953838192753,1.7895383819275281,1.7895383819275281,random,22,random
PL_Comms_C1.csv::A-29,Comms,C1,PL_Comms_C1.csv,A-29,4.0,67.0,wallpath_residual_rf,67.85933912558176,0.8593391255817551,0.8593391255817551,random,22,random
PL_Comms_C2.csv::H-34,Comms,C2,PL_Comms_C2.csv,H-34,5.956192156,78.0,wallpath_residual_rf,85.52541157308858,7.525411573088576,7.525411573088576,random,22,random
PL_SSE_C2.csv::F-3,SSE,C2,PL_SSE_C2.csv,F-3,10.69935629,84.0,wallpath_residual_rf,83.47849448598429,-0.5215055140157148,0.5215055140157148,random,22,random
PL_SSE_C2.csv::M-9,SSE,C2,PL_SSE_C2.csv,M-9,1.86446373,68.0,wallpath_residual_rf,69.61627949010679,1.6162794901067912,1.6162794901067912,random,22,random
PL_Comms_C1.csv::I-5,Comms,C1,PL_Comms_C1.csv,I-5,24.33105012,108.0,wallpath_residual_rf,96.44808433902794,-11.551915660972057,11.551915660972057,random,22,random
PL_Comms_C2.csv::C-39,Comms,C2,PL_Comms_C2.csv,C-39,10.27016188,85.0,wallpath_residual_rf,88.23777499211464,3.2377749921146375,3.2377749921146375,random,22,random
PL_Comms_C2.csv::C-22,Comms,C2,PL_Comms_C2.csv,C-22,7.380801108,86.0,wallpath_residual_rf,90.37886226437467,4.378862264374675,4.378862264374675,random,22,random
PL_Library_C2.csv::T-20,Library,C2,PL_Library_C2.csv,T-20,9.846294988,75.0,wallpath_residual_rf,76.70211873455774,1.702118734557743,1.702118734557743,random,22,random
PL_Comms_C1.csv::L-39,Comms,C1,PL_Comms_C1.csv,L-39,12.20655562,103.0,wallpath_residual_rf,95.59597496815114,-7.40402503184886,7.40402503184886,random,22,random
PL_SSE_C1.csv::M-10,SSE,C1,PL_SSE_C1.csv,M-10,1.0,53.0,wallpath_residual_rf,50.65719797798809,-2.3428020220119095,2.3428020220119095,random,22,random
PL_Comms_C1.csv::M-32,Comms,C1,PL_Comms_C1.csv,M-32,8.544003745,86.0,wallpath_residual_rf,87.74492739840294,1.744927398402936,1.744927398402936,random,22,random
PL_Library_C2.csv::G-15,Library,C2,PL_Library_C2.csv,G-15,9.658026455,79.0,wallpath_residual_rf,78.1975035974645,-0.8024964025354961,0.8024964025354961,random,22,random
PL_Comms_C1.csv::J-54,Comms,C1,PL_Comms_C1.csv,J-54,25.49509757,103.0,wallpath_residual_rf,105.7470965143845,2.747096514384495,2.747096514384495,random,22,random
PL_SSE_C1.csv::H-2,SSE,C1,PL_SSE_C1.csv,H-2,10.0,88.0,wallpath_residual_rf,89.84594187238837,1.8459418723883658,1.8459418723883658,random,22,random
PL_Comms_C1.csv::P-51,Comms,C1,PL_Comms_C1.csv,P-51,24.59674775,112.0,wallpath_residual_rf,109.79674646286787,-2.2032535371321273,2.2032535371321273,random,22,random
PL_Comms_C2.csv::G-8,Comms,C2,PL_Comms_C2.csv,G-8,21.12998403,89.0,wallpath_residual_rf,102.40392529294435,13.40392529294435,13.40392529294435,random,22,random
PL_Comms_C2.csv::C-31,Comms,C2,PL_Comms_C2.csv,C-31,3.078347771,73.0,wallpath_residual_rf,75.23048557378236,2.23048557378236,2.23048557378236,random,22,random
PL_Library_C2.csv::U-18,Library,C2,PL_Library_C2.csv,U-18,9.939092011,75.0,wallpath_residual_rf,76.19575478885992,1.1957547888599152,1.1957547888599152,random,22,random
PL_Comms_C2.csv::L-39,Comms,C2,PL_Comms_C2.csv,L-39,12.26687511,96.0,wallpath_residual_rf,99.93527352797342,3.935273527973422,3.935273527973422,random,22,random
PL_Comms_C2.csv::F-50,Comms,C2,PL_Comms_C2.csv,F-50,21.05887521,84.0,wallpath_residual_rf,105.40066390416816,21.400663904168155,21.400663904168155,random,22,random
PL_Library_C2.csv::A-8,Library,C2,PL_Library_C2.csv,A-8,20.71883322,90.0,wallpath_residual_rf,93.14369663002901,3.1436966300290123,3.1436966300290123,random,22,random
PL_Comms_C1.csv::M-35,Comms,C1,PL_Comms_C1.csv,M-35,10.0,87.0,wallpath_residual_rf,89.06647082843658,2.0664708284365787,2.0664708284365787,random,22,random
PL_Comms_C2.csv::C-45,Comms,C2,PL_Comms_C2.csv,C-45,16.1702265,108.0,wallpath_residual_rf,104.33034497490723,-3.6696550250927658,3.6696550250927658,random,22,random
PL_SSE_C1.csv::L-8,SSE,C1,PL_SSE_C1.csv,L-8,2.828427125,61.0,wallpath_residual_rf,64.30744007532294,3.307440075322944,3.307440075322944,random,22,random
PL_Comms_C2.csv::G-33,Comms,C2,PL_Comms_C2.csv,G-33,4.634244814,79.0,wallpath_residual_rf,79.829123214003,0.8291232140030047,0.8291232140030047,random,22,random
PL_Comms_C1.csv::A-18,Comms,C1,PL_Comms_C1.csv,A-18,11.70469991,90.0,wallpath_residual_rf,92.97621804424377,2.9762180442437653,2.9762180442437653,random,22,random
PL_SSE_C2.csv::F-6,SSE,C2,PL_SSE_C2.csv,F-6,9.026418171,96.0,wallpath_residual_rf,87.26012707831674,-8.739872921683258,8.739872921683258,random,22,random
PL_SSE_C1.csv::D-5,SSE,C1,PL_SSE_C1.csv,D-5,11.18033989,98.0,wallpath_residual_rf,91.93291143085764,-6.067088569142356,6.067088569142356,random,22,random
PL_Comms_C1.csv::D-38,Comms,C1,PL_Comms_C1.csv,D-38,9.055385138,92.0,wallpath_residual_rf,89.17821367609197,-2.8217863239080287,2.8217863239080287,random,22,random
PL_Comms_C2.csv::B-35,Comms,C2,PL_Comms_C2.csv,B-35,6.817347358,78.0,wallpath_residual_rf,84.03297198127419,6.032971981274187,6.032971981274187,random,22,random
PL_SSE_C1.csv::F-6,SSE,C1,PL_SSE_C1.csv,F-6,8.94427191,83.0,wallpath_residual_rf,81.29056272176875,-1.709437278231249,1.709437278231249,random,22,random
PL_Comms_C2.csv::L-13,Comms,C2,PL_Comms_C2.csv,L-13,17.50646238,116.0,wallpath_residual_rf,105.36000746390265,-10.639992536097353,10.639992536097353,random,22,random
PL_Comms_C2.csv::F-25,Comms,C2,PL_Comms_C2.csv,F-25,4.298397957,75.0,wallpath_residual_rf,80.35247665167847,5.352476651678472,5.352476651678472,random,22,random
PL_Library_C2.csv::Q-17,Library,C2,PL_Library_C2.csv,Q-17,4.45381578,62.0,wallpath_residual_rf,73.41570765019783,11.415707650197831,11.415707650197831,random,22,random
PL_Comms_C2.csv::F-36,Comms,C2,PL_Comms_C2.csv,F-36,7.174693373,86.0,wallpath_residual_rf,82.72617844447403,-3.27382155552597,3.27382155552597,random,22,random
PL_Comms_C1.csv::G-38,Comms,C1,PL_Comms_C1.csv,G-38,9.219544457,94.0,wallpath_residual_rf,86.38492217461696,-7.61507782538304,7.61507782538304,random,22,random
PL_Comms_C2.csv::P-17,Comms,C2,PL_Comms_C2.csv,P-17,16.32409952,94.0,wallpath_residual_rf,90.533838678118,-3.466161321881998,3.466161321881998,random,22,random
PL_Library_C1.csv::J-3,Library,C1,PL_Library_C1.csv,J-3,18.43,81.0,wallpath_residual_rf,84.70875911787466,3.7087591178746635,3.7087591178746635,random,22,random
PL_Comms_C1.csv::A-51,Comms,C1,PL_Comms_C1.csv,A-51,22.36067977,112.0,wallpath_residual_rf,109.3717103768769,-2.628289623123095,2.628289623123095,random,22,random
PL_SSE_C2.csv::E-4,SSE,C2,PL_SSE_C2.csv,E-4,10.88467845,95.0,wallpath_residual_rf,92.1208064590532,-2.879193540946801,2.879193540946801,random,22,random
PL_Library_C1.csv::I-10,Library,C1,PL_Library_C1.csv,I-10,10.5829,76.0,wallpath_residual_rf,78.04105207495728,2.0410520749572783,2.0410520749572783,random,22,random
PL_Comms_C1.csv::M-57,Comms,C1,PL_Comms_C1.csv,M-57,29.12043956,104.0,wallpath_residual_rf,104.61899809448936,0.6189980944893563,0.6189980944893563,random,22,random
PL_Comms_C2.csv::D-39,Comms,C2,PL_Comms_C2.csv,D-39,10.12305413,88.0,wallpath_residual_rf,90.26092527469244,2.2609252746924398,2.2609252746924398,random,22,random
PL_Comms_C2.csv::F-34,Comms,C2,PL_Comms_C2.csv,F-34,5.241776893,93.0,wallpath_residual_rf,80.68927208202672,-12.310727917973281,12.310727917973281,random,22,random
PL_Comms_C1.csv::B-13,Comms,C1,PL_Comms_C1.csv,B-13,16.2788206,94.0,wallpath_residual_rf,93.80818070109534,-0.19181929890466165,0.19181929890466165,random,22,random
PL_Comms_C1.csv::C-11,Comms,C1,PL_Comms_C1.csv,C-11,18.11077028,104.0,wallpath_residual_rf,100.20342025225258,-3.7965797477474155,3.7965797477474155,random,22,random
PL_Comms_C1.csv::B-17,Comms,C1,PL_Comms_C1.csv,B-17,12.36931688,91.0,wallpath_residual_rf,91.6944573865669,0.6944573865668957,0.6944573865668957,random,22,random
PL_Comms_C2.csv::N-42,Comms,C2,PL_Comms_C2.csv,N-42,15.85800192,102.0,wallpath_residual_rf,103.48896771467734,1.4889677146773437,1.4889677146773437,random,22,random
PL_Library_C1.csv::O-7,Library,C1,PL_Library_C1.csv,O-7,12.27,81.0,wallpath_residual_rf,78.35447023360776,-2.6455297663922437,2.6455297663922437,random,22,random
PL_Library_C2.csv::E-4,Library,C2,PL_Library_C2.csv,E-4,20.36128311,97.0,wallpath_residual_rf,93.09236125316835,-3.907638746831651,3.907638746831651,random,22,random
PL_Library_C2.csv::P-18,Library,C2,PL_Library_C2.csv,P-18,4.020500591,65.0,wallpath_residual_rf,71.49063460196882,6.4906346019688215,6.4906346019688215,random,22,random
PL_Comms_C1.csv::G-21,Comms,C1,PL_Comms_C1.csv,G-21,8.246211251,77.0,wallpath_residual_rf,85.27398957784413,8.273989577844134,8.273989577844134,random,22,random
PL_Library_C2.csv::C-14,Library,C2,PL_Library_C2.csv,C-14,15.1980048,96.0,wallpath_residual_rf,80.83135709256177,-15.168642907438226,15.168642907438226,random,22,random
PL_Comms_C2.csv::J-28,Comms,C2,PL_Comms_C2.csv,J-28,5.241776893,76.0,wallpath_residual_rf,80.68927208202672,4.689272082026719,4.689272082026719,random,22,random
PL_Library_C1.csv::J-11,Library,C1,PL_Library_C1.csv,J-11,8.6762,70.0,wallpath_residual_rf,73.11495386219092,3.114953862190916,3.114953862190916,random,22,random
PL_Comms_C2.csv::B-52,Comms,C2,PL_Comms_C2.csv,B-52,23.2266275,115.0,wallpath_residual_rf,111.18177355568531,-3.818226444314689,3.818226444314689,random,22,random
PL_Comms_C2.csv::E-24,Comms,C2,PL_Comms_C2.csv,E-24,5.14550532,71.0,wallpath_residual_rf,82.15975819014483,11.159758190144828,11.159758190144828,random,22,random
PL_Comms_C2.csv::C-41,Comms,C2,PL_Comms_C2.csv,C-41,12.22604699,98.0,wallpath_residual_rf,100.7565853165033,2.7565853165033047,2.7565853165033047,random,22,random
PL_Comms_C1.csv::I-20,Comms,C1,PL_Comms_C1.csv,I-20,9.848857802,92.0,wallpath_residual_rf,85.20090331702481,-6.79909668297519,6.79909668297519,random,22,random
PL_Comms_C2.csv::B-48,Comms,C2,PL_Comms_C2.csv,B-48,19.2737185,114.0,wallpath_residual_rf,109.67078123902864,-4.329218760971358,4.329218760971358,random,22,random
PL_Comms_C2.csv::H-52,Comms,C2,PL_Comms_C2.csv,H-52,23.2266275,90.0,wallpath_residual_rf,97.35000517320503,7.350005173205034,7.350005173205034,random,22,random
PL_Library_C2.csv::A-12,Library,C2,PL_Library_C2.csv,A-12,18.46999865,94.0,wallpath_residual_rf,86.47953637871082,-7.520463621289181,7.520463621289181,random,22,random
PL_SSE_C2.csv::D-9,SSE,C2,PL_SSE_C2.csv,D-9,10.12305413,92.0,wallpath_residual_rf,94.63351045189557,2.6335104518955745,2.6335104518955745,random,22,random
PL_Library_C2.csv::S-14,Library,C2,PL_Library_C2.csv,S-14,7.397361016,78.0,wallpath_residual_rf,74.41336708196903,-3.586632918030972,3.586632918030972,random,22,random
PL_Comms_C2.csv::F-17,Comms,C2,PL_Comms_C2.csv,F-17,12.10273626,83.0,wallpath_residual_rf,90.56239109914954,7.5623910991495364,7.5623910991495364,random,22,random
PL_Comms_C1.csv::E-24,Comms,C1,PL_Comms_C1.csv,E-24,5.0,67.0,wallpath_residual_rf,73.39566141795639,6.39566141795639,6.39566141795639,random,22,random
PL_Comms_C2.csv::A-16,Comms,C2,PL_Comms_C2.csv,A-16,13.65562979,103.0,wallpath_residual_rf,100.68688923289386,-2.3131107671061386,2.3131107671061386,random,22,random
PL_Comms_C2.csv::I-36,Comms,C2,PL_Comms_C2.csv,I-36,8.153295346,93.0,wallpath_residual_rf,86.43771902310692,-6.562280976893078,6.562280976893078,random,22,random
PL_Library_C2.csv::G-8,Library,C2,PL_Library_C2.csv,G-8,14.45500086,73.0,wallpath_residual_rf,80.59616627448484,7.596166274484844,7.596166274484844,random,22,random
PL_Comms_C1.csv::A-13,Comms,C1,PL_Comms_C1.csv,A-13,16.4924225,92.0,wallpath_residual_rf,97.13717281934325,5.137172819343249,5.137172819343249,random,22,random
PL_Comms_C2.csv::K-57,Comms,C2,PL_Comms_C2.csv,K-57,28.66140654,113.0,wallpath_residual_rf,111.09916198748817,-1.9008380125118265,1.9008380125118265,random,22,random
PL_Comms_C2.csv::D-43,Comms,C2,PL_Comms_C2.csv,D-43,14.08815904,98.0,wallpath_residual_rf,95.76071718479888,-2.239282815201122,2.239282815201122,random,22,random
PL_Comms_C1.csv::G-19,Comms,C1,PL_Comms_C1.csv,G-19,10.19803903,89.0,wallpath_residual_rf,84.87891917145853,-4.121080828541466,4.121080828541466,random,22,random
PL_Comms_C1.csv::E-47,Comms,C1,PL_Comms_C1.csv,E-47,18.0,114.0,wallpath_residual_rf,107.15643493134083,-6.843565068659174,6.843565068659174,random,22,random
PL_Comms_C2.csv::N-36,Comms,C2,PL_Comms_C2.csv,N-36,11.46630826,86.0,wallpath_residual_rf,93.97970670691045,7.979706706910449,7.979706706910449,random,22,random
PL_Library_C2.csv::J-6,Library,C2,PL_Library_C2.csv,J-6,14.64428643,96.0,wallpath_residual_rf,82.867184765461,-13.132815234538995,13.132815234538995,random,22,random
PL_Library_C2.csv::K-3,Library,C2,PL_Library_C2.csv,K-3,18.11873823,78.0,wallpath_residual_rf,87.92382349759902,9.923823497599017,9.923823497599017,random,22,random
PL_Comms_C1.csv::E-5,Comms,C1,PL_Comms_C1.csv,E-5,24.0,109.0,wallpath_residual_rf,114.10167970322179,5.101679703221791,5.101679703221791,random,22,random
PL_Comms_C2.csv::I-5,Comms,C2,PL_Comms_C2.csv,I-5,24.36136747,108.0,wallpath_residual_rf,95.37192542651546,-12.62807457348454,12.62807457348454,random,22,random
PL_Library_C2.csv::G-10,Library,C2,PL_Library_C2.csv,G-10,12.55142821,83.0,wallpath_residual_rf,82.25428893665887,-0.7457110633411332,0.7457110633411332,random,22,random
PL_Comms_C1.csv::C-49,Comms,C1,PL_Comms_C1.csv,C-49,20.09975124,106.0,wallpath_residual_rf,105.50611313876551,-0.4938868612344862,0.4938868612344862,random,22,random
PL_Library_C2.csv::H-4,Library,C2,PL_Library_C2.csv,H-4,18.21978938,93.0,wallpath_residual_rf,87.16353638019098,-5.836463619809024,5.836463619809024,random,22,random
PL_Comms_C1.csv::M-11,Comms,C1,PL_Comms_C1.csv,M-11,19.6977156,103.0,wallpath_residual_rf,99.54303738694253,-3.4569626130574704,3.4569626130574704,random,22,random
PL_Comms_C1.csv::M-30,Comms,C1,PL_Comms_C1.csv,M-30,8.062257748,96.0,wallpath_residual_rf,87.64687895915216,-8.353121040847839,8.353121040847839,random,22,random
PL_Library_C1.csv::P-16,Library,C1,PL_Library_C1.csv,P-16,2.71,58.0,wallpath_residual_rf,65.81647746040457,7.81647746040457,7.81647746040457,random,22,random
PL_Library_C1.csv::H-5,Library,C1,PL_Library_C1.csv,H-5,16.9781,83.0,wallpath_residual_rf,82.3500943283871,-0.649905671612899,0.649905671612899,random,22,random
PL_Library_C2.csv::E-8,Library,C2,PL_Library_C2.csv,E-8,16.36153569,87.0,wallpath_residual_rf,84.18228036015975,-2.8177196398402486,2.8177196398402486,random,22,random
PL_Comms_C1.csv::D-34,Comms,C1,PL_Comms_C1.csv,D-34,5.099019514,74.0,wallpath_residual_rf,79.93931925379538,5.939319253795375,5.939319253795375,random,22,random
PL_Library_C2.csv::P-13,Library,C2,PL_Library_C2.csv,P-13,5.034337096,64.0,wallpath_residual_rf,71.88600534506097,7.8860053450609655,7.8860053450609655,random,22,random
PL_SSE_C2.csv::I-2,SSE,C2,PL_SSE_C2.csv,I-2,9.511899127,93.0,wallpath_residual_rf,86.08282521723332,-6.917174782766679,6.917174782766679,random,22,random
PL_Library_C1.csv::R-20,Library,C1,PL_Library_C1.csv,R-20,7.665,76.0,wallpath_residual_rf,72.21964045167667,-3.7803595483233323,3.7803595483233323,random,22,random
PL_Comms_C2.csv::L-31,Comms,C2,PL_Comms_C2.csv,L-31,7.380801108,91.0,wallpath_residual_rf,90.73441998613352,-0.265580013866483,0.265580013866483,random,22,random
PL_Comms_C2.csv::F-5,Comms,C2,PL_Comms_C2.csv,F-5,24.0515327,94.0,wallpath_residual_rf,106.67844142144692,12.67844142144692,12.67844142144692,random,22,random
PL_Comms_C2.csv::H-36,Comms,C2,PL_Comms_C2.csv,H-36,7.712083052,80.0,wallpath_residual_rf,87.62166582119363,7.621665821193631,7.621665821193631,random,22,random
PL_Comms_C2.csv::E-37,Comms,C2,PL_Comms_C2.csv,E-37,8.09173807,88.0,wallpath_residual_rf,86.19764935344965,-1.8023506465503516,1.8023506465503516,random,22,random
PL_Library_C2.csv::S-15,Library,C2,PL_Library_C2.csv,S-15,7.015188878,75.0,wallpath_residual_rf,73.8243840538711,-1.1756159461289002,1.1756159461289002,random,22,random
PL_Comms_C2.csv::J-12,Comms,C2,PL_Comms_C2.csv,J-12,17.7616504,107.0,wallpath_residual_rf,106.77546025808027,-0.22453974191972748,0.22453974191972748,random,22,random
PL_Comms_C2.csv::G-21,Comms,C2,PL_Comms_C2.csv,G-21,8.335239949,86.0,wallpath_residual_rf,88.02944838403039,2.0294483840303883,2.0294483840303883,random,22,random
PL_SSE_C1.csv::N-1,SSE,C1,PL_SSE_C1.csv,N-1,9.0,71.0,wallpath_residual_rf,76.33424798573607,5.33424798573607,5.33424798573607,random,22,random
PL_Comms_C2.csv::G-48,Comms,C2,PL_Comms_C2.csv,G-48,19.14356876,90.0,wallpath_residual_rf,99.17918229157257,9.179182291572573,9.179182291572573,random,22,random
PL_Comms_C1.csv::A-48,Comms,C1,PL_Comms_C1.csv,A-48,19.41648784,114.0,wallpath_residual_rf,109.12830527160762,-4.871694728392384,4.871694728392384,random,22,random
PL_Comms_C1.csv::E-49,Comms,C1,PL_Comms_C1.csv,E-49,20.0,105.0,wallpath_residual_rf,105.3168472660617,0.3168472660616999,0.3168472660616999,random,22,random
PL_Library_C2.csv::G-5,Library,C2,PL_Library_C2.csv,G-5,17.70876831,75.0,wallpath_residual_rf,84.70769666373232,9.707696663732321,9.707696663732321,random,22,random
PL_Library_C2.csv::O-4,Library,C2,PL_Library_C2.csv,O-4,16.36153569,92.0,wallpath_residual_rf,79.42285289181227,-12.57714710818773,12.57714710818773,random,22,random
PL_Comms_C2.csv::L-23,Comms,C2,PL_Comms_C2.csv,L-23,9.299259379,89.0,wallpath_residual_rf,86.02059861572167,-2.979401384278333,2.979401384278333,random,22,random
PL_Comms_C1.csv::M-53,Comms,C1,PL_Comms_C1.csv,M-53,25.29822128,105.0,wallpath_residual_rf,109.80291587670322,4.802915876703224,4.802915876703224,random,22,random
PL_Library_C1.csv::Y-18,Library,C1,PL_Library_C1.csv,Y-18,15.1494,74.0,wallpath_residual_rf,80.21518236500056,6.215182365000558,6.215182365000558,random,22,random
PL_SSE_C2.csv::B-1,SSE,C2,PL_SSE_C2.csv,B-1,15.04912705,109.0,wallpath_residual_rf,95.86995161728223,-13.130048382717774,13.130048382717774,random,22,random
PL_Comms_C1.csv::P-42,Comms,C1,PL_Comms_C1.csv,P-42,17.02938637,110.0,wallpath_residual_rf,101.21136263370289,-8.78863736629711,8.78863736629711,random,22,random
PL_Library_C1.csv::I-7,Library,C1,PL_Library_C1.csv,I-7,13.9506,79.0,wallpath_residual_rf,79.53600574199831,0.5360057419983093,0.5360057419983093,random,22,random
PL_Comms_C1.csv::G-29,Comms,C1,PL_Comms_C1.csv,G-29,2.0,56.0,wallpath_residual_rf,62.496436027373214,6.496436027373214,6.496436027373214,random,22,random
PL_Comms_C1.csv::G-34,Comms,C1,PL_Comms_C1.csv,G-34,5.385164807,78.0,wallpath_residual_rf,80.6760684964801,2.6760684964800987,2.6760684964800987,random,22,random
PL_Library_C2.csv::R-22,Library,C2,PL_Library_C2.csv,R-22,9.846294988,72.0,wallpath_residual_rf,74.72205521611652,2.722055216116516,2.722055216116516,random,22,random
PL_Library_C1.csv::H-9,Library,C1,PL_Library_C1.csv,H-9,12.4925,74.0,wallpath_residual_rf,74.89558848325984,0.8955884832598429,0.8955884832598429,random,22,random
PL_Library_C2.csv::O-19,Library,C2,PL_Library_C2.csv,O-19,4.45381578,67.0,wallpath_residual_rf,70.42022316241678,3.420223162416775,3.420223162416775,random,22,random
PL_Comms_C1.csv::B-34,Comms,C1,PL_Comms_C1.csv,B-34,5.830951895,82.0,wallpath_residual_rf,75.35264560440997,-6.647354395590028,6.647354395590028,random,22,random
PL_Comms_C2.csv::K-22,Comms,C2,PL_Comms_C2.csv,K-22,9.299259379,87.0,wallpath_residual_rf,83.80924628555223,-3.190753714447766,3.190753714447766,random,22,random
PL_SSE_C2.csv::K-4,SSE,C2,PL_SSE_C2.csv,K-4,6.817347358,88.0,wallpath_residual_rf,71.53188775015781,-16.468112249842193,16.468112249842193,random,22,random
PL_Comms_C2.csv::D-51,Comms,C2,PL_Comms_C2.csv,D-51,22.05620604,112.0,wallpath_residual_rf,102.21677168819966,-9.783228311800343,9.783228311800343,random,22,random
PL_Comms_C1.csv::F-20,Comms,C1,PL_Comms_C1.csv,F-20,9.055385138,85.0,wallpath_residual_rf,84.73906377681695,-0.26093622318305165,0.26093622318305165,random,22,random
PL_Comms_C2.csv::G-53,Comms,C2,PL_Comms_C2.csv,G-53,24.11381813,97.0,wallpath_residual_rf,95.46246392615494,-1.537536073845061,1.537536073845061,random,22,random
PL_SSE_C1.csv::N-9,SSE,C1,PL_SSE_C1.csv,N-9,1.0,52.0,wallpath_residual_rf,50.65719797798809,-1.3428020220119095,1.3428020220119095,random,22,random
PL_Comms_C2.csv::M-42,Comms,C2,PL_Comms_C2.csv,M-42,15.31261653,110.0,wallpath_residual_rf,100.17562559554112,-9.82437440445888,9.82437440445888,random,22,random
PL_Comms_C1.csv::M-13,Comms,C1,PL_Comms_C1.csv,M-13,17.88854382,115.0,wallpath_residual_rf,104.35215968822942,-10.64784031177058,10.64784031177058,random,22,random
PL_Comms_C1.csv::C-31,Comms,C1,PL_Comms_C1.csv,C-31,2.828427125,68.0,wallpath_residual_rf,72.07040080985456,4.070400809854561,4.070400809854561,random,22,random
PL_Comms_C1.csv::O-28,Comms,C1,PL_Comms_C1.csv,O-28,10.04987562,82.0,wallpath_residual_rf,78.05956585153083,-3.9404341484691656,3.9404341484691656,random,22,random
PL_Comms_C2.csv::D-37,Comms,C2,PL_Comms_C2.csv,D-37,8.153295346,86.0,wallpath_residual_rf,86.43771902310692,0.4377190231069221,0.4377190231069221,random,22,random
PL_Comms_C1.csv::B-21,Comms,C1,PL_Comms_C1.csv,B-21,8.544003745,84.0,wallpath_residual_rf,86.06719691144916,2.067196911449159,2.067196911449159,random,22,random
PL_Comms_C2.csv::P-21,Comms,C2,PL_Comms_C2.csv,P-21,13.65562979,96.0,wallpath_residual_rf,92.01757420021066,-3.9824257997893397,3.9824257997893397,random,22,random
PL_Comms_C1.csv::M-54,Comms,C1,PL_Comms_C1.csv,M-54,26.2488095,118.0,wallpath_residual_rf,110.7674743964851,-7.232525603514901,7.232525603514901,random,22,random
PL_Comms_C1.csv::H-25,Comms,C1,PL_Comms_C1.csv,H-25,5.0,80.0,wallpath_residual_rf,73.39566141795639,-6.60433858204361,6.60433858204361,random,22,random
PL_Comms_C2.csv::P-42,Comms,C2,PL_Comms_C2.csv,P-42,17.07267481,104.0,wallpath_residual_rf,102.96711516783792,-1.0328848321620825,1.0328848321620825,random,22,random
PL_Library_C1.csv::U-12,Library,C1,PL_Library_C1.csv,U-12,10.9244,85.0,wallpath_residual_rf,74.74828400045148,-10.251715999548523,10.251715999548523,random,22,random
PL_Comms_C1.csv::E-38,Comms,C1,PL_Comms_C1.csv,E-38,9.0,85.0,wallpath_residual_rf,89.24409496284726,4.244094962847257,4.244094962847257,random,22,random
PL_Comms_C2.csv::A-21,Comms,C2,PL_Comms_C2.csv,A-21,9.026418171,92.0,wallpath_residual_rf,88.23548130421652,-3.7645186957834795,3.7645186957834795,random,22,random
PL_Library_C1.csv::K-10,Library,C1,PL_Library_C1.csv,K-10,9.0896,71.0,wallpath_residual_rf,73.71884477177596,2.718844771775963,2.718844771775963,random,22,random
PL_Comms_C2.csv::O-22,Comms,C2,PL_Comms_C2.csv,O-22,12.26687511,95.0,wallpath_residual_rf,90.13908083222273,-4.8609191677772685,4.8609191677772685,random,22,random
PL_Comms_C2.csv::F-49,Comms,C2,PL_Comms_C2.csv,F-49,20.06181011,93.0,wallpath_residual_rf,99.30782987621708,6.307829876217085,6.307829876217085,random,22,random
PL_SSE_C1.csv::F-8,SSE,C1,PL_SSE_C1.csv,F-8,8.246211251,80.0,wallpath_residual_rf,84.61837562029447,4.618375620294472,4.618375620294472,random,22,random
PL_Library_C1.csv::N-6,Library,C1,PL_Library_C1.csv,N-6,13.55,90.0,wallpath_residual_rf,81.05785189178238,-8.942148108217623,8.942148108217623,random,22,random
PL_Comms_C2.csv::N-40,Comms,C2,PL_Comms_C2.csv,N-40,14.26450928,100.0,wallpath_residual_rf,102.38667107517229,2.3866710751722877,2.3866710751722877,random,22,random
PL_Comms_C1.csv::G-47,Comms,C1,PL_Comms_C1.csv,G-47,18.11077028,86.0,wallpath_residual_rf,99.64356293660616,13.643562936606159,13.643562936606159,random,22,random
PL_Comms_C1.csv::O-40,Comms,C1,PL_Comms_C1.csv,O-40,14.86606875,98.0,wallpath_residual_rf,98.3906504017091,0.39065040170909526,0.39065040170909526,random,22,random
PL_Library_C2.csv::D-8,Library,C2,PL_Library_C2.csv,D-8,17.39495114,80.0,wallpath_residual_rf,88.6539423837878,8.653942383787793,8.653942383787793,random,22,random
PL_Comms_C1.csv::P-24,Comms,C1,PL_Comms_C1.csv,P-24,12.08304597,96.0,wallpath_residual_rf,90.43968858772047,-5.560311412279532,5.560311412279532,random,22,random
PL_Comms_C1.csv::D-45,Comms,C1,PL_Comms_C1.csv,D-45,16.03121954,114.0,wallpath_residual_rf,103.21532934154959,-10.784670658450409,10.784670658450409,random,22,random
PL_Library_C1.csv::S-23,Library,C1,PL_Library_C1.csv,S-23,11.6562,75.0,wallpath_residual_rf,72.73125833523784,-2.2687416647621603,2.2687416647621603,random,22,random
PL_Comms_C1.csv::H-5,Comms,C1,PL_Comms_C1.csv,H-5,24.18677324,86.0,wallpath_residual_rf,95.40405261760723,9.404052617607235,9.404052617607235,random,22,random
PL_SSE_C2.csv::C-7,SSE,C2,PL_SSE_C2.csv,C-7,11.46630826,91.0,wallpath_residual_rf,94.88336120220126,3.8833612022012574,3.8833612022012574,random,22,random
PL_SSE_C1.csv::A-7,SSE,C1,PL_SSE_C1.csv,A-7,13.34166406,106.0,wallpath_residual_rf,97.25156184109477,-8.74843815890523,8.74843815890523,random,22,random
PL_Comms_C1.csv::C-15,Comms,C1,PL_Comms_C1.csv,C-15,14.14213562,96.0,wallpath_residual_rf,94.69583938729657,-1.304160612703427,1.304160612703427,random,22,random
PL_Comms_C2.csv::M-33,Comms,C2,PL_Comms_C2.csv,M-33,9.026418171,94.0,wallpath_residual_rf,93.10889575932812,-0.8911042406718792,0.8911042406718792,random,22,random
PL_Comms_C2.csv::A-32,Comms,C2,PL_Comms_C2.csv,A-32,5.14550532,78.0,wallpath_residual_rf,82.15975819014483,4.159758190144828,4.159758190144828,random,22,random
PL_Library_C2.csv::A-11,Library,C2,PL_Library_C2.csv,A-11,18.91203519,89.0,wallpath_residual_rf,89.20517621433233,0.2051762143323259,0.2051762143323259,random,22,random
PL_Library_C2.csv::I-8,Library,C2,PL_Library_C2.csv,I-8,12.84065614,79.0,wallpath_residual_rf,76.58645114504834,-2.4135488549516566,2.4135488549516566,random,22,random
PL_Comms_C1.csv::J-20,Comms,C1,PL_Comms_C1.csv,J-20,10.29563014,96.0,wallpath_residual_rf,86.16815784386242,-9.831842156137583,9.831842156137583,random,22,random
PL_Comms_C2.csv::K-53,Comms,C2,PL_Comms_C2.csv,K-53,24.76845221,113.0,wallpath_residual_rf,109.75457298222214,-3.245427017777857,3.245427017777857,random,22,random
PL_SSE_C2.csv::J-8,SSE,C2,PL_SSE_C2.csv,J-8,4.634244814,86.0,wallpath_residual_rf,77.31791901817316,-8.682080981826843,8.682080981826843,random,22,random
PL_Comms_C1.csv::H-54,Comms,C1,PL_Comms_C1.csv,H-54,25.17935662,95.0,wallpath_residual_rf,98.58791361483087,3.5879136148308675,3.5879136148308675,random,22,random
PL_Comms_C1.csv::G-55,Comms,C1,PL_Comms_C1.csv,G-55,26.07680962,88.0,wallpath_residual_rf,102.12401061974651,14.124010619746514,14.124010619746514,random,22,random
PL_Comms_C1.csv::H-50,Comms,C1,PL_Comms_C1.csv,H-50,21.21320344,87.0,wallpath_residual_rf,104.61177822683939,17.61177822683939,17.61177822683939,random,22,random
PL_Comms_C1.csv::M-40,Comms,C1,PL_Comms_C1.csv,M-40,13.60147051,93.0,wallpath_residual_rf,94.3839963892844,1.3839963892844054,1.3839963892844054,random,22,random
PL_Comms_C1.csv::A-14,Comms,C1,PL_Comms_C1.csv,A-14,15.5241747,93.0,wallpath_residual_rf,95.75518998099807,2.7551899809980682,2.7551899809980682,random,22,random
PL_Comms_C1.csv::K-47,Comms,C1,PL_Comms_C1.csv,K-47,18.97366596,104.0,wallpath_residual_rf,104.60655606692116,0.6065560669211578,0.6065560669211578,random,22,random
PL_Comms_C1.csv::D-49,Comms,C1,PL_Comms_C1.csv,D-49,20.02498439,97.0,wallpath_residual_rf,104.97145286991406,7.97145286991406,7.97145286991406,random,22,random
PL_Library_C1.csv::W-18,Library,C1,PL_Library_C1.csv,W-18,12.4925,79.0,wallpath_residual_rf,76.87977035124477,-2.1202296487552275,2.1202296487552275,random,22,random
PL_Comms_C2.csv::O-25,Comms,C2,PL_Comms_C2.csv,O-25,10.83864498,83.0,wallpath_residual_rf,90.64843227485206,7.6484322748520555,7.6484322748520555,random,22,random
PL_SSE_C1.csv::K-4,SSE,C1,PL_SSE_C1.csv,K-4,6.708203932,69.0,wallpath_residual_rf,74.65601546771066,5.6560154677106595,5.6560154677106595,random,22,random
PL_SSE_C1.csv::A-5,SSE,C1,PL_SSE_C1.csv,A-5,13.92838828,99.0,wallpath_residual_rf,94.5040576186401,-4.495942381359896,4.495942381359896,random,22,random
PL_Comms_C1.csv::I-38,Comms,C1,PL_Comms_C1.csv,I-38,9.848857802,98.0,wallpath_residual_rf,90.9696202416247,-7.030379758375304,7.030379758375304,random,22,random
PL_Comms_C1.csv::I-45,Comms,C1,PL_Comms_C1.csv,I-45,16.4924225,104.0,wallpath_residual_rf,106.28783004224435,2.2878300422443516,2.2878300422443516,random,22,random
PL_Comms_C1.csv::J-24,Comms,C1,PL_Comms_C1.csv,J-24,7.071067812,77.0,wallpath_residual_rf,82.42437916261233,5.4243791626123254,5.4243791626123254,random,22,random
PL_Comms_C1.csv::G-44,Comms,C1,PL_Comms_C1.csv,G-44,15.13274595,87.0,wallpath_residual_rf,98.79841064159875,11.79841064159875,11.79841064159875,random,22,random
PL_Library_C2.csv::I-14,Library,C2,PL_Library_C2.csv,I-14,7.397361016,73.0,wallpath_residual_rf,73.00445731459185,0.004457314591846284,0.004457314591846284,random,22,random
PL_Library_C1.csv::Q-6,Library,C1,PL_Library_C1.csv,Q-6,14.1466,80.0,wallpath_residual_rf,82.87778725399028,2.8777872539902773,2.8777872539902773,random,22,random
PL_Comms_C1.csv::I-12,Comms,C1,PL_Comms_C1.csv,I-12,17.4642492,103.0,wallpath_residual_rf,99.35359229467737,-3.6464077053226305,3.6464077053226305,random,22,random
PL_Comms_C1.csv::F-17,Comms,C1,PL_Comms_C1.csv,F-17,12.04159458,87.0,wallpath_residual_rf,90.41597183778671,3.4159718377867136,3.4159718377867136,random,22,random
PL_Comms_C2.csv::K-11,Comms,C2,PL_Comms_C2.csv,K-11,19.01252811,111.0,wallpath_residual_rf,102.95286430661217,-8.04713569338783,8.04713569338783,random,22,random
PL_Library_C1.csv::B-2,Library,C1,PL_Library_C1.csv,B-2,24.985,82.0,wallpath_residual_rf,82.82185948772147,0.8218594877214684,0.8218594877214684,random,22,random
PL_Comms_C1.csv::N-18,Comms,C1,PL_Comms_C1.csv,N-18,14.2126704,90.0,wallpath_residual_rf,87.38181383836177,-2.618186161638235,2.618186161638235,random,22,random
PL_Library_C1.csv::R-18,Library,C1,PL_Library_C1.csv,R-18,6.0597,69.0,wallpath_residual_rf,72.22986782856482,3.229867828564821,3.229867828564821,random,22,random
PL_Comms_C2.csv::C-35,Comms,C2,PL_Comms_C2.csv,C-35,6.440203801,77.0,wallpath_residual_rf,89.31049880463317,12.31049880463317,12.31049880463317,random,22,random
PL_Library_C2.csv::R-18,Library,C2,PL_Library_C2.csv,R-18,6.180349909,69.0,wallpath_residual_rf,76.05986690931039,7.0598669093103865,7.0598669093103865,random,22,random
PL_Comms_C2.csv::D-29,Comms,C2,PL_Comms_C2.csv,D-29,1.573602555,64.0,wallpath_residual_rf,69.95463233724954,5.954632337249535,5.954632337249535,random,22,random
PL_Comms_C1.csv::M-39,Comms,C1,PL_Comms_C1.csv,M-39,12.80624847,98.0,wallpath_residual_rf,95.90051082954479,-2.0994891704552145,2.0994891704552145,random,22,random
PL_Library_C2.csv::W-20,Library,C2,PL_Library_C2.csv,W-20,13.40039738,70.0,wallpath_residual_rf,82.24202162372515,12.242021623725151,12.242021623725151,random,22,random
PL_Comms_C2.csv::I-40,Comms,C2,PL_Comms_C2.csv,I-40,11.76759215,107.0,wallpath_residual_rf,91.11190556179294,-15.888094438207062,15.888094438207062,random,22,random
PL_Comms_C1.csv::G-11,Comms,C1,PL_Comms_C1.csv,G-11,18.11077028,84.0,wallpath_residual_rf,91.58872346149805,7.5887234614980486,7.5887234614980486,random,22,random
PL_Library_C1.csv::W-8,Library,C1,PL_Library_C1.csv,W-8,16.3164,87.0,wallpath_residual_rf,85.40385174462267,-1.5961482553773294,1.5961482553773294,random,22,random
PL_SSE_C1.csv::B-1,SSE,C1,PL_SSE_C1.csv,B-1,15.0,92.0,wallpath_residual_rf,95.68048327975603,3.6804832797560323,3.6804832797560323,random,22,random
PL_Comms_C2.csv::J-50,Comms,C2,PL_Comms_C2.csv,J-50,21.62119851,120.0,wallpath_residual_rf,110.1031055818885,-9.8968944181115,9.8968944181115,random,22,random
PL_Library_C2.csv::W-7,Library,C2,PL_Library_C2.csv,W-7,17.28907965,94.0,wallpath_residual_rf,88.23399680021676,-5.766003199783242,5.766003199783242,random,22,random
PL_Comms_C1.csv::K-31,Comms,C1,PL_Comms_C1.csv,K-31,6.32455532,75.0,wallpath_residual_rf,78.89701424365249,3.8970142436524924,3.8970142436524924,random,22,random
PL_Comms_C2.csv::P-26,Comms,C2,PL_Comms_C2.csv,P-26,11.46630826,90.0,wallpath_residual_rf,90.37177996803362,0.37177996803362134,0.37177996803362134,random,22,random
PL_Comms_C1.csv::P-13,Comms,C1,PL_Comms_C1.csv,P-13,19.41648784,113.0,wallpath_residual_rf,105.76825982091795,-7.231740179082053,7.231740179082053,random,22,random
PL_Comms_C2.csv::E-49,Comms,C2,PL_Comms_C2.csv,E-49,20.03687164,101.0,wallpath_residual_rf,107.83164127761974,6.831641277619738,6.831641277619738,random,22,random
PL_Comms_C1.csv::C-56,Comms,C1,PL_Comms_C1.csv,C-56,27.07397274,118.0,wallpath_residual_rf,110.54386480390279,-7.4561351960972075,7.4561351960972075,random,22,random
PL_Comms_C2.csv::I-49,Comms,C2,PL_Comms_C2.csv,I-49,20.43223495,108.0,wallpath_residual_rf,111.83104480749813,3.831044807498131,3.831044807498131,random,22,random
PL_Comms_C2.csv::B-45,Comms,C2,PL_Comms_C2.csv,B-45,16.32409952,112.0,wallpath_residual_rf,105.06676280488455,-6.933237195115453,6.933237195115453,random,22,random
PL_Library_C1.csv::M-17,Library,C1,PL_Library_C1.csv,M-17,1.9163,58.0,wallpath_residual_rf,62.384059509561645,4.384059509561645,4.384059509561645,random,22,random
PL_Comms_C1.csv::N-21,Comms,C1,PL_Comms_C1.csv,N-21,12.04159458,98.0,wallpath_residual_rf,89.51884918927217,-8.481150810727826,8.481150810727826,random,22,random
PL_Library_C2.csv::L-16,Library,C2,PL_Library_C2.csv,L-16,2.969903197,74.0,wallpath_residual_rf,71.85705577572922,-2.142944224270778,2.142944224270778,random,22,random
PL_Comms_C1.csv::J-36,Comms,C1,PL_Comms_C1.csv,J-36,8.602325267,93.0,wallpath_residual_rf,86.81204690964078,-6.1879530903592155,6.1879530903592155,random,22,random
PL_Comms_C1.csv::M-33,Comms,C1,PL_Comms_C1.csv,M-33,8.94427191,85.0,wallpath_residual_rf,88.7087619614622,3.7087619614622014,3.7087619614622014,random,22,random
PL_Library_C2.csv::G-16,Library,C2,PL_Library_C2.csv,G-16,9.562502288,85.0,wallpath_residual_rf,84.28437946879743,-0.7156205312025747,0.7156205312025747,random,22,random
PL_Comms_C1.csv::I-4,Comms,C1,PL_Comms_C1.csv,I-4,25.3179778,115.0,wallpath_residual_rf,99.49580388498444,-15.50419611501556,15.50419611501556,random,22,random
PL_Comms_C2.csv::J-47,Comms,C2,PL_Comms_C2.csv,J-47,18.72101026,113.0,wallpath_residual_rf,109.70678064581571,-3.293219354184288,3.293219354184288,random,22,random
PL_SSE_C2.csv::I-7,SSE,C2,PL_SSE_C2.csv,I-7,5.956192156,79.0,wallpath_residual_rf,79.69602157556281,0.6960215755628099,0.6960215755628099,random,22,random
PL_Comms_C2.csv::H-9,Comms,C2,PL_Comms_C2.csv,H-9,20.26021286,94.0,wallpath_residual_rf,99.12169356826163,5.121693568261634,5.121693568261634,random,22,random
PL_Library_C1.csv::M-15,Library,C1,PL_Library_C1.csv,M-15,1.9163,72.0,wallpath_residual_rf,62.384059509561645,-9.615940490438355,9.615940490438355,random,22,random
PL_Library_C1.csv::L-13,Library,C1,PL_Library_C1.csv,L-13,4.8855,71.0,wallpath_residual_rf,68.48771408136429,-2.512285918635712,2.512285918635712,random,22,random
PL_Comms_C1.csv::E-30,Comms,C1,PL_Comms_C1.csv,E-30,1.0,69.0,wallpath_residual_rf,57.817334237279205,-11.182665762720795,11.182665762720795,random,22,random
PL_Comms_C2.csv::D-45,Comms,C2,PL_Comms_C2.csv,D-45,16.07719581,104.0,wallpath_residual_rf,101.0468283818366,-2.9531716181633954,2.9531716181633954,random,22,random
PL_Comms_C2.csv::J-35,Comms,C2,PL_Comms_C2.csv,J-35,7.904190344,88.0,wallpath_residual_rf,84.68933048354398,-3.3106695164560165,3.3106695164560165,random,22,random
PL_Comms_C1.csv::D-13,Comms,C1,PL_Comms_C1.csv,D-13,16.03121954,97.0,wallpath_residual_rf,91.85664755203908,-5.143352447960922,5.143352447960922,random,22,random
PL_Library_C1.csv::A-9,Library,C1,PL_Library_C1.csv,A-9,20.0063,80.0,wallpath_residual_rf,84.26134519652643,4.261345196526435,4.261345196526435,random,22,random
PL_SSE_C1.csv::L-9,SSE,C1,PL_SSE_C1.csv,L-9,2.236067977,60.0,wallpath_residual_rf,58.80902007192206,-1.1909799280779367,1.1909799280779367,random,22,random
PL_Library_C2.csv::Q-22,Library,C2,PL_Library_C2.csv,Q-22,9.17046073,74.0,wallpath_residual_rf,73.63936499270267,-0.3606350072973328,0.3606350072973328,random,22,random
PL_Library_C1.csv::G-13,Library,C1,PL_Library_C1.csv,G-13,10.3194,73.0,wallpath_residual_rf,77.12271795701149,4.1227179570114885,4.1227179570114885,random,22,random
PL_Library_C2.csv::M-19,Library,C2,PL_Library_C2.csv,M-19,4.45381578,76.0,wallpath_residual_rf,73.41570765019783,-2.584292349802169,2.584292349802169,random,22,random
PL_Comms_C2.csv::F-4,Comms,C2,PL_Comms_C2.csv,F-4,25.04947554,87.0,wallpath_residual_rf,103.51567210976444,16.515672109764438,16.515672109764438,random,22,random
PL_Comms_C2.csv::B-37,Comms,C2,PL_Comms_C2.csv,B-37,8.629960892,82.0,wallpath_residual_rf,87.17579542677575,5.17579542677575,5.17579542677575,random,22,random
PL_Comms_C1.csv::O-11,Comms,C1,PL_Comms_C1.csv,O-11,20.59126028,114.0,wallpath_residual_rf,104.77644836556605,-9.223551634433946,9.223551634433946,random,22,random
PL_Comms_C1.csv::D-30,Comms,C1,PL_Comms_C1.csv,D-30,1.414213562,69.0,wallpath_residual_rf,61.08242466818259,-7.91757533181741,7.91757533181741,random,22,random
PL_Library_C2.csv::L-11,Library,C2,PL_Library_C2.csv,L-11,7.397361016,68.0,wallpath_residual_rf,73.00445731459185,5.004457314591846,5.004457314591846,random,22,random
PL_Comms_C2.csv::B-51,Comms,C2,PL_Comms_C2.csv,B-51,22.23682138,114.0,wallpath_residual_rf,111.67720310966243,-2.322796890337571,2.322796890337571,random,22,random
PL_Library_C2.csv::R-20,Library,C2,PL_Library_C2.csv,R-20,7.760736112,72.0,wallpath_residual_rf,74.45743428844003,2.4574342884400266,2.4574342884400266,random,22,random
PL_Library_C1.csv::R-13,Library,C1,PL_Library_C1.csv,R-13,6.775,74.0,wallpath_residual_rf,74.83574118190191,0.8357411819019092,0.8357411819019092,random,22,random
PL_SSE_C2.csv::C-5,SSE,C2,PL_SSE_C2.csv,C-5,12.14397896,101.0,wallpath_residual_rf,99.53793867861701,-1.4620613213829898,1.4620613213829898,random,22,random
PL_Comms_C2.csv::B-29,Comms,C2,PL_Comms_C2.csv,B-29,3.236699708,72.0,wallpath_residual_rf,74.98772540483675,2.987725404836752,2.987725404836752,random,22,random
PL_Library_C2.csv::Q-8,Library,C2,PL_Library_C2.csv,Q-8,11.64070659,74.0,wallpath_residual_rf,77.10790266315891,3.10790266315891,3.10790266315891,random,22,random
PL_SSE_C2.csv::G-4,SSE,C2,PL_SSE_C2.csv,G-4,9.299259379,76.0,wallpath_residual_rf,80.32992034126666,4.329920341266657,4.329920341266657,random,22,random
PL_Library_C1.csv::F-6,Library,C1,PL_Library_C1.csv,F-6,17.3525,76.0,wallpath_residual_rf,80.94515917820826,4.945159178208257,4.945159178208257,random,22,random
PL_Library_C2.csv::R-24,Library,C2,PL_Library_C2.csv,R-24,12.18023912,74.0,wallpath_residual_rf,78.57966098984758,4.579660989847582,4.579660989847582,random,22,random
PL_Library_C2.csv::P-23,Library,C2,PL_Library_C2.csv,P-23,9.939092011,75.0,wallpath_residual_rf,76.25579895171677,1.2557989517167698,1.2557989517167698,random,22,random
PL_Comms_C2.csv::F-11,Comms,C2,PL_Comms_C2.csv,F-11,18.0686531,85.0,wallpath_residual_rf,112.44218766905558,27.442187669055585,27.442187669055585,random,22,random
PL_Comms_C1.csv::N-28,Comms,C1,PL_Comms_C1.csv,N-28,9.055385138,78.0,wallpath_residual_rf,79.28388058194552,1.2838805819455246,1.2838805819455246,random,22,random
PL_Library_C1.csv::S-22,Library,C1,PL_Library_C1.csv,S-22,10.5829,67.0,wallpath_residual_rf,74.16759282891472,7.167592828914721,7.167592828914721,random,22,random
PL_Comms_C2.csv::K-2,Comms,C2,PL_Comms_C2.csv,K-2,27.68530702,102.0,wallpath_residual_rf,112.31112904571245,10.311129045712448,10.311129045712448,random,22,random
PL_Library_C2.csv::V-17,Library,C2,PL_Library_C2.csv,V-17,10.99171734,74.0,wallpath_residual_rf,73.92083059250655,-0.07916940749345258,0.07916940749345258,random,22,random
PL_Comms_C1.csv::O-24,Comms,C1,PL_Comms_C1.csv,O-24,11.18033989,90.0,wallpath_residual_rf,90.24416726369404,0.24416726369403818,0.24416726369403818,random,22,random
PL_Library_C1.csv::O-25,Library,C1,PL_Library_C1.csv,O-25,12.27,89.0,wallpath_residual_rf,72.6752318648843,-16.324768135115704,16.324768135115704,random,22,random
PL_Comms_C2.csv::B-53,Comms,C2,PL_Comms_C2.csv,B-53,24.21727121,116.0,wallpath_residual_rf,115.57211963575638,-0.4278803642436202,0.4278803642436202,random,22,random
PL_Comms_C1.csv::I-54,Comms,C1,PL_Comms_C1.csv,I-54,25.3179778,104.0,wallpath_residual_rf,105.44453623449837,1.444536234498372,1.444536234498372,random,22,random
PL_Comms_C1.csv::E-25,Comms,C1,PL_Comms_C1.csv,E-25,4.0,75.0,wallpath_residual_rf,74.70441539832734,-0.2955846016726582,0.2955846016726582,random,22,random
PL_Library_C2.csv::D-3,Library,C2,PL_Library_C2.csv,D-3,22.25684052,96.0,wallpath_residual_rf,90.80595015387483,-5.194049846125168,5.194049846125168,random,22,random
PL_Comms_C2.csv::J-19,Comms,C2,PL_Comms_C2.csv,J-19,11.2461649,98.0,wallpath_residual_rf,90.49603169718601,-7.503968302813988,7.503968302813988,random,22,random
PL_Comms_C1.csv::L-28,Comms,C1,PL_Comms_C1.csv,L-28,7.071067812,82.0,wallpath_residual_rf,74.69256769664476,-7.307432303355242,7.307432303355242,random,22,random
PL_Library_C2.csv::I-11,Library,C2,PL_Library_C2.csv,I-11,9.658026455,74.0,wallpath_residual_rf,78.1975035974645,4.197503597464504,4.197503597464504,random,22,random
PL_SSE_C1.csv::N-3,SSE,C1,PL_SSE_C1.csv,N-3,7.0,71.0,wallpath_residual_rf,72.78888810183237,1.7888881018323701,1.7888881018323701,random,22,random
PL_Comms_C1.csv::E-41,Comms,C1,PL_Comms_C1.csv,E-41,12.0,97.0,wallpath_residual_rf,95.33517175757224,-1.6648282424277596,1.6648282424277596,random,22,random
PL_Comms_C1.csv::B-15,Comms,C1,PL_Comms_C1.csv,B-15,14.31782106,99.0,wallpath_residual_rf,93.89909500949598,-5.10090499050402,5.10090499050402,random,22,random
PL_Comms_C1.csv::J-21,Comms,C1,PL_Comms_C1.csv,J-21,9.433981132,81.0,wallpath_residual_rf,84.78240896362887,3.7824089636288676,3.7824089636288676,random,22,random
PL_Comms_C1.csv::I-36,Comms,C1,PL_Comms_C1.csv,I-36,8.062257748,103.0,wallpath_residual_rf,88.76084478936828,-14.239155210631722,14.239155210631722,random,22,random
PL_Comms_C1.csv::H-34,Comms,C1,PL_Comms_C1.csv,H-34,5.830951895,76.0,wallpath_residual_rf,82.1337590523946,6.133759052394595,6.133759052394595,random,22,random
PL_Comms_C2.csv::F-54,Comms,C2,PL_Comms_C2.csv,F-54,25.04947554,89.0,wallpath_residual_rf,103.4452584053294,14.445258405329398,14.445258405329398,random,22,random
PL_Library_C2.csv::U-12,Library,C2,PL_Library_C2.csv,U-12,10.99171734,83.0,wallpath_residual_rf,75.38678099013325,-7.613219009866754,7.613219009866754,random,22,random
PL_SSE_C1.csv::E-4,SSE,C1,PL_SSE_C1.csv,E-4,10.81665383,95.0,wallpath_residual_rf,90.93437419137445,-4.065625808625555,4.065625808625555,random,22,random
PL_Comms_C2.csv::B-20,Comms,C2,PL_Comms_C2.csv,B-20,9.564320415,81.0,wallpath_residual_rf,85.16483766442946,4.164837664429456,4.164837664429456,random,22,random
PL_Comms_C2.csv::D-17,Comms,C2,PL_Comms_C2.csv,D-17,12.10273626,97.0,wallpath_residual_rf,94.690219010114,-2.3097809898859936,2.3097809898859936,random,22,random
PL_Comms_C1.csv::G-6,Comms,C1,PL_Comms_C1.csv,G-6,23.08679276,90.0,wallpath_residual_rf,99.58356147585037,9.583561475850374,9.583561475850374,random,22,random
PL_Comms_C2.csv::E-21,Comms,C2,PL_Comms_C2.csv,E-21,8.09173807,91.0,wallpath_residual_rf,86.12551336996829,-4.874486630031711,4.874486630031711,random,22,random
PL_Comms_C2.csv::J-15,Comms,C2,PL_Comms_C2.csv,J-15,14.91563693,102.0,wallpath_residual_rf,98.22994784804797,-3.7700521519520294,3.7700521519520294,random,22,random
PL_Comms_C1.csv::J-55,Comms,C1,PL_Comms_C1.csv,J-55,26.47640459,104.0,wallpath_residual_rf,101.92959051215601,-2.070409487843989,2.070409487843989,random,22,random
PL_Comms_C1.csv::C-38,Comms,C1,PL_Comms_C1.csv,C-38,9.219544457,90.0,wallpath_residual_rf,86.96863692311702,-3.0313630768829825,3.0313630768829825,random,22,random
PL_Comms_C2.csv::H-26,Comms,C2,PL_Comms_C2.csv,H-26,4.413187623,79.0,wallpath_residual_rf,78.6751402122714,-0.3248597877285988,0.3248597877285988,random,22,random
PL_Library_C1.csv::D-8,Library,C1,PL_Library_C1.csv,D-8,17.3525,79.0,wallpath_residual_rf,85.59748981383518,6.597489813835182,6.597489813835182,random,22,random
PL_Library_C1.csv::Q-9,Library,C1,PL_Library_C1.csv,Q-9,10.3194,70.0,wallpath_residual_rf,73.61922158374358,3.619221583743581,3.619221583743581,random,22,random
PL_Library_C2.csv::V-5,Library,C2,PL_Library_C2.csv,V-5,18.46999865,84.0,wallpath_residual_rf,84.95899156221147,0.958991562211466,0.958991562211466,random,22,random
PL_Library_C1.csv::Q-23,Library,C1,PL_Library_C1.csv,Q-23,10.3194,73.0,wallpath_residual_rf,77.21397180656835,4.2139718065683525,4.2139718065683525,random,22,random
PL_SSE_C2.csv::M-5,SSE,C2,PL_SSE_C2.csv,M-5,5.241776893,77.0,wallpath_residual_rf,73.26814109181552,-3.7318589081844777,3.7318589081844777,random,22,random
PL_Comms_C2.csv::L-51,Comms,C2,PL_Comms_C2.csv,L-51,23.11874186,108.0,wallpath_residual_rf,108.75109669988775,0.7510966998877535,0.7510966998877535,random,22,random
PL_SSE_C1.csv::E-5,SSE,C1,PL_SSE_C1.csv,E-5,10.29563014,96.0,wallpath_residual_rf,90.7124609613023,-5.287539038697702,5.287539038697702,random,22,random
PL_Comms_C2.csv::C-40,Comms,C2,PL_Comms_C2.csv,C-40,11.2461649,100.0,wallpath_residual_rf,90.28126679541445,-9.718733204585547,9.718733204585547,random,22,random
PL_SSE_C1.csv::C-2,SSE,C1,PL_SSE_C1.csv,C-2,13.60147051,115.0,wallpath_residual_rf,90.3709428168721,-24.629057183127898,24.629057183127898,random,22,random
PL_Comms_C1.csv::A-2,Comms,C1,PL_Comms_C1.csv,A-2,27.29468813,122.0,wallpath_residual_rf,117.00156064675744,-4.99843935324256,4.99843935324256,random,22,random
PL_Comms_C1.csv::B-48,Comms,C1,PL_Comms_C1.csv,B-48,19.23538406,110.0,wallpath_residual_rf,103.78937240277436,-6.210627597225638,6.210627597225638,random,22,random
PL_Comms_C2.csv::J-32,Comms,C2,PL_Comms_C2.csv,J-32,5.956192156,89.0,wallpath_residual_rf,85.52541157308858,-3.474588426911424,3.474588426911424,random,22,random
PL_Comms_C2.csv::G-13,Comms,C2,PL_Comms_C2.csv,G-13,16.1702265,93.0,wallpath_residual_rf,93.02491926652893,0.024919266528925732,0.024919266528925732,random,22,random
PL_Comms_C2.csv::G-31,Comms,C2,PL_Comms_C2.csv,G-31,3.078347771,74.0,wallpath_residual_rf,77.53291851782386,3.532918517823859,3.532918517823859,random,22,random
PL_Comms_C2.csv::L-46,Comms,C2,PL_Comms_C2.csv,L-46,18.4248806,110.0,wallpath_residual_rf,108.07380645689435,-1.9261935431056543,1.9261935431056543,random,22,random
PL_Library_C1.csv::R-11,Library,C1,PL_Library_C1.csv,R-11,8.6762,75.0,wallpath_residual_rf,73.11495386219092,-1.8850461378090841,1.8850461378090841,random,22,random
PL_Comms_C1.csv::F-23,Comms,C1,PL_Comms_C1.csv,F-23,6.08276253,79.0,wallpath_residual_rf,84.40743229053398,5.407432290533976,5.407432290533976,random,22,random
PL_SSE_C1.csv::I-4,SSE,C1,PL_SSE_C1.csv,I-4,7.810249676,97.0,wallpath_residual_rf,86.82836104045867,-10.171638959541326,10.171638959541326,random,22,random
PL_Comms_C1.csv::D-29,Comms,C1,PL_Comms_C1.csv,D-29,1.0,51.0,wallpath_residual_rf,52.45223600252808,1.4522360025280818,1.4522360025280818,random,22,random
PL_Comms_C1.csv::B-24,Comms,C1,PL_Comms_C1.csv,B-24,5.830951895,80.0,wallpath_residual_rf,75.35160908275327,-4.648390917246729,4.648390917246729,random,22,random
PL_Library_C2.csv::E-6,Library,C2,PL_Library_C2.csv,E-6,18.27010536,93.0,wallpath_residual_rf,87.45319645078892,-5.546803549211077,5.546803549211077,random,22,random
PL_Comms_C2.csv::J-34,Comms,C2,PL_Comms_C2.csv,J-34,7.174693373,79.0,wallpath_residual_rf,82.99168748115345,3.9916874811534484,3.9916874811534484,random,22,random
PL_Library_C2.csv::G-9,Library,C2,PL_Library_C2.csv,G-9,13.46872952,70.0,wallpath_residual_rf,82.4967802755769,12.496780275576896,12.496780275576896,random,22,random
PL_Comms_C1.csv::B-51,Comms,C1,PL_Comms_C1.csv,B-51,22.20360331,113.0,wallpath_residual_rf,109.57589274405906,-3.424107255940939,3.424107255940939,random,22,random
PL_SSE_C1.csv::D-6,SSE,C1,PL_SSE_C1.csv,D-6,10.77032961,89.0,wallpath_residual_rf,92.0724905837895,3.0724905837895022,3.0724905837895022,random,22,random
PL_Comms_C1.csv::C-17,Comms,C1,PL_Comms_C1.csv,C-17,12.16552506,95.0,wallpath_residual_rf,91.15113326325196,-3.848866736748036,3.848866736748036,random,22,random
PL_Comms_C1.csv::A-35,Comms,C1,PL_Comms_C1.csv,A-35,7.211102551,95.0,wallpath_residual_rf,80.63994675383744,-14.360053246162565,14.360053246162565,random,22,random
PL_Comms_C2.csv::F-32,Comms,C2,PL_Comms_C2.csv,F-32,3.387657745,78.0,wallpath_residual_rf,78.81639823802897,0.8163982380289667,0.8163982380289667,random,22,random
PL_Library_C1.csv::Q-4,Library,C1,PL_Library_C1.csv,Q-4,16.7604,78.0,wallpath_residual_rf,83.56251620475514,5.562516204755141,5.562516204755141,random,22,random
PL_Library_C1.csv::N-20,Library,C1,PL_Library_C1.csv,N-20,5.42,68.0,wallpath_residual_rf,71.42686586153606,3.426865861536058,3.426865861536058,random,22,random
PL_Comms_C2.csv::D-34,Comms,C2,PL_Comms_C2.csv,D-34,5.241776893,86.0,wallpath_residual_rf,82.64471301899242,-3.3552869810075805,3.3552869810075805,random,22,random
PL_Comms_C2.csv::I-53,Comms,C2,PL_Comms_C2.csv,I-53,24.36136747,112.0,wallpath_residual_rf,104.39098005094291,-7.609019949057085,7.609019949057085,random,22,random
PL_Library_C1.csv::G-11,Library,C1,PL_Library_C1.csv,G-11,11.6562,78.0,wallpath_residual_rf,79.96577869433686,1.965778694336862,1.965778694336862,random,22,random
PL_Library_C2.csv::H-11,Library,C2,PL_Library_C2.csv,H-11,10.65240583,91.0,wallpath_residual_rf,74.99526193711452,-16.00473806288548,16.00473806288548,random,22,random
PL_Library_C1.csv::P-8,Library,C1,PL_Library_C1.csv,P-8,11.1736,74.0,wallpath_residual_rf,75.04550668496904,1.045506684969041,1.045506684969041,random,22,random
PL_Comms_C2.csv::A-28,Comms,C2,PL_Comms_C2.csv,A-28,4.298397957,65.0,wallpath_residual_rf,75.26042139339113,10.260421393391127,10.260421393391127,random,22,random
PL_Comms_C2.csv::C-52,Comms,C2,PL_Comms_C2.csv,C-52,23.11874186,122.0,wallpath_residual_rf,108.75109669988775,-13.248903300112246,13.248903300112246,random,22,random
PL_SSE_C1.csv::N-2,SSE,C1,PL_SSE_C1.csv,N-2,8.0,67.0,wallpath_residual_rf,76.9012741185054,9.901274118505398,9.901274118505398,random,22,random
PL_Comms_C2.csv::B-22,Comms,C2,PL_Comms_C2.csv,B-22,7.712083052,83.0,wallpath_residual_rf,87.62166582119363,4.621665821193631,4.621665821193631,random,22,random
