method,sparse_rate,sparse_seed,anchor_count,anchor_count_std,valid_count,valid_count_std,mw_anchor_count,mw_anchor_count_std,mw_design_rank,mw_design_rank_std,rmse,rmse_std,mae,mae_std,median_ae,median_ae_std,p90_ae,p90_ae_std,p95_ae,p95_ae_std,bias_db,bias_db_std,std_error_db,std_error_db_std,count,count_std,los_rmse,los_rmse_std,nlos_rmse,nlos_rmse_std,high_wall_rmse,high_wall_rmse_std,unclipped_rmse,unclipped_rmse_std,unclipped_count,unclipped_count_std,clipped_pixel_fraction,clipped_pixel_fraction_std,non_anchor_rmse,non_anchor_rmse_std,non_anchor_mae,non_anchor_mae_std,non_anchor_p90_ae,non_anchor_p90_ae_std,non_anchor_count,non_anchor_count_std,non_anchor_los_rmse,non_anchor_los_rmse_std,non_anchor_nlos_rmse,non_anchor_nlos_rmse_std,free_space_rmse,free_space_rmse_std,free_space_mae,free_space_mae_std,free_space_p90_ae,free_space_p90_ae_std,free_space_count,free_space_count_std,wall_region_rmse,wall_region_rmse_std,rmse_delta_vs_multi_wall,rmse_delta_vs_multi_wall_std,rmse_delta_vs_direct_rf,rmse_delta_vs_direct_rf_std,num_rows,seed,experiment_name,run_dir
direct_extra_all_features,0.005,11,346.2,311.54776203999364,69171.2,62288.73393528756,346.2,311.54776203999364,3.4,0.490880693673816,3.2193322454894373,0.962329604377759,2.178041837692261,0.6971307248758081,1.350992156982422,0.5248635462985303,5.374278579711914,1.6604888963339304,7.019759515762329,2.095852844289049,-0.2648025184329599,0.4910702565365156,3.180104320526123,0.9311120687335304,69171.2,62288.73393528756,0.7523375454534228,0.3466423370072146,3.3452439293707563,1.0004252876909148,3.494417600268006,1.0185133191234566,3.2193322454894373,0.962329604377759,69171.2,62288.73393528756,3.7878787878787874e-06,7.5909546975019154e-06,3.2258970996022045,0.9636243459049996,2.1847513241767884,0.6987793574703125,5.384833045005799,1.6615838936891527,68825.0,61977.186267776655,0.7528332298885153,0.346765655035858,3.3520884757514686,1.0018035569626906,3.132479629866441,0.953486245005935,2.10436714720726,0.6814238305717234,5.226633295059204,1.6600753823938004,66369.0,61020.82222471212,4.462946626975194,0.8803679314877985,-2.830914241937676,1.248492860103655,-0.0060963694773595,0.1237448735041855,250,11,wallpath_pi_task1_final_seed11_r0005,results\wallpath_pi_task1_final_seed11_r0005\run_1
direct_rf_all_features,0.005,11,346.2,311.54776203999364,69171.2,62288.73393528756,346.2,311.54776203999364,3.4,0.490880693673816,3.225428614966797,0.9186013604784884,2.1552715020179747,0.666547698028205,1.3172956809997558,0.5044793223220018,5.359704669952393,1.5565361301976106,7.03538519191742,1.974830917211091,-0.214590833902359,0.4781260106319172,3.188417379856109,0.8987341316252677,69171.2,62288.73393528756,0.7789879793334185,0.3821557392951504,3.351877423233545,0.9584303381759186,3.5036537635593943,0.975079548453695,3.225428614966797,0.9186013604784884,69171.2,62288.73393528756,3.7878787878787874e-06,7.5909546975019154e-06,3.232345099757331,0.9202999637321024,2.162528582811356,0.6687735176765673,5.371161685943603,1.5588759231101448,68825.0,61977.186267776655,0.7796508312378019,0.3825357454840227,3.359081411797949,0.9602218585665934,3.1328854106608373,0.9039941767784704,2.078623178958893,0.648727220218402,5.2011409749984745,1.5467562225267195,66369.0,61020.82222471212,4.518946796351822,0.8995226989658054,-2.824817872460317,1.2088920327606405,0.0,0.0,250,11,wallpath_pi_task1_final_seed11_r0005,results\wallpath_pi_task1_final_seed11_r0005\run_1
wallpath_extra,0.005,11,346.2,311.54776203999364,69171.2,62288.73393528756,346.2,311.54776203999364,3.4,0.490880693673816,3.3137691180919835,0.9196767241690826,2.2254988594055174,0.6715521041787778,1.3788040313720704,0.5226415991130904,5.422307808876037,1.4909972010333632,7.138953617095948,1.8957819097032695,-0.0040359672617632,0.3853629809358221,3.2956575689315795,0.9043755656608632,69171.2,62288.73393528756,1.494404982318256,0.8567991812367314,3.4272922669722794,0.9606656951112728,3.569423457908081,0.9858183378042444,3.3137691180919835,0.9196767241690826,69171.2,62288.73393528756,3.7878787878787874e-06,7.5909546975019154e-06,3.3216271265202177,0.9217856732536222,2.234610496044159,0.6743384161727011,5.434176107406616,1.4931996927033897,68825.0,61977.186267776655,1.4976553422871208,0.8587591813718417,3.4354278311487683,0.9628945729729432,3.2128351374160395,0.893296680669353,2.151597128391266,0.6505328102467522,5.268572957038879,1.465242924834445,66369.0,61020.82222471212,4.7024046054318,1.1155939487448308,-2.7364773693351303,1.141729592405475,0.0883405031251864,0.2883272269882835,250,11,wallpath_pi_task1_final_seed11_r0005,results\wallpath_pi_task1_final_seed11_r0005\run_1
wallpath_rf,0.005,11,346.2,311.54776203999364,69171.2,62288.73393528756,346.2,311.54776203999364,3.4,0.490880693673816,3.3271036762972104,0.9444766450343864,2.2153694109916686,0.6883178458684059,1.3518544235229493,0.537899701559182,5.432223628997803,1.5093808534475788,7.177566235542297,1.916824553971611,-0.0161681200899183,0.3974159356385023,3.30772885465622,0.9291544283596864,69171.2,62288.73393528756,1.662800334370121,0.9794656136162484,3.4374770968768305,0.984615555278032,3.582621031727932,1.0086099454732975,3.3271036762972104,0.9444766450343864,69171.2,62288.73393528756,3.7878787878787874e-06,7.5909546975019154e-06,3.334919651834922,0.9466573001052492,2.2241708221435545,0.6910849029091447,5.444414149284363,1.5119886603803798,68825.0,61977.186267776655,1.6664958761586577,0.9818933336203672,3.445561746003968,0.9869183979639274,3.2212444793800823,0.9149309910785208,2.1394521732330323,0.6663226251146183,5.274029747962952,1.484783046162036,66369.0,61020.82222471212,4.757156740556523,1.2049981030095989,-2.7231428111299034,1.127235242123512,0.1016750613304135,0.2704531906341891,250,11,wallpath_pi_task1_final_seed11_r0005,results\wallpath_pi_task1_final_seed11_r0005\run_1
wallpath_calibrated,0.005,11,346.2,311.54776203999364,69171.2,62288.73393528756,346.2,311.54776203999364,3.4,0.490880693673816,3.3391750134065057,0.8809598311060741,2.3106417198181157,0.6244878945224323,1.5030615425109863,0.4655399651267153,5.549327217102051,1.540543114159323,7.198002353668213,1.9553600162058475,-0.3877094250507653,0.5588258082869088,3.277731453895569,0.8494032954070365,69171.2,62288.73393528756,0.8657062961417961,0.4065169248580814,3.4694964575923724,0.9188872570243783,3.625628085418225,0.9372826867182246,3.3391750134065057,0.8809598311060741,69171.2,62288.73393528756,3.7878787878787874e-06,7.5909546975019154e-06,3.3464932393182862,0.882554510688068,2.318948271751404,0.6266353375633523,5.560507552146912,1.542571123897317,68825.0,61977.186267776655,0.8672709107546909,0.4073591675910594,3.4771159478899363,0.9206185857073876,3.252100097242418,0.8648224409119148,2.240474214553833,0.6076395367034935,5.405825196266174,1.5257293429171943,66369.0,61020.82222471212,4.569544263446069,0.930818455680102,-2.711071474020608,1.1624186939181025,0.1137463984397085,0.1866040596399814,250,11,wallpath_pi_task1_final_seed11_r0005,results\wallpath_pi_task1_final_seed11_r0005\run_1
multi_wall_residual_idw,0.005,11,346.2,311.54776203999364,69171.2,62288.73393528756,346.2,311.54776203999364,3.4,0.490880693673816,4.076827956608604,1.313569911047558,2.729484178066253,0.701197919380784,1.8747697219848636,0.5061122548598027,6.143110667228699,1.5581055843972549,8.011981786727905,2.128995427988466,0.0234442252441658,0.422446860589422,4.059050757408143,1.3008892894611934,69171.2,62288.73393528756,3.5490758316748265,2.0972964033477948,4.150111575538542,1.3968392473244635,4.294953050473614,1.4547202321620565,4.076827956608604,1.313569911047558,69171.2,62288.73393528756,3.7878787878787874e-06,7.5909546975019154e-06,4.087074762986536,1.3168759248193744,2.74322203540802,0.7047333942850084,6.156361946105957,1.561487394008913,68825.0,61977.186267776655,3.5576757463273063,2.1013214838468786,4.160548226044716,1.4004061419055454,3.925842997268095,1.1917357545481353,2.656211812019348,0.6775925292564796,6.013460773468018,1.528960159169164,66369.0,61020.82222471212,5.904151269766262,2.9291856917610213,-1.9734185308185093,0.8592008452563829,0.8513993416418071,0.8177607191025511,250,11,wallpath_pi_task1_final_seed11_r0005,results\wallpath_pi_task1_final_seed11_r0005\run_1
idw,0.005,11,346.2,311.54776203999364,69171.2,62288.73393528756,346.2,311.54776203999364,3.4,0.490880693673816,4.7695305422617,1.1364291689664845,3.5110924978256226,0.8515645097197515,2.632903022766113,0.6856777399731656,7.798210704803467,1.898325450136645,9.794577615737914,2.410330212438471,-0.1090918590731453,0.6293920423211605,4.7341166172027584,1.105500121925301,69171.2,62288.73393528756,8.941321515484104,4.046684184589179,4.483555463658962,1.1240965209175688,4.453830236676336,1.0847302537733348,4.7695305422617,1.1364291689664845,69171.2,62288.73393528756,3.7878787878787874e-06,7.5909546975019154e-06,4.781518267206836,1.1392915035551874,3.528764216423035,0.8558591481983885,7.812898880004883,1.901687669629813,68825.0,61977.186267776655,8.962153632027848,4.0499403622899255,4.494827424332099,1.1269464120733748,4.729851351524792,1.130867535618176,3.477702682495117,0.8461346739731886,7.733500827789307,1.892703220019992,66369.0,61020.82222471212,5.44209294061354,1.0558969779514098,-1.280715945165413,1.2654504751751532,1.544101927294904,0.5873219086102094,250,11,wallpath_pi_task1_final_seed11_r0005,results\wallpath_pi_task1_final_seed11_r0005\run_1
direct_rf_sparse_anchor,0.005,11,346.2,311.54776203999364,69171.2,62288.73393528756,346.2,311.54776203999364,3.4,0.490880693673816,5.031049560671516,1.0727488041175937,3.646162070274353,0.8698115650420813,2.6708919944763183,0.9462803274190336,8.46652098274231,1.85443918439207,10.527715934753418,2.296193463560888,-0.9973421859182418,1.0317273631567163,4.828615009307861,1.045162602000558,69171.2,62288.73393528756,0.8144029921654423,0.4119051542300339,5.233443317366466,1.1300116190134608,5.507928504393379,1.1159599931091857,5.031049560671516,1.0727488041175937,69171.2,62288.73393528756,3.7878787878787874e-06,7.5909546975019154e-06,5.031276271005269,1.0730019019580284,3.646269762039184,0.8700341515426568,8.46710990524292,1.854694683810283,68825.0,61977.186267776655,0.8144397056640915,0.4120515924480017,5.233688272800896,1.1303055207395345,4.959660725849655,1.0696647716066294,3.577962685585022,0.8725057739998214,8.356026453018188,1.845652435086428,66369.0,61020.82222471212,6.035317407527546,1.167698449078324,-1.0191969267555985,1.0266036807018664,1.8056209457047183,0.7350657287476009,250,11,wallpath_pi_task1_final_seed11_r0005,results\wallpath_pi_task1_final_seed11_r0005\run_1
multi_wall,0.005,11,346.2,311.54776203999364,69171.2,62288.73393528756,346.2,311.54776203999364,3.4,0.490880693673816,6.050246487427113,1.4484962221217463,4.596842618942261,1.045720657050524,3.7533039474487295,1.0268489121217947,9.4212136592865,1.9927080790570648,11.561758037567138,2.459048082853451,0.0315161402062512,0.501723288226668,6.031986163139344,1.4381023575354446,69171.2,62288.73393528756,5.854903584951806,2.5582521243525824,6.093708123678838,1.5069412628085952,6.251569670276017,1.5539381269813175,6.050246487427113,1.4484962221217463,69171.2,62288.73393528756,3.7878787878787874e-06,7.5909546975019154e-06,6.051751623514418,1.4500610686540822,4.597522473335266,1.045847813809084,9.422498958587646,1.9929710438407733,68825.0,61977.186267776655,5.856228323513712,2.561322644981696,6.095201431608024,1.5087864023151387,5.93675871646279,1.3783459123211457,4.544687901496888,1.0469274626872205,9.324038471221924,1.999217365786882,66369.0,61020.82222471212,7.546182171787372,2.877663911816282,0.0,0.0,2.824817872460317,1.2088920327606405,250,11,wallpath_pi_task1_final_seed11_r0005,results\wallpath_pi_task1_final_seed11_r0005\run_1
direct_rf_geometry,0.005,11,346.2,311.54776203999364,69171.2,62288.73393528756,346.2,311.54776203999364,3.4,0.490880693673816,6.720886441152598,2.2212062573804467,4.824202167510986,1.7477297104936305,3.485388454437256,1.6650812610499546,11.328916774749755,3.856650904808463,14.163866195678713,4.697735028544246,-1.928983400510624,2.7605741070633973,5.995082500457763,1.6866214528956196,69171.2,62288.73393528756,0.8159445948708133,0.4700252415280874,6.980703623927372,2.2796149043162552,7.355596631890656,2.294778728003718,6.720886441152598,2.2212062573804467,69171.2,62288.73393528756,3.7878787878787874e-06,7.5909546975019154e-06,6.720810166554564,2.2211399073931823,4.82396941947937,1.7476142277036286,11.329477157592772,3.857528216152571,68825.0,61977.186267776655,0.8159461457993636,0.4702506365988357,6.980637189372759,2.279575498037825,6.644164862775949,2.23332864461224,4.749685531616211,1.7586405897995128,11.213664028167724,3.8672030524862544,66369.0,61020.82222471212,7.844639244572989,2.172386628910689,0.6706399537254845,1.982794385376888,3.4954578261858016,1.723687162108291,250,11,wallpath_pi_task1_final_seed11_r0005,results\wallpath_pi_task1_final_seed11_r0005\run_1
log_distance,0.005,11,346.2,311.54776203999364,69171.2,62288.73393528756,346.2,311.54776203999364,3.4,0.490880693673816,7.50473614087007,2.0202575877302227,6.0285314245224,1.7190775293301834,5.209207656860351,1.7183468914025846,12.1566120262146,3.2318464930982955,14.364484325408936,3.718073647729649,-0.0035273605911061,0.6076518403857941,7.484177331924439,2.0058913285458555,69171.2,62288.73393528756,9.85853384306128,4.426416008699152,7.296119429490021,2.0013091803478584,7.255581860833492,1.9989077456884172,7.50473614087007,2.0202575877302227,69171.2,62288.73393528756,3.7878787878787874e-06,7.5909546975019154e-06,7.505262001367864,2.0205197424562686,6.028843269348145,1.7192457337827418,12.157831226348875,3.232936803757271,68825.0,61977.186267776655,9.859841689220248,4.42986002097208,7.296507014013499,2.0015458484803483,7.497680780459114,2.0268220563474717,6.024354852676392,1.7266314294014695,12.142876348495484,3.237256450896429,66369.0,61020.82222471212,7.672217937955539,1.9146083304844344,1.4544896534429566,1.5169419654741718,4.279307525903273,1.4164934949618366,250,11,wallpath_pi_task1_final_seed11_r0005,results\wallpath_pi_task1_final_seed11_r0005\run_1
direct_extra_all_features,0.01,11,692.0,622.7342868092871,69171.2,62288.73393528756,692.0,622.7342868092871,3.4,0.490880693673816,2.8630526379413905,0.8195010970101043,1.897680285692215,0.5915834262417138,1.131780460357666,0.4231570478019292,4.750431129455566,1.4268023356339976,6.314308601379395,1.7742306038171725,-0.1533693484739051,0.2934346294166154,2.847660306930542,0.8064951981397702,69171.2,62288.73393528756,0.7426502159692691,0.3306957623371307,2.9734889989063267,0.851547941657287,3.10386122885255,0.8670641140059666,2.8630526379413905,0.8195010970101043,69171.2,62288.73393528756,3.7878787878787874e-06,7.5909546975019154e-06,2.875160506802647,0.8221149359386491,1.9098788349628448,0.5951116484520408,4.771023633003235,1.4292510289168607,68479.2,61665.9996840083,0.7439703722070786,0.3309086226743031,2.9860866212631776,0.8542970836303084,2.7719408645708223,0.807737133668681,1.8236725494861603,0.5741204265191077,4.588466821670532,1.4210739376265349,66369.0,61020.82222471212,4.1313446275673655,0.7657126000871407,-3.080356774665066,1.1066723329930777,-0.0182177902375075,0.0734520684097961,250,11,wallpath_pi_task1_final_seed11_r001,results\wallpath_pi_task1_final_seed11_r001\run_1
direct_rf_all_features,0.01,11,692.0,622.7342868092871,69171.2,62288.73393528756,692.0,622.7342868092871,3.4,0.490880693673816,2.8812704281788983,0.809225941417002,1.8929551503658293,0.5814512740277624,1.1178572731018066,0.4101887486572931,4.759432734489441,1.3854957519034738,6.353430785179138,1.722735808918419,-0.1148400802826508,0.2833587727943065,2.8670835738182068,0.8021931988193391,69171.2,62288.73393528756,0.7908054781241753,0.3660430197969129,2.9912635789840687,0.8428832914592804,3.121661602489098,0.8582904830579805,2.8812704281788983,0.809225941417002,69171.2,62288.73393528756,3.7878787878787874e-06,7.5909546975019154e-06,2.893959908012377,0.8123140694969586,1.9061686828136444,0.585536998646602,4.781284452438355,1.3886849999121536,68479.2,61665.9996840083,0.792681993400838,0.3669891260290349,3.004446469247924,0.8461071857347371,2.785396878108753,0.7911382503836709,1.816610725402832,0.5608780558793243,4.587856488227844,1.3712066858164564,66369.0,61020.82222471212,4.188274573630979,0.8173226011405145,-3.062138984427558,1.083478952909824,0.0,0.0,250,11,wallpath_pi_task1_final_seed11_r001,results\wallpath_pi_task1_final_seed11_r001\run_1
wallpath_extra,0.01,11,692.0,622.7342868092871,69171.2,62288.73393528756,692.0,622.7342868092871,3.4,0.490880693673816,2.966839214602491,0.8586174620749938,1.9214761936664584,0.6141443067197534,1.10836376953125,0.454604138213199,4.818668835639953,1.3961001897664118,6.469882931709289,1.7425354375021902,0.0241091741557465,0.2387646954613804,2.958948307991028,0.8526007090888561,69171.2,62288.73393528756,1.2872161582962989,0.6455981753854514,3.0707683992861448,0.8980585913987525,3.202675296261832,0.926083981036327,2.966839214602491,0.8586174620749938,69171.2,62288.73393528756,3.7878787878787874e-06,7.5909546975019154e-06,2.980939462399059,0.8625887469900966,1.937173379182816,0.6192822955564464,4.842281791687012,1.4004391253308608,68479.2,61665.9996840083,1.2930138129058195,0.6482481822213011,3.0853476288709043,0.9022124697404924,2.8558696105900125,0.8265719868541298,1.8427731235027316,0.589338024589905,4.642174921035767,1.367697328839402,66369.0,61020.82222471212,4.410423348528224,1.1563532163522765,-2.9765701980039654,1.0335500152505293,0.0855687864235932,0.2068521156157016,250,11,wallpath_pi_task1_final_seed11_r001,results\wallpath_pi_task1_final_seed11_r001\run_1
wallpath_rf,0.01,11,692.0,622.7342868092871,69171.2,62288.73393528756,692.0,622.7342868092871,3.4,0.490880693673816,3.0016507847128038,0.8890632567172556,1.9234544043540955,0.6312248186040385,1.0935331268310546,0.4694536436138459,4.840607913970947,1.412822766875606,6.525826092720032,1.7652022749797132,0.0252998794562881,0.2515153359064709,2.993070436000824,0.8823452501114764,69171.2,62288.73393528756,1.4459881400734744,0.7303258461475443,3.103518788653597,0.9281981848849536,3.238421546616784,0.9575410745785206,3.0016507847128038,0.8890632567172556,69171.2,62288.73393528756,3.7878787878787874e-06,7.5909546975019154e-06,3.0157349746999773,0.8931407294390968,1.9388126513957975,0.6364038146929377,4.864262384414673,1.4165757478984888,68479.2,61665.9996840083,1.452636828059597,0.7332331688726738,3.1180657416850326,0.932475478959217,2.8857231774488787,0.8524096898994007,1.8432237715721127,0.6054429052901088,4.659516500473022,1.3848097812097673,66369.0,61020.82222471212,4.4862201354356985,1.2545014517829478,-2.941758627893653,1.0261030669127371,0.1203803565339053,0.2259634918523413,250,11,wallpath_pi_task1_final_seed11_r001,results\wallpath_pi_task1_final_seed11_r001\run_1
wallpath_calibrated,0.01,11,692.0,622.7342868092871,69171.2,62288.73393528756,692.0,622.7342868092871,3.4,0.490880693673816,3.004964164085984,0.780790689435121,2.0525504751205443,0.5468630516822784,1.3024071350097657,0.397307079180925,4.970574281692505,1.3357485410732706,6.505603581428528,1.7198210864977308,-0.2893119485480711,0.3781972252214673,2.970185225009918,0.7691174868712067,69171.2,62288.73393528756,0.8164573035988796,0.3552243449736618,3.121995098560438,0.8175211769683454,3.2611079305471984,0.8340761511385445,3.004964164085984,0.780790689435121,69171.2,62288.73393528756,3.7878787878787874e-06,7.5909546975019154e-06,3.018428469065023,0.7839516928766285,2.0675765910148622,0.5509669366479888,4.992171417236328,1.3403909318457017,68479.2,61665.9996840083,0.819962967617629,0.3566028252855007,3.1359796254037446,0.820896777175489,2.9136059546554267,0.7596139913555933,1.98086728143692,0.5277728480105872,4.81544144153595,1.3109942460870176,66369.0,61020.82222471212,4.254742841908587,0.882967778096766,-2.938445248520472,1.0264526242103895,0.1236937359070861,0.1258738601280633,250,11,wallpath_pi_task1_final_seed11_r001,results\wallpath_pi_task1_final_seed11_r001\run_1
multi_wall_residual_idw,0.01,11,692.0,622.7342868092871,69171.2,62288.73393528756,692.0,622.7342868092871,3.4,0.490880693673816,3.662554967930172,1.0137861875561909,2.456034494876861,0.5982591806302922,1.6626737174987791,0.406248495933475,5.588402027130127,1.391466607288018,7.310323802947998,1.8775469672421223,0.0192340672509744,0.2445474398997451,3.655721337318421,1.0091107702466071,69171.2,62288.73393528756,2.9364508870575263,1.406499511537978,3.740196767153457,1.078351011231551,3.883883833917708,1.1305189242669749,3.662554967930172,1.0137861875561909,69171.2,62288.73393528756,3.7878787878787874e-06,7.5909546975019154e-06,3.681028706998824,1.0189122750499615,2.4808727960586547,0.60432653296968,5.613355715751648,1.3984301615759598,68479.2,61665.9996840083,2.95140561641891,1.412857967619609,3.7590348834424767,1.083772647838019,3.5225389134261444,0.9299569280933436,2.3832302503585816,0.574305108987049,5.45240299987793,1.3572724870178627,66369.0,61020.82222471212,5.342898443344133,2.237415882341519,-2.2808544446762844,0.8249157863329871,0.781284539751274,0.4996977605141071,250,11,wallpath_pi_task1_final_seed11_r001,results\wallpath_pi_task1_final_seed11_r001\run_1
idw,0.01,11,692.0,622.7342868092871,69171.2,62288.73393528756,692.0,622.7342868092871,3.4,0.490880693673816,4.226791240936065,0.9158472118717694,3.113495775699616,0.6916638605864972,2.3322286071777345,0.5625274201231809,6.925487844467163,1.5332311772562564,8.686809621810912,1.9342080099868573,-0.1454131457936018,0.387948812648839,4.209111968994141,0.9041160768578386,69171.2,62288.73393528756,7.728450914642812,3.3334789325657,3.988118844095416,0.8996734443158723,3.985630790826276,0.8719783026628657,4.226791240936065,0.9158472118717694,69171.2,62288.73393528756,3.7878787878787874e-06,7.5909546975019154e-06,4.248110468931707,0.9204828986823488,3.144982888698578,0.6986818815529661,6.950927085876465,1.5387908180556211,68479.2,61665.9996840083,7.767121477918229,3.343077767319458,4.008210618758423,0.9042248251219824,4.1872958398125695,0.9131280759483732,3.08014680480957,0.6872084563167661,6.8592494640350345,1.5292538806873337,66369.0,61020.82222471212,4.895798216085926,0.789890088204052,-1.716618171670391,1.081262348006229,1.3455208127571674,0.3930387638998425,250,11,wallpath_pi_task1_final_seed11_r001,results\wallpath_pi_task1_final_seed11_r001\run_1
direct_rf_sparse_anchor,0.01,11,692.0,622.7342868092871,69171.2,62288.73393528756,692.0,622.7342868092871,3.4,0.490880693673816,5.024678025220698,1.0427438215345763,3.6402273931503295,0.8467960619144116,2.659515853881836,0.9207915913473383,8.449758081436157,1.8355590668017836,10.507860328674315,2.231358917165923,-0.901900031525176,0.9317810429244618,4.86064925289154,1.015464588054638,69171.2,62288.73393528756,0.8385467901393411,0.3974877169871221,5.2275150233872205,1.10160766046745,5.498425206090017,1.0891779124672205,5.024678025220698,1.0427438215345763,69171.2,62288.73393528756,3.7878787878787874e-06,7.5909546975019154e-06,5.024811853306393,1.042907984543548,3.640321928024292,0.8469915612350648,8.450007955551147,1.8352293860304367,68479.2,61665.9996840083,0.8381236724549925,0.39682580004801,5.227643261808494,1.1018124609822844,4.953034311741554,1.0417066747461343,3.572448860168457,0.8512083427827105,8.342461233139039,1.8373175635016117,66369.0,61020.82222471212,6.0614047922672,1.1035179198581375,-0.9187313873857574,0.852576538137602,2.1434075970418007,0.7397690565725354,250,11,wallpath_pi_task1_final_seed11_r001,results\wallpath_pi_task1_final_seed11_r001\run_1
multi_wall,0.01,11,692.0,622.7342868092871,69171.2,62288.73393528756,692.0,622.7342868092871,3.4,0.490880693673816,5.943409412606456,1.29622786658027,4.558371753692627,0.9912853457277524,3.7259538269042967,0.9396364816696084,9.383792726516724,1.989521808975364,11.501405654907227,2.467009062444389,0.026464110383531,0.305239800192436,5.9363455991745,1.2929536474180028,69171.2,62288.73393528756,5.612014915405259,2.0577751134457185,5.992056026941924,1.3455449139963205,6.154993553294487,1.3965562807429632,5.943409412606456,1.29622786658027,69171.2,62288.73393528756,3.7878787878787874e-06,7.5909546975019154e-06,5.945145966765272,1.297433131789679,4.5592305355072025,0.991426482856382,9.385566347122191,1.9903725663899248,68479.2,61665.9996840083,5.613810285215156,2.0602902210479224,5.993771820092241,1.346962023655529,5.8429542543826845,1.2540623608618642,4.506923578262329,0.9887858198137892,9.28892735481262,1.9845548775956143,66369.0,61020.82222471212,7.292743241476517,2.3409074363835445,0.0,0.0,3.062138984427558,1.083478952909824,250,11,wallpath_pi_task1_final_seed11_r001,results\wallpath_pi_task1_final_seed11_r001\run_1
direct_rf_geometry,0.01,11,692.0,622.7342868092871,69171.2,62288.73393528756,692.0,622.7342868092871,3.4,0.490880693673816,6.184521392150151,1.226749932954205,4.37391706609726,1.0543726701833311,3.0276481437683107,1.2298850785527045,10.50977942085266,2.227313453406288,13.196958318710328,2.6542645208860987,0.0293998374231159,2.5042584974254902,5.70589474105835,0.9734467620049468,69171.2,62288.73393528756,0.8360209039489733,0.4401692593684955,6.42969923628051,1.2600470420428578,6.794038461155249,1.310203973935521,6.184521392150151,1.226749932954205,69171.2,62288.73393528756,3.7878787878787874e-06,7.5909546975019154e-06,6.184457518990128,1.2269662551960536,4.373766077995301,1.0546807744524094,10.509669380187988,2.227830702873608,68479.2,61665.9996840083,0.8358668550439636,0.4398586343574529,6.429605905189292,1.2603023646937417,6.079894512769848,1.2550367663908728,4.282558706760407,1.0841226587063628,10.345566673278809,2.26848169927648,66369.0,61020.82222471212,7.889499888627125,1.7579358436902837,0.2411119795436951,1.4423334347954977,3.3032509639712533,1.2978588972473837,250,11,wallpath_pi_task1_final_seed11_r001,results\wallpath_pi_task1_final_seed11_r001\run_1
log_distance,0.01,11,692.0,622.7342868092871,69171.2,62288.73393528756,692.0,622.7342868092871,3.4,0.490880693673816,7.4671650562617105,1.9941532996016245,6.012729655265808,1.7092446785426694,5.200783969879151,1.7108505887758705,12.127714574813842,3.1893012053471854,14.272851078033447,3.5993800159631184,-0.0194350417004898,0.4224886996681712,7.45721138381958,1.9871889338994,69171.2,62288.73393528756,9.518190007197315,3.993266017072289,7.264930118736629,1.97672282835385,7.248973406766472,1.9854761057121717,7.4671650562617105,1.9941532996016245,69171.2,62288.73393528756,3.7878787878787874e-06,7.5909546975019154e-06,7.467630422615299,1.9939250975562024,6.0129911403656005,1.7089195238670591,12.12859228515625,3.189461020645449,68479.2,61665.9996840083,9.520735493947573,3.995736182804993,7.265143917758831,1.9763233470767696,7.460261775864281,2.0009857997127267,6.008638582229614,1.7170144989039624,12.114070322036744,3.1946578641967,66369.0,61020.82222471212,7.635061687023825,1.887625619422135,1.5237556436552546,1.4689448413885478,4.585894628082813,1.443587521621264,250,11,wallpath_pi_task1_final_seed11_r001,results\wallpath_pi_task1_final_seed11_r001\run_1
direct_extra_all_features,0.05,11,3458.8,3114.3119812353198,69171.2,62288.73393528756,3458.8,3114.3119812353198,3.4,0.490880693673816,2.2144667830528344,0.6532742402273451,1.3936795480251312,0.4647686776974268,0.7646204528808593,0.2933767743227881,3.549409440517425,1.1991667930461622,4.914917687416077,1.4380197810480069,-0.106551283466164,0.2314804108890547,2.2034767179489134,0.6408819363549261,69171.2,62288.73393528756,0.6942027981453386,0.2878196892240622,2.298497691525789,0.6823754801545963,2.399943254091045,0.698741446401012,2.2144667830528344,0.6532742402273451,69171.2,62288.73393528756,3.7878787878787874e-06,7.5909546975019154e-06,2.264581181762847,0.6650670787697179,1.4415315630435943,0.4793285618000226,3.642946533679962,1.2131645032119374,65712.4,59174.42195997515,0.7003317668704315,0.2873187032877747,2.35074280764162,0.6948116973871635,2.120026552944353,0.6485435086991769,1.3261293392181397,0.4505658371384856,3.379429898262024,1.1971595659683485,66369.0,61020.82222471212,3.4791587726532627,0.5760354454494753,-3.654456192667706,1.0930687020620824,-0.0129782236988516,0.0650686571397687,250,11,wallpath_pi_task1_final_seed11_r005,results\wallpath_pi_task1_final_seed11_r005\run_1
direct_rf_all_features,0.05,11,3458.8,3114.3119812353198,69171.2,62288.73393528756,3458.8,3114.3119812353198,3.4,0.490880693673816,2.2274450067516853,0.6514701811422815,1.3677350032329558,0.4562378983908284,0.7222471694946289,0.2779932205163314,3.5269943976402285,1.192339193096112,4.950929831504822,1.4157658854846016,-0.055033611269464,0.1680601167150006,2.2220461468696597,0.646101164246497,69171.2,62288.73393528756,0.7721611321281644,0.326998600602323,2.3094137786894877,0.6818542335338472,2.409703065706022,0.6996508568809773,2.2274450067516853,0.6514701811422815,69171.2,62288.73393528756,3.7878787878787874e-06,7.5909546975019154e-06,2.27984989439339,0.6651777924378777,1.4213806750774385,0.4736245837212155,3.625742291450501,1.2080800850613211,65712.4,59174.42195997515,0.7836724006301997,0.3333377654008283,2.3638905948517084,0.6963016755208629,2.125083679387324,0.6380973199547482,1.2974019248485564,0.4379303095747705,3.345037511825561,1.1815750892898764,66369.0,61020.82222471212,3.560751603289446,0.6487259849654882,-3.641477968968855,1.0763287447975252,0.0,0.0,250,11,wallpath_pi_task1_final_seed11_r005,results\wallpath_pi_task1_final_seed11_r005\run_1
wallpath_extra,0.05,11,3458.8,3114.3119812353198,69171.2,62288.73393528756,3458.8,3114.3119812353198,3.4,0.490880693673816,2.24491106618243,0.6733427461031681,1.3223936996459962,0.4737902778255499,0.6353786582946778,0.2918644091757884,3.477819317817688,1.208309469090676,4.948189578056335,1.4155176694601954,0.0036524656829424,0.1073862876223613,2.2427780480384825,0.67205767113142,69171.2,62288.73393528756,0.9495441366058618,0.4914307932145974,2.3260812517250224,0.7066588726469972,2.431912195769603,0.7286211142010144,2.24491106618243,0.6733427461031681,69171.2,62288.73393528756,3.7878787878787874e-06,7.5909546975019154e-06,2.3013423556244006,0.6901950725328678,1.3803982985019685,0.4953737877409096,3.584775813102722,1.226184037468154,65712.4,59174.42195997515,0.9709791674490784,0.5011047985401702,2.384602840849976,0.724361924604135,2.1245477963971715,0.6466247435950367,1.2472420740127563,0.4517736797955643,3.285068067550659,1.1938590147653585,66369.0,61020.82222471212,3.730298489140726,0.8780324581883963,-3.6240119095381096,1.0597529040958835,0.0174660594307442,0.1200623852067921,250,11,wallpath_pi_task1_final_seed11_r005,results\wallpath_pi_task1_final_seed11_r005\run_1
wallpath_rf,0.05,11,3458.8,3114.3119812353198,69171.2,62288.73393528756,3458.8,3114.3119812353198,3.4,0.490880693673816,2.2915881732888703,0.6998272078094363,1.332083751916885,0.4866849026636989,0.6327517471313476,0.3009392175202319,3.5026237363815307,1.2295940020537597,5.000528102874756,1.4494581393082904,0.0038979153805412,0.1164633647905207,2.2891798214912416,0.698190878726293,69171.2,62288.73393528756,1.0776122661162766,0.6084125613137841,2.372344417215227,0.7333578886877761,2.48112813311576,0.7552611716199359,2.2915881732888703,0.6998272078094363,69171.2,62288.73393528756,3.7878787878787874e-06,7.5909546975019154e-06,2.3483527469339,0.7173558511331183,1.3884546015262604,0.5085786384394869,3.609102663993836,1.2468318444555857,65712.4,59174.42195997515,1.1019128074958993,0.6204637234263223,2.431173562331454,0.75177247455879,2.16459757690532,0.6679486399668528,1.255572531938553,0.463981727216876,3.306451715946197,1.2131543557813846,66369.0,61020.82222471212,3.8338760653460575,0.9864466314181036,-3.577334802431669,1.0559971208596746,0.0641431665371849,0.1490093984360739,250,11,wallpath_pi_task1_final_seed11_r005,results\wallpath_pi_task1_final_seed11_r005\run_1
wallpath_calibrated,0.05,11,3458.8,3114.3119812353198,69171.2,62288.73393528756,3458.8,3114.3119812353198,3.4,0.490880693673816,2.411340190675119,0.6146558415164601,1.6092360513210298,0.4215703977430016,0.9835740394592284,0.2834721463693246,3.93258825969696,1.0755783516440445,5.23452818775177,1.3662207057339977,-0.1756161394938826,0.2653202572699437,2.393294622898102,0.6030840820820879,69171.2,62288.73393528756,0.7600791360254235,0.3128431950553304,2.5028313404222726,0.6415797532219156,2.611922633098752,0.6566148074121982,2.411340190675119,0.6146558415164601,69171.2,62288.73393528756,3.7878787878787874e-06,7.5909546975019154e-06,2.468877104035081,0.627994693117169,1.671949123620987,0.4382419576686665,4.025175895690918,1.0941134018413547,65712.4,59174.42195997515,0.7780891411342941,0.3193246182345896,2.562602047598052,0.6557131946088908,2.321350936906956,0.5998803102875826,1.5443298053741454,0.4062662850340978,3.7801203117370608,1.05917178662182,66369.0,61020.82222471212,3.6251818385911694,0.6446540256432998,-3.457582785045421,1.0430968972593906,0.1838951839234328,0.1013231947852966,250,11,wallpath_pi_task1_final_seed11_r005,results\wallpath_pi_task1_final_seed11_r005\run_1
multi_wall_residual_idw,0.05,11,3458.8,3114.3119812353198,69171.2,62288.73393528756,3458.8,3114.3119812353198,3.4,0.490880693673816,2.983198594999054,0.7118756279638639,1.9839355597496036,0.4519525922609481,1.3401732482910156,0.3158599281321873,4.579792251586914,1.1136027715871242,6.015324956893921,1.4773879026789294,-0.0017383397815283,0.0952711064609085,2.9818963823318483,0.7112047923148348,69171.2,62288.73393528756,2.390415901198293,1.1097559502708534,3.050259868308598,0.75744834324236,3.1710097472464,0.7879810369288028,2.983198594999054,0.7118756279638639,69171.2,62288.73393528756,3.7878787878787874e-06,7.5909546975019154e-06,3.0607144544013947,0.7303845251870733,2.088376854419708,0.4757615412673053,4.684199726104736,1.1394506178107515,65712.4,59174.42195997515,2.450731603264761,1.1330695753082645,3.129537713266525,0.7771216273501798,2.8627508488775937,0.6719046227720876,1.9200632963180544,0.435668957223274,4.449953281402588,1.0899097812982628,66369.0,61020.82222471212,4.4975652652671965,1.3255255698382098,-2.885724380721486,0.8909320802054679,0.7557535882473685,0.2834385516128999,250,11,wallpath_pi_task1_final_seed11_r005,results\wallpath_pi_task1_final_seed11_r005\run_1
idw,0.05,11,3458.8,3114.3119812353198,69171.2,62288.73393528756,3458.8,3114.3119812353198,3.4,0.490880693673816,3.372926405336415,0.6711475396534331,2.4709622797966,0.5026822696168943,1.8761493453979488,0.4115951767695203,5.501463379859924,1.1326864756860997,6.919624660491944,1.412349898368887,-0.078780358306074,0.1324321575783379,3.3697846593856813,0.6695841132645819,69171.2,62288.73393528756,6.309710197903311,2.619755774722044,3.18172043283707,0.6657947998942132,3.1814541499019566,0.6444883344888844,3.372926405336415,0.6711475396534331,69171.2,62288.73393528756,3.7878787878787874e-06,7.5909546975019154e-06,3.460568940282344,0.6886023015158034,2.6010420994758605,0.5291674030936409,5.607782645225525,1.1527569562089195,65712.4,59174.42195997515,6.468749560895226,2.672414331493869,3.2644244431604257,0.6831638033304782,3.3340227258160904,0.6694668720180773,2.440225501537323,0.4992844072162817,5.433290133476257,1.1263446645498076,66369.0,61020.82222471212,4.025567566086197,0.5458408474429406,-2.4959965703841247,1.0220903385235445,1.1454813985847294,0.2548183363654911,250,11,wallpath_pi_task1_final_seed11_r005,results\wallpath_pi_task1_final_seed11_r005\run_1
direct_rf_sparse_anchor,0.05,11,3458.8,3114.3119812353198,69171.2,62288.73393528756,3458.8,3114.3119812353198,3.4,0.490880693673816,5.008724719622082,1.0157120544693825,3.63733645439148,0.8343510551239889,2.6812271881103515,0.9201973657262322,8.427859939575196,1.7767609561330662,10.440791362762452,2.179792305468043,-1.0425598577102646,0.9168272229622968,4.813570687294006,1.0124832263218515,69171.2,62288.73393528756,0.8367757499576897,0.4263301270507674,5.2100151214615655,1.0703383677345542,5.485055743279221,1.0581393316795369,5.008724719622082,1.0157120544693825,69171.2,62288.73393528756,3.7878787878787874e-06,7.5909546975019154e-06,5.009120324322665,1.0159531532284638,3.637449902534485,0.8347832932237423,8.428808950424195,1.776902624314893,65712.4,59174.42195997515,0.8344979674312868,0.4256073668568146,5.210481696597868,1.0705600504324937,4.942971631774863,1.01355822867378,3.573581155776977,0.8373943164414763,8.33402414894104,1.7731195805429525,66369.0,61020.82222471212,5.954432068985352,1.1109814262705042,-0.8601982560984588,0.8010665335592974,2.781279712870396,0.7898680291354537,250,11,wallpath_pi_task1_final_seed11_r005,results\wallpath_pi_task1_final_seed11_r005\run_1
multi_wall,0.05,11,3458.8,3114.3119812353198,69171.2,62288.73393528756,3458.8,3114.3119812353198,3.4,0.490880693673816,5.86892297572054,1.2425005612474298,4.545780791282654,1.007045748759512,3.742767601013184,0.9744466789187032,9.35356297492981,1.9886641161965624,11.399780141830444,2.3999172197686534,0.0021934716744581,0.1256207172228376,5.867726622581482,1.242266617217308,69171.2,62288.73393528756,5.660778194477516,2.0356641202672794,5.907537612326222,1.272987094850358,6.060658086589983,1.3024481541950466,5.86892297572054,1.2425005612474298,69171.2,62288.73393528756,3.7878787878787874e-06,7.5909546975019154e-06,5.870432494743222,1.2424806707757896,4.546415512084961,1.007167022658656,9.353692714691162,1.9883016180753892,65712.4,59174.42195997515,5.663699236298791,2.0350055924845427,5.909077740679835,1.2730237608272097,5.786375247016992,1.2317371415542937,4.49925045967102,1.0073300747210745,9.263972995758056,1.9873921155462573,66369.0,61020.82222471212,7.076531792530553,1.7060804875642506,0.0,0.0,3.641477968968855,1.0763287447975252,250,11,wallpath_pi_task1_final_seed11_r005,results\wallpath_pi_task1_final_seed11_r005\run_1
direct_rf_geometry,0.05,11,3458.8,3114.3119812353198,69171.2,62288.73393528756,3458.8,3114.3119812353198,3.4,0.490880693673816,7.068149633299869,2.42231862720765,5.041464155197144,1.9180449933399224,3.5006003303527837,1.7253829478771645,12.091741779327393,4.569386328505347,14.993753448486329,5.140805200670032,-2.7711464195773003,2.9605574088080586,6.069060928344727,1.6037074973809171,69171.2,62288.73393528756,0.8149672749981246,0.3915934694897539,7.328278861713148,2.4230288384124554,7.719241476263666,2.41281560112842,7.068149633299869,2.42231862720765,69171.2,62288.73393528756,3.7878787878787874e-06,7.5909546975019154e-06,7.0684563785516366,2.4229267531850573,5.041115827560425,1.9182097169092416,12.093396287918091,4.572094889179871,65712.4,59174.42195997515,0.8121543778792052,0.3916562216648331,7.328716212590216,2.4238608289136923,6.997988561574776,2.4582302597784613,4.975785442352295,1.937515909072434,12.00168850517273,4.623904598440168,66369.0,61020.82222471212,8.238990342080182,2.152378592412477,1.1992266575793291,2.0497282557981173,4.840704626548184,2.0154448274506285,250,11,wallpath_pi_task1_final_seed11_r005,results\wallpath_pi_task1_final_seed11_r005\run_1
log_distance,0.05,11,3458.8,3114.3119812353198,69171.2,62288.73393528756,3458.8,3114.3119812353198,3.4,0.490880693673816,7.444400712017063,1.9811885198463437,5.992651900291443,1.6954078432660602,5.179353210449219,1.6986049768704632,12.09857187271118,3.1705715068907483,14.251708808898924,3.625428821414004,-0.01688523992314,0.180779438308005,7.442668594360351,1.9799035922442685,69171.2,62288.73393528756,9.523277160378392,3.744215816778383,7.2425314827219776,1.9714527189785915,7.223582774517901,1.9809726508549024,7.444400712017063,1.9811885198463437,69171.2,62288.73393528756,3.7878787878787874e-06,7.5909546975019154e-06,7.444643610902067,1.981460943230227,5.992903787612915,1.695472659665973,12.099168462753296,3.1716560769884987,65712.4,59174.42195997515,9.53061284992063,3.7593697435719458,7.242380265925152,1.9715269489642608,7.437056204989991,1.9874673099587363,5.988233287811279,1.70304302550201,12.083018495559692,3.17331940005477,66369.0,61020.82222471212,7.617568353058685,1.881031103169451,1.5754777362965235,1.4548799507778978,5.216955705265378,1.5234524856934766,250,11,wallpath_pi_task1_final_seed11_r005,results\wallpath_pi_task1_final_seed11_r005\run_1
direct_extra_all_features,0.1,11,6917.2,6228.817127773537,69171.2,62288.73393528756,6917.2,6228.817127773537,3.4,0.490880693673816,1.9357189010007485,0.5680735175850717,1.1754661526679993,0.3969954636312476,0.609640281677246,0.2383879940967253,3.016132565498352,1.0629666365964987,4.290010897636414,1.2770149596541127,-0.0600165419816039,0.1627090482185276,1.929726318359375,0.5621606509815907,69171.2,62288.73393528756,0.6636893371207366,0.2815629037906601,2.0083857746752884,0.5940545158884052,2.096279261881978,0.6089076303563894,1.9357189010007485,0.5680735175850717,69171.2,62288.73393528756,3.7878787878787874e-06,7.5909546975019154e-06,2.0314061928660783,0.5917651003373872,1.2703034393787385,0.4247298709655596,3.1967933731079103,1.0932775898775229,62254.0,56059.9168095241,0.6822802980160818,0.2875605602421809,2.108074196032342,0.619195885030195,1.8420352532162687,0.56158157228736,1.1131953213214874,0.3828585607710288,2.84799403333664,1.051101464097692,66369.0,61020.82222471212,3.1549147638744874,0.5323857849771126,-3.9247004624258426,1.0855670435782805,-0.0127370267816346,0.058550879029065,250,11,wallpath_pi_task1_final_seed11_r010,results\wallpath_pi_task1_final_seed11_r010\run_1
direct_rf_all_features,0.1,11,6917.2,6228.817127773537,69171.2,62288.73393528756,6917.2,6228.817127773537,3.4,0.490880693673816,1.9484559277823827,0.5792891498191632,1.133910620689392,0.396790789664585,0.5487444076538086,0.2308007464627625,2.9720145359039307,1.0952992233518215,4.320992458343506,1.298174409459241,-0.0288530303697043,0.115982336586932,1.9455987148284912,0.5767266737407262,69171.2,62288.73393528756,0.7236468745501569,0.3089189818903902,2.019774202355666,0.607777287524906,2.107418324804428,0.624422746342174,1.9484559277823827,0.5792891498191632,69171.2,62288.73393528756,3.7878787878787874e-06,7.5909546975019154e-06,2.0476773526567,0.6068906673755077,1.2368547852039338,0.4312838315206344,3.1652539262771606,1.132093117946248,62254.0,56059.9168095241,0.7495692079894397,0.3214636747969571,2.122913587813274,0.6370335924967787,1.847752125170692,0.5664517695476199,1.069604329109192,0.3797573287126199,2.797403690814972,1.0757562098983977,66369.0,61020.82222471212,3.227646130892184,0.6051237426838939,-3.911963435644208,1.074510985413874,0.0,0.0,250,11,wallpath_pi_task1_final_seed11_r010,results\wallpath_pi_task1_final_seed11_r010\run_1
wallpath_extra,0.1,11,6917.2,6228.817127773537,69171.2,62288.73393528756,6917.2,6228.817127773537,3.4,0.490880693673816,1.953376809425804,0.6034854577508079,1.0841979101896286,0.4071156501848594,0.4593052139282226,0.2155955859126634,2.9053718202114105,1.1257126972661364,4.293009909629822,1.323609628779909,0.0074334279296454,0.0829600788255142,1.9519952552318571,0.6023547880944397,69171.2,62288.73393528756,0.7903685824972689,0.3862408311555306,2.0252735554524217,0.6347654902644364,2.119030300281179,0.6556360121046494,1.953376809425804,0.6034854577508079,69171.2,62288.73393528756,3.7878787878787874e-06,7.5909546975019154e-06,2.0561978940995136,0.6350964496800136,1.186170952796936,0.4471504736473617,3.10723019695282,1.1624849845247824,62254.0,56059.9168095241,0.8295940919543238,0.4056518369798737,2.131994838935055,0.6681293196842215,1.8366978706053187,0.5799158957395559,1.015757462620735,0.3867981076766074,2.717885031938553,1.1039473573004102,66369.0,61020.82222471212,3.356731727444407,0.8582696092590648,-3.907042554000787,1.062080333460273,0.0049208816434207,0.0954845267809021,250,11,wallpath_pi_task1_final_seed11_r010,results\wallpath_pi_task1_final_seed11_r010\run_1
wallpath_rf,0.1,11,6917.2,6228.817127773537,69171.2,62288.73393528756,6917.2,6228.817127773537,3.4,0.490880693673816,1.988304976962656,0.6200775726137073,1.0916176068782806,0.4147384549819419,0.4587578239440918,0.2244420078553685,2.924379830598831,1.1364198406964925,4.331822232246399,1.341507064374965,0.0031076013309539,0.087036306504864,1.9867918634414672,0.618961148867209,69171.2,62288.73393528756,0.8786232153985348,0.4512294625411674,2.05988275840205,0.6512980125638389,2.1556432230178677,0.6722927843996607,1.988304976962656,0.6200775726137073,69171.2,62288.73393528756,3.7878787878787874e-06,7.5909546975019154e-06,2.091952946978654,0.6524965390955375,1.1926825096607208,0.455160794930774,3.1257104983329773,1.1729859922325077,62254.0,56059.9168095241,0.921936600395467,0.474001376430295,2.16740135862787,0.6855060816210626,1.867040729820209,0.5925857626708739,1.0226708027124405,0.3946566882895412,2.7347133984565737,1.114898740556715,66369.0,61020.82222471212,3.4307382533493445,0.9613830810289696,-3.872114386463936,1.0536493538143377,0.0398490491802729,0.1231969421573998,250,11,wallpath_pi_task1_final_seed11_r010,results\wallpath_pi_task1_final_seed11_r010\run_1
wallpath_calibrated,0.1,11,6917.2,6228.817127773537,69171.2,62288.73393528756,6917.2,6228.817127773537,3.4,0.490880693673816,2.1818268139217456,0.5464004590299208,1.4313795063495636,0.3661538569798975,0.8523429565429688,0.2404370113143847,3.542545127868652,0.9507330679046784,4.742447472572327,1.2140612864375964,-0.1159704868406988,0.2271546105591823,2.169316815376282,0.536917517765656,69171.2,62288.73393528756,0.7308490828156129,0.3239418610021052,2.2640809973826186,0.5717987239590363,2.360667443800421,0.5856525907905021,2.1818268139217456,0.5464004590299208,69171.2,62288.73393528756,3.7878787878787874e-06,7.5909546975019154e-06,2.295051529755386,0.5729707197110259,1.5612793307304382,0.399078623849831,3.723053924560547,0.9898008358544867,62254.0,56059.9168095241,0.7688943762018366,0.3416303842123504,2.3816937865747363,0.5999655782871434,2.0951592756665294,0.5312947113237664,1.3712761030197145,0.3513126101874085,3.395176152706146,0.9310019787242204,66369.0,61020.82222471212,3.3376930416548203,0.5896281273122711,-3.678592549504845,1.0458804944985496,0.2333708861393627,0.1072759006096796,250,11,wallpath_pi_task1_final_seed11_r010,results\wallpath_pi_task1_final_seed11_r010\run_1
multi_wall_residual_idw,0.1,11,6917.2,6228.817127773537,69171.2,62288.73393528756,6917.2,6228.817127773537,3.4,0.490880693673816,2.75063059611994,0.6574049846362298,1.7961860494613648,0.4001438447065258,1.1983913345336914,0.2757620340652876,4.231422093391418,1.0069721288393698,5.575802762985229,1.3519395978286304,-0.0063870517861796,0.0698544109648527,2.7498705911636354,0.6570645526439158,69171.2,62288.73393528756,2.1426118852654974,0.9599446400036992,2.8136175223416666,0.6991817045598012,2.92504698534406,0.7291903778603274,2.75063059611994,0.6574049846362298,69171.2,62288.73393528756,3.7878787878787874e-06,7.5909546975019154e-06,2.899425247775528,0.6929710792636475,1.9957703080177307,0.4446103148226336,4.434903219223022,1.0583718157467707,62254.0,56059.9168095241,2.2589738036435607,1.0123052207804606,2.965918897944878,0.7371345003861258,2.6402532305942468,0.6168961112829731,1.7375905027389529,0.3839832025380409,4.104656920433045,0.9791598606038268,66369.0,61020.82222471212,4.1516756088683815,1.268655041368673,-3.1097887673066507,0.8934372781229407,0.802174668337557,0.2620023727041816,250,11,wallpath_pi_task1_final_seed11_r010,results\wallpath_pi_task1_final_seed11_r010\run_1
idw,0.1,11,6917.2,6228.817127773537,69171.2,62288.73393528756,6917.2,6228.817127773537,3.4,0.490880693673816,3.0829758919290176,0.5761460464136707,2.226505909442902,0.4297081579189092,1.6999252624511718,0.3628492863886473,5.046079960823059,0.9896078149474472,6.343988195419311,1.2307003521717432,-0.0672698480701074,0.0991608639030358,3.0808503189086918,0.575373476401778,69171.2,62288.73393528756,5.632460570905174,2.1016545273322684,2.9138990833449974,0.580204835748366,2.913366944494514,0.5614798873733038,3.0829758919290176,0.5761460464136707,69171.2,62288.73393528756,3.7878787878787874e-06,7.5909546975019154e-06,3.249748471173093,0.6073169051392308,2.4739053654670715,0.4774615588773949,5.245237404823303,1.0267207804546006,62254.0,56059.9168095241,5.937883051483871,2.211553741353526,3.0716253128101108,0.6117353959127023,3.045269431976128,0.5738917746345146,2.1982150492668158,0.4267399601076579,4.979497628211975,0.9801324764265054,66369.0,61020.82222471212,3.708506581880545,0.4622737904048507,-2.7774434714975733,1.0126474417028877,1.1345199641466348,0.2238293932621142,250,11,wallpath_pi_task1_final_seed11_r010,results\wallpath_pi_task1_final_seed11_r010\run_1
direct_rf_sparse_anchor,0.1,11,6917.2,6228.817127773537,69171.2,62288.73393528756,6917.2,6228.817127773537,3.4,0.490880693673816,4.965102235739556,1.0209962706969749,3.613063312530517,0.8392303518925724,2.6607697525024414,0.9055574480579576,8.366909381866455,1.7708824703717447,10.33916204071045,2.1985264781712552,-0.9505940233319998,0.9287619232075724,4.784027760505676,1.022613730882416,69171.2,62288.73393528756,0.8591194931107101,0.4254695763060076,5.165267385535141,1.0807021808482422,5.435659812252225,1.0693328089533465,4.965102235739556,1.0209962706969749,69171.2,62288.73393528756,3.7878787878787874e-06,7.5909546975019154e-06,4.965684644548907,1.0210557359460368,3.613074252128601,0.8391156778178593,8.368040752410888,1.771783492366204,62254.0,56059.9168095241,0.8569850711162245,0.4281325185885353,5.16609113554863,1.081122999721173,4.89843763623565,1.0168676909204657,3.5490954914093016,0.840715913729318,8.272087839126588,1.7611811939131508,66369.0,61020.82222471212,5.930184730534094,1.118278839914628,-0.8953171276870349,0.7932449263740547,3.0166463079571733,0.7951735779470737,250,11,wallpath_pi_task1_final_seed11_r010,results\wallpath_pi_task1_final_seed11_r010\run_1
multi_wall,0.1,11,6917.2,6228.817127773537,69171.2,62288.73393528756,6917.2,6228.817127773537,3.4,0.490880693673816,5.86041936342659,1.2398466717051009,4.543767440795898,0.9977228448655344,3.749951541900635,0.9628303029520162,9.33751902961731,1.9643194577322705,11.404754554748536,2.381799290016601,-0.0069559293827041,0.0972626077391034,5.859747219085693,1.2396458627472946,69171.2,62288.73393528756,5.656128843448563,2.0511001610884265,5.896954811266976,1.2700147426279365,6.050027033600667,1.3024334547989391,5.86041936342659,1.2398466717051009,69171.2,62288.73393528756,3.7878787878787874e-06,7.5909546975019154e-06,5.862528963882795,1.2414755425638526,4.544714415550232,0.9979684213498043,9.341319023132325,1.968257658873685,62254.0,56059.9168095241,5.653421380235256,2.0567660090305098,5.899405436286157,1.2721649597841378,5.781668678176857,1.2251018842134611,4.4984303531646725,0.9970757357861082,9.248825645446775,1.963183610321949,66369.0,61020.82222471212,7.027078912122364,1.725775500214666,0.0,0.0,3.911963435644208,1.074510985413874,250,11,wallpath_pi_task1_final_seed11_r010,results\wallpath_pi_task1_final_seed11_r010\run_1
direct_rf_geometry,0.1,11,6917.2,6228.817127773537,69171.2,62288.73393528756,6917.2,6228.817127773537,3.4,0.490880693673816,6.473623057771053,1.7349778950084156,4.663387173652649,1.4826315622821815,3.37343376159668,1.5455497590854004,10.973644521713258,3.089150053688624,13.653727838516236,3.504654579627112,-1.868791462561116,2.433799462448327,5.81714289188385,1.2971038464902471,69171.2,62288.73393528756,0.8204907426599365,0.4020133516214935,6.718937561040391,1.7414627463373638,7.083005087303096,1.7173426210800742,6.473623057771053,1.7349778950084156,69171.2,62288.73393528756,3.7878787878787874e-06,7.5909546975019154e-06,6.474123823443455,1.734193316380254,4.663191197395324,1.4821839971042785,10.976563524246217,3.088848936483178,62254.0,56059.9168095241,0.8170501027233628,0.4042191334856436,6.719706558864323,1.7409218756845517,6.402162663670068,1.7759842425061767,4.597440822124481,1.5126010593133408,10.878834394454955,3.1446927303772862,66369.0,61020.82222471212,7.631723210469253,1.4770292826535387,0.6132036943444616,1.6387959921838426,4.525167129988669,1.5454008005626798,250,11,wallpath_pi_task1_final_seed11_r010,results\wallpath_pi_task1_final_seed11_r010\run_1
log_distance,0.1,11,6917.2,6228.817127773537,69171.2,62288.73393528756,6917.2,6228.817127773537,3.4,0.490880693673816,7.441543515295524,1.978452138474723,5.991299812316894,1.6967334443523752,5.176271625518799,1.7014021496959455,12.084321649551391,3.166068532768373,14.23302885055542,3.575520715674557,-0.0078099733266353,0.1251845872834616,7.44069909286499,1.9781669507075232,69171.2,62288.73393528756,9.447678494210328,3.734868869099477,7.242299202953292,1.96590240029552,7.225396402913937,1.976398144115459,7.441543515295524,1.978452138474723,69171.2,62288.73393528756,3.7878787878787874e-06,7.5909546975019154e-06,7.442186085719439,1.9782342256656924,5.991423064231872,1.6962615507520424,12.086324405670164,3.165799703485607,62254.0,56059.9168095241,9.438434362266689,3.7179211955506353,7.243132989620812,1.96585859992689,7.434574361205232,1.9851288813454189,5.987116398811341,1.7045937502493038,12.0686735496521,3.1700071036536515,66369.0,61020.82222471212,7.610193811205966,1.873266610192952,1.5811241518689334,1.4535399164824734,5.493087587513142,1.5678498640054916,250,11,wallpath_pi_task1_final_seed11_r010,results\wallpath_pi_task1_final_seed11_r010\run_1
direct_extra_all_features,0.005,22,346.2,311.54776203999364,69171.2,62288.73393528756,346.2,311.54776203999364,3.4,0.490880693673816,3.185693231467593,0.9262949357531404,2.155402494907379,0.6790876873358185,1.337502124786377,0.516406975821694,5.318757776260376,1.6122160159212204,6.963280645370483,2.0546624022856586,-0.2343816553726792,0.4297138103936221,3.155783740997314,0.8994629532659129,69171.2,62288.73393528756,0.7595713767822964,0.3662461411909769,3.3093930164533965,0.9637243835697528,3.457435682829391,0.9809510383340092,3.185693231467593,0.9262949357531404,69171.2,62288.73393528756,3.7878787878787874e-06,7.5909546975019154e-06,3.19240061249452,0.927720928279954,2.16232474565506,0.6809528883978787,5.329839338302612,1.6142711281374134,68825.0,61977.186267776655,0.7600178603177848,0.3667876747801353,3.3163817327958838,0.9651971597078418,3.1011203647687497,0.9176593094594272,2.083256752252579,0.6644555901122954,5.172169711112976,1.6097253324102307,66369.0,61020.82222471212,4.4023549724596345,0.8553971859883635,-2.8701241686215364,1.24600326560538,-0.0211182563348046,0.1067222045945662,250,22,wallpath_pi_task1_final_seed22_r0005,results\wallpath_pi_task1_final_seed22_r0005\run_1
direct_rf_all_features,0.005,22,346.2,311.54776203999364,69171.2,62288.73393528756,346.2,311.54776203999364,3.4,0.490880693673816,3.206811487802398,0.903367578194578,2.151055176973343,0.6671985133400743,1.3294884147644044,0.5177459945404709,5.328884965896607,1.5482678718723275,6.993223624229431,1.9666423165023577,-0.1977836336698383,0.4210894684031308,3.177027797222137,0.8892521595510475,69171.2,62288.73393528756,0.8178329638881741,0.5568322805722583,3.3300425594941863,0.9401426146186408,3.479322736378528,0.9534599475201042,3.206811487802398,0.903367578194578,69171.2,62288.73393528756,3.7878787878787874e-06,7.5909546975019154e-06,3.2138205735289467,0.905142133910337,2.158391189336777,0.6695417010192081,5.340236249923706,1.5502032189479615,68825.0,61977.186267776655,0.8185873303914252,0.5578680024290708,3.3373359710811807,0.9419697921165704,3.1184501708470385,0.8900942727700741,2.077029970884323,0.6510106462043527,5.176613564491272,1.5416249347606208,66369.0,61020.82222471212,4.450997102251184,0.8825701879136605,-2.8490059122867306,1.2328336330362482,0.0,0.0,250,22,wallpath_pi_task1_final_seed22_r0005,results\wallpath_pi_task1_final_seed22_r0005\run_1
wallpath_extra,0.005,22,346.2,311.54776203999364,69171.2,62288.73393528756,346.2,311.54776203999364,3.4,0.490880693673816,3.326178539124794,0.9773668708675102,2.2284581422805787,0.6961199782301248,1.383479118347168,0.5387029334868384,5.413303550720215,1.537497561466939,7.130911864280701,1.941072447308311,-0.0285442915355961,0.3407345140560227,3.3120090098381043,0.9660236299180266,69171.2,62288.73393528756,1.491974948676187,0.9501186737147844,3.4404633851652915,1.0229871118698268,3.585502419712049,1.0523640685852549,3.326178539124794,0.9773668708675102,69171.2,62288.73393528756,3.7878787878787874e-06,7.5909546975019154e-06,3.3341024598955307,0.9796587072673256,2.2376151185035704,0.6990507376554794,5.4256683397293095,1.5399933489424316,68825.0,61977.186267776655,1.4949222042662589,0.9513907254117272,3.44867456902869,1.025401044441819,3.220287580861793,0.941282853425112,2.152866115570069,0.6727560587008594,5.257027339935303,1.5104500962851353,66369.0,61020.82222471212,4.741830674303693,1.28659892243556,-2.729638860964335,1.1146347721931396,0.1193670513223961,0.3743509216086669,250,22,wallpath_pi_task1_final_seed22_r0005,results\wallpath_pi_task1_final_seed22_r0005\run_1
wallpath_rf,0.005,22,346.2,311.54776203999364,69171.2,62288.73393528756,346.2,311.54776203999364,3.4,0.490880693673816,3.3365618863735933,0.996484618574396,2.2166351261138915,0.7103962782973565,1.3564035606384277,0.5579517272105708,5.414677273750305,1.5391074841297363,7.16006356716156,1.951665755350727,-0.0254181206619832,0.3524761704885985,3.3212993035316467,0.9851690345173204,69171.2,62288.73393528756,1.6836298859822143,1.0279495708792126,3.4464695777871985,1.039864217602223,3.5937062572788663,1.068222898912214,3.3365618863735933,0.996484618574396,69171.2,62288.73393528756,3.7878787878787874e-06,7.5909546975019154e-06,3.3444052931691104,0.998795225095719,2.225498427867889,0.713277811514465,5.427056387901306,1.5417985335396704,68825.0,61977.186267776655,1.6873929971399653,1.0296383287896067,3.4545854271937437,1.0422992939327818,3.226416854655122,0.9571450482900856,2.1393694860935213,0.6859094001137933,5.254980801582336,1.511922991095039,66369.0,61020.82222471212,4.786411568913011,1.336260177731058,-2.7192555137155354,1.1201248095473864,0.1297503985711953,0.3711542071504491,250,22,wallpath_pi_task1_final_seed22_r0005,results\wallpath_pi_task1_final_seed22_r0005\run_1
wallpath_calibrated,0.005,22,346.2,311.54776203999364,69171.2,62288.73393528756,346.2,311.54776203999364,3.4,0.490880693673816,3.340694543187049,0.9015362310226518,2.312365788936615,0.6400088511583594,1.5067636489868164,0.4766473702071991,5.54308966255188,1.5617780660037517,7.192255109786987,1.9872867174628293,-0.4026032394340727,0.5204432197332131,3.2835745120048525,0.8714776492204992,69171.2,62288.73393528756,0.8547947364517335,0.4270657983543407,3.470549735504928,0.9393802107276408,3.627697101051833,0.9567587871487264,3.340694543187049,0.9015362310226518,69171.2,62288.73393528756,3.7878787878787874e-06,7.5909546975019154e-06,3.3480647237859222,0.9032473786419608,2.3206812858581545,0.6422919145856911,5.554399656295776,1.5641759370842985,68825.0,61977.186267776655,0.8561731864390094,0.4277586713726824,3.478222026529027,0.9411970956251388,3.252199294253784,0.8813602448819587,2.241689507007599,0.6220307359039536,5.399115302085876,1.5433423186355903,66369.0,61020.82222471212,4.574142191270292,1.0189113503894616,-2.7151228569020804,1.17371945909116,0.1338830553846506,0.1983610564049991,250,22,wallpath_pi_task1_final_seed22_r0005,results\wallpath_pi_task1_final_seed22_r0005\run_1
multi_wall_residual_idw,0.005,22,346.2,311.54776203999364,69171.2,62288.73393528756,346.2,311.54776203999364,3.4,0.490880693673816,4.075180120026953,1.3353319157140549,2.7360416407585144,0.7136797065539152,1.889754135131836,0.5146405641924239,6.149626851081848,1.595591023444417,7.9982235107421875,2.109145966794122,-0.0099262951998971,0.3930120654822141,4.060726540565491,1.3218433820202202,69171.2,62288.73393528756,3.417888312833509,1.8303263017179556,4.150942021110493,1.4412826981510516,4.306166184996557,1.512244457296308,4.075180120026953,1.3353319157140549,69171.2,62288.73393528756,3.7878787878787874e-06,7.5909546975019154e-06,4.085422717076685,1.3386922711302869,2.749812553882599,0.7172781356957723,6.163166273117065,1.5991530577274198,68825.0,61977.186267776655,3.426180863574701,1.8330515375773853,4.161379369291905,1.444905581876436,3.932048455412197,1.2361583462933172,2.66182052898407,0.6878332810744255,6.014543929100037,1.5626038636141406,66369.0,61020.82222471212,5.881434792518629,2.576315136598234,-1.9806372800621752,0.8656156422840887,0.8683686322245556,0.9003598394377995,250,22,wallpath_pi_task1_final_seed22_r0005,results\wallpath_pi_task1_final_seed22_r0005\run_1
idw,0.005,22,346.2,311.54776203999364,69171.2,62288.73393528756,346.2,311.54776203999364,3.4,0.490880693673816,4.771028589687134,1.125317690261494,3.510724458694458,0.845286967205879,2.622158851623535,0.6847566902413469,7.826336919784546,1.8881121796978464,9.820024229049682,2.4345427730499267,-0.1104326933430275,0.6180587006395517,4.735328663825989,1.1016653101562188,69171.2,62288.73393528756,8.722119052135747,4.080985313162839,4.482937192087509,1.1054382669815692,4.467597153967822,1.0595541763671956,4.771028589687134,1.125317690261494,69171.2,62288.73393528756,3.7878787878787874e-06,7.5909546975019154e-06,4.783020145485756,1.1281524995237076,3.528394380569458,0.8495504062726439,7.841400772094727,1.891998138305357,68825.0,61977.186267776655,8.74249322093976,4.082935294742795,4.494211416444211,1.1082296604566018,4.731618592404846,1.1221943732876145,3.476931052207947,0.8407979755007498,7.761490858078003,1.8842982382114453,66369.0,61020.82222471212,5.4326643533501775,1.021716377160731,-1.284788810401995,1.3240391514257108,1.5642171018847355,0.5861053718388949,250,22,wallpath_pi_task1_final_seed22_r0005,results\wallpath_pi_task1_final_seed22_r0005\run_1
direct_rf_sparse_anchor,0.005,22,346.2,311.54776203999364,69171.2,62288.73393528756,346.2,311.54776203999364,3.4,0.490880693673816,5.031928046389917,1.0594021952869166,3.6464574737548823,0.8616121637553521,2.674164375305176,0.93913341814382,8.477626140594483,1.8361890643451135,10.550891860961912,2.30105819541949,-1.008590634535998,0.9621097764949949,4.838822975158691,1.0439605882459315,69171.2,62288.73393528756,0.8209079053253393,0.415791089000437,5.23220496791277,1.1060664131640374,5.5077403804003735,1.0924151475045996,5.031928046389917,1.0594021952869166,69171.2,62288.73393528756,3.7878787878787874e-06,7.5909546975019154e-06,5.032281431712886,1.0596371765288934,3.6465700826644896,0.8618058426507609,8.47809280014038,1.8364477806824275,68825.0,61977.186267776655,0.8206119744529796,0.4160504340096445,5.232573536737934,1.106255169228416,4.962531005007772,1.0558959559087986,3.5802226152420045,0.8647811879136836,8.371497453689575,1.8300107680315836,66369.0,61020.82222471212,6.017314627154859,1.1765557728999083,-1.023889353699212,1.0821667638715988,1.8251165585875189,0.7086917201301073,250,22,wallpath_pi_task1_final_seed22_r0005,results\wallpath_pi_task1_final_seed22_r0005\run_1
multi_wall,0.005,22,346.2,311.54776203999364,69171.2,62288.73393528756,346.2,311.54776203999364,3.4,0.490880693673816,6.055817400089129,1.4510678729362474,4.605787878990173,1.039196813930538,3.765987144470215,0.99698127459394,9.433573015213012,2.0360565832875177,11.58434896659851,2.4874453592608536,-0.0033090654066763,0.4679749308585058,6.040413730621338,1.4404425448381977,69171.2,62288.73393528756,5.681677017070101,2.209701685465177,6.102872399143579,1.5377616262878775,6.273630532399667,1.5968916816036571,6.055817400089129,1.4510678729362474,69171.2,62288.73393528756,3.7878787878787874e-06,7.5909546975019154e-06,6.057421100498471,1.452596665623438,4.606573189735412,1.039375512579508,9.435304389953613,2.0368512406026547,68825.0,61977.186267776655,5.682610787924321,2.2096573961583483,6.104484834264534,1.5395966583740468,5.948789303874688,1.3899307559675105,4.552659896850586,1.035052621049294,9.330752906799315,2.029063860400385,66369.0,61020.82222471212,7.525675296974921,2.557948779467935,0.0,0.0,2.8490059122867306,1.2328336330362482,250,22,wallpath_pi_task1_final_seed22_r0005,results\wallpath_pi_task1_final_seed22_r0005\run_1
direct_rf_geometry,0.005,22,346.2,311.54776203999364,69171.2,62288.73393528756,346.2,311.54776203999364,3.4,0.490880693673816,6.694947712670335,2.198657472757497,4.817282141685486,1.7376287433187334,3.499749885559082,1.674528518796646,11.27418274497986,3.8092198936901314,14.072014652252196,4.651281647946632,-1.8967357342531903,2.760215809504049,5.973671698570252,1.6669602085450357,69171.2,62288.73393528756,0.8476529416892078,0.5172941494247714,6.9541576327053205,2.261780416663055,7.328429440655198,2.2772713258846107,6.694947712670335,2.198657472757497,69171.2,62288.73393528756,3.7878787878787874e-06,7.5909546975019154e-06,6.694793205791584,2.198582799697199,4.816973608970642,1.7376000095609416,11.274043630599976,3.8089921907567543,68825.0,61977.186267776655,0.8474177657161912,0.5175825665951062,6.953996213373543,2.2616692453880827,6.620091755838351,2.2117088402346563,4.74441401386261,1.7487595465061476,11.168222133636474,3.826406592402556,66369.0,61020.82222471212,7.795022676988558,2.1593957510294746,0.6391303125812065,2.01602566949476,3.488136224867938,1.6928641953129029,250,22,wallpath_pi_task1_final_seed22_r0005,results\wallpath_pi_task1_final_seed22_r0005\run_1
log_distance,0.005,22,346.2,311.54776203999364,69171.2,62288.73393528756,346.2,311.54776203999364,3.4,0.490880693673816,7.500633208514376,2.018762920962,6.027122391700745,1.7210527187850897,5.19575093460083,1.7132457982714018,12.181028232574462,3.256024686939796,14.394438648223876,3.728076522618406,-0.0153940687053836,0.616517093992797,7.478959379196167,2.005755863514469,69171.2,62288.73393528756,9.668317936139584,3.789443316358352,7.278367154554061,1.997769753668551,7.253780703747709,1.9980440238140469,7.500633208514376,2.018762920962,69171.2,62288.73393528756,3.7878787878787874e-06,7.5909546975019154e-06,7.501340540838652,2.019187409297844,6.027570562362671,1.7213172868714544,12.182034133911133,3.256671549921156,68825.0,61977.186267776655,9.669680319351604,3.789834790989645,7.278881316945641,1.99817373478082,7.495076197817765,2.0270102906600505,6.024146188735962,1.7303030108591486,12.16893962097168,3.26451040728295,66369.0,61020.82222471212,7.651344014530517,1.9003388501198613,1.4448158084252467,1.5440153822612324,4.2938217207119775,1.445950267274169,250,22,wallpath_pi_task1_final_seed22_r0005,results\wallpath_pi_task1_final_seed22_r0005\run_1
direct_extra_all_features,0.01,22,692.0,622.7342868092871,69171.2,62288.73393528756,692.0,622.7342868092871,3.4,0.490880693673816,2.879273669396942,0.8414855560282951,1.91099862742424,0.6075348055654302,1.1426648330688476,0.4341763142700224,4.781071276664734,1.4869245550538832,6.332045184135437,1.846992508003268,-0.1844373376116855,0.3797723688125181,2.8553412675857546,0.8172101051799331,69171.2,62288.73393528756,0.7543502662992416,0.3661327879222606,2.990052342712938,0.8738061105366365,3.122071249880692,0.891572336096964,2.879273669396942,0.8414855560282951,69171.2,62288.73393528756,3.7878787878787874e-06,7.5909546975019154e-06,2.891471544889906,0.8441475627688101,1.9231200823783876,0.6109859171280592,4.801709329605102,1.4897401192009367,68479.2,61665.9996840083,0.7551917615831538,0.3672502914456899,3.0027558621633643,0.8765760874633635,2.7900292827627395,0.8348257366412923,1.8382245018482208,0.5922080634541017,4.6238246717453,1.4882772878141362,66369.0,61020.82222471212,4.139569502258507,0.7613182807318971,-3.080477062115294,1.1787468685558666,-0.0104562498525577,0.0699319581262734,250,22,wallpath_pi_task1_final_seed22_r001,results\wallpath_pi_task1_final_seed22_r001\run_1
direct_rf_all_features,0.01,22,692.0,622.7342868092871,69171.2,62288.73393528756,692.0,622.7342868092871,3.4,0.490880693673816,2.8897299192495,0.8222311532109411,1.8990029711723329,0.5882965419607438,1.1197327919006348,0.4141102424052086,4.777639476776123,1.4325343275274955,6.35840399646759,1.7785667140979131,-0.1414372752457857,0.3519198677075393,2.869469288825989,0.8059821836278541,69171.2,62288.73393528756,0.7943817431594424,0.4857392774503468,3.000114067103539,0.8553921455198007,3.132231238536906,0.8715226502638841,2.8897299192495,0.8222311532109411,69171.2,62288.73393528756,3.7878787878787874e-06,7.5909546975019154e-06,2.902516837649641,0.8253309756010262,1.912188158750534,0.592422871993556,4.799315508842469,1.4357482812273383,68479.2,61665.9996840083,0.7959904832364558,0.4875132583080732,3.0134130494575637,0.858614259177315,2.7948299184852985,0.8091309790171747,1.823418902397156,0.5697660869620772,4.610911450386047,1.4247718480183629,66369.0,61020.82222471212,4.19845454971098,0.7972662813052015,-3.0700208122627366,1.1581113630744997,0.0,0.0,250,22,wallpath_pi_task1_final_seed22_r001,results\wallpath_pi_task1_final_seed22_r001\run_1
wallpath_extra,0.01,22,692.0,622.7342868092871,69171.2,62288.73393528756,692.0,622.7342868092871,3.4,0.490880693673816,2.959541842008365,0.8636254588037491,1.9153066427707672,0.6072568254587242,1.1073700790405274,0.4498899371274878,4.78986074924469,1.372154691358494,6.415302514076233,1.7121132272398647,0.0105738293231697,0.2675171431157753,2.9500387234687806,0.8549290043179644,69171.2,62288.73393528756,1.3268531087765107,0.837132393179858,3.062811935931662,0.9118886275617804,3.194127586148418,0.940704184344063,2.959541842008365,0.8636254588037491,69171.2,62288.73393528756,3.7878787878787874e-06,7.5909546975019154e-06,2.973784427254929,0.867737235529031,1.931240053653717,0.6124658053714965,4.81311506652832,1.3761843659249162,68479.2,61665.9996840083,1.332538714041578,0.8402097749098745,3.0775600317582086,0.9162206327402722,2.849879545457866,0.8287610827018927,1.837968188285828,0.5835381428209848,4.6185340995788575,1.3511186705643687,66369.0,61020.82222471212,4.408171371531057,1.1461576448597062,-3.000208889503871,1.0612637188010468,0.0698119227588649,0.3167563171412161,250,22,wallpath_pi_task1_final_seed22_r001,results\wallpath_pi_task1_final_seed22_r001\run_1
wallpath_rf,0.01,22,692.0,622.7342868092871,69171.2,62288.73393528756,692.0,622.7342868092871,3.4,0.490880693673816,2.979596753258156,0.8813731765462315,1.9137778468132016,0.6221671117447765,1.093921890258789,0.467980191877069,4.803972579956055,1.3841175817224345,6.458621762275696,1.7263757187125135,0.0100416955905966,0.2782988385618328,2.9694035987854006,0.8720684230681536,69171.2,62288.73393528756,1.5281937891216486,0.9711283791610472,3.0784764439812826,0.9263670539848434,3.210908645921952,0.9534984724624832,2.979596753258156,0.8813731765462315,69171.2,62288.73393528756,3.7878787878787874e-06,7.5909546975019154e-06,2.9937966441239543,0.8855861083094413,1.9292157697677608,0.6273702110508776,4.827937303543091,1.3884105379491003,68479.2,61665.9996840083,1.5349125339838052,0.9749945565457364,3.0931568862737184,0.930792349931859,2.865429843407735,0.8388724724809232,1.835267972946167,0.5979304326081389,4.629899677276612,1.3624104139420532,66369.0,61020.82222471212,4.459421495378983,1.240618939832281,-2.98015397825408,1.056033859178827,0.0898668340086563,0.3174175390941885,250,22,wallpath_pi_task1_final_seed22_r001,results\wallpath_pi_task1_final_seed22_r001\run_1
wallpath_calibrated,0.01,22,692.0,622.7342868092871,69171.2,62288.73393528756,692.0,622.7342868092871,3.4,0.490880693673816,3.0179166374641464,0.7891570660525241,2.0638705978393554,0.5533628995941055,1.3148594436645509,0.3963574764081127,4.989912959098816,1.3770718127671302,6.519644519805908,1.7462583752024756,-0.2877192556257359,0.4442661071345839,2.9775459117889405,0.7652645192328102,69171.2,62288.73393528756,0.8583484013902993,0.4575734525036476,3.1342934880986,0.8251681069042136,3.274339794005548,0.8440630053108364,3.0179166374641464,0.7891570660525241,69171.2,62288.73393528756,3.7878787878787874e-06,7.5909546975019154e-06,3.031452429494948,0.7922679783379567,2.078893381118774,0.557456849039754,5.01088623046875,1.3811186038977412,68479.2,61665.9996840083,0.8619725827238848,0.4594223297658693,3.1483656393549926,0.8284796191699733,2.927059880138462,0.7719025782521565,1.9927143020629885,0.5354711903188981,4.837084347724915,1.3575787096387406,66369.0,61020.82222471212,4.278676986066946,0.8402556954143343,-2.9418340940480903,1.1032084473974162,0.1281867182146459,0.132509118014893,250,22,wallpath_pi_task1_final_seed22_r001,results\wallpath_pi_task1_final_seed22_r001\run_1
multi_wall_residual_idw,0.01,22,692.0,622.7342868092871,69171.2,62288.73393528756,692.0,622.7342868092871,3.4,0.490880693673816,3.676604459568258,1.1183314033987204,2.455594575405121,0.5997326198863205,1.67094877243042,0.4169878401652079,5.56601501083374,1.378031691036771,7.261279412269593,1.8305316693499476,0.0031368774398724,0.2799953162210504,3.668000916481018,1.111857889895174,69171.2,62288.73393528756,3.046932991903544,1.5490669248432098,3.74656151580267,1.1960897544301383,3.891151632218031,1.2584908032424325,3.676604459568258,1.1183314033987204,69171.2,62288.73393528756,3.7878787878787874e-06,7.5909546975019154e-06,3.695148852600645,1.1239834891711027,2.480428367137909,0.605814520265709,5.590673468589783,1.384337824133181,68479.2,61665.9996840083,3.0618995067676145,1.555606434049705,3.765454997309085,1.202094014939966,3.53572415595485,0.9975687968633014,2.383606053829193,0.5750212115563725,5.430363353729248,1.3492673608158123,66369.0,61020.82222471212,5.393077976310391,2.388759934906909,-2.283146271943978,0.8561770932839381,0.7868745403187584,0.7097233832702702,250,22,wallpath_pi_task1_final_seed22_r001,results\wallpath_pi_task1_final_seed22_r001\run_1
idw,0.01,22,692.0,622.7342868092871,69171.2,62288.73393528756,692.0,622.7342868092871,3.4,0.490880693673816,4.254425988488364,0.9386993844605348,3.120638788700104,0.6994233705129254,2.331136604309082,0.5615879955920388,6.957015922546387,1.5915958345553165,8.732178197860717,1.9888330696203491,-0.1615015423686854,0.3692838101897157,4.237652940750122,0.9285818401566146,69171.2,62288.73393528756,7.811155632818186,3.2202819251290165,4.007153661218282,0.9292885446433906,4.006938131306444,0.9177985288853138,4.254425988488364,0.9386993844605348,69171.2,62288.73393528756,3.7878787878787874e-06,7.5909546975019154e-06,4.275884706451949,0.9434506890754802,3.152198243618012,0.7065202932391621,6.983427736282349,1.597036116128815,68479.2,61665.9996840083,7.849173917826198,3.230648867563038,4.027367691038854,0.9339878749921908,4.213997843846718,0.9358262735967656,3.086714588642121,0.6943054095660405,6.888784732818603,1.5852031727195093,66369.0,61020.82222471212,4.936695106309512,0.8151143308972519,-1.705324743023872,1.172952491630127,1.3646960692388643,0.4174546120483151,250,22,wallpath_pi_task1_final_seed22_r001,results\wallpath_pi_task1_final_seed22_r001\run_1
direct_rf_sparse_anchor,0.01,22,692.0,622.7342868092871,69171.2,62288.73393528756,692.0,622.7342868092871,3.4,0.490880693673816,5.045408583952111,1.0361149035507409,3.662933620452881,0.8332357846054564,2.679590576171875,0.8916490773407694,8.461163312911987,1.8593362534721043,10.529040384292603,2.268861537597268,-0.9087543004900216,0.9694829390333826,4.878640395164489,0.9833211771861528,69171.2,62288.73393528756,0.8669072899783218,0.4894509245600728,5.246885596755663,1.087416812000589,5.517806670068171,1.0778319690738185,5.045408583952111,1.0361149035507409,69171.2,62288.73393528756,3.7878787878787874e-06,7.5909546975019154e-06,5.0460288417888695,1.036785116333083,3.663246006965637,0.8337360217540861,8.46233332824707,1.8611501114753937,68479.2,61665.9996840083,0.8664725852234074,0.4904648898984507,5.247516805263465,1.0880174723271725,4.97385881259792,1.0338493125733643,3.59555504989624,0.8358267482665312,8.355928949356079,1.8563985405029824,66369.0,61020.82222471212,6.094586061765052,1.10921893553618,-0.9143421475601248,0.9693712799268908,2.155678664702612,0.7111753746691216,250,22,wallpath_pi_task1_final_seed22_r001,results\wallpath_pi_task1_final_seed22_r001\run_1
multi_wall,0.01,22,692.0,622.7342868092871,69171.2,62288.73393528756,692.0,622.7342868092871,3.4,0.490880693673816,5.959750731512236,1.3578840998355026,4.562365286827087,1.0131313300949625,3.734284687042236,0.9840273055348449,9.370019901275636,1.9743639419207475,11.45173041343689,2.418290843162233,0.0260350116995396,0.3466114308638124,5.951056636810303,1.352097225069015,69171.2,62288.73393528756,5.700457751464003,2.197314198958189,5.998067545439412,1.4112878847300996,6.162650980669531,1.46397571727436,5.959750731512236,1.3578840998355026,69171.2,62288.73393528756,3.7878787878787874e-06,7.5909546975019154e-06,5.9617777733938055,1.3598101295564589,4.563298348426819,1.0132922149736665,9.371751363754273,1.974808038687656,68479.2,61665.9996840083,5.701628197670894,2.19891539577782,6.00002259568541,1.4134957090910698,5.856515082209851,1.2933578187577963,4.51157116317749,1.0102780977857622,9.279763006210327,1.9738269993140392,66369.0,61020.82222471212,7.344456161960712,2.463150423738944,0.0,0.0,3.0700208122627366,1.1581113630744997,250,22,wallpath_pi_task1_final_seed22_r001,results\wallpath_pi_task1_final_seed22_r001\run_1
direct_rf_geometry,0.01,22,692.0,622.7342868092871,69171.2,62288.73393528756,692.0,622.7342868092871,3.4,0.490880693673816,6.285626961230178,1.2565235906601724,4.426608061790466,1.0590560575659465,3.052161602020264,1.235623891672186,10.628701023101806,2.297211090669924,13.391323280334472,2.76680626936186,0.033401664125733,2.568707830768344,5.789915103912353,0.9952143009418628,69171.2,62288.73393528756,0.8798331390648069,0.5427718599635443,6.53214571805511,1.2854846827527933,6.903380818751472,1.344625284217882,6.285626961230178,1.2565235906601724,69171.2,62288.73393528756,3.7878787878787874e-06,7.5909546975019154e-06,6.285093909701248,1.2568117297855184,4.426055996894837,1.0593557033110022,10.62761248588562,2.297658210662908,68479.2,61665.9996840083,0.8790754629615347,0.5429214846584304,6.531586832773402,1.2857208008636236,6.179372390694323,1.2799002316369774,4.333464737892151,1.0866549849701364,10.457925493240356,2.331525764242564,66369.0,61020.82222471212,8.015881749072053,1.8365968694219788,0.3258762297179414,1.573680675693326,3.3958970419806773,1.3797453905294847,250,22,wallpath_pi_task1_final_seed22_r001,results\wallpath_pi_task1_final_seed22_r001\run_1
log_distance,0.01,22,692.0,622.7342868092871,69171.2,62288.73393528756,692.0,622.7342868092871,3.4,0.490880693673816,7.467602007364036,1.995381915718959,6.004722551345825,1.706840952042146,5.181112510681152,1.70340887933028,12.127782093048095,3.215529156753871,14.315346431732175,3.6508523968423994,-0.0443630175380967,0.4522872182522324,7.456207551956177,1.9868920427178205,69171.2,62288.73393528756,9.567662071633034,3.7353192201261263,7.257729613952657,1.9830077974560345,7.239721669973978,1.9985635671914888,7.467602007364036,1.995381915718959,69171.2,62288.73393528756,3.7878787878787874e-06,7.5909546975019154e-06,7.468595355353894,1.995805690716706,6.005456728935242,1.707225686293166,12.128972583770752,3.2161891332166888,68479.2,61665.9996840083,9.569268768884166,3.730234957497689,7.258363479775789,1.9834107022188976,7.4606578775726815,2.002015273339713,6.000427942276001,1.7145173948221475,12.111965375900269,3.2197534114569053,66369.0,61020.82222471212,7.633858780225514,1.892617573416464,1.5078512758517992,1.4855911619239195,4.577872088114535,1.4126132357075516,250,22,wallpath_pi_task1_final_seed22_r001,results\wallpath_pi_task1_final_seed22_r001\run_1
direct_extra_all_features,0.05,22,3458.8,3114.3119812353198,69171.2,62288.73393528756,3458.8,3114.3119812353198,3.4,0.490880693673816,2.2202653660035865,0.6588173569683019,1.3993111419677735,0.468162203737529,0.7687052001953125,0.2955588274406646,3.5646011290550232,1.2109263863513904,4.9411069164276125,1.462428825842331,-0.1049242602898739,0.2353598545274659,2.2090689039230345,0.6462058533842902,69171.2,62288.73393528756,0.7023602282297152,0.3049099739501291,2.303859813596955,0.6861236627078056,2.404259509201233,0.6994299679522169,2.2202653660035865,0.6588173569683019,69171.2,62288.73393528756,3.7878787878787874e-06,7.5909546975019154e-06,2.2704753967602667,0.6704961860627136,1.4473990144729614,0.4825631419133376,3.658554631710053,1.2236440310226238,65712.4,59174.42195997515,0.7100751970695474,0.3067023058876802,2.35619239924598,0.6984572709513042,2.125776134971661,0.6534039372705933,1.3314507427215576,0.4531854198996728,3.39205770111084,1.206604865426998,66369.0,61020.82222471212,3.4840258439691825,0.5686520696019777,-3.648836995157959,1.0952270137540678,-0.0154018718612391,0.0752601970704024,250,22,wallpath_pi_task1_final_seed22_r005,results\wallpath_pi_task1_final_seed22_r005\run_1
direct_rf_all_features,0.05,22,3458.8,3114.3119812353198,69171.2,62288.73393528756,3458.8,3114.3119812353198,3.4,0.490880693673816,2.235667237864825,0.6647363462777987,1.3727454464435578,0.4628444528585708,0.7245698547363282,0.2803205843722559,3.536749419212341,1.208994909015809,4.983989928245545,1.4499060864105855,-0.0536460920043173,0.1749281990722525,2.2299801273345947,0.6588522014027544,69171.2,62288.73393528756,0.7836673282378324,0.3777381398548651,2.3173206331955245,0.6947620715912184,2.4166530415757124,0.7095607678362857,2.235667237864825,0.6647363462777987,69171.2,62288.73393528756,3.7878787878787874e-06,7.5909546975019154e-06,2.2882529382306847,0.6786384227804063,1.4262931537628174,0.4804454025789418,3.6364339337348937,1.2249281413962136,65712.4,59174.42195997515,0.7959311996200171,0.3849680939762482,2.3719918606707275,0.7094381758482041,2.134389258685604,0.6522497235229242,1.3021751160621644,0.4440487984541863,3.3528361134529114,1.1951800530570051,66369.0,61020.82222471212,3.5585465504184257,0.6328076651576148,-3.63343512329672,1.0793954353506032,0.0,0.0,250,22,wallpath_pi_task1_final_seed22_r005,results\wallpath_pi_task1_final_seed22_r005\run_1
wallpath_extra,0.05,22,3458.8,3114.3119812353198,69171.2,62288.73393528756,3458.8,3114.3119812353198,3.4,0.490880693673816,2.2570908763012367,0.6911911595231288,1.3268717346191403,0.4778560724905284,0.6366631927490234,0.2920265160201296,3.48692045211792,1.221415474412,4.9741411867141725,1.4304547836308878,0.0088994445721618,0.1110116873058743,2.2548657655715942,0.6896605294326761,69171.2,62288.73393528756,0.9433312146098052,0.4844208997313979,2.338698956070273,0.7255881766270467,2.444422360669143,0.7455418818599393,2.2570908763012367,0.6911911595231288,69171.2,62288.73393528756,3.7878787878787874e-06,7.5909546975019154e-06,2.3137548695005816,0.7083168077018933,1.3852350821495056,0.4997229502252614,3.592559569358825,1.2370321470339722,65712.4,59174.42195997515,0.9650796502012065,0.4946938479367936,2.397484379604576,0.7436300327092524,2.137378715455961,0.6640136887927199,1.251221767425537,0.4550710936781096,3.290436350822449,1.2038876059640702,66369.0,61020.82222471212,3.7388477105775344,0.8697655267528236,-3.612011484860309,1.0510875139899394,0.0214236384364111,0.1475804937196458,250,22,wallpath_pi_task1_final_seed22_r005,results\wallpath_pi_task1_final_seed22_r005\run_1
wallpath_rf,0.05,22,3458.8,3114.3119812353198,69171.2,62288.73393528756,3458.8,3114.3119812353198,3.4,0.490880693673816,2.2969527012899285,0.7113143257793033,1.3347827315330505,0.4896323595369823,0.6326270217895508,0.3013605288020068,3.512812138080597,1.2406816060894337,5.022288541793824,1.4575998728666526,0.010386579942191,0.1168870721009779,2.29452952337265,0.7096373096513606,69171.2,62288.73393528756,1.0567110848344543,0.560678278768481,2.377889536508329,0.7451651927740092,2.485969238658162,0.7649722103910077,2.2969527012899285,0.7113143257793033,69171.2,62288.73393528756,3.7878787878787874e-06,7.5909546975019154e-06,2.353978664754259,0.7291506442168353,1.391497796535492,0.5117432500967312,3.621075389385224,1.2586400844226155,65712.4,59174.42195997515,1.080613439240245,0.572401901615332,2.4370172629916227,0.7639563857192562,2.17199122231831,0.6800175738506588,1.2579227771759034,0.4663351460270423,3.315025854587555,1.2241591389639417,66369.0,61020.82222471212,3.824525978125955,0.9572937090225416,-3.5721496598716165,1.0457976254086527,0.0612854634251027,0.1629822770175286,250,22,wallpath_pi_task1_final_seed22_r005,results\wallpath_pi_task1_final_seed22_r005\run_1
wallpath_calibrated,0.05,22,3458.8,3114.3119812353198,69171.2,62288.73393528756,3458.8,3114.3119812353198,3.4,0.490880693673816,2.4057111404953946,0.6146680926913619,1.606521511554718,0.4219979915472184,0.9825446701049804,0.2837361060585716,3.924741910934448,1.0731487250224196,5.228016846656799,1.363215232501719,-0.1599489413553383,0.2642855844769119,2.3889007863998413,0.6028462820891207,69171.2,62288.73393528756,0.7602054987520145,0.3252414902571708,2.4966950795779312,0.6418110386791165,2.603808642758344,0.6525912048255784,2.4057111404953946,0.6146680926913619,69171.2,62288.73393528756,3.7878787878787874e-06,7.5909546975019154e-06,2.463099637883539,0.6280062481845844,1.6689786369800568,0.4387176553660604,4.017741870880127,1.092550909694627,65712.4,59174.42195997515,0.7781472304327813,0.3317202832064444,2.556327627125244,0.6559346004479321,2.315318756552646,0.5999099750304421,1.5410487282276153,0.4064791432903255,3.770360867023468,1.0571817313043688,66369.0,61020.82222471212,3.6246982924878,0.6256028593712613,-3.463391220666151,1.0409905446964354,0.1700439026305688,0.1095697998965259,250,22,wallpath_pi_task1_final_seed22_r005,results\wallpath_pi_task1_final_seed22_r005\run_1
multi_wall_residual_idw,0.05,22,3458.8,3114.3119812353198,69171.2,62288.73393528756,3458.8,3114.3119812353198,3.4,0.490880693673816,2.999649167658973,0.7586335734290229,1.9905462279319763,0.4552055697353738,1.342893112182617,0.3134041051261688,4.587569974899292,1.1010982910733216,6.033803318977356,1.466628211047053,0.0037771202579606,0.1035644213093568,2.998183362007141,0.757592443431371,69171.2,62288.73393528756,2.3951019430009444,1.167930619041325,3.067137325205303,0.8049098211157617,3.1878379946273445,0.8342605243642807,2.999649167658973,0.7586335734290229,69171.2,62288.73393528756,3.7878787878787874e-06,7.5909546975019154e-06,3.0775925915679045,0.7783577592685814,2.095335560321808,0.4791859810213383,4.692896414756775,1.12619044259744,65712.4,59174.42195997515,2.454884308003185,1.188130493216189,3.1469119701503385,0.825989815219019,2.881732168609305,0.7103402277743287,1.9259914741516115,0.4367685451732013,4.454352891921997,1.074722770680961,66369.0,61020.82222471212,4.497672110569173,1.3407583876169649,-2.869453193502572,0.8759549010759353,0.7639819297941479,0.3312183716705006,250,22,wallpath_pi_task1_final_seed22_r005,results\wallpath_pi_task1_final_seed22_r005\run_1
idw,0.05,22,3458.8,3114.3119812353198,69171.2,62288.73393528756,3458.8,3114.3119812353198,3.4,0.490880693673816,3.3742689461855444,0.6585917390739519,2.47191730594635,0.492951522885274,1.8776647415161127,0.4057584897884618,5.499531079292297,1.1131899270457335,6.921025003433227,1.4000145539321678,-0.0731309774522087,0.1452450844156173,3.370772243499756,0.6567799106111135,69171.2,62288.73393528756,6.300207899672937,2.824820544994543,3.184860898906192,0.6585528647827295,3.1816673576748262,0.6360674705673995,3.3742689461855444,0.6585917390739519,69171.2,62288.73393528756,3.7878787878787874e-06,7.5909546975019154e-06,3.461946277265976,0.6757199339198107,2.6020472946166997,0.5189240438549783,5.606993850708008,1.1344001636715972,65712.4,59174.42195997515,6.456771651643607,2.86827424410834,3.2676847429460745,0.6757211475973529,3.3337922486361338,0.6551888490528676,2.440417256355285,0.488838225709497,5.430162487983703,1.1052418494730056,66369.0,61020.82222471212,4.043358927994862,0.5538631514808722,-2.494833414976001,1.0215698701770732,1.1386017083207192,0.2465046518708891,250,22,wallpath_pi_task1_final_seed22_r005,results\wallpath_pi_task1_final_seed22_r005\run_1
direct_rf_sparse_anchor,0.05,22,3458.8,3114.3119812353198,69171.2,62288.73393528756,3458.8,3114.3119812353198,3.4,0.490880693673816,4.993410352719855,1.020207338043131,3.62996342086792,0.8305682485577661,2.683400691986084,0.8970369346411352,8.393165758132934,1.777922904165779,10.377936433792112,2.190642277962613,-1.0049282708130778,0.9189256319298544,4.806428750991821,1.0114192578023398,69171.2,62288.73393528756,0.8217585815713557,0.4221534355203735,5.193783366384861,1.0703468362052628,5.4666230733694645,1.0555146581211718,4.993410352719855,1.020207338043131,69171.2,62288.73393528756,3.7878787878787874e-06,7.5909546975019154e-06,4.994030532826673,1.0211106321078247,3.6301570806503296,0.8312534657625905,8.394163677215577,1.7787342507334496,65712.4,59174.42195997515,0.8198985961179431,0.4249626612233866,5.194526530552015,1.071142661288571,4.9250090808732585,1.017911783252618,3.565115220069885,0.8335545004768522,8.296593587875366,1.7740493917805036,66369.0,61020.82222471212,5.971019138410779,1.125356529726046,-0.8756920084416918,0.8329009293812584,2.757743114855028,0.7892819514258222,250,22,wallpath_pi_task1_final_seed22_r005,results\wallpath_pi_task1_final_seed22_r005\run_1
multi_wall,0.05,22,3458.8,3114.3119812353198,69171.2,62288.73393528756,3458.8,3114.3119812353198,3.4,0.490880693673816,5.869102361161546,1.247861941688743,4.541784777641296,0.996051044469183,3.74509553527832,0.965905100607042,9.316456539154052,1.934915156595385,11.370159259796145,2.3455214358439065,0.0129906222648642,0.134746865506486,5.867759514808655,1.247303042311238,69171.2,62288.73393528756,5.665306785739155,2.069772193020253,5.906196091222099,1.2763330616155186,6.060972211411291,1.3076821777819445,5.869102361161546,1.247861941688743,69171.2,62288.73393528756,3.7878787878787874e-06,7.5909546975019154e-06,5.871313076452275,1.2497661372907276,4.5427287530899045,0.9964031386871116,9.319106494903563,1.9358539673990305,65712.4,59174.42195997515,5.666674736925444,2.073538592009005,5.908415392805804,1.2784727046676625,5.787984670485496,1.2312753503855003,4.495681400299072,0.9953320782586116,9.227306980133056,1.932902955331608,66369.0,61020.82222471212,7.0585235431825,1.711847334681163,0.0,0.0,3.63343512329672,1.0793954353506032,250,22,wallpath_pi_task1_final_seed22_r005,results\wallpath_pi_task1_final_seed22_r005\run_1
direct_rf_geometry,0.05,22,3458.8,3114.3119812353198,69171.2,62288.73393528756,3458.8,3114.3119812353198,3.4,0.490880693673816,7.081104282921388,2.440813485598072,5.052658596992493,1.9269618420004944,3.5131399307250977,1.709403114512244,12.114236572265623,4.634768509512291,15.002676044464112,5.192533777565992,-2.7690892690774054,2.9619515381928103,6.086901482582093,1.6221311908162914,69171.2,62288.73393528756,0.798786332021608,0.4031624323571015,7.341018385726397,2.4391769542497443,7.732594586960013,2.4289997862466266,7.081104282921388,2.440813485598072,69171.2,62288.73393528756,3.7878787878787874e-06,7.5909546975019154e-06,7.0805589263723885,2.4415750068763957,5.051924803733826,1.9275922827441896,12.112860063552857,4.635267526743546,65712.4,59174.42195997515,0.7958740074422778,0.4037624350472728,7.340610897477054,2.439968356616557,7.011204614243146,2.4799598700962955,4.987462125778198,1.9478895970555077,12.030331926345823,4.688971178404583,66369.0,61020.82222471212,8.258297127982122,2.15214992607096,1.2120019217598434,2.070763057058413,4.845437045056564,2.032588915826604,250,22,wallpath_pi_task1_final_seed22_r005,results\wallpath_pi_task1_final_seed22_r005\run_1
log_distance,0.05,22,3458.8,3114.3119812353198,69171.2,62288.73393528756,3458.8,3114.3119812353198,3.4,0.490880693673816,7.444406360065143,1.9802469865587025,5.99492265033722,1.6956916737919745,5.185223365783691,1.6982261384324864,12.084923997879027,3.15532690358414,14.231128242492677,3.587697425636008,9.33230989612639e-05,0.175684488957158,7.442661447525024,1.979540915716762,69171.2,62288.73393528756,9.5013959296873,3.917351088323694,7.242058070635609,1.9645340562047269,7.222756303779177,1.9725947126888532,7.444406360065143,1.9802469865587025,69171.2,62288.73393528756,3.7878787878787874e-06,7.5909546975019154e-06,7.444908997705572,1.980883383864096,5.995088351249695,1.6960514828637665,12.085142545700071,3.155900615982299,65712.4,59174.42195997515,9.502669259547485,3.921310893069124,7.242091414689807,1.964772494515456,7.437284037951433,1.9872727568028032,5.99063046836853,1.7037002051767745,12.068905698776245,3.1580708900455594,66369.0,61020.82222471212,7.6149601795317,1.86999003474594,1.5753039989035975,1.453230829937877,5.208739122200317,1.512977361936899,250,22,wallpath_pi_task1_final_seed22_r005,results\wallpath_pi_task1_final_seed22_r005\run_1
direct_extra_all_features,0.1,22,6917.2,6228.817127773537,69171.2,62288.73393528756,6917.2,6228.817127773537,3.4,0.490880693673816,1.9387101809140632,0.5678224953642362,1.1834511110782624,0.3972985848714382,0.6175495185852051,0.2356817008178091,3.0341696462631225,1.0725160149305113,4.304806190490723,1.2913358920559346,-0.0640733700757846,0.1724699343000377,1.931984447479248,0.5611090190780156,69171.2,62288.73393528756,0.6650460293759778,0.2762843386951639,2.01126562089906,0.5936287008766348,2.098667387327001,0.6073334573139803,1.9387101809140632,0.5678224953642362,69171.2,62288.73393528756,3.7878787878787874e-06,7.5909546975019154e-06,2.034373501405047,0.5912404993133538,1.278592636346817,0.4249043548866049,3.214358971118927,1.1039551097485196,62254.0,56059.9168095241,0.6860669465501924,0.2799211740207287,2.110847595069669,0.618486570966814,1.8458486448522409,0.5623823074678288,1.1210961608886718,0.3831831617658018,2.8651489353179933,1.0600182816589676,66369.0,61020.82222471212,3.1511617254849456,0.506883150039717,-3.922326289810997,1.093014731001192,-0.0109818511869709,0.0844082252490075,250,22,wallpath_pi_task1_final_seed22_r010,results\wallpath_pi_task1_final_seed22_r010\run_1
direct_rf_all_features,0.1,22,6917.2,6228.817127773537,69171.2,62288.73393528756,6917.2,6228.817127773537,3.4,0.490880693673816,1.949692032101034,0.5826056353530237,1.1373381834030152,0.3980173129120386,0.5537885932922363,0.2321005330349606,2.9765616521835327,1.1002498462897587,4.325701965332032,1.2994095669110863,-0.0336717703551985,0.1292107327330905,1.9461282668113709,0.5793878360520138,69171.2,62288.73393528756,0.7238537560678391,0.3025809831977533,2.0209527975702466,0.6119930481294523,2.107322798013921,0.6273396195226816,1.949692032101034,0.5826056353530237,69171.2,62288.73393528756,3.7878787878787874e-06,7.5909546975019154e-06,2.0489117525218,0.6103777217658253,1.2404242556095124,0.432667185466405,3.169546322822571,1.1367955084616086,62254.0,56059.9168095241,0.7509708752737401,0.3160464565286693,2.124015527361102,0.6414764035986256,1.8494694828445764,0.5701604107685166,1.0729299461841584,0.3810601300727251,2.798321014404297,1.0795755740002748,66369.0,61020.82222471212,3.225712095604533,0.5915598099894428,-3.911344438624025,1.0762526809985438,0.0,0.0,250,22,wallpath_pi_task1_final_seed22_r010,results\wallpath_pi_task1_final_seed22_r010\run_1
wallpath_extra,0.1,22,6917.2,6228.817127773537,69171.2,62288.73393528756,6917.2,6228.817127773537,3.4,0.490880693673816,1.952078818534176,0.6083662779492717,1.084796161174774,0.4058751006262805,0.458620849609375,0.2144901843553317,2.905850410223007,1.1285175920393211,4.293728458404541,1.3255869804860627,0.0094931398123881,0.084113956030559,1.9506551959514615,0.6071905885438938,69171.2,62288.73393528756,0.7753503405500927,0.3681564521920231,2.0242037059112263,0.640525383864282,2.1168521270721548,0.6598403667657818,1.952078818534176,0.6083662779492717,69171.2,62288.73393528756,3.7878787878787874e-06,7.5909546975019154e-06,2.054992003718683,0.6401738374307294,1.1879532237052917,0.4461166929376658,3.106868392944336,1.1650649592274362,62254.0,56059.9168095241,0.8141353738455039,0.3866958134913509,2.1309605355615098,0.6740896137999882,1.836847239872319,0.5846250292231586,1.01608715903759,0.3852482356264932,2.717300527334213,1.1061933125060155,66369.0,61020.82222471212,3.34879647859151,0.7841036036042512,-3.908957652190884,1.0650607087046498,0.0023867864331419,0.0965349625607299,250,22,wallpath_pi_task1_final_seed22_r010,results\wallpath_pi_task1_final_seed22_r010\run_1
wallpath_rf,0.1,22,6917.2,6228.817127773537,69171.2,62288.73393528756,6917.2,6228.817127773537,3.4,0.490880693673816,1.9869394032808376,0.626832076091946,1.0912952927350998,0.4144832020885443,0.4579493942260742,0.2237828996394331,2.9233961799144743,1.1407975183054428,4.328148943901062,1.341344551161358,0.0066759087233804,0.0881645436254586,1.98539807510376,0.6256293327713229,69171.2,62288.73393528756,0.860883720278908,0.431649751285564,2.058907175291009,0.660032338535235,2.1534789750635,0.6795082010364476,1.9869394032808376,0.626832076091946,69171.2,62288.73393528756,3.7878787878787874e-06,7.5909546975019154e-06,2.0904172737079105,0.6595102407073727,1.1926826899051666,0.4549817913101094,3.124747675418854,1.1787750902196508,62254.0,56059.9168095241,0.9028257951335262,0.4520761882769459,2.1661965461086137,0.6945584784038831,1.8678241219393104,0.6005172102544106,1.0221730669736862,0.3941424399208632,2.7327983627319337,1.1167854573068363,66369.0,61020.82222471212,3.418360068184079,0.8771676028073113,-3.8740970674442217,1.0559352971992493,0.0372473711798038,0.1223023698834472,250,22,wallpath_pi_task1_final_seed22_r010,results\wallpath_pi_task1_final_seed22_r010\run_1
wallpath_calibrated,0.1,22,6917.2,6228.817127773537,69171.2,62288.73393528756,6917.2,6228.817127773537,3.4,0.490880693673816,2.17803489680968,0.545514286140702,1.429559068441391,0.3660878751245483,0.8502703590393066,0.238006389011659,3.537529751300812,0.9519809858530204,4.738093755722046,1.2171782952816188,-0.1027938771456101,0.2271058529877864,2.1661162095069884,0.5362480258538646,69171.2,62288.73393528756,0.7228811073928463,0.29712079829735,2.260124233385929,0.5714704521398903,2.3559883088464173,0.5838256506602529,2.17803489680968,0.545514286140702,69171.2,62288.73393528756,3.7878787878787874e-06,7.5909546975019154e-06,2.2912759414588675,0.572506539849275,1.5585834350585936,0.3994151339471048,3.719029336929321,0.9925245287777168,62254.0,56059.9168095241,0.76085364527985,0.3122866562125598,2.377670992892824,0.6000145510183422,2.0909681172393024,0.5312638644116616,1.369029093027115,0.351521977320055,3.38820505475998,0.9342130495712206,66369.0,61020.82222471212,3.3399908934636486,0.5624860787688837,-3.68300157391538,1.0482636548907291,0.2283428647086456,0.1075589248543422,250,22,wallpath_pi_task1_final_seed22_r010,results\wallpath_pi_task1_final_seed22_r010\run_1
multi_wall_residual_idw,0.1,22,6917.2,6228.817127773537,69171.2,62288.73393528756,6917.2,6228.817127773537,3.4,0.490880693673816,2.7518698739319363,0.659591215003477,1.7962678060531616,0.3992334733484265,1.1996360702514648,0.2773728717823518,4.235395778656006,1.0049629077877136,5.573744074821472,1.3391455295185284,-0.0025812362594879,0.0659867598663532,2.751211019515991,0.6592550681876992,69171.2,62288.73393528756,2.1611244260936906,0.9581605171668556,2.814706800061145,0.7034991982135675,2.926033309439524,0.7316751851879659,2.7518698739319363,0.659591215003477,69171.2,62288.73393528756,3.7878787878787874e-06,7.5909546975019154e-06,2.900731549781414,0.6952753441546159,1.9958611464500424,0.4435988122582104,4.436110035896301,1.0536202955822036,62254.0,56059.9168095241,2.2776691395630144,1.0083883665364832,2.966984027257994,0.7416417465026166,2.6449237615417176,0.6233512526080214,1.737661591529846,0.3838585002982938,4.10914373588562,0.9807726972610008,66369.0,61020.82222471212,4.133250814794935,1.1343742844359264,-3.109166596793123,0.8953498622289277,0.802177841830902,0.2631784648803093,250,22,wallpath_pi_task1_final_seed22_r010,results\wallpath_pi_task1_final_seed22_r010\run_1
idw,0.1,22,6917.2,6228.817127773537,69171.2,62288.73393528756,6917.2,6228.817127773537,3.4,0.490880693673816,3.07641258650699,0.5725260933662502,2.2214348397254944,0.4260324970273718,1.6972105026245117,0.360504092799983,5.033487200737,0.9746812063508332,6.316549922943115,1.206492852123151,-0.0688044926879811,0.0951149858755076,3.0743781499862672,0.5717345120218904,69171.2,62288.73393528756,5.678208041233672,2.302038099011367,2.90744140021387,0.5796065616298667,2.9089006914237783,0.5618414013148418,3.07641258650699,0.5725260933662502,69171.2,62288.73393528756,3.7878787878787874e-06,7.5909546975019154e-06,3.2428301492677294,0.6035013275465203,2.468270833015442,0.4733776052129066,5.229772799491882,1.0095360701611915,62254.0,56059.9168095241,5.983822769813019,2.416964571156654,3.0647275838942662,0.6109931652332471,3.038825535957251,0.5700182354760213,2.1932728581428527,0.4229616517304974,4.967832854270935,0.9659666180459956,66369.0,61020.82222471212,3.7030492058582896,0.469009360711609,-2.7846238842180697,1.015564768652201,1.1267205544059558,0.221576298964702,250,22,wallpath_pi_task1_final_seed22_r010,results\wallpath_pi_task1_final_seed22_r010\run_1
direct_rf_sparse_anchor,0.1,22,6917.2,6228.817127773537,69171.2,62288.73393528756,6917.2,6228.817127773537,3.4,0.490880693673816,4.954334344677579,1.0320063315926749,3.608803318977356,0.8445526093351263,2.6634506607055664,0.9080661089720112,8.337018301010131,1.79323296484625,10.29681740951538,2.2180491616352094,-0.9614874872161308,0.9264167370843316,4.772991292953491,1.0249080074784966,69171.2,62288.73393528756,0.8424483376899142,0.4269163719004464,5.153404086039106,1.0859567772342502,5.4219350693012816,1.0700373644566,4.954334344677579,1.0320063315926749,69171.2,62288.73393528756,3.7878787878787874e-06,7.5909546975019154e-06,4.953963500149581,1.0316229965193182,3.6085234718322754,0.8443348037307478,8.33711502456665,1.7925984472907306,62254.0,56059.9168095241,0.8413603392544876,0.4284022681562662,5.153083881210684,1.0857828240041454,4.886331848511607,1.0283734651376917,3.5445487022399904,0.8460073689999187,8.240943447113038,1.7875701264793082,66369.0,61020.82222471212,5.942609601487838,1.1220568327434788,-0.9067021260474804,0.821439236857519,3.004642312576545,0.7991589912559858,250,22,wallpath_pi_task1_final_seed22_r010,results\wallpath_pi_task1_final_seed22_r010\run_1
multi_wall,0.1,22,6917.2,6228.817127773537,69171.2,62288.73393528756,6917.2,6228.817127773537,3.4,0.490880693673816,5.861036470725059,1.2419202329595087,4.542925638198852,0.9993767003809548,3.743429039001465,0.9659954700849976,9.34360983657837,1.959340495282754,11.389855709075928,2.371259299527143,0.0028174262969987,0.0883980948102828,5.860488355636597,1.2418120843941156,69171.2,62288.73393528756,5.685866464115217,2.0653727298011315,5.89583208283466,1.271680394856669,6.048826028672988,1.3019561647570803,5.861036470725059,1.2419202329595087,69171.2,62288.73393528756,3.7878787878787874e-06,7.5909546975019154e-06,5.863193744566959,1.2434129870659276,4.544275940895081,0.9997552296169386,9.346210298538209,1.9596722704809744,62254.0,56059.9168095241,5.6888627825916975,2.072158106491369,5.897879605100912,1.273631654799912,5.784104669390686,1.22966255848522,4.497782869338989,0.999259962031768,9.255417404174803,1.9582352898195148,66369.0,61020.82222471212,7.013193466898352,1.6406112400066457,0.0,0.0,3.911344438624025,1.0762526809985438,250,22,wallpath_pi_task1_final_seed22_r010,results\wallpath_pi_task1_final_seed22_r010\run_1
direct_rf_geometry,0.1,22,6917.2,6228.817127773537,69171.2,62288.73393528756,6917.2,6228.817127773537,3.4,0.490880693673816,6.548077442525394,1.7951482760628052,4.7139421043396,1.5045116884357437,3.4174057960510256,1.5199752081316151,11.087047231674196,3.199876967898167,13.8655389213562,3.715124486080484,-1.8960408722122664,2.436601861648285,5.889834233283997,1.3774162366124567,69171.2,62288.73393528756,0.8253999293872452,0.4010574941525813,6.795540355661642,1.8014854493067252,7.162479061782313,1.7784224315316897,6.548077442525394,1.7951482760628052,69171.2,62288.73393528756,3.7878787878787874e-06,7.5909546975019154e-06,6.5469711237333685,1.7934805997289724,4.7127559995651245,1.503350627665014,11.085446542739868,3.1963894723244795,62254.0,56059.9168095241,0.8230632048915177,0.4001388884826197,6.794516208900707,1.800148858204368,6.475564843357012,1.8321796844473,4.646720927238464,1.531372748577326,10.986897132873535,3.2548361956301948,66369.0,61020.82222471212,7.720396869326041,1.5538398017324695,0.6870409718003347,1.6785842956287131,4.59838541042436,1.602673670866778,250,22,wallpath_pi_task1_final_seed22_r010,results\wallpath_pi_task1_final_seed22_r010\run_1
log_distance,0.1,22,6917.2,6228.817127773537,69171.2,62288.73393528756,6917.2,6228.817127773537,3.4,0.490880693673816,7.441819813624373,1.979242095083344,5.989633759498596,1.6949339908752403,5.176253410339355,1.7006292112684678,12.089864683151244,3.1609715033175383,14.240358821868895,3.591240594559561,-0.0047059488424565,0.1291970985573317,7.440974966049194,1.9787107315472023,69171.2,62288.73393528756,9.502644701053244,3.8231608130663535,7.23871679602102,1.965510943529812,7.221726877766853,1.97562667708912,7.441819813624373,1.979242095083344,69171.2,62288.73393528756,3.7878787878787874e-06,7.5909546975019154e-06,7.4425333203618464,1.9797345714373231,5.990100358963013,1.6951681721209302,12.090531536102295,3.162125571184529,62254.0,56059.9168095241,9.510204098741127,3.842502630120987,7.2386673209855585,1.9656226474899483,7.434834203482989,1.9858520916273013,5.985436884880066,1.7026590722172412,12.073894834518432,3.1639647083739906,66369.0,61020.82222471212,7.610708409070989,1.8745912883837232,1.5807833428993137,1.454312296529641,5.4921277815233385,1.5668177029623072,250,22,wallpath_pi_task1_final_seed22_r010,results\wallpath_pi_task1_final_seed22_r010\run_1
direct_extra_all_features,0.005,33,346.2,311.54776203999364,69171.2,62288.73393528756,346.2,311.54776203999364,3.4,0.490880693673816,3.2107365960154257,0.9573856526003386,2.16983159160614,0.6910819991159938,1.3448539237976074,0.5182164240562978,5.371065503120422,1.650955196147199,7.021949782371521,2.1230629438145607,-0.2462859559971839,0.4544111626045531,3.177969167232513,0.9272412882824402,69171.2,62288.73393528756,0.7677977797520593,0.3914917745443921,3.336150719383878,0.995982920386076,3.48402698352341,1.0105906314963422,3.2107365960154257,0.9573856526003386,69171.2,62288.73393528756,3.7878787878787874e-06,7.5909546975019154e-06,3.217331713736572,0.9586726720959364,2.1766453897953038,0.6927689445010676,5.38176551437378,1.6521292986558744,68825.0,61977.186267776655,0.7681621938764583,0.3920993085099727,3.343026875319083,0.9973396145597442,3.1233526018056392,0.949171421005718,2.095428009748459,0.67586031606904,5.22148369884491,1.652934372723198,66369.0,61020.82222471212,4.454071295754916,0.8786592736589758,-2.8597190781123256,1.2322373291047657,-0.0221193937126451,0.1006083925219731,250,33,wallpath_pi_task1_final_seed33_r0005,results\wallpath_pi_task1_final_seed33_r0005\run_1
direct_rf_all_features,0.005,33,346.2,311.54776203999364,69171.2,62288.73393528756,346.2,311.54776203999364,3.4,0.490880693673816,3.2328559897280718,0.937845175237746,2.162486918926239,0.6770650583215008,1.324579402923584,0.5091204531797552,5.383894587516784,1.5939009342692303,7.065654463768006,2.0538091813326096,-0.1958442110968753,0.4501017365701514,3.2005556001663207,0.920591757592924,69171.2,62288.73393528756,0.7910424079751681,0.4179507773549658,3.359256080287396,0.977870357872062,3.5090299956116104,0.9891138714600872,3.2328559897280718,0.937845175237746,69171.2,62288.73393528756,3.7878787878787874e-06,7.5909546975019154e-06,3.239777714439239,0.9395224175050992,2.169757939815521,0.6792964901912987,5.395042355537415,1.5957384847412188,68825.0,61977.186267776655,0.791635336274783,0.4190127659513268,3.366464946206319,0.9796237217835112,3.1404879282332336,0.9241134240651392,2.0852494344711303,0.6594204449425863,5.226898559570312,1.5893347571170284,66369.0,61020.82222471212,4.512353583040315,0.9256352986425164,-2.83759968439968,1.2138076708434893,0.0,0.0,250,33,wallpath_pi_task1_final_seed33_r0005,results\wallpath_pi_task1_final_seed33_r0005\run_1
wallpath_calibrated,0.005,33,346.2,311.54776203999364,69171.2,62288.73393528756,346.2,311.54776203999364,3.4,0.490880693673816,3.3423364059163467,0.8937480100762442,2.3074989485740662,0.6286685709347845,1.4950777549743652,0.4662008798472344,5.552523185729981,1.5489949323945915,7.195379961013794,1.9962794047180268,-0.3656550216730684,0.5354380216573597,3.287191170692444,0.8633155887553974,69171.2,62288.73393528756,0.8394986471305043,0.392470267993908,3.4741808867385826,0.9363531945209976,3.630153968362765,0.9524464903923447,3.3423364059163467,0.8937480100762442,69171.2,62288.73393528756,3.7878787878787874e-06,7.5909546975019154e-06,3.3496764629253466,0.8953486380625948,2.3158290672302244,0.6308322150633416,5.563580216407776,1.55114020062092,68825.0,61977.186267776655,0.8409910518885143,0.394301837926493,3.4818239823076045,0.938085894359908,3.2518792643202583,0.8745476430608264,2.234780618190765,0.6109943386294945,5.404492701530456,1.532933894349505,66369.0,61020.82222471212,4.59311619134823,0.9796613066715996,-2.728119268211404,1.142263272335247,0.109480416188276,0.2110278958998747,250,33,wallpath_pi_task1_final_seed33_r0005,results\wallpath_pi_task1_final_seed33_r0005\run_1
wallpath_extra,0.005,33,346.2,311.54776203999364,69171.2,62288.73393528756,346.2,311.54776203999364,3.4,0.490880693673816,3.343900653143496,0.9955340513404956,2.229428218841553,0.6891645288773875,1.3738102798461913,0.5231138091517028,5.430540254592896,1.5254704588566053,7.177554777145386,1.9984726950984268,0.0272453334955498,0.3567134468222726,3.32816555261612,0.984351844935406,69171.2,62288.73393528756,1.3901133671928525,0.792331319915425,3.464203462972081,1.0512751956285529,3.6095837949350926,1.076459481074948,3.343900653143496,0.9955340513404956,69171.2,62288.73393528756,3.7878787878787874e-06,7.5909546975019154e-06,3.3518378302361733,0.997847091925078,2.238535536289215,0.6920076269387905,5.442836220741272,1.5282212450433428,68825.0,61977.186267776655,1.3930884641840586,0.7932741588425941,3.4724289765905776,1.053712629191157,3.236166243510488,0.9544006867052608,2.1513778495788576,0.663993531256973,5.269561621665955,1.4971805711683797,66369.0,61020.82222471212,4.771580515213153,1.322652954777676,-2.726555020984256,1.0823026056465748,0.1110446634154247,0.4013310659173771,250,33,wallpath_pi_task1_final_seed33_r0005,results\wallpath_pi_task1_final_seed33_r0005\run_1
wallpath_rf,0.005,33,346.2,311.54776203999364,69171.2,62288.73393528756,346.2,311.54776203999364,3.4,0.490880693673816,3.3627473084417296,1.0167697470981216,2.2176294322013854,0.7058963398093536,1.3407791213989255,0.5437114206000951,5.438907702445984,1.5383319153375228,7.215000802993774,1.9986667908659397,0.0265123186958953,0.3688746832921306,3.345866570472717,1.0055827889789537,69171.2,62288.73393528756,1.5634026925258524,0.8816753247879322,3.479735143112743,1.0701131661300562,3.627565442522034,1.0922136290134647,3.3627473084417296,1.0167697470981216,69171.2,62288.73393528756,3.7878787878787874e-06,7.5909546975019154e-06,3.370705637814432,1.019160795195354,2.226574965953827,0.7087917589353078,5.451138982772827,1.5410273736750018,68825.0,61977.186267776655,1.5669224403912505,0.8827332128562148,3.487970480353184,1.0726207919482065,3.2500836561581483,0.9732847377059624,2.137583345413208,0.6797118320577019,5.271966299057007,1.5082520279640468,66369.0,61020.82222471212,4.830993531721869,1.389463398307733,-2.707708365686021,1.076451666146806,0.1298913187136588,0.383846672173285,250,33,wallpath_pi_task1_final_seed33_r0005,results\wallpath_pi_task1_final_seed33_r0005\run_1
multi_wall_residual_idw,0.005,33,346.2,311.54776203999364,69171.2,62288.73393528756,346.2,311.54776203999364,3.4,0.490880693673816,4.129475733398484,1.393833207228638,2.7360379276275637,0.7136029486067234,1.870123664855957,0.5007348222944141,6.1470044860839845,1.5900576467592011,8.02296485710144,2.222105471773441,0.0506738673105137,0.4235456887901505,4.112423609733582,1.3793454796794138,69171.2,62288.73393528756,3.365532159254341,1.856994239013276,4.215053911077614,1.4951460183262968,4.370323205122495,1.5581859364145914,4.129475733398484,1.393833207228638,69171.2,62288.73393528756,3.7878787878787874e-06,7.5909546975019154e-06,4.139854896153331,1.39734076722191,2.7498087825775146,0.7172008812253722,6.1604688367843625,1.594258059118807,68825.0,61977.186267776655,3.373766900251656,1.8594632595528489,4.22564660153244,1.4988922775437588,3.966817020197957,1.2740168835640386,2.657995056629181,0.6839816931510572,6.009729364395142,1.5563929572095934,66369.0,61020.82222471212,6.014101910306648,2.8516363407166656,-1.9409799407292685,0.8173656261666458,0.8966197436704122,0.91593042668137,250,33,wallpath_pi_task1_final_seed33_r0005,results\wallpath_pi_task1_final_seed33_r0005\run_1
idw,0.005,33,346.2,311.54776203999364,69171.2,62288.73393528756,346.2,311.54776203999364,3.4,0.490880693673816,4.780633955325499,1.14358625947422,3.5124012775421143,0.8602199025305091,2.6248745040893557,0.6978749808170595,7.813011762619019,1.910833546392742,9.813533290863036,2.4548508874950485,-0.1564893643017858,0.5960755384452864,4.747758364677429,1.1150083979883774,69171.2,62288.73393528756,8.85216599365158,4.008763703484971,4.496318680076469,1.136824801281541,4.478164496227592,1.1069142668732028,4.780633955325499,1.14358625947422,69171.2,62288.73393528756,3.7878787878787874e-06,7.5909546975019154e-06,4.792649623461158,1.1464667875669798,3.5300796222686768,0.8645581943892385,7.827557657241821,1.9144755508598092,68825.0,61977.186267776655,8.873404041526147,4.011385564997672,4.507617535952442,1.1396668922942468,4.743693527597899,1.1422698611304765,3.480207085609436,0.8571386769656784,7.748598573684692,1.9058963177779744,66369.0,61020.82222471212,5.417844011556227,1.0134718564533265,-1.2898217188022534,1.238743042924893,1.5477779655974269,0.5921665747049487,250,33,wallpath_pi_task1_final_seed33_r0005,results\wallpath_pi_task1_final_seed33_r0005\run_1
direct_rf_sparse_anchor,0.005,33,346.2,311.54776203999364,69171.2,62288.73393528756,346.2,311.54776203999364,3.4,0.490880693673816,5.052566767591446,1.1028334599119811,3.661192337036133,0.8897098058705025,2.6752722625732424,0.9540926168106072,8.532226821899414,1.925966598841854,10.583729745864868,2.4064679698655294,-0.9960636933911592,1.0248264182373077,4.855236092567444,1.0646990440403712,69171.2,62288.73393528756,0.8036842769467537,0.4044191732128779,5.255334712017166,1.1569647497745168,5.529059011646829,1.1457823055581238,5.052566767591446,1.1028334599119811,69171.2,62288.73393528756,3.7878787878787874e-06,7.5909546975019154e-06,5.05269165078667,1.1030160413803445,3.661290771484375,0.8898500445425821,8.532295379638672,1.926310849393577,68825.0,61977.186267776655,0.8031917047374278,0.4046051300144018,5.255477292606754,1.1571693575268904,4.981000169002614,1.1003550294121514,3.592864444732666,0.892738702852592,8.421636739730834,1.9253026910049935,66369.0,61020.82222471212,6.061490475474,1.193356917033266,-1.017888906536304,1.067587595203504,1.8197107778633763,0.7295544518933849,250,33,wallpath_pi_task1_final_seed33_r0005,results\wallpath_pi_task1_final_seed33_r0005\run_1
multi_wall,0.005,33,346.2,311.54776203999364,69171.2,62288.73393528756,346.2,311.54776203999364,3.4,0.490880693673816,6.070455674127751,1.4510855878628175,4.584707983970642,0.9889154742942192,3.738463844299317,0.9574872964030138,9.396839868545532,1.9515591832726409,11.53687968826294,2.467595785831776,0.0555969542008242,0.4949829084457601,6.053065108299255,1.4389043512863189,69171.2,62288.73393528756,5.647758913354328,2.2894800228193843,6.126553254165498,1.5309386219526755,6.291247792552626,1.590563746620273,6.070455674127751,1.4510855878628175,69171.2,62288.73393528756,3.7878787878787874e-06,7.5909546975019154e-06,6.072223222302755,1.4530360489645986,4.585526746749878,0.989203990112722,9.398061052322388,1.9522632548824876,68825.0,61977.186267776655,5.648914336531161,2.291129969227432,6.128337238023659,1.5331652276339047,5.946162885397357,1.3745632770893277,4.527771417617798,0.983365759599068,9.295336391448975,1.9494593006152268,66369.0,61020.82222471212,7.635508135888242,2.78632601271272,0.0,0.0,2.83759968439968,1.2138076708434893,250,33,wallpath_pi_task1_final_seed33_r0005,results\wallpath_pi_task1_final_seed33_r0005\run_1
direct_rf_geometry,0.005,33,346.2,311.54776203999364,69171.2,62288.73393528756,346.2,311.54776203999364,3.4,0.490880693673816,6.687319590156975,2.2190619235079283,4.814894146919251,1.7489494096001337,3.5064631042480467,1.660149445585532,11.282507738113404,3.881370612451707,14.040358903884888,4.677199905558203,-1.89490913618356,2.759000343751848,5.966289461135864,1.6936834527398044,69171.2,62288.73393528756,0.864845595566737,0.5558987884061147,6.94503459846921,2.27967533367974,7.316905975074226,2.295349422518196,6.687319590156975,2.2190619235079283,69171.2,62288.73393528756,3.7878787878787874e-06,7.5909546975019154e-06,6.687177879197052,2.219192185004685,4.814680913925171,1.7490815128154624,11.28239164161682,3.88153535617918,68825.0,61977.186267776655,0.8645063000548173,0.5561207931737588,6.944899976436594,2.2798379893904346,6.61008647029257,2.2326689028973683,4.7410833444595335,1.7607426918457585,11.16978199195862,3.897073461241161,66369.0,61020.82222471212,7.828561043959661,2.1656513034663005,0.6168639160292236,2.0009355815533185,3.454463600428904,1.7410186431750894,250,33,wallpath_pi_task1_final_seed33_r0005,results\wallpath_pi_task1_final_seed33_r0005\run_1
log_distance,0.005,33,346.2,311.54776203999364,69171.2,62288.73393528756,346.2,311.54776203999364,3.4,0.490880693673816,7.499579994125038,2.018782025872848,6.031931704521179,1.7186137166134543,5.213402988433838,1.714902781927194,12.17715369987488,3.245224556763411,14.36502363204956,3.7724970697182902,-0.0604884127975674,0.6541903780464521,7.475727331161499,2.001122502122734,69171.2,62288.73393528756,9.626325938507453,3.821191351316733,7.287160866976064,2.008811347365096,7.261986734475238,2.020265400055812,7.499579994125038,2.018782025872848,69171.2,62288.73393528756,3.7878787878787874e-06,7.5909546975019154e-06,7.500003480785285,2.018935933762617,6.032193118095398,1.718699222032834,12.17775611114502,3.245502740390485,68825.0,61977.186267776655,9.62820989361432,3.826013390809592,7.28736470327975,2.008894820127593,7.4929900404542895,2.025436197730496,6.027904651641846,1.7257560200516049,12.1639126701355,3.2507439851447257,66369.0,61020.82222471212,7.663210724327466,1.9138240607056984,1.4291243199972876,1.493676762219754,4.266724004396969,1.3801234071844803,250,33,wallpath_pi_task1_final_seed33_r0005,results\wallpath_pi_task1_final_seed33_r0005\run_1
direct_extra_all_features,0.01,33,692.0,622.7342868092871,69171.2,62288.73393528756,692.0,622.7342868092871,3.4,0.490880693673816,2.8928018832888847,0.8447935713616319,1.916592219114304,0.6114969282614137,1.1380212440490722,0.4330805605354025,4.8101723279953,1.4892451257579833,6.370857831001282,1.861718237487388,-0.2126443154944572,0.3809660261680335,2.8673751101493834,0.8188508132522764,69171.2,62288.73393528756,0.7525134583630287,0.3633591890421003,3.004249514395304,0.8769990734277321,3.1365036967526096,0.8906202339700221,2.8928018832888847,0.8447935713616319,69171.2,62288.73393528756,3.7878787878787874e-06,7.5909546975019154e-06,2.904922873214053,0.8473960059445628,1.9286296792030333,0.6149620826961699,4.830542814254761,1.4922043092651824,68479.2,61665.9996840083,0.7535193371176393,0.3638682677208223,3.016871460770807,0.8797275721041208,2.803349403352015,0.8399021385393718,1.8437309188842772,0.5971877331202242,4.655936482429504,1.4966386182841154,66369.0,61020.82222471212,4.161372172329591,0.7227317497760376,-3.0653402761185187,1.1585974328928,-0.0056320111289776,0.0758277147217656,250,33,wallpath_pi_task1_final_seed33_r001,results\wallpath_pi_task1_final_seed33_r001\run_1
direct_rf_all_features,0.01,33,692.0,622.7342868092871,69171.2,62288.73393528756,692.0,622.7342868092871,3.4,0.490880693673816,2.898433894417862,0.8194666324540747,1.901147799253464,0.5890818993589564,1.1131504859924315,0.4142153470198086,4.790534789085388,1.4174280061447606,6.378137333869934,1.7699140372632305,-0.1621652678864193,0.3206277663460893,2.879924939632416,0.8062418397935887,69171.2,62288.73393528756,0.7903579419356654,0.4240990638216836,3.008663166855339,0.8509519823855153,3.140792240245853,0.8636417980961406,2.898433894417862,0.8194666324540747,69171.2,62288.73393528756,3.7878787878787874e-06,7.5909546975019154e-06,2.9111889373876974,0.822478722552469,1.9143226573467251,0.5930943786777632,4.811959718704224,1.4205581701715269,68479.2,61665.9996840083,0.7919647822446995,0.4256643643327973,3.0219238364207737,0.8540921534635456,2.8036639661415976,0.8080939879881001,1.8255909569263455,0.5713824498470024,4.627225701332092,1.4170214469826783,66369.0,61020.82222471212,4.20997174327945,0.7513995335130482,-3.059708264989541,1.1347956107224306,0.0,0.0,250,33,wallpath_pi_task1_final_seed33_r001,results\wallpath_pi_task1_final_seed33_r001\run_1
wallpath_extra,0.01,33,692.0,622.7342868092871,69171.2,62288.73393528756,692.0,622.7342868092871,3.4,0.490880693673816,2.9747883746027464,0.8294058298798603,1.926782251358032,0.6018783941432775,1.1148231658935548,0.4529367428846229,4.816665422439575,1.36058590528175,6.442571941375732,1.6685740420209303,-0.0173555865152739,0.2509652913414791,2.966018404483795,0.8229724892022022,69171.2,62288.73393528756,1.321769005162341,0.7727679223758843,3.076552237497718,0.8621531317055953,3.20768479121619,0.8810811661711623,2.9747883746027464,0.8294058298798603,69171.2,62288.73393528756,3.7878787878787874e-06,7.5909546975019154e-06,2.989034020340809,0.8333084552916564,1.942585696697235,0.6069472729873868,4.840405042648316,1.3646109811211786,68479.2,61665.9996840083,1.3277231548873063,0.7761818213901494,3.0912861376922973,0.8662258186268498,2.863928403273406,0.7976047872793414,1.8496236271858213,0.5810026551977602,4.650359184265136,1.3482164874165137,66369.0,61020.82222471212,4.437510893349785,1.089581975614898,-2.983353784804657,1.062996364346779,0.0763544801848847,0.2686337376853158,250,33,wallpath_pi_task1_final_seed33_r001,results\wallpath_pi_task1_final_seed33_r001\run_1
wallpath_rf,0.01,33,692.0,622.7342868092871,69171.2,62288.73393528756,692.0,622.7342868092871,3.4,0.490880693673816,3.0116236794691,0.8631157905123829,1.9263112316131592,0.6207761575329639,1.0963994369506835,0.4719212935271934,4.837411045074463,1.382765773428272,6.495097171783447,1.6877999914406312,-0.0120558241046965,0.2590350102707088,3.002564712047577,0.8560262908306155,69171.2,62288.73393528756,1.507542172441165,0.8923462012816932,3.1106897074976154,0.8968980589436626,3.245113102797644,0.9167529142451316,3.0116236794691,0.8631157905123829,69171.2,62288.73393528756,3.7878787878787874e-06,7.5909546975019154e-06,3.0259614544305173,0.8672586034354952,1.9417624452114104,0.6259311312348411,4.861275375366211,1.386824616713745,68479.2,61665.9996840083,1.5143697688267266,0.8960143974015075,3.125500906454211,0.9012259558421531,2.896552498527861,0.8260935204307294,1.847422819852829,0.5984899017688304,4.665299227714539,1.368633114963668,66369.0,61020.82222471212,4.511735507809594,1.1698038049962949,-2.9465184799383044,1.0551539880921423,0.1131897850512369,0.3190826656694939,250,33,wallpath_pi_task1_final_seed33_r001,results\wallpath_pi_task1_final_seed33_r001\run_1
wallpath_calibrated,0.01,33,692.0,622.7342868092871,69171.2,62288.73393528756,692.0,622.7342868092871,3.4,0.490880693673816,3.032834712931358,0.7914237095987218,2.069262227535248,0.5557169716681932,1.3103060150146484,0.3991656537474495,5.015758089065551,1.3798997220796991,6.547430011749268,1.7395171318880682,-0.3201199033253361,0.4425644245092931,2.990037456512451,0.765986548955574,69171.2,62288.73393528756,0.8230115971614527,0.367775466678396,3.150016353754121,0.8240781843560445,3.291232245168338,0.8376126437358833,3.032834712931358,0.7914237095987218,69171.2,62288.73393528756,3.7878787878787874e-06,7.5909546975019154e-06,3.0462190652097423,0.7943743788831615,2.0840756435394288,0.5596084109607915,5.036454104423523,1.383417680242112,68479.2,61665.9996840083,0.8266180717106525,0.3697599181714079,3.163923592957165,0.8272169476258339,2.940732212191947,0.7735940958411744,1.9978549332618716,0.539059111399335,4.86392667388916,1.3685151464114127,66369.0,61020.82222471212,4.305936725682308,0.8527909101022889,-2.9253074464760447,1.0789037968289246,0.1344008185134962,0.1515844271325824,250,33,wallpath_pi_task1_final_seed33_r001,results\wallpath_pi_task1_final_seed33_r001\run_1
multi_wall_residual_idw,0.01,33,692.0,622.7342868092871,69171.2,62288.73393528756,692.0,622.7342868092871,3.4,0.490880693673816,3.7050882213470544,1.035793616926253,2.46332839345932,0.6005250346091267,1.6646305084228517,0.4203358024503266,5.604689356803895,1.3964355340254764,7.315287340164184,1.8557621548884176,0.0024082864781375,0.2657575493407851,3.6973804965019226,1.0295769083499826,69171.2,62288.73393528756,2.981034468004786,1.6023704751487766,3.781214198190709,1.0895698695940754,3.928376776238192,1.1334213508449922,3.7050882213470544,1.035793616926253,69171.2,62288.73393528756,3.7878787878787874e-06,7.5909546975019154e-06,3.7237762266868737,1.0410298756946623,2.488240427017212,0.606615359757724,5.6294775495529175,1.4027709771790946,68479.2,61665.9996840083,2.9956752327444693,1.607040088719914,3.800282193426726,1.095115635997335,3.567438479088807,0.9670923203467596,2.3908307428359987,0.58035589346516,5.4728867626190185,1.373742050243749,66369.0,61020.82222471212,5.430534727530504,2.0899795256131064,-2.2530539380603485,0.8246549135105813,0.8066543269291924,0.6445635437686573,250,33,wallpath_pi_task1_final_seed33_r001,results\wallpath_pi_task1_final_seed33_r001\run_1
idw,0.01,33,692.0,622.7342868092871,69171.2,62288.73393528756,692.0,622.7342868092871,3.4,0.490880693673816,4.250288779538097,0.9344554469806576,3.122777454376221,0.6984470257153228,2.335249542236328,0.5630928175740906,6.932884170532226,1.5632968924232993,8.730128044128419,2.000048579183983,-0.1601570285053458,0.3718646114110474,4.233307344436645,0.9243730470260708,69171.2,62288.73393528756,7.837631511496981,3.491550974399949,4.01148848505137,0.9348632933170672,4.00778034427169,0.9090919533630336,4.250288779538097,0.9344554469806576,69171.2,62288.73393528756,3.7878787878787874e-06,7.5909546975019154e-06,4.271726542963992,0.9391849642954676,3.154358458995819,0.7055337773242705,6.95941974067688,1.569572594815078,68479.2,61665.9996840083,7.875838677529793,3.499968749824086,4.031712305600019,0.939598243858072,4.211724006379139,0.9331886961003192,3.0895330805778505,0.6943638279767146,6.865257019042969,1.5579242992841758,66369.0,61020.82222471212,4.906511763614748,0.797722758864289,-1.707853379869307,1.1265407541741792,1.3518548851202346,0.4197081585588238,250,33,wallpath_pi_task1_final_seed33_r001,results\wallpath_pi_task1_final_seed33_r001\run_1
direct_rf_sparse_anchor,0.01,33,692.0,622.7342868092871,69171.2,62288.73393528756,692.0,622.7342868092871,3.4,0.490880693673816,5.038473888306167,1.0490732200492163,3.6478660259246825,0.8439123696391434,2.6513789978027344,0.9076884839101552,8.489729997634887,1.842564050915474,10.54070818901062,2.301315426423844,-0.9208425721209496,0.9763992558122668,4.866240846633911,1.0046815472319404,69171.2,62288.73393528756,0.8191641402399746,0.4101068759390489,5.242679928638935,1.1112402081197217,5.513078884247935,1.1036268794690285,5.038473888306167,1.0490732200492163,69171.2,62288.73393528756,3.7878787878787874e-06,7.5909546975019154e-06,5.038926324047261,1.049591486999804,3.648091756820679,0.8443039274461382,8.490406665802002,1.8436591521928063,68479.2,61665.9996840083,0.8186923754375548,0.4101592504065489,5.243160145116375,1.111810495676989,4.966138475992049,1.0471109261764422,3.5795280513763426,0.8463324266357497,8.382483089447021,1.8382978330545685,66369.0,61020.82222471212,6.107270466719529,1.1052700738072896,-0.9196682711012362,0.9221710759358752,2.140039993888305,0.7185981281916249,250,33,wallpath_pi_task1_final_seed33_r001,results\wallpath_pi_task1_final_seed33_r001\run_1
multi_wall,0.01,33,692.0,622.7342868092871,69171.2,62288.73393528756,692.0,622.7342868092871,3.4,0.490880693673816,5.958142159407403,1.3168612034491736,4.556101053237915,0.9956654551215652,3.726387279510498,0.9322710202127252,9.361474224090577,1.9806489882376697,11.480063318252563,2.471353882669408,0.0153101620195666,0.3323875112029138,5.949849148750305,1.312898618185915,69171.2,62288.73393528756,5.617437780741192,2.1792705930511493,6.005294462005031,1.357555405107936,6.174448177483489,1.3991965603163636,5.958142159407403,1.3168612034491736,69171.2,62288.73393528756,3.7878787878787874e-06,7.5909546975019154e-06,5.960202169601721,1.318714240481984,4.557015141487121,0.996246923835338,9.363103939056396,1.9816828578579568,68479.2,61665.9996840083,5.618547838681349,2.179815683629598,6.007366029118122,1.3596139607572046,5.86025979172533,1.2840583661736331,4.505363115310669,0.9926598046550446,9.267213785171508,1.974177359661352,66369.0,61020.82222471212,7.334434101959594,2.195983748110199,0.0,0.0,3.059708264989541,1.1347956107224306,250,33,wallpath_pi_task1_final_seed33_r001,results\wallpath_pi_task1_final_seed33_r001\run_1
direct_rf_geometry,0.01,33,692.0,622.7342868092871,69171.2,62288.73393528756,692.0,622.7342868092871,3.4,0.490880693673816,6.173671116460058,1.183799945833021,4.367263305664062,1.0211507669146933,3.02754825592041,1.2142592556765792,10.458103424072265,2.085994214933671,13.11006983757019,2.5249183200653085,0.1044812647560611,2.5081639469484505,5.689761817932129,0.9297018541851144,69171.2,62288.73393528756,0.9056146965851534,0.5992107834600766,6.415806307069282,1.2162159098933176,6.77598904147933,1.27082980057085,6.173671116460058,1.183799945833021,69171.2,62288.73393528756,3.7878787878787874e-06,7.5909546975019154e-06,6.173364532664015,1.1840406187771162,4.366914755344391,1.0214823147844343,10.457224966049194,2.0860698981699115,68479.2,61665.9996840083,0.905329177007774,0.599270208999297,6.415481079560779,1.2164150790243566,6.065938054012383,1.2053217498854432,4.273787299156189,1.048703536318312,10.283738203048706,2.1200246077829807,66369.0,61020.82222471212,7.928638487572731,1.8016924715750724,0.215528957052655,1.4065378428008977,3.2752372220421964,1.2634220182676863,250,33,wallpath_pi_task1_final_seed33_r001,results\wallpath_pi_task1_final_seed33_r001\run_1
log_distance,0.01,33,692.0,622.7342868092871,69171.2,62288.73393528756,692.0,622.7342868092871,3.4,0.490880693673816,7.469547790558245,1.9919788096689632,6.009385330200195,1.6984901025869368,5.190916110992432,1.6956522466963229,12.123317403793337,3.191385560599612,14.320634349822996,3.670773810821201,-0.0348111771158874,0.405586493505483,7.460135963439941,1.9862890128135524,69171.2,62288.73393528756,9.550047395973268,3.966986968148124,7.269527495793669,1.9824191156925213,7.255978194894697,1.997106908845172,7.469547790558245,1.9919788096689632,69171.2,62288.73393528756,3.7878787878787874e-06,7.5909546975019154e-06,7.470229854528339,1.9923222219129268,6.009823665618897,1.6986275176325132,12.124905164718628,3.192375318572452,68479.2,61665.9996840083,9.55145731009825,3.968899500597427,7.269991219997912,1.982728076469942,7.461526062975754,1.9974568940849944,6.004008526802063,1.7050321279655782,12.107139575958252,3.1949814054728063,66369.0,61020.82222471212,7.649214866087834,1.900769494001804,1.5114056311508413,1.4771806427702183,4.571113896140383,1.423035295449062,250,33,wallpath_pi_task1_final_seed33_r001,results\wallpath_pi_task1_final_seed33_r001\run_1
direct_extra_all_features,0.05,33,3458.8,3114.3119812353198,69171.2,62288.73393528756,3458.8,3114.3119812353198,3.4,0.490880693673816,2.208037009598794,0.6385494276903739,1.3911398799419403,0.455869061551437,0.7633134384155273,0.2879698977940495,3.544282744884491,1.1741480609700166,4.900385920524597,1.3970734310535615,-0.090464016678161,0.2191130579817433,2.1982233190536498,0.628591737490529,69171.2,62288.73393528756,0.6885251246912408,0.2814231135418322,2.2919442061495774,0.666914784278926,2.392228082492576,0.6837741099997011,2.208037009598794,0.6385494276903739,69171.2,62288.73393528756,3.7878787878787874e-06,7.5909546975019154e-06,2.258716222402364,0.6506447595005888,1.4401790125370026,0.4707494708397269,3.6381047987937927,1.186745139267103,65712.4,59174.42195997515,0.6966441431136825,0.2849302791778593,2.3447134915334478,0.6796116584013618,2.113082446701049,0.6328835134624907,1.3233721747398377,0.4409422112479312,3.3710363030433657,1.1715326660387242,66369.0,61020.82222471212,3.476592886393412,0.5620111824657674,-3.663249907893246,1.0950469292980365,-0.0116015531008986,0.0565197292196783,250,33,wallpath_pi_task1_final_seed33_r005,results\wallpath_pi_task1_final_seed33_r005\run_1
direct_rf_all_features,0.05,33,3458.8,3114.3119812353198,69171.2,62288.73393528756,3458.8,3114.3119812353198,3.4,0.490880693673816,2.2196385626996924,0.6439994514119659,1.3651979508399965,0.4549120267173869,0.7245962448120117,0.2820708823943779,3.516681113243103,1.1811823180500505,4.935935031890869,1.383991884473578,-0.0482860875049373,0.158728410226533,2.2146829147338867,0.6398913342515142,69171.2,62288.73393528756,0.7705009058597584,0.3079014922651099,2.301397044058038,0.673364307596109,2.400967912908879,0.6911245849611171,2.2196385626996924,0.6439994514119659,69171.2,62288.73393528756,3.7878787878787874e-06,7.5909546975019154e-06,2.272016841859381,0.6576885912820042,1.4185875670909882,0.4721652078584791,3.615431886196137,1.1962182288679104,65712.4,59174.42195997515,0.7828167755346624,0.3146732345422677,2.3558223009534296,0.6877838164572976,2.1182165110731708,0.6315440126984189,1.294984456539154,0.4365938276164408,3.3340892763137817,1.1699367346930978,66369.0,61020.82222471212,3.543457810776701,0.622218998159764,-3.6516483547923473,1.0856495596880584,0.0,0.0,250,33,wallpath_pi_task1_final_seed33_r005,results\wallpath_pi_task1_final_seed33_r005\run_1
wallpath_extra,0.05,33,3458.8,3114.3119812353198,69171.2,62288.73393528756,3458.8,3114.3119812353198,3.4,0.490880693673816,2.2446590785447795,0.6747496549621517,1.3212852849960328,0.4713028108329267,0.6358336944580079,0.2900992245292831,3.4756620721817018,1.2042237640842806,4.940281793594361,1.39780044516915,0.0083729878559242,0.1108979880646589,2.2424185700416563,0.6732141518198529,69171.2,62288.73393528756,0.9251833914779796,0.4316856742326743,2.326274460439775,0.7073915146241058,2.4316965790828577,0.730135046049006,2.2446590785447795,0.6747496549621517,69171.2,62288.73393528756,3.7878787878787874e-06,7.5909546975019154e-06,2.3011105133829672,0.6916252775561788,1.3799243721961976,0.4929327413561192,3.5828559455871583,1.2209945437413583,65712.4,59174.42195997515,0.9472771580323192,0.4426925886543886,2.384787618693255,0.7250455766496537,2.1248052192361904,0.6506124973680959,1.2461467101573944,0.4490574234552016,3.280889262676239,1.1879034254234877,66369.0,61020.82222471212,3.7231863964157976,0.8679370013959644,-3.62662783894726,1.0699226247028886,0.0250205158450872,0.122019140045992,250,33,wallpath_pi_task1_final_seed33_r005,results\wallpath_pi_task1_final_seed33_r005\run_1
wallpath_rf,0.05,33,3458.8,3114.3119812353198,69171.2,62288.73393528756,3458.8,3114.3119812353198,3.4,0.490880693673816,2.285581651267301,0.7020948721987972,1.3275348105430602,0.4845251568783333,0.6302439193725586,0.299660304849408,3.4934566168785097,1.2250410893643375,4.989753458023071,1.4316260418249227,0.0077110552315207,0.1175287223075068,2.2831137371063237,0.7004273593022322,69171.2,62288.73393528756,1.0450340282013688,0.5191808124180416,2.3665352892463094,0.7345273585071121,2.474469443679258,0.7578593969786285,2.285581651267301,0.7020948721987972,69171.2,62288.73393528756,3.7878787878787874e-06,7.5909546975019154e-06,2.3423116215685584,0.7197644951700782,1.38384233379364,0.5064043615164399,3.6001967730522155,1.2414971183140462,65712.4,59174.42195997515,1.0693187673273334,0.531783761981889,2.4253006623233904,0.75298405649622,2.160305459116226,0.6732419356644188,1.251288076877594,0.4618986914664864,3.2983349504470825,1.2098540487257912,66369.0,61020.82222471212,3.806241549925637,0.9963261565285184,-3.5857052662247386,1.062270276317746,0.0659430885676085,0.1569728399777882,250,33,wallpath_pi_task1_final_seed33_r005,results\wallpath_pi_task1_final_seed33_r005\run_1
wallpath_calibrated,0.05,33,3458.8,3114.3119812353198,69171.2,62288.73393528756,3458.8,3114.3119812353198,3.4,0.490880693673816,2.407465563720866,0.6145021017910669,1.6079538669586182,0.4215440193223528,0.9838747901916504,0.2829143879319395,3.931361275672912,1.0765456120651316,5.225727869033814,1.3598364839283197,-0.1641802691623161,0.2695607860208563,2.390007504940033,0.6018259025257298,69171.2,62288.73393528756,0.7649812187127073,0.3197463734382847,2.498881523576324,0.6418717948627297,2.6068843292684103,0.6563754901615936,2.407465563720866,0.6145021017910669,69171.2,62288.73393528756,3.7878787878787874e-06,7.5909546975019154e-06,2.4650830957287333,0.6276858669292308,1.6711146223545077,0.4380509562455325,4.024454420089722,1.0953972786298485,65712.4,59174.42195997515,0.7842150252522712,0.3294177490783834,2.558692013373266,0.6557423715388415,2.316117720861481,0.5996346926858211,1.542383883476257,0.4054967988988927,3.7771351170539855,1.0575937175973005,66369.0,61020.82222471212,3.632825636728651,0.6435157015460309,-3.463821353771173,1.0569300016290255,0.187827001021174,0.1067868486344454,250,33,wallpath_pi_task1_final_seed33_r005,results\wallpath_pi_task1_final_seed33_r005\run_1
multi_wall_residual_idw,0.05,33,3458.8,3114.3119812353198,69171.2,62288.73393528756,3458.8,3114.3119812353198,3.4,0.490880693673816,2.978067751770724,0.7330800195368669,1.9802387919425963,0.4482942073492224,1.3391262016296386,0.3090915007849365,4.565971494674683,1.0955746212461788,5.996062310218811,1.4523632132468194,-0.0061867086623096,0.1041541496805155,2.9765958857536314,0.7318774030901298,69171.2,62288.73393528756,2.3514667810757164,1.049571622148885,3.04463553679204,0.7742958716828571,3.163861133249162,0.8060482820828043,2.978067751770724,0.7330800195368669,69171.2,62288.73393528756,3.7878787878787874e-06,7.5909546975019154e-06,3.055450226214387,0.752138894777114,2.0844854807853697,0.4719106087796798,4.67027285861969,1.1196593628816771,65712.4,59174.42195997515,2.413305773722428,1.076495685545776,3.123729231191784,0.794358127946373,2.859986144210842,0.6922361598224073,1.9164247450828555,0.4310973843788346,4.433696249961853,1.0680348097070944,66369.0,61020.82222471212,4.472148160086759,1.3591523505244465,-2.893219165721316,0.8881725237294984,0.7584291890710315,0.3245738385654848,250,33,wallpath_pi_task1_final_seed33_r005,results\wallpath_pi_task1_final_seed33_r005\run_1
idw,0.05,33,3458.8,3114.3119812353198,69171.2,62288.73393528756,3458.8,3114.3119812353198,3.4,0.490880693673816,3.3643449194312662,0.6481719221572642,2.4660530228614808,0.48871899716554,1.8734481887817385,0.4038912682464437,5.487149049758911,1.102798972433618,6.911928567886353,1.3794616921063083,-0.081723226547183,0.1438064040363908,3.3607399749755857,0.6461278465772446,69171.2,62288.73393528756,6.158560515987701,2.3165846387437408,3.1792677846774478,0.6590101307284816,3.179702178836612,0.6393308637830531,3.3643449194312662,0.6481719221572642,69171.2,62288.73393528756,3.7878787878787874e-06,7.5909546975019154e-06,3.4517643830615308,0.6650294922394686,2.5958742809295656,0.5144687680943121,5.594239310264587,1.1243798510432788,65712.4,59174.42195997515,6.321228787699463,2.3838759057020846,3.2618629175012974,0.6760972244893217,3.324671577394514,0.6456062304845684,2.434876997470856,0.4847618819739258,5.417684880256653,1.0933616906259258,66369.0,61020.82222471212,4.025470939849796,0.5312939237541991,-2.506941998060773,1.037046409394046,1.1447063567315736,0.2351645453056902,250,33,wallpath_pi_task1_final_seed33_r005,results\wallpath_pi_task1_final_seed33_r005\run_1
direct_rf_sparse_anchor,0.05,33,3458.8,3114.3119812353198,69171.2,62288.73393528756,3458.8,3114.3119812353198,3.4,0.490880693673816,5.015819803091696,1.0089337284790716,3.6453274059295655,0.8288647955557891,2.6871139373779296,0.9001483752380713,8.445068626403808,1.770882887895552,10.46838447380066,2.166304815348078,-1.0119741669576614,0.9376756146845444,4.822925930023193,1.008327426340096,69171.2,62288.73393528756,0.8122150509928546,0.3976530892644956,5.218073416209128,1.0624356351410844,5.491309929488227,1.0479700607225697,5.015819803091696,1.0089337284790716,69171.2,62288.73393528756,3.7878787878787874e-06,7.5909546975019154e-06,5.015666538390798,1.009062459473152,3.645116362571717,0.8290364843847728,8.445478372573852,1.7719196386027252,65712.4,59174.42195997515,0.8104607981726171,0.4002128521732098,5.217912277180489,1.0624230099804912,4.949083689974852,1.007158236529401,3.581075057506561,0.8319737549786925,8.346398551940919,1.768458817014659,66369.0,61020.82222471212,5.976679419437352,1.1067013908577588,-0.8554671144003443,0.8017282881017979,2.796181240392003,0.7936721377670639,250,33,wallpath_pi_task1_final_seed33_r005,results\wallpath_pi_task1_final_seed33_r005\run_1
multi_wall,0.05,33,3458.8,3114.3119812353198,69171.2,62288.73393528756,3458.8,3114.3119812353198,3.4,0.490880693673816,5.87128691749204,1.2502443586564067,4.546674425125122,1.0011990655169425,3.749077835083008,0.9676069234598206,9.339412029266358,1.9616509784283696,11.406485151290893,2.384397237927146,-0.0046278661437099,0.1287466182658549,5.870068848609924,1.2497919115834264,69171.2,62288.73393528756,5.669539385946954,2.009869074473703,5.907310877771175,1.279139892788107,6.060262541943778,1.3078367947150833,5.87128691749204,1.2502443586564067,69171.2,62288.73393528756,3.7878787878787874e-06,7.5909546975019154e-06,5.872302525705403,1.2514020536321182,4.546831116676331,1.0012864788409117,9.339583702087404,1.961556109743434,65712.4,59174.42195997515,5.670464023395769,2.0100866248885447,5.908301628966499,1.280434891118112,5.789986116042305,1.2341872577611563,4.500897466659546,1.0004500835590735,9.250801641464234,1.9598292820180936,66369.0,61020.82222471212,7.06870243955375,1.7576545133353854,0.0,0.0,3.6516483547923473,1.0856495596880584,250,33,wallpath_pi_task1_final_seed33_r005,results\wallpath_pi_task1_final_seed33_r005\run_1
direct_rf_geometry,0.05,33,3458.8,3114.3119812353198,69171.2,62288.73393528756,3458.8,3114.3119812353198,3.4,0.490880693673816,7.087434556204864,2.378543674990615,5.050381757736206,1.8951675517164843,3.5087197074890137,1.7202037303374584,12.123645698547364,4.4890938520823545,15.017571105957032,5.014883555332084,-2.798221243225038,2.919968259990901,6.09016065120697,1.5701924353373846,69171.2,62288.73393528756,0.8134516238762447,0.4033280156652275,7.347783833940223,2.3740289098770315,7.740186758696687,2.359791531427025,7.087434556204864,2.378543674990615,69171.2,62288.73393528756,3.7878787878787874e-06,7.5909546975019154e-06,7.086756492118775,2.3784370533114063,5.0495791463851925,1.8954991882577223,12.1206495552063,4.485907052969127,65712.4,59174.42195997515,0.8120076397476301,0.4059714962516028,7.3470216388714364,2.373716556061256,7.018326496535599,2.4173078295510027,4.985089663505554,1.916540260983472,12.039744953155518,4.5475226648702725,66369.0,61020.82222471212,8.25347276827392,2.081775429713986,1.2161476387128245,2.020401519448164,4.8677959935051724,1.988805234507876,250,33,wallpath_pi_task1_final_seed33_r005,results\wallpath_pi_task1_final_seed33_r005\run_1
log_distance,0.05,33,3458.8,3114.3119812353198,69171.2,62288.73393528756,3458.8,3114.3119812353198,3.4,0.490880693673816,7.444199514588873,1.9802977406003628,5.992377841949463,1.6959528934291397,5.179263824462891,1.704554515368476,12.10094534111023,3.180307913449863,14.234254878997804,3.583396362949141,-0.0048597935196012,0.1706865051605037,7.442597532272339,1.979483143947636,69171.2,62288.73393528756,9.471208095119552,3.623512643381244,7.242704617408932,1.9694232727504175,7.223895162591667,1.9792722854271128,7.444199514588873,1.9802977406003628,69171.2,62288.73393528756,3.7878787878787874e-06,7.5909546975019154e-06,7.444470856271163,1.9807039478988608,5.992617524147033,1.6965993439911389,12.10034103012085,3.180211666544729,65712.4,59174.42195997515,9.472578866931665,3.630502110762087,7.242916395493784,1.970126106589957,7.43700181175813,1.9868217280895504,5.988128166198731,1.703696378835634,12.08525605392456,3.1845779019341696,66369.0,61020.82222471212,7.615490849876352,1.8770753097840736,1.5729125970968327,1.454517964824601,5.224560951889179,1.537694402787149,250,33,wallpath_pi_task1_final_seed33_r005,results\wallpath_pi_task1_final_seed33_r005\run_1
direct_extra_all_features,0.1,33,6917.2,6228.817127773537,69171.2,62288.73393528756,6917.2,6228.817127773537,3.4,0.490880693673816,1.9391655021157832,0.5714656708772466,1.1800734958648682,0.3974974568635002,0.6115095443725586,0.2329550357576197,3.032133587360382,1.0717617486809172,4.302228385925293,1.2925786138431163,-0.0655111919869668,0.1760833251797077,1.9321986107826232,0.5643490416899164,69171.2,62288.73393528756,0.6548112351164306,0.2593582306032226,2.011857527287093,0.5971050726279703,2.0992060658001965,0.6107592671948952,1.9391655021157832,0.5714656708772466,69171.2,62288.73393528756,3.7878787878787874e-06,7.5909546975019154e-06,2.036014604844903,0.5963459980669757,1.2773759281635284,0.426898987889501,3.212896219730377,1.103936780436629,62254.0,56059.9168095241,0.6757581730174607,0.2648769257272646,2.112595792167981,0.6232004132008029,1.8461000407111012,0.5660599131602628,1.1179498491287232,0.3834636402169791,2.8668509812355043,1.0600430670699996,66369.0,61020.82222471212,3.15337091773064,0.5180446043080993,-3.920964212006498,1.0836975388446242,-0.0100955215197819,0.0509445669338394,250,33,wallpath_pi_task1_final_seed33_r010,results\wallpath_pi_task1_final_seed33_r010\run_1
wallpath_extra,0.1,33,6917.2,6228.817127773537,69171.2,62288.73393528756,6917.2,6228.817127773537,3.4,0.490880693673816,1.947787951701195,0.5970772053132832,1.0832711617946624,0.4069057265234614,0.4580447273254394,0.2177438408918782,2.905574669837952,1.1270424478889556,4.283407554626465,1.3143799496539217,0.0050763965381775,0.0825861261920109,1.9463928413391116,0.5960417186484527,69171.2,62288.73393528756,0.7762386830009899,0.3627915507870948,2.019345794159352,0.6256735603041234,2.1112842743368736,0.6423475319855236,1.947787951701195,0.5970772053132832,69171.2,62288.73393528756,3.7878787878787874e-06,7.5909546975019154e-06,2.050748489144462,0.6286119540575764,1.1871690663099288,0.4475974365795558,3.105884554862976,1.1617517634561931,62254.0,56059.9168095241,0.8154161584717812,0.3810700865873306,2.1260796574022054,0.658633788277908,1.8336483285887089,0.5760263320934941,1.0148147863149644,0.3863162173808406,2.7192367935180664,1.102629125723949,66369.0,61020.82222471212,3.3385951748357914,0.7253791898521973,-3.9123417624210863,1.066653271842017,-0.0014730719343705,0.0916658225833105,250,33,wallpath_pi_task1_final_seed33_r010,results\wallpath_pi_task1_final_seed33_r010\run_1
direct_rf_all_features,0.1,33,6917.2,6228.817127773537,69171.2,62288.73393528756,6917.2,6228.817127773537,3.4,0.490880693673816,1.9492610236355652,0.5801615147171766,1.1386740391254424,0.3997479876688161,0.5540710258483886,0.2323672670297299,2.9857061710357664,1.1032873518238795,4.329414437294006,1.3054071968385277,-0.0361815440148347,0.1282811515208148,1.9457374091148376,0.576845950737025,69171.2,62288.73393528756,0.7138395668357174,0.2784110011009017,2.0204141403856206,0.6070813697270931,2.107028622110115,0.6211981219033004,1.9492610236355652,0.5801615147171766,69171.2,62288.73393528756,3.7878787878787874e-06,7.5909546975019154e-06,2.0482459813725336,0.607466956056989,1.2420686144828796,0.434381005158742,3.176597002983093,1.138279598582082,62254.0,56059.9168095241,0.7413298404082634,0.2888095289368131,2.123166037908673,0.635733891088681,1.849969751389412,0.5696847803539714,1.0744927620887756,0.3829295549009541,2.8100419535636902,1.0830240638933404,66369.0,61020.82222471212,3.2180249979177296,0.562758307737019,-3.910868690486716,1.074497337608933,0.0,0.0,250,33,wallpath_pi_task1_final_seed33_r010,results\wallpath_pi_task1_final_seed33_r010\run_1
wallpath_rf,0.1,33,6917.2,6228.817127773537,69171.2,62288.73393528756,6917.2,6228.817127773537,3.4,0.490880693673816,1.9821700431504443,0.6119370026385822,1.0920333732366565,0.4153564841746462,0.4594560928344726,0.2250016268747694,2.9279859735965728,1.1393382236802212,4.325686656951905,1.3339378377483553,-0.0010689911115914,0.0891058394481556,1.980561688899994,0.610808281257645,69171.2,62288.73393528756,0.87579945383258,0.4463104564268449,2.05310006620653,0.6398905689233724,2.1467589723801868,0.6560946729785494,1.9821700431504443,0.6119370026385822,69171.2,62288.73393528756,3.7878787878787874e-06,7.5909546975019154e-06,2.0856598862120865,0.6441591635686855,1.1937427974939343,0.45627436901354,3.129135626792908,1.1762744407688777,62254.0,56059.9168095241,0.919243026259301,0.4687778456430739,2.160315279683161,0.6735468585930143,1.8654230346072744,0.5892401014531308,1.0231588195562362,0.3950891182600001,2.739797226667404,1.1174864450618025,66369.0,61020.82222471212,3.400253284066704,0.7727001639108236,-3.877959670971836,1.0608438887763785,0.0329090195148795,0.1087096923850259,250,33,wallpath_pi_task1_final_seed33_r010,results\wallpath_pi_task1_final_seed33_r010\run_1
wallpath_calibrated,0.1,33,6917.2,6228.817127773537,69171.2,62288.73393528756,6917.2,6228.817127773537,3.4,0.490880693673816,2.1762608794148206,0.5437832752471238,1.4291102032661438,0.3669800499615636,0.8498022918701171,0.2395716783830432,3.537785848617553,0.9499707065130216,4.733091197013855,1.2114321901393137,-0.1056584323432762,0.2249409970697031,2.1643720021247863,0.534680390577545,69171.2,62288.73393528756,0.7026753734072255,0.2723917749180131,2.2584354136631397,0.5679476133958135,2.353625443597348,0.578891082949729,2.1762608794148206,0.5437832752471238,69171.2,62288.73393528756,3.7878787878787874e-06,7.5909546975019154e-06,2.2894941816696464,0.5706968522278534,1.5585082309246063,0.4004046851446802,3.7192362513542174,0.9906404077881408,62254.0,56059.9168095241,0.7398852806451027,0.2863484126167668,2.375927132360619,0.5961041405343727,2.0894114286151817,0.5293449082703865,1.3687144248485563,0.3523543600692293,3.390294304847717,0.930192450459873,66369.0,61020.82222471212,3.333602444999482,0.5671141793258845,-3.683868834707461,1.0420476876791986,0.2269998557792552,0.1007020106173113,250,33,wallpath_pi_task1_final_seed33_r010,results\wallpath_pi_task1_final_seed33_r010\run_1
multi_wall_residual_idw,0.1,33,6917.2,6228.817127773537,69171.2,62288.73393528756,6917.2,6228.817127773537,3.4,0.490880693673816,2.742690101577056,0.6455487377138477,1.7955776681900024,0.3999230716594485,1.2014025802612305,0.2757385044555751,4.22976925945282,1.0075114978499309,5.563724883079529,1.3495355495196737,-0.0072139661617111,0.0689711806474836,2.7419757022857665,0.6450828417698771,69171.2,62288.73393528756,2.1932095508078016,1.1109448009459988,2.8039353745956075,0.682595865939737,2.91244630698081,0.7061227824129916,2.742690101577056,0.6455487377138477,69171.2,62288.73393528756,3.7878787878787874e-06,7.5909546975019154e-06,2.891055263684707,0.6804738621563292,1.9950943732261657,0.4443652822996085,4.430209188461304,1.0577842584127943,62254.0,56059.9168095241,2.3112172236255533,1.1650685870401043,2.955576174895147,0.7194497006977965,2.637874186044116,0.6149080026077783,1.7374213256835938,0.3848686638635726,4.105047982215881,0.9822469762195,66369.0,61020.82222471212,4.103809169890589,1.0478522853748966,-3.1174396125452253,0.8933185748617821,0.7934290779414905,0.2523718459991502,250,33,wallpath_pi_task1_final_seed33_r010,results\wallpath_pi_task1_final_seed33_r010\run_1
idw,0.1,33,6917.2,6228.817127773537,69171.2,62288.73393528756,6917.2,6228.817127773537,3.4,0.490880693673816,3.0781942064574923,0.5787186451458654,2.223365543365478,0.429074573238014,1.699104721069336,0.3623526384531685,5.0336693010330205,0.981535952820172,6.314697771072388,1.2131387819123904,-0.0679790823101066,0.0934783415589207,3.07625737953186,0.5777867996343923,69171.2,62288.73393528756,5.663575064324159,2.2965580638618754,2.910910450616779,0.584794198519307,2.9104934810550738,0.5652309628215095,3.0781942064574923,0.5787186451458654,69171.2,62288.73393528756,3.7878787878787874e-06,7.5909546975019154e-06,3.244708148707254,0.6100287844312565,2.470416093826294,0.4767576797335222,5.232130620956421,1.0185684110356006,62254.0,56059.9168095241,5.969697680954395,2.41068909278885,3.0683425496844428,0.6163930803054956,3.0397998654747,0.5759792375265373,2.194856947898865,0.4258953722836468,4.966851185798645,0.9724425499402348,66369.0,61020.82222471212,3.7119754173406143,0.4771803471591436,-2.781935507664789,1.0160754739028572,1.128933182821927,0.2182619117017378,250,33,wallpath_pi_task1_final_seed33_r010,results\wallpath_pi_task1_final_seed33_r010\run_1
direct_rf_sparse_anchor,0.1,33,6917.2,6228.817127773537,69171.2,62288.73393528756,6917.2,6228.817127773537,3.4,0.490880693673816,4.992567892040306,1.0277103114813289,3.632857487678528,0.8395545690270347,2.6860735816955565,0.8995082586016514,8.408402055740357,1.79411251403462,10.398830360412598,2.208751456374306,-0.946432961318642,0.9487942793867978,4.809342890739441,1.0298430433023278,69171.2,62288.73393528756,0.8474877405620825,0.4281509320992143,5.194216219545144,1.0868838968757222,5.463054952706665,1.0726828733476657,4.992567892040306,1.0277103114813289,69171.2,62288.73393528756,3.7878787878787874e-06,7.5909546975019154e-06,4.9929581301985015,1.0285032643706888,3.632894961357117,0.8404128992989873,8.408833808898926,1.7950964083311542,62254.0,56059.9168095241,0.8460904710602246,0.4294360489459412,5.194601623680934,1.0876600441590734,4.925817567688313,1.024903908186528,3.5688679246902466,0.841478716260379,8.308983388900756,1.7919595856198505,66369.0,61020.82222471212,5.965983252599808,1.1096163576327247,-0.8675618220819755,0.8088703820708079,3.0433068684047404,0.785331874954602,250,33,wallpath_pi_task1_final_seed33_r010,results\wallpath_pi_task1_final_seed33_r010\run_1
multi_wall,0.1,33,6917.2,6228.817127773537,69171.2,62288.73393528756,6917.2,6228.817127773537,3.4,0.490880693673816,5.860129714122281,1.238821833696604,4.546257995605469,0.9999526983441732,3.7481028213500975,0.965431155001471,9.346932207107544,1.9659633764823548,11.388385168075562,2.386994250623081,-0.0051088803082529,0.1034557300077798,5.8593819713592525,1.2384872263615043,69171.2,62288.73393528756,5.690618709583735,2.1243426613689613,5.894870420450885,1.2666142451026068,6.0462313030662855,1.2961745577939905,5.860129714122281,1.238821833696604,69171.2,62288.73393528756,3.7878787878787874e-06,7.5909546975019154e-06,5.861803638052785,1.2402216498480745,4.54703005695343,1.0000949200420357,9.347026670455932,1.967166189541245,62254.0,56059.9168095241,5.695779711343177,2.1422332693048096,5.896335119182184,1.268026467841943,5.784964901906988,1.2293247577404016,4.501736614227295,1.0002631302289573,9.259069944381714,1.964206280313748,66369.0,61020.82222471212,6.990664711241279,1.5862420180523646,0.0,0.0,3.910868690486716,1.074497337608933,250,33,wallpath_pi_task1_final_seed33_r010,results\wallpath_pi_task1_final_seed33_r010\run_1
direct_rf_geometry,0.1,33,6917.2,6228.817127773537,69171.2,62288.73393528756,6917.2,6228.817127773537,3.4,0.490880693673816,6.485803502355529,1.7400079277968272,4.675086798667908,1.4802243187186035,3.401049430847168,1.5273929301786962,10.970171739578246,3.071077748012752,13.66340111541748,3.5356136382483463,-1.8084265673737971,2.419634601260306,5.850583995819092,1.3260155780097014,69171.2,62288.73393528756,0.8182406956124175,0.4036185314460217,6.731665422099355,1.746927027353484,7.095462075707185,1.7240378910859808,6.485803502355529,1.7400079277968272,69171.2,62288.73393528756,3.7878787878787874e-06,7.5909546975019154e-06,6.486547831706557,1.741715300780861,4.675324429512024,1.4821128091278224,10.97165298461914,3.0747414129734927,62254.0,56059.9168095241,0.8161081412831208,0.4055661189256815,6.732388915189445,1.7485842382856267,6.412294158232786,1.7788594394483046,4.60804088306427,1.5083408318983555,10.873851949691772,3.120938171910641,66369.0,61020.82222471212,7.672220727166201,1.4992381577702856,0.6256737882332482,1.64724461730808,4.536542478719965,1.5526572612703804,250,33,wallpath_pi_task1_final_seed33_r010,results\wallpath_pi_task1_final_seed33_r010\run_1
log_distance,0.1,33,6917.2,6228.817127773537,69171.2,62288.73393528756,6917.2,6228.817127773537,3.4,0.490880693673816,7.442205348518508,1.979278313431179,5.990920245170593,1.695151552200968,5.177404899597168,1.7004705280071324,12.092782550811767,3.1683475477925014,14.23468017578125,3.5881861823365484,-0.0130741073571844,0.137492013020811,7.441227035522461,1.978654366180726,69171.2,62288.73393528756,9.4937422006341,3.8749129568364657,7.241645572986321,1.9678857896070303,7.223863238283252,1.9773536524000133,7.442205348518508,1.979278313431179,69171.2,62288.73393528756,3.7878787878787874e-06,7.5909546975019154e-06,7.442287242087946,1.9798281860748008,5.990733985900879,1.69554682430952,12.089658239364624,3.1670855579593105,62254.0,56059.9168095241,9.498562077630485,3.898631622828175,7.241345252447656,1.9682098045043563,7.435411440391364,1.986227553583034,5.987107271194458,1.7033761927521676,12.077502374649049,3.172230966473298,66369.0,61020.82222471212,7.608588676980743,1.8705247314099904,1.582075634396226,1.4535839419869114,5.4929443248829415,1.5642063416882896,250,33,wallpath_pi_task1_final_seed33_r010,results\wallpath_pi_task1_final_seed33_r010\run_1
