row_uid,scenario,config,source_file,coord,distance_m,target_pl_db,method,pred_pl_db,error_db,abs_error_db,split,random_seed,fold
PL_Comms_C1.csv::L-57,Comms,C1,PL_Comms_C1.csv,L-57,28.86173938,106.0,log_distance,104.39102678616646,-1.6089732138335364,1.6089732138335364,random,11,random
PL_SSE_C1.csv::D-1,SSE,C1,PL_SSE_C1.csv,D-1,13.45362405,89.0,log_distance,91.51227979873462,2.5122797987346246,2.5122797987346246,random,11,random
PL_Comms_C1.csv::O-41,Comms,C1,PL_Comms_C1.csv,O-41,15.62049935,97.0,log_distance,94.0320429706299,-2.9679570293700976,2.9679570293700976,random,11,random
PL_Comms_C1.csv::J-57,Comms,C1,PL_Comms_C1.csv,J-57,28.44292531,113.0,log_distance,104.14438571454077,-8.855614285459225,8.855614285459225,random,11,random
PL_Library_C1.csv::S-9,Library,C1,PL_Library_C1.csv,S-9,11.6562,81.0,log_distance,89.09249528909834,8.092495289098338,8.092495289098338,random,11,random
PL_Comms_C2.csv::C-5,Comms,C2,PL_Comms_C2.csv,C-5,24.11381813,107.0,log_distance,101.35838402427956,-5.641615975720441,5.641615975720441,random,11,random
PL_Comms_C1.csv::H-7,Comms,C1,PL_Comms_C1.csv,H-7,22.20360331,87.0,log_distance,99.96583457712745,12.965834577127453,12.965834577127453,random,11,random
PL_SSE_C2.csv::K-2,SSE,C2,PL_SSE_C2.csv,K-2,8.629960892,88.0,log_distance,84.02045334866816,-3.9795466513318445,3.9795466513318445,random,11,random
PL_Comms_C2.csv::H-51,Comms,C2,PL_Comms_C2.csv,H-51,22.23682138,93.0,log_distance,99.99105908224378,6.99105908224378,6.99105908224378,random,11,random
PL_Comms_C1.csv::A-17,Comms,C1,PL_Comms_C1.csv,A-17,12.64911064,92.0,log_distance,90.4718537172449,-1.5281462827551024,1.5281462827551024,random,11,random
PL_Comms_C2.csv::G-34,Comms,C2,PL_Comms_C2.csv,G-34,5.520527602,86.0,log_distance,76.48209080785027,-9.51790919214973,9.51790919214973,random,11,random
PL_Comms_C1.csv::P-12,Comms,C1,PL_Comms_C1.csv,P-12,20.24845673,104.0,log_distance,98.41053421071257,-5.589465789287431,5.589465789287431,random,11,random
PL_SSE_C2.csv::E-10,SSE,C2,PL_SSE_C2.csv,E-10,9.081642197,91.0,log_distance,84.88123856037387,-6.118761439626127,6.118761439626127,random,11,random
PL_Comms_C1.csv::K-24,Comms,C1,PL_Comms_C1.csv,K-24,7.810249676,88.0,log_distance,82.33646082689714,-5.663539173102862,5.663539173102862,random,11,random
PL_Comms_C1.csv::L-32,Comms,C1,PL_Comms_C1.csv,L-32,7.615773106,100.0,log_distance,81.91099693720352,-18.08900306279648,18.08900306279648,random,11,random
PL_Comms_C1.csv::E-24,Comms,C1,PL_Comms_C1.csv,E-24,5.0,67.0,log_distance,74.81104873871664,7.811048738716636,7.811048738716636,random,11,random
PL_Library_C2.csv::M-15,Library,C2,PL_Library_C2.csv,M-15,2.268981049,68.0,log_distance,61.47944721235228,-6.520552787647723,6.520552787647723,random,11,random
PL_Comms_C1.csv::J-22,Comms,C1,PL_Comms_C1.csv,J-22,8.602325267,78.0,log_distance,83.96633392742373,5.966333927423733,5.966333927423733,random,11,random
PL_Comms_C2.csv::G-44,Comms,C2,PL_Comms_C2.csv,G-44,15.18144344,86.0,log_distance,93.55098489253498,7.550984892534984,7.550984892534984,random,11,random
PL_Comms_C2.csv::I-44,Comms,C2,PL_Comms_C2.csv,I-44,15.57164811,94.0,log_distance,93.979191503209,-0.020808496791005382,0.020808496791005382,random,11,random
PL_Comms_C2.csv::B-18,Comms,C2,PL_Comms_C2.csv,B-18,11.46630826,91.0,log_distance,88.81535014556593,-2.1846498544340704,2.1846498544340704,random,11,random
PL_Comms_C1.csv::N-11,Comms,C1,PL_Comms_C1.csv,N-11,20.1246118,109.0,log_distance,98.30701660619715,-10.692983393802848,10.692983393802848,random,11,random
PL_Library_C1.csv::J-2,Library,C1,PL_Library_C1.csv,J-2,19.7291,82.0,log_distance,97.97210414591734,15.972104145917342,15.972104145917342,random,11,random
PL_Comms_C1.csv::A-21,Comms,C1,PL_Comms_C1.csv,A-21,8.94427191,83.0,log_distance,84.62406264519835,1.6240626451983502,1.6240626451983502,random,11,random
PL_Comms_C2.csv::H-14,Comms,C2,PL_Comms_C2.csv,H-14,15.3452346,92.0,log_distance,93.73205278984709,1.7320527898470885,1.7320527898470885,random,11,random
PL_Comms_C2.csv::J-27,Comms,C2,PL_Comms_C2.csv,J-27,5.520527602,84.0,log_distance,76.48209080785027,-7.51790919214973,7.51790919214973,random,11,random
PL_Comms_C2.csv::A-34,Comms,C2,PL_Comms_C2.csv,A-34,6.517378691,84.0,log_distance,79.28301515268775,-4.716984847312247,4.716984847312247,random,11,random
PL_Comms_C1.csv::A-23,Comms,C1,PL_Comms_C1.csv,A-23,7.211102551,73.0,log_distance,80.98972846388838,7.989728463888383,7.989728463888383,random,11,random
PL_Library_C1.csv::M-14,Library,C1,PL_Library_C1.csv,M-14,3.0299,72.0,log_distance,66.35914372258809,-5.640856277411913,5.640856277411913,random,11,random
PL_Comms_C2.csv::J-16,Comms,C2,PL_Comms_C2.csv,J-16,13.98128124,100.0,log_distance,92.16140479324852,-7.838595206751478,7.838595206751478,random,11,random
PL_Comms_C1.csv::C-5,Comms,C1,PL_Comms_C1.csv,C-5,24.08318916,111.0,log_distance,101.33693839684702,-9.663061603152983,9.663061603152983,random,11,random
PL_SSE_C1.csv::F-1,SSE,C1,PL_SSE_C1.csv,F-1,12.04159458,86.0,log_distance,89.64135625095388,3.6413562509538764,3.6413562509538764,random,11,random
PL_Library_C2.csv::N-19,Library,C2,PL_Library_C2.csv,N-19,4.24269372,59.0,log_distance,72.03980907904815,13.039809079048155,13.039809079048155,random,11,random
PL_Library_C1.csv::R-12,Library,C1,PL_Library_C1.csv,R-12,7.665,75.0,log_distance,82.01971081519494,7.019710815194941,7.019710815194941,random,11,random
PL_Comms_C2.csv::H-21,Comms,C2,PL_Comms_C2.csv,H-21,8.629960892,92.0,log_distance,84.02045334866816,-7.9795466513318445,7.9795466513318445,random,11,random
PL_Library_C2.csv::D-2,Library,C2,PL_Library_C2.csv,D-2,23.34394193,97.0,log_distance,100.81089157081972,3.81089157081972,3.81089157081972,random,11,random
PL_Library_C2.csv::U-15,Library,C2,PL_Library_C2.csv,U-15,9.658026455,73.0,log_distance,85.9195164083742,12.919516408374193,12.919516408374193,random,11,random
PL_Comms_C1.csv::P-13,Comms,C1,PL_Comms_C1.csv,P-13,19.41648784,113.0,log_distance,97.70260421459238,-15.297395785407616,15.297395785407616,random,11,random
PL_Library_C2.csv::A-5,Library,C2,PL_Library_C2.csv,A-5,23.10678418,95.0,log_distance,100.6385956616695,5.638595661669498,5.638595661669498,random,11,random
PL_Comms_C2.csv::C-51,Comms,C2,PL_Comms_C2.csv,C-51,22.12410959,109.0,log_distance,99.90531660872836,-9.094683391271644,9.094683391271644,random,11,random
PL_Comms_C2.csv::A-57,Comms,C2,PL_Comms_C2.csv,A-57,28.31035544,122.0,log_distance,104.0655576203952,-17.934442379604803,17.934442379604803,random,11,random
PL_Library_C1.csv::O-16,Library,C1,PL_Library_C1.csv,O-16,1.355,53.0,log_distance,52.78083801770598,-0.2191619822940183,0.2191619822940183,random,11,random
PL_Comms_C1.csv::C-42,Comms,C1,PL_Comms_C1.csv,C-42,13.15294644,105.0,log_distance,91.13090055096438,-13.869099449035616,13.869099449035616,random,11,random
PL_Library_C2.csv::N-10,Library,C2,PL_Library_C2.csv,N-10,8.220287404,71.0,log_distance,83.19983064941235,12.199830649412348,12.199830649412348,random,11,random
PL_Comms_C1.csv::D-49,Comms,C1,PL_Comms_C1.csv,D-49,20.02498439,97.0,log_distance,98.22327815421163,1.2232781542116271,1.2232781542116271,random,11,random
PL_Library_C2.csv::P-12,Library,C2,PL_Library_C2.csv,P-12,6.180349909,80.0,log_distance,78.38709491464314,-1.6129050853568572,1.6129050853568572,random,11,random
PL_Comms_C1.csv::F-50,Comms,C1,PL_Comms_C1.csv,F-50,21.02379604,94.0,log_distance,99.04456610353076,5.044566103530755,5.044566103530755,random,11,random
PL_SSE_C1.csv::E-6,SSE,C1,PL_SSE_C1.csv,E-6,9.848857802,92.0,log_distance,86.24965936922095,-5.75034063077905,5.75034063077905,random,11,random
PL_Library_C1.csv::E-4,Library,C1,PL_Library_C1.csv,E-4,20.325,74.0,log_distance,98.4741979136628,24.474197913662806,24.474197913662806,random,11,random
PL_Comms_C1.csv::B-52,Comms,C1,PL_Comms_C1.csv,B-52,23.19482701,108.0,log_distance,100.70276459080738,-7.2972354091926235,7.2972354091926235,random,11,random
PL_Comms_C2.csv::L-27,Comms,C2,PL_Comms_C2.csv,L-27,7.380801108,80.0,log_distance,81.38220360509395,1.3822036050939488,1.3822036050939488,random,11,random
PL_Comms_C1.csv::D-47,Comms,C1,PL_Comms_C1.csv,D-47,18.02775638,118.0,log_distance,96.45044709094745,-21.54955290905255,21.54955290905255,random,11,random
PL_Comms_C1.csv::B-30,Comms,C1,PL_Comms_C1.csv,B-30,3.16227766,71.0,log_distance,67.08068942545862,-3.9193105745413845,3.9193105745413845,random,11,random
PL_Comms_C1.csv::K-25,Comms,C1,PL_Comms_C1.csv,K-25,7.211102551,97.0,log_distance,80.98972846388838,-16.010271536111617,16.010271536111617,random,11,random
PL_Comms_C1.csv::H-9,Comms,C1,PL_Comms_C1.csv,H-9,20.22374842,93.0,log_distance,98.38993205781567,5.38993205781567,5.38993205781567,random,11,random
PL_Comms_C1.csv::J-3,Comms,C1,PL_Comms_C1.csv,J-3,26.47640459,99.0,log_distance,102.93549959198057,3.935499591980573,3.935499591980573,random,11,random
PL_SSE_C1.csv::G-6,SSE,C1,PL_SSE_C1.csv,G-6,8.062257748,84.0,log_distance,82.87229670250807,-1.1277032974919337,1.1277032974919337,random,11,random
PL_Comms_C1.csv::O-43,Comms,C1,PL_Comms_C1.csv,O-43,17.20465053,109.0,log_distance,95.66191606939394,-13.33808393060606,13.33808393060606,random,11,random
PL_Comms_C1.csv::N-19,Comms,C1,PL_Comms_C1.csv,N-19,13.45362405,92.0,log_distance,91.51227979873462,-0.4877202012653754,0.4877202012653754,random,11,random
PL_Library_C2.csv::Q-7,Library,C2,PL_Library_C2.csv,Q-7,12.91195086,93.0,log_distance,90.81887381092227,-2.1811261890777303,2.1811261890777303,random,11,random
PL_SSE_C1.csv::L-6,SSE,C1,PL_SSE_C1.csv,L-6,4.472135955,74.0,log_distance,72.92848049930521,-1.0715195006947908,1.0715195006947908,random,11,random
PL_Comms_C1.csv::I-27,Comms,C1,PL_Comms_C1.csv,I-27,4.472135955,75.0,log_distance,72.92848049930521,-2.071519500694791,2.071519500694791,random,11,random
PL_Comms_C2.csv::J-17,Comms,C2,PL_Comms_C2.csv,J-17,13.05665443,91.0,log_distance,91.00691868248869,0.006918682488688432,0.006918682488688432,random,11,random
PL_Comms_C2.csv::I-38,Comms,C2,PL_Comms_C2.csv,I-38,9.923518781,97.0,log_distance,86.37708689461813,-10.622913105381869,10.622913105381869,random,11,random
PL_Library_C1.csv::P-16,Library,C1,PL_Library_C1.csv,P-16,2.71,58.0,log_distance,64.47642016359913,6.47642016359913,6.47642016359913,random,11,random
PL_Library_C2.csv::V-8,Library,C2,PL_Library_C2.csv,V-8,15.37814765,89.0,log_distance,93.76820423390078,4.768204233900775,4.768204233900775,random,11,random
PL_Comms_C2.csv::E-36,Comms,C2,PL_Comms_C2.csv,E-36,7.104662202,84.0,log_distance,80.73881375662958,-3.2611862433704175,3.2611862433704175,random,11,random
PL_Library_C1.csv::W-7,Library,C1,PL_Library_C1.csv,W-7,17.2463,85.0,log_distance,95.70271369236656,10.702713692366558,10.702713692366558,random,11,random
PL_Library_C1.csv::B-1,Library,C1,PL_Library_C1.csv,B-1,26.0287,77.0,log_distance,102.64774191219017,25.64774191219017,25.64774191219017,random,11,random
PL_Comms_C1.csv::K-10,Comms,C1,PL_Comms_C1.csv,K-10,19.92485885,104.0,log_distance,98.13870021883669,-5.861299781163311,5.861299781163311,random,11,random
PL_Comms_C1.csv::M-33,Comms,C1,PL_Comms_C1.csv,M-33,8.94427191,85.0,log_distance,84.62406264519835,-0.3759373548016498,0.3759373548016498,random,11,random
PL_Comms_C1.csv::A-52,Comms,C1,PL_Comms_C1.csv,A-52,23.34523506,105.0,log_distance,100.8118262280009,-4.188173771999104,4.188173771999104,random,11,random
PL_Comms_C1.csv::H-15,Comms,C1,PL_Comms_C1.csv,H-15,14.31782106,86.0,log_distance,92.56274313500202,6.562743135002023,6.562743135002023,random,11,random
PL_Comms_C1.csv::K-57,Comms,C1,PL_Comms_C1.csv,K-57,28.63564213,109.0,log_distance,104.25832528678754,-4.741674713212461,4.741674713212461,random,11,random
PL_Library_C2.csv::J-2,Library,C2,PL_Library_C2.csv,J-2,19.76647477,88.0,log_distance,98.00403838689871,10.004038386898713,10.004038386898713,random,11,random
PL_Library_C1.csv::R-14,Library,C1,PL_Library_C1.csv,R-14,6.0597,73.0,log_distance,78.0544474220377,5.054447422037697,5.054447422037697,random,11,random
PL_Library_C1.csv::P-13,Library,C1,PL_Library_C1.csv,P-13,4.8855,70.0,log_distance,74.4201604608229,4.420160460822899,4.420160460822899,random,11,random
PL_Comms_C2.csv::N-33,Comms,C2,PL_Comms_C2.csv,N-33,9.923518781,88.0,log_distance,86.37708689461813,-1.622913105381869,1.622913105381869,random,11,random
PL_Library_C2.csv::H-5,Library,C2,PL_Library_C2.csv,H-5,17.0215202,86.0,log_distance,95.48135152003277,9.481351520032774,9.481351520032774,random,11,random
PL_Library_C1.csv::J-5,Library,C1,PL_Library_C1.csv,J-5,15.8599,80.0,log_distance,94.28868030914234,14.288680309142336,14.288680309142336,random,11,random
PL_Library_C2.csv::M-4,Library,C2,PL_Library_C2.csv,M-4,16.36153569,74.0,log_distance,94.81409838500434,20.814098385004343,20.814098385004343,random,11,random
PL_Library_C2.csv::Q-4,Library,C2,PL_Library_C2.csv,Q-4,16.80440567,83.0,log_distance,95.26474499334871,12.264744993348714,12.264744993348714,random,11,random
PL_Comms_C1.csv::A-10,Comms,C1,PL_Comms_C1.csv,A-10,19.41648784,110.0,log_distance,97.70260421459238,-12.297395785407616,12.297395785407616,random,11,random
PL_Comms_C1.csv::A-30,Comms,C1,PL_Comms_C1.csv,A-30,4.123105626,75.0,log_distance,71.55737668373355,-3.442623316266449,3.442623316266449,random,11,random
PL_Library_C1.csv::J-15,Library,C1,PL_Library_C1.csv,J-15,5.5868,84.0,log_distance,76.68344219971192,-7.316557800288081,7.316557800288081,random,11,random
PL_Comms_C2.csv::L-11,Comms,C2,PL_Comms_C2.csv,L-11,19.35138819,113.0,log_distance,97.64593679565151,-15.354063204348492,15.354063204348492,random,11,random
PL_Library_C2.csv::I-3,Library,C2,PL_Library_C2.csv,I-3,18.91203519,89.0,log_distance,97.25843364435505,8.258433644355051,8.258433644355051,random,11,random
PL_Comms_C2.csv::B-10,Comms,C2,PL_Comms_C2.csv,B-10,19.2737185,106.0,log_distance,97.57807757878305,-8.421922421216948,8.421922421216948,random,11,random
PL_SSE_C2.csv::B-6,SSE,C2,PL_SSE_C2.csv,B-6,12.70732958,96.0,log_distance,90.54933613291385,-5.450663867086149,5.450663867086149,random,11,random
PL_Comms_C2.csv::P-21,Comms,C2,PL_Comms_C2.csv,P-21,13.65562979,96.0,log_distance,91.76374654503755,-4.236253454962451,4.236253454962451,random,11,random
PL_Comms_C1.csv::E-6,Comms,C1,PL_Comms_C1.csv,E-6,23.0,110.0,log_distance,100.56043841720617,-9.439561582793829,9.439561582793829,random,11,random
PL_Comms_C2.csv::N-37,Comms,C2,PL_Comms_C2.csv,N-37,12.10273626,95.0,log_distance,89.72681361659889,-5.273186383401111,5.273186383401111,random,11,random
PL_Library_C1.csv::D-2,Library,C1,PL_Library_C1.csv,D-2,23.3123,94.0,log_distance,100.78800505636657,6.788005056366572,6.788005056366572,random,11,random
PL_Comms_C1.csv::B-36,Comms,C1,PL_Comms_C1.csv,B-36,7.615773106,87.0,log_distance,81.91099693720352,-5.089003062796479,5.089003062796479,random,11,random
PL_Comms_C2.csv::I-35,Comms,C2,PL_Comms_C2.csv,I-35,7.312744013,89.0,log_distance,81.22589737074047,-7.774102629259531,7.774102629259531,random,11,random
PL_Library_C2.csv::T-9,Library,C2,PL_Library_C2.csv,T-9,12.55142821,80.0,log_distance,90.34104545356087,10.341045453560866,10.341045453560866,random,11,random
PL_Comms_C1.csv::C-57,Comms,C1,PL_Comms_C1.csv,C-57,28.0713377,110.0,log_distance,103.92249670421396,-6.077503295786045,6.077503295786045,random,11,random
PL_Library_C2.csv::V-6,Library,C2,PL_Library_C2.csv,V-6,17.39495114,95.0,log_distance,95.84752541475126,0.8475254147512601,0.8475254147512601,random,11,random
PL_Comms_C2.csv::H-19,Comms,C2,PL_Comms_C2.csv,H-19,10.5107671,89.0,log_distance,87.3471685653299,-1.6528314346701052,1.6528314346701052,random,11,random
PL_Comms_C1.csv::M-30,Comms,C1,PL_Comms_C1.csv,M-30,8.062257748,96.0,log_distance,82.87229670250807,-13.127703297491934,13.127703297491934,random,11,random
PL_Library_C2.csv::J-14,Library,C2,PL_Library_C2.csv,J-14,6.180349909,78.0,log_distance,78.38709491464314,0.38709491464314283,0.38709491464314283,random,11,random
PL_Comms_C2.csv::A-7,Comms,C2,PL_Comms_C2.csv,A-7,22.39366484,115.0,log_distance,100.10965314910135,-14.890346850898652,14.890346850898652,random,11,random
PL_Library_C2.csv::F-8,Library,C2,PL_Library_C2.csv,F-8,15.37814765,75.0,log_distance,93.76820423390078,18.768204233900775,18.768204233900775,random,11,random
PL_Comms_C2.csv::C-25,Comms,C2,PL_Comms_C2.csv,C-25,4.634244814,86.0,log_distance,73.52928503659983,-12.47071496340017,12.47071496340017,random,11,random
PL_Library_C2.csv::U-9,Library,C2,PL_Library_C2.csv,U-9,13.46872952,81.0,log_distance,91.53121402850232,10.531214028502319,10.531214028502319,random,11,random
PL_Comms_C1.csv::D-53,Comms,C1,PL_Comms_C1.csv,D-53,24.0208243,110.0,log_distance,101.29318767116351,-8.706812328836492,8.706812328836492,random,11,random
PL_SSE_C2.csv::H-4,SSE,C2,PL_SSE_C2.csv,H-4,8.571827401,82.0,log_distance,83.90640714400733,1.906407144007332,1.906407144007332,random,11,random
PL_Comms_C2.csv::H-12,Comms,C2,PL_Comms_C2.csv,H-12,17.30538139,90.0,log_distance,95.76041801130148,5.760418011301482,5.760418011301482,random,11,random
PL_Comms_C2.csv::L-25,Comms,C2,PL_Comms_C2.csv,L-25,8.153295346,93.0,log_distance,83.06175776353622,-9.938242236463779,9.938242236463779,random,11,random
PL_Library_C1.csv::P-11,Library,C1,PL_Library_C1.csv,P-11,7.2969,80.0,log_distance,81.18929981298874,1.189299812988736,1.189299812988736,random,11,random
PL_SSE_C2.csv::L-10,SSE,C2,PL_SSE_C2.csv,L-10,2.340133543,73.0,log_distance,62.00044214902305,-10.999557850976949,10.999557850976949,random,11,random
PL_Library_C2.csv::F-3,Library,C2,PL_Library_C2.csv,F-3,20.71883322,92.0,log_distance,98.79801826501918,6.798018265019181,6.798018265019181,random,11,random
PL_Comms_C2.csv::A-15,Comms,C2,PL_Comms_C2.csv,A-15,14.61082561,98.0,log_distance,92.90455527023495,-5.095444729765049,5.095444729765049,random,11,random
PL_Comms_C2.csv::D-16,Comms,C2,PL_Comms_C2.csv,D-16,13.09489309,92.0,log_distance,91.05626241062299,-0.9437375893770081,0.9437375893770081,random,11,random
PL_Library_C1.csv::H-4,Library,C1,PL_Library_C1.csv,H-4,18.1792,77.0,log_distance,96.59159936337394,19.591599363373945,19.591599363373945,random,11,random
PL_Library_C1.csv::U-5,Library,C1,PL_Library_C1.csv,U-5,17.667,83.0,log_distance,96.10937140272047,13.10937140272047,13.10937140272047,random,11,random
PL_Comms_C1.csv::K-4,Comms,C1,PL_Comms_C1.csv,K-4,25.70992026,103.0,log_distance,102.43981641768664,-0.560183582313357,0.560183582313357,random,11,random
PL_Library_C1.csv::C-1,Library,C1,PL_Library_C1.csv,C-1,25.2045,88.0,log_distance,102.104810492678,14.104810492677998,14.104810492677998,random,11,random
PL_Comms_C1.csv::L-35,Comms,C1,PL_Comms_C1.csv,L-35,9.219544457,84.0,log_distance,85.135527066939,1.1355270669390052,1.1355270669390052,random,11,random
PL_Comms_C1.csv::L-27,Comms,C1,PL_Comms_C1.csv,L-27,7.280109889,76.0,log_distance,81.1504300681969,5.150430068196897,5.150430068196897,random,11,random
PL_Comms_C1.csv::P-53,Comms,C1,PL_Comms_C1.csv,P-53,26.40075756,123.0,log_distance,102.88722146449742,-20.112778535502585,20.112778535502585,random,11,random
PL_Library_C1.csv::C-5,Library,C1,PL_Library_C1.csv,C-5,21.0789,74.0,log_distance,99.08873326914266,25.088733269142665,25.088733269142665,random,11,random
PL_Library_C1.csv::C-7,Library,C1,PL_Library_C1.csv,C-7,19.2582,78.0,log_distance,97.56448645057586,19.564486450575856,19.564486450575856,random,11,random
PL_SSE_C1.csv::D-2,SSE,C1,PL_SSE_C1.csv,D-2,12.80624847,91.0,log_distance,90.6801748930392,-0.31982510696080624,0.31982510696080624,random,11,random
PL_SSE_C1.csv::N-9,SSE,C1,PL_SSE_C1.csv,N-9,1.0,52.0,log_distance,47.65474796810432,-4.345252031895683,4.345252031895683,random,11,random
PL_Comms_C1.csv::D-41,Comms,C1,PL_Comms_C1.csv,D-41,12.04159458,98.0,log_distance,89.64135625095388,-8.358643749046124,8.358643749046124,random,11,random
PL_Comms_C2.csv::H-31,Comms,C2,PL_Comms_C2.csv,H-31,3.804763462,74.0,log_distance,70.20157035819575,-3.7984296418042476,3.7984296418042476,random,11,random
PL_Comms_C1.csv::E-25,Comms,C1,PL_Comms_C1.csv,E-25,4.0,75.0,log_distance,71.0459122598906,-3.954087740109401,3.954087740109401,random,11,random
PL_Comms_C2.csv::F-5,Comms,C2,PL_Comms_C2.csv,F-5,24.0515327,94.0,log_distance,101.314744665622,7.314744665622001,7.314744665622001,random,11,random
PL_Library_C2.csv::Q-13,Library,C2,PL_Library_C2.csv,Q-13,5.875770162,70.0,log_distance,77.5343635129373,7.534363512937304,7.534363512937304,random,11,random
PL_Comms_C1.csv::A-2,Comms,C1,PL_Comms_C1.csv,A-2,27.29468813,122.0,log_distance,103.44908758275656,-18.55091241724344,18.55091241724344,random,11,random
PL_Comms_C1.csv::I-38,Comms,C1,PL_Comms_C1.csv,I-38,9.848857802,98.0,log_distance,86.24965936922095,-11.75034063077905,11.75034063077905,random,11,random
PL_Comms_C2.csv::E-28,Comms,C2,PL_Comms_C2.csv,E-28,1.573602555,76.0,log_distance,55.304491477565726,-20.695508522434274,20.695508522434274,random,11,random
PL_Library_C1.csv::M-22,Library,C1,PL_Library_C1.csv,M-22,8.2421,76.0,log_distance,83.2445444072592,7.244544407259198,7.244544407259198,random,11,random
PL_SSE_C2.csv::I-4,SSE,C2,PL_SSE_C2.csv,I-4,7.904190344,82.0,log_distance,82.53819816501131,0.538198165011309,0.538198165011309,random,11,random
PL_SSE_C2.csv::N-6,SSE,C2,PL_SSE_C2.csv,N-6,4.180457511,72.0,log_distance,71.79046284462596,-0.2095371553740364,0.2095371553740364,random,11,random
PL_Comms_C2.csv::E-57,Comms,C2,PL_Comms_C2.csv,E-57,28.02634876,108.0,log_distance,103.89543299731932,-4.104567002680682,4.104567002680682,random,11,random
PL_Comms_C2.csv::K-35,Comms,C2,PL_Comms_C2.csv,K-35,8.571827401,84.0,log_distance,83.90640714400733,-0.09359285599266798,0.09359285599266798,random,11,random
PL_Comms_C2.csv::E-30,Comms,C2,PL_Comms_C2.csv,E-30,1.573602555,66.0,log_distance,55.304491477565726,-10.695508522434274,10.695508522434274,random,11,random
PL_Library_C1.csv::Q-9,Library,C1,PL_Library_C1.csv,Q-9,10.3194,70.0,log_distance,87.03713185600276,17.03713185600276,17.03713185600276,random,11,random
PL_Comms_C1.csv::H-26,Comms,C1,PL_Comms_C1.csv,H-26,4.242640687,68.0,log_distance,72.03959816592099,4.039598165920992,4.039598165920992,random,11,random
PL_Comms_C1.csv::B-10,Comms,C1,PL_Comms_C1.csv,B-10,19.23538406,104.0,log_distance,97.5444843113474,-6.455515688652596,6.455515688652596,random,11,random
PL_Comms_C2.csv::E-19,Comms,C2,PL_Comms_C2.csv,E-19,10.07354084,90.0,log_distance,86.63026346153048,-3.3697365384695246,3.3697365384695246,random,11,random
PL_Comms_C1.csv::F-53,Comms,C1,PL_Comms_C1.csv,F-53,24.0208243,92.0,log_distance,101.29318767116351,9.293187671163508,9.293187671163508,random,11,random
PL_Library_C2.csv::N-26,Library,C2,PL_Library_C2.csv,N-26,13.60436419,80.0,log_distance,91.70028258332587,11.700282583325873,11.700282583325873,random,11,random
PL_Library_C1.csv::T-9,Library,C1,PL_Library_C1.csv,T-9,12.4925,81.0,log_distance,90.26164043003456,9.26164043003456,9.26164043003456,random,11,random
PL_SSE_C1.csv::D-8,SSE,C1,PL_SSE_C1.csv,D-8,10.19803903,77.0,log_distance,86.83751954132305,9.837519541323047,9.837519541323047,random,11,random
PL_Comms_C1.csv::C-13,Comms,C1,PL_Comms_C1.csv,C-13,16.1245155,94.0,log_distance,94.56787885258692,0.5678788525869152,0.5678788525869152,random,11,random
PL_Comms_C1.csv::K-44,Comms,C1,PL_Comms_C1.csv,K-44,16.15549442,97.0,log_distance,94.60026498783408,-2.3997350121659196,2.3997350121659196,random,11,random
PL_Comms_C1.csv::H-36,Comms,C1,PL_Comms_C1.csv,H-36,7.615773106,79.0,log_distance,81.91099693720352,2.910996937203521,2.910996937203521,random,11,random
PL_SSE_C1.csv::A-1,SSE,C1,PL_SSE_C1.csv,A-1,15.8113883,96.0,log_distance,94.23699019607093,-1.7630098039290658,1.7630098039290658,random,11,random
PL_Comms_C1.csv::F-19,Comms,C1,PL_Comms_C1.csv,F-19,10.04987562,80.0,log_distance,86.5905776368487,6.590577636848707,6.590577636848707,random,11,random
PL_Comms_C1.csv::B-7,Comms,C1,PL_Comms_C1.csv,B-7,22.20360331,112.0,log_distance,99.96583457712745,-12.034165422872547,12.034165422872547,random,11,random
PL_Comms_C1.csv::F-31,Comms,C1,PL_Comms_C1.csv,F-31,2.236067977,70.0,log_distance,61.23289834963911,-8.767101650360893,8.767101650360893,random,11,random
PL_Library_C2.csv::G-12,Library,C2,PL_Library_C2.csv,G-12,10.99171734,80.0,log_distance,88.10210488963811,8.102104889638113,8.102104889638113,random,11,random
PL_Library_C1.csv::K-10,Library,C1,PL_Library_C1.csv,K-10,9.0896,71.0,log_distance,84.89601721748079,13.89601721748079,13.89601721748079,random,11,random
PL_Library_C2.csv::U-12,Library,C2,PL_Library_C2.csv,U-12,10.99171734,83.0,log_distance,88.10210488963811,5.102104889638113,5.102104889638113,random,11,random
PL_Comms_C1.csv::M-18,Comms,C1,PL_Comms_C1.csv,M-18,13.60147051,85.0,log_distance,91.69669324143565,6.6966932414356535,6.6966932414356535,random,11,random
PL_Library_C2.csv::Y-19,Library,C2,PL_Library_C2.csv,Y-19,15.49707956,82.0,log_distance,93.89819627338484,11.89819627338484,11.89819627338484,random,11,random
PL_Library_C1.csv::W-11,Library,C1,PL_Library_C1.csv,W-11,13.9506,73.0,log_distance,92.12433678303995,19.12433678303995,19.12433678303995,random,11,random
PL_Comms_C2.csv::G-36,Comms,C2,PL_Comms_C2.csv,G-36,7.380801108,97.0,log_distance,81.38220360509395,-15.617796394906051,15.617796394906051,random,11,random
PL_Comms_C1.csv::I-6,Comms,C1,PL_Comms_C1.csv,I-6,23.34523506,109.0,log_distance,100.8118262280009,-8.188173771999104,8.188173771999104,random,11,random
PL_Comms_C2.csv::J-52,Comms,C2,PL_Comms_C2.csv,J-52,23.56854312,119.0,log_distance,100.9724588124309,-18.0275411875691,18.0275411875691,random,11,random
PL_Comms_C2.csv::C-35,Comms,C2,PL_Comms_C2.csv,C-35,6.440203801,77.0,log_distance,79.0820209410956,2.0820209410956068,2.0820209410956068,random,11,random
PL_Comms_C2.csv::J-4,Comms,C2,PL_Comms_C2.csv,J-4,25.5240323,99.0,log_distance,102.31737687933003,3.317376879330027,3.317376879330027,random,11,random
PL_Library_C1.csv::S-23,Library,C1,PL_Library_C1.csv,S-23,11.6562,75.0,log_distance,89.09249528909834,14.092495289098338,14.092495289098338,random,11,random
PL_Comms_C2.csv::C-52,Comms,C2,PL_Comms_C2.csv,C-52,23.11874186,122.0,log_distance,100.64732520355119,-21.35267479644881,21.35267479644881,random,11,random
PL_Comms_C1.csv::I-22,Comms,C1,PL_Comms_C1.csv,I-22,8.062257748,88.0,log_distance,82.87229670250807,-5.127703297491934,5.127703297491934,random,11,random
PL_Comms_C1.csv::H-48,Comms,C1,PL_Comms_C1.csv,H-48,19.23538406,86.0,log_distance,97.5444843113474,11.544484311347404,11.544484311347404,random,11,random
PL_Library_C1.csv::I-11,Library,C1,PL_Library_C1.csv,I-11,9.5813,75.0,log_distance,85.7849353468029,10.784935346802897,10.784935346802897,random,11,random
PL_Comms_C1.csv::N-56,Comms,C1,PL_Comms_C1.csv,N-56,28.46049894,115.0,log_distance,104.15480767614761,-10.845192323852388,10.845192323852388,random,11,random
PL_Comms_C2.csv::N-38,Comms,C2,PL_Comms_C2.csv,N-38,12.78578214,103.0,log_distance,90.65318745260794,-12.346812547392062,12.346812547392062,random,11,random
PL_Library_C2.csv::O-9,Library,C2,PL_Library_C2.csv,O-9,9.658026455,72.0,log_distance,85.9195164083742,13.919516408374193,13.919516408374193,random,11,random
PL_Library_C1.csv::B-2,Library,C1,PL_Library_C1.csv,B-2,24.985,82.0,log_distance,101.95722257592772,19.957222575927716,19.957222575927716,random,11,random
PL_Library_C2.csv::Q-23,Library,C2,PL_Library_C2.csv,Q-23,10.39065325,75.0,log_distance,87.15323702486882,12.153237024868815,12.153237024868815,random,11,random
PL_Library_C1.csv::F-16,Library,C1,PL_Library_C1.csv,F-16,10.84,87.0,log_distance,87.86758445538541,0.867584455385412,0.867584455385412,random,11,random
PL_SSE_C1.csv::K-3,SSE,C1,PL_SSE_C1.csv,K-3,7.615773106,75.0,log_distance,81.91099693720352,6.910996937203521,6.910996937203521,random,11,random
PL_Comms_C2.csv::O-23,Comms,C2,PL_Comms_C2.csv,O-23,11.72502559,85.0,log_distance,89.1918321206258,4.191832120625804,4.191832120625804,random,11,random
PL_Library_C2.csv::W-8,Library,C2,PL_Library_C2.csv,W-8,16.36153569,84.0,log_distance,94.81409838500434,10.814098385004343,10.814098385004343,random,11,random
PL_Comms_C1.csv::F-51,Comms,C1,PL_Comms_C1.csv,F-51,22.02271555,94.0,log_distance,99.8278097575909,5.827809757590899,5.827809757590899,random,11,random
PL_Comms_C2.csv::P-17,Comms,C2,PL_Comms_C2.csv,P-17,16.32409952,94.0,log_distance,94.77544735698955,0.7754473569895453,0.7754473569895453,random,11,random
PL_Comms_C1.csv::L-39,Comms,C1,PL_Comms_C1.csv,L-39,12.20655562,103.0,log_distance,89.87093720205718,-13.129062797942822,13.129062797942822,random,11,random
PL_Library_C2.csv::H-3,Library,C2,PL_Library_C2.csv,H-3,19.43865607,91.0,log_distance,97.72185768058657,6.721857680586567,6.721857680586567,random,11,random
PL_Library_C2.csv::J-3,Library,C2,PL_Library_C2.csv,J-3,18.46999865,88.0,log_distance,96.85937027409425,8.859370274094246,8.859370274094246,random,11,random
PL_Comms_C1.csv::M-13,Comms,C1,PL_Comms_C1.csv,M-13,17.88854382,115.0,log_distance,96.31964479109149,-18.68035520890851,18.68035520890851,random,11,random
PL_Comms_C1.csv::A-53,Comms,C1,PL_Comms_C1.csv,A-53,24.33105012,108.0,log_distance,101.50970714551981,-6.490292854480188,6.490292854480188,random,11,random
PL_Comms_C1.csv::E-54,Comms,C1,PL_Comms_C1.csv,E-54,25.0,106.0,log_distance,101.96734950932895,-4.032650490671045,4.032650490671045,random,11,random
PL_Library_C2.csv::R-15,Library,C2,PL_Library_C2.csv,R-15,5.717398884,63.0,log_distance,77.0733351456033,14.073335145603295,14.073335145603295,random,11,random
PL_Comms_C2.csv::J-38,Comms,C2,PL_Comms_C2.csv,J-38,10.36707408,99.0,log_distance,87.11490380714665,-11.885096192853354,11.885096192853354,random,11,random
PL_Comms_C2.csv::L-21,Comms,C2,PL_Comms_C2.csv,L-21,10.69935629,91.0,log_distance,87.64723085829205,-3.3527691417079524,3.3527691417079524,random,11,random
PL_Library_C2.csv::A-6,Library,C2,PL_Library_C2.csv,A-6,22.25684052,94.0,log_distance,100.00624264448001,6.006242644480011,6.006242644480011,random,11,random
PL_Comms_C1.csv::O-37,Comms,C1,PL_Comms_C1.csv,O-37,12.80624847,90.0,log_distance,90.6801748930392,0.6801748930391938,0.6801748930391938,random,11,random
PL_SSE_C1.csv::C-5,SSE,C1,PL_SSE_C1.csv,C-5,12.08304597,87.0,log_distance,89.69933983455533,2.6993398345553317,2.6993398345553317,random,11,random
PL_Comms_C2.csv::F-10,Comms,C2,PL_Comms_C2.csv,F-10,19.06505245,86.0,log_distance,97.39440502038906,11.394405020389058,11.394405020389058,random,11,random
PL_Comms_C1.csv::I-14,Comms,C1,PL_Comms_C1.csv,I-14,15.5241747,97.0,log_distance,93.92767159378897,-3.072328406211028,3.072328406211028,random,11,random
PL_Comms_C1.csv::B-50,Comms,C1,PL_Comms_C1.csv,B-50,21.21320344,115.0,log_distance,99.19589894051035,-15.804101059489653,15.804101059489653,random,11,random
PL_Library_C1.csv::V-8,Library,C1,PL_Library_C1.csv,V-8,15.3301,92.0,log_distance,93.7154030269937,1.7154030269936982,1.7154030269936982,random,11,random
PL_Comms_C2.csv::K-28,Comms,C2,PL_Comms_C2.csv,K-28,6.202920683,69.0,log_distance,78.4486038129539,9.448603812953905,9.448603812953905,random,11,random
PL_Comms_C2.csv::D-27,Comms,C2,PL_Comms_C2.csv,D-27,2.544842824,72.0,log_distance,63.41544025934699,-8.584559740653013,8.584559740653013,random,11,random
PL_Comms_C1.csv::F-12,Comms,C1,PL_Comms_C1.csv,F-12,17.02938637,98.0,log_distance,95.48914732624439,-2.5108526737556076,2.5108526737556076,random,11,random
PL_Comms_C2.csv::B-46,Comms,C2,PL_Comms_C2.csv,B-46,17.30538139,109.0,log_distance,95.76041801130148,-13.239581988698518,13.239581988698518,random,11,random
PL_Comms_C2.csv::A-3,Comms,C2,PL_Comms_C2.csv,A-3,26.33393675,122.0,log_distance,102.8444610492835,-19.155538950716505,19.155538950716505,random,11,random
PL_Comms_C1.csv::F-22,Comms,C1,PL_Comms_C1.csv,F-22,7.071067812,77.0,log_distance,80.65883981198421,3.6588398119842083,3.6588398119842083,random,11,random
PL_Comms_C2.csv::G-19,Comms,C2,PL_Comms_C2.csv,G-19,10.27016188,88.0,log_distance,86.95643036416828,-1.043569635831716,1.043569635831716,random,11,random
PL_Comms_C1.csv::J-18,Comms,C1,PL_Comms_C1.csv,J-18,12.08304597,91.0,log_distance,89.69933983455533,-1.3006601654446683,1.3006601654446683,random,11,random
PL_Comms_C2.csv::F-13,Comms,C2,PL_Comms_C2.csv,F-13,16.07719581,83.0,log_distance,94.51828936400128,11.518289364001276,11.518289364001276,random,11,random
PL_Comms_C2.csv::G-47,Comms,C2,PL_Comms_C2.csv,G-47,18.15147997,86.0,log_distance,96.56585117770032,10.565851177700324,10.565851177700324,random,11,random
PL_Comms_C2.csv::N-10,Comms,C2,PL_Comms_C2.csv,N-10,21.05887521,114.0,log_distance,99.0726962820644,-14.927303717935601,14.927303717935601,random,11,random
PL_SSE_C1.csv::K-7,SSE,C1,PL_SSE_C1.csv,K-7,4.242640687,81.0,log_distance,72.03959816592099,-8.960401834079008,8.960401834079008,random,11,random
PL_Comms_C2.csv::A-6,Comms,C2,PL_Comms_C2.csv,A-6,23.37683094,113.0,log_distance,100.83464723801794,-12.165352761982064,12.165352761982064,random,11,random
PL_Comms_C2.csv::C-31,Comms,C2,PL_Comms_C2.csv,C-31,3.078347771,73.0,log_distance,66.62680937262125,-6.373190627378747,6.373190627378747,random,11,random
PL_Library_C1.csv::S-13,Library,C1,PL_Library_C1.csv,S-13,7.9009,82.0,log_distance,82.53117277066407,0.531172770664071,0.531172770664071,random,11,random
PL_Library_C1.csv::U-19,Library,C1,PL_Library_C1.csv,U-19,10.3194,74.0,log_distance,87.03713185600276,13.037131856002759,13.037131856002759,random,11,random
PL_Comms_C2.csv::J-41,Comms,C2,PL_Comms_C2.csv,J-41,13.05665443,101.0,log_distance,91.00691868248869,-9.993081317511312,9.993081317511312,random,11,random
PL_Library_C1.csv::L-8,Library,C1,PL_Library_C1.csv,L-8,11.1736,85.0,log_distance,88.37902434560507,3.3790243456050746,3.3790243456050746,random,11,random
PL_Comms_C2.csv::B-22,Comms,C2,PL_Comms_C2.csv,B-22,7.712083052,83.0,log_distance,82.12303890057763,-0.876961099422374,0.876961099422374,random,11,random
PL_Comms_C1.csv::M-32,Comms,C1,PL_Comms_C1.csv,M-32,8.544003745,86.0,log_distance,83.85154876600126,-2.148451233998742,2.148451233998742,random,11,random
PL_Comms_C1.csv::E-36,Comms,C1,PL_Comms_C1.csv,E-36,7.0,90.0,log_distance,80.48839807170647,-9.51160192829353,9.51160192829353,random,11,random
PL_Comms_C2.csv::E-40,Comms,C2,PL_Comms_C2.csv,E-40,11.06689771,98.0,log_distance,88.21711983482837,-9.782880165171633,9.782880165171633,random,11,random
PL_Comms_C2.csv::F-12,Comms,C2,PL_Comms_C2.csv,F-12,17.07267481,96.0,log_distance,95.53198421471441,-0.46801578528558707,0.46801578528558707,random,11,random
PL_Comms_C1.csv::L-25,Comms,C1,PL_Comms_C1.csv,L-25,8.062257748,83.0,log_distance,82.87229670250807,-0.12770329749193365,0.12770329749193365,random,11,random
PL_Comms_C2.csv::F-45,Comms,C2,PL_Comms_C2.csv,F-45,16.07719581,93.0,log_distance,94.51828936400128,1.5182893640012765,1.5182893640012765,random,11,random
PL_Comms_C2.csv::B-32,Comms,C2,PL_Comms_C2.csv,B-32,4.413187623,77.0,log_distance,72.70459239311975,-4.2954076068802465,4.2954076068802465,random,11,random
PL_Library_C1.csv::S-7,Library,C1,PL_Library_C1.csv,S-7,13.9506,84.0,log_distance,92.12433678303995,8.12433678303995,8.12433678303995,random,11,random
PL_Library_C2.csv::I-4,Library,C2,PL_Library_C2.csv,I-4,17.65685278,82.0,log_distance,96.09967734948273,14.099677349482732,14.099677349482732,random,11,random
PL_Comms_C1.csv::K-53,Comms,C1,PL_Comms_C1.csv,K-53,24.73863375,113.0,log_distance,101.79001795087885,-11.209982049121152,11.209982049121152,random,11,random
PL_Library_C1.csv::B-9,Library,C1,PL_Library_C1.csv,B-9,18.8243,80.0,log_distance,97.17997491672853,17.179974916728526,17.179974916728526,random,11,random
PL_Library_C1.csv::V-11,Library,C1,PL_Library_C1.csv,V-11,12.783,74.0,log_distance,90.64951551479456,16.649515514794558,16.649515514794558,random,11,random
PL_Library_C2.csv::V-17,Library,C2,PL_Library_C2.csv,V-17,10.99171734,74.0,log_distance,88.10210488963811,14.102104889638113,14.102104889638113,random,11,random
PL_SSE_C2.csv::N-2,SSE,C2,PL_SSE_C2.csv,N-2,8.09173807,87.0,log_distance,82.93388229402355,-4.066117705976453,4.066117705976453,random,11,random
PL_Library_C2.csv::F-5,Library,C2,PL_Library_C2.csv,F-5,18.46999865,81.0,log_distance,96.85937027409425,15.859370274094246,15.859370274094246,random,11,random
PL_Comms_C1.csv::A-42,Comms,C1,PL_Comms_C1.csv,A-42,13.60147051,92.0,log_distance,91.69669324143565,-0.3033067585643465,0.3033067585643465,random,11,random
PL_Library_C1.csv::R-5,Library,C1,PL_Library_C1.csv,R-5,15.8599,95.0,log_distance,94.28868030914234,-0.711319690857664,0.711319690857664,random,11,random
PL_Library_C1.csv::D-8,Library,C1,PL_Library_C1.csv,D-8,17.3525,79.0,log_distance,95.80629734531061,16.80629734531061,16.80629734531061,random,11,random
PL_Comms_C1.csv::L-47,Comms,C1,PL_Comms_C1.csv,L-47,19.31320792,104.0,log_distance,97.61261318613634,-6.387386813863657,6.387386813863657,random,11,random
PL_Library_C2.csv::B-11,Library,C2,PL_Library_C2.csv,B-11,17.65685278,88.0,log_distance,96.09967734948273,8.099677349482732,8.099677349482732,random,11,random
PL_Comms_C2.csv::A-12,Comms,C2,PL_Comms_C2.csv,A-12,17.50646238,116.0,log_distance,95.95534644687524,-20.04465355312476,20.04465355312476,random,11,random
PL_Comms_C2.csv::K-37,Comms,C2,PL_Comms_C2.csv,K-37,10.07354084,95.0,log_distance,86.63026346153048,-8.369736538469525,8.369736538469525,random,11,random
PL_Comms_C2.csv::P-56,Comms,C2,PL_Comms_C2.csv,P-56,29.18006554,123.0,log_distance,104.57610792104613,-18.42389207895387,18.42389207895387,random,11,random
PL_Comms_C1.csv::H-41,Comms,C1,PL_Comms_C1.csv,H-41,12.36931688,92.0,log_distance,90.09443581180628,-1.905564188193722,1.905564188193722,random,11,random
PL_Comms_C1.csv::L-42,Comms,C1,PL_Comms_C1.csv,L-42,14.76482306,91.0,log_distance,93.08146691527159,2.081466915271591,2.081466915271591,random,11,random
PL_Comms_C1.csv::E-23,Comms,C1,PL_Comms_C1.csv,E-23,6.0,77.0,log_distance,77.88738923934196,0.8873892393419567,0.8873892393419567,random,11,random
PL_Library_C1.csv::F-9,Library,C1,PL_Library_C1.csv,F-9,14.4038,76.0,log_distance,92.66376393747504,16.66376393747504,16.66376393747504,random,11,random
PL_Comms_C1.csv::O-57,Comms,C1,PL_Comms_C1.csv,O-57,29.73213749,115.0,log_distance,104.89235717515291,-10.10764282484709,10.10764282484709,random,11,random
PL_Comms_C1.csv::A-31,Comms,C1,PL_Comms_C1.csv,A-31,4.472135955,68.0,log_distance,72.92848049930521,4.928480499305209,4.928480499305209,random,11,random
PL_Comms_C1.csv::B-13,Comms,C1,PL_Comms_C1.csv,B-13,16.2788206,94.0,log_distance,94.72858045819592,0.7285804581959212,0.7285804581959212,random,11,random
PL_Comms_C2.csv::B-53,Comms,C2,PL_Comms_C2.csv,B-53,24.21727121,116.0,log_distance,101.43061839315857,-14.569381606841432,14.569381606841432,random,11,random
PL_Library_C1.csv::T-17,Library,C1,PL_Library_C1.csv,T-17,8.2421,73.0,log_distance,83.2445444072592,10.244544407259198,10.244544407259198,random,11,random
PL_Comms_C2.csv::O-22,Comms,C2,PL_Comms_C2.csv,O-22,12.26687511,95.0,log_distance,89.95411167638727,-5.045888323612729,5.045888323612729,random,11,random
PL_Comms_C1.csv::A-48,Comms,C1,PL_Comms_C1.csv,A-48,19.41648784,114.0,log_distance,97.70260421459238,-16.297395785407616,16.297395785407616,random,11,random
PL_Library_C2.csv::N-9,Library,C2,PL_Library_C2.csv,N-9,9.562502288,78.0,log_distance,85.75179910055581,7.7517991005558144,7.7517991005558144,random,11,random
PL_SSE_C2.csv::E-4,SSE,C2,PL_SSE_C2.csv,E-4,10.88467845,95.0,log_distance,87.93698641470944,-7.0630135852905624,7.0630135852905624,random,11,random
PL_Library_C2.csv::M-3,Library,C2,PL_Library_C2.csv,M-3,17.70876831,88.0,log_distance,96.14921583128354,8.149215831283541,8.149215831283541,random,11,random
PL_Comms_C1.csv::E-48,Comms,C1,PL_Comms_C1.csv,E-48,19.0,102.0,log_distance,97.33673315138337,-4.6632668486166295,4.6632668486166295,random,11,random
PL_Comms_C1.csv::M-41,Comms,C1,PL_Comms_C1.csv,M-41,14.4222051,95.0,log_distance,92.68531060744165,-2.31468939255835,2.31468939255835,random,11,random
PL_Comms_C2.csv::H-43,Comms,C2,PL_Comms_C2.csv,H-43,14.3692806,87.0,log_distance,92.62327806873492,5.623278068734919,5.623278068734919,random,11,random
PL_Library_C1.csv::P-5,Library,C1,PL_Library_C1.csv,P-5,15.1494,80.0,log_distance,93.51533311517439,13.515333115174386,13.515333115174386,random,11,random
PL_SSE_C1.csv::M-8,SSE,C1,PL_SSE_C1.csv,M-8,2.236067977,53.0,log_distance,61.23289834963911,8.232898349639107,8.232898349639107,random,11,random
PL_Library_C1.csv::M-25,Library,C1,PL_Library_C1.csv,M-25,12.27,80.0,log_distance,89.95840943344747,9.958409433447471,9.958409433447471,random,11,random
PL_Library_C2.csv::E-2,Library,C2,PL_Library_C2.csv,E-2,22.58440059,93.0,log_distance,100.25275996244221,7.252759962442212,7.252759962442212,random,11,random
PL_Comms_C1.csv::O-38,Comms,C1,PL_Comms_C1.csv,O-38,13.45362405,98.0,log_distance,91.51227979873462,-6.487720201265375,6.487720201265375,random,11,random
PL_Comms_C1.csv::N-36,Comms,C1,PL_Comms_C1.csv,N-36,11.40175425,94.0,log_distance,88.72008777461234,-5.279912225387662,5.279912225387662,random,11,random
PL_Library_C1.csv::U-14,Library,C1,PL_Library_C1.csv,U-14,9.8645,79.0,log_distance,86.27643647559012,7.276436475590117,7.276436475590117,random,11,random
PL_Comms_C2.csv::G-41,Comms,C2,PL_Comms_C2.csv,G-41,12.22604699,84.0,log_distance,89.89785869279845,5.897858692798451,5.897858692798451,random,11,random
PL_Library_C2.csv::Q-11,Library,C2,PL_Library_C2.csv,Q-11,7.993814796,75.0,log_distance,82.7284438692947,7.7284438692946935,7.7284438692946935,random,11,random
PL_Library_C2.csv::N-14,Library,C2,PL_Library_C2.csv,N-14,2.969903197,64.0,log_distance,66.02167621901692,2.021676219016925,2.021676219016925,random,11,random
PL_Comms_C1.csv::O-26,Comms,C1,PL_Comms_C1.csv,O-26,10.44030651,95.0,log_distance,87.23367584435246,-7.766324155647538,7.766324155647538,random,11,random
PL_Comms_C1.csv::D-33,Comms,C1,PL_Comms_C1.csv,D-33,4.123105626,79.0,log_distance,71.55737668373355,-7.442623316266449,7.442623316266449,random,11,random
PL_Comms_C2.csv::F-7,Comms,C2,PL_Comms_C2.csv,F-7,22.05620604,83.0,log_distance,99.85344969748738,16.853449697487378,16.853449697487378,random,11,random
PL_Comms_C1.csv::O-51,Comms,C1,PL_Comms_C1.csv,O-51,24.16609195,110.0,log_distance,101.39492198743064,-8.605078012569365,8.605078012569365,random,11,random
PL_SSE_C2.csv::C-5,SSE,C2,PL_SSE_C2.csv,C-5,12.14397896,101.0,log_distance,89.78421481698479,-11.215785183015214,11.215785183015214,random,11,random
PL_Comms_C1.csv::J-45,Comms,C1,PL_Comms_C1.csv,J-45,16.76305461,100.0,log_distance,95.22317358276582,-4.776826417234176,4.776826417234176,random,11,random
PL_Comms_C2.csv::A-52,Comms,C2,PL_Comms_C2.csv,A-52,23.37683094,122.0,log_distance,100.83464723801794,-21.165352761982064,21.165352761982064,random,11,random
PL_SSE_C1.csv::M-3,SSE,C1,PL_SSE_C1.csv,M-3,7.071067812,69.0,log_distance,80.65883981198421,11.658839811984208,11.658839811984208,random,11,random
PL_Comms_C1.csv::D-57,Comms,C1,PL_Comms_C1.csv,D-57,28.01785145,114.0,log_distance,103.8903164479585,-10.109683552041503,10.109683552041503,random,11,random
PL_Comms_C1.csv::G-30,Comms,C1,PL_Comms_C1.csv,G-30,2.236067977,62.0,log_distance,61.23289834963911,-0.7671016503608925,0.7671016503608925,random,11,random
PL_Library_C1.csv::W-8,Library,C1,PL_Library_C1.csv,W-8,16.3164,87.0,log_distance,94.76748698722848,7.76748698722848,7.76748698722848,random,11,random
PL_Comms_C1.csv::C-43,Comms,C1,PL_Comms_C1.csv,C-43,14.14213562,95.0,log_distance,92.3544219531049,-2.6455780468950962,2.6455780468950962,random,11,random
PL_Library_C2.csv::Q-12,Library,C2,PL_Library_C2.csv,Q-12,6.883084338,75.0,log_distance,80.20419852787313,5.204198527873132,5.204198527873132,random,11,random
PL_Comms_C2.csv::F-23,Comms,C2,PL_Comms_C2.csv,F-23,6.202920683,94.0,log_distance,78.4486038129539,-15.551396187046095,15.551396187046095,random,11,random
PL_Comms_C1.csv::J-32,Comms,C1,PL_Comms_C1.csv,J-32,5.830951895,83.0,log_distance,77.40516775556311,-5.594832244436887,5.594832244436887,random,11,random
PL_Comms_C2.csv::H-1,Comms,C2,PL_Comms_C2.csv,H-1,28.18645464,105.0,log_distance,103.99154986072764,-1.0084501392723553,1.0084501392723553,random,11,random
PL_SSE_C2.csv::F-8,SSE,C2,PL_SSE_C2.csv,F-8,8.335239949,88.0,log_distance,83.43415041779477,-4.565849582205232,4.565849582205232,random,11,random
PL_Comms_C2.csv::A-25,Comms,C2,PL_Comms_C2.csv,A-25,5.78586424,82.0,log_distance,77.27418953325497,-4.725810466745031,4.725810466745031,random,11,random
PL_Library_C1.csv::I-5,Library,C1,PL_Library_C1.csv,I-5,16.3725,87.0,log_distance,94.82540176034325,7.825401760343254,7.825401760343254,random,11,random
PL_Comms_C1.csv::I-23,Comms,C1,PL_Comms_C1.csv,I-23,7.211102551,82.0,log_distance,80.98972846388838,-1.0102715361116168,1.0102715361116168,random,11,random
PL_Comms_C2.csv::I-55,Comms,C2,PL_Comms_C2.csv,I-55,26.33393675,110.0,log_distance,102.8444610492835,-7.155538950716505,7.155538950716505,random,11,random
PL_Comms_C1.csv::N-27,Comms,C1,PL_Comms_C1.csv,N-27,9.219544457,82.0,log_distance,85.135527066939,3.135527066939005,3.135527066939005,random,11,random
PL_SSE_C1.csv::F-3,SSE,C1,PL_SSE_C1.csv,F-3,10.63014581,86.0,log_distance,87.53772961607316,1.5377296160731646,1.5377296160731646,random,11,random
PL_SSE_C1.csv::C-7,SSE,C1,PL_SSE_C1.csv,C-7,11.40175425,98.0,log_distance,88.72008777461234,-9.279912225387662,9.279912225387662,random,11,random
PL_Comms_C1.csv::E-56,Comms,C1,PL_Comms_C1.csv,E-56,27.0,107.0,log_distance,103.26592534413783,-3.734074655862173,3.734074655862173,random,11,random
PL_Comms_C2.csv::E-11,Comms,C2,PL_Comms_C2.csv,E-11,18.04095965,107.0,log_distance,96.46280022685471,-10.53719977314529,10.53719977314529,random,11,random
PL_Library_C1.csv::C-16,Library,C1,PL_Library_C1.csv,C-16,14.905,75.0,log_distance,93.24090469157858,18.240904691578578,18.240904691578578,random,11,random
PL_SSE_C1.csv::A-3,SSE,C1,PL_SSE_C1.csv,A-3,14.76482306,96.0,log_distance,93.08146691527159,-2.918533084728409,2.918533084728409,random,11,random
PL_Comms_C2.csv::D-56,Comms,C2,PL_Comms_C2.csv,D-56,27.04581714,112.0,log_distance,103.29453366518948,-8.705466334810524,8.705466334810524,random,11,random
PL_Comms_C1.csv::E-18,Comms,C1,PL_Comms_C1.csv,E-18,11.0,96.0,log_distance,88.11481464197692,-7.8851853580230795,7.8851853580230795,random,11,random
PL_Comms_C2.csv::D-53,Comms,C2,PL_Comms_C2.csv,D-53,24.0515327,117.0,log_distance,101.314744665622,-15.685255334377999,15.685255334377999,random,11,random
PL_Library_C2.csv::S-5,Library,C2,PL_Library_C2.csv,S-5,16.41754778,87.0,log_distance,94.87176331547774,7.871763315477736,7.871763315477736,random,11,random
PL_Library_C2.csv::L-14,Library,C2,PL_Library_C2.csv,L-14,4.020500591,77.0,log_distance,71.13216883897705,-5.8678311610229485,5.8678311610229485,random,11,random
PL_Comms_C2.csv::E-50,Comms,C2,PL_Comms_C2.csv,E-50,21.03511885,114.0,log_distance,99.05365105359903,-14.946348946400974,14.946348946400974,random,11,random
PL_Comms_C1.csv::A-55,Comms,C1,PL_Comms_C1.csv,A-55,26.30589288,117.0,log_distance,102.82648269685751,-14.17351730314249,14.17351730314249,random,11,random
PL_Library_C2.csv::D-7,Library,C2,PL_Library_C2.csv,D-7,18.27010536,88.0,log_distance,96.67576358545675,8.67576358545675,8.67576358545675,random,11,random
PL_Library_C2.csv::R-5,Library,C2,PL_Library_C2.csv,R-5,15.90633993,92.0,log_distance,94.33801500240051,2.3380150024005104,2.3380150024005104,random,11,random
PL_SSE_C2.csv::A-2,SSE,C2,PL_SSE_C2.csv,A-2,15.31261653,104.0,log_distance,93.696148768661,-10.303851231338996,10.303851231338996,random,11,random
PL_Library_C2.csv::T-20,Library,C2,PL_Library_C2.csv,T-20,9.846294988,75.0,log_distance,86.24526816015748,11.24526816015748,11.24526816015748,random,11,random
PL_SSE_C2.csv::A-7,SSE,C2,PL_SSE_C2.csv,A-7,13.3968737,106.0,log_distance,91.44095456093557,-14.559045439064434,14.559045439064434,random,11,random
PL_Library_C1.csv::I-16,Library,C1,PL_Library_C1.csv,I-16,6.775,80.0,log_distance,79.9371387883183,-0.06286121168170666,0.06286121168170666,random,11,random
PL_Comms_C2.csv::C-13,Comms,C2,PL_Comms_C2.csv,C-13,16.1702265,103.0,log_distance,94.61564448929481,-8.384355510705191,8.384355510705191,random,11,random
PL_Comms_C1.csv::O-55,Comms,C1,PL_Comms_C1.csv,O-55,27.85677655,103.0,log_distance,103.79303258506548,0.7930325850654754,0.7930325850654754,random,11,random
PL_Comms_C2.csv::K-24,Comms,C2,PL_Comms_C2.csv,K-24,7.904190344,92.0,log_distance,82.53819816501131,-9.461801834988691,9.461801834988691,random,11,random
PL_Library_C2.csv::S-23,Library,C2,PL_Library_C2.csv,S-23,11.71930352,82.0,log_distance,89.18359563881106,7.183595638811056,7.183595638811056,random,11,random
PL_Library_C2.csv::T-15,Library,C2,PL_Library_C2.csv,T-15,8.331215398,77.0,log_distance,83.42600148795147,6.426001487951467,6.426001487951467,random,11,random
PL_Comms_C2.csv::G-48,Comms,C2,PL_Comms_C2.csv,G-48,19.14356876,90.0,log_distance,97.46375167334295,7.463751673342955,7.463751673342955,random,11,random
PL_SSE_C2.csv::D-4,SSE,C2,PL_SSE_C2.csv,D-4,11.72502559,97.0,log_distance,89.1918321206258,-7.808167879374196,7.808167879374196,random,11,random
PL_Comms_C2.csv::A-48,Comms,C2,PL_Comms_C2.csv,A-48,19.45446543,112.0,log_distance,97.7355749570246,-14.264425042975404,14.264425042975404,random,11,random
PL_Comms_C2.csv::D-37,Comms,C2,PL_Comms_C2.csv,D-37,8.153295346,86.0,log_distance,83.06175776353622,-2.938242236463779,2.938242236463779,random,11,random
PL_Comms_C1.csv::G-33,Comms,C1,PL_Comms_C1.csv,G-33,4.472135955,75.0,log_distance,72.92848049930521,-2.071519500694791,2.071519500694791,random,11,random
PL_Library_C1.csv::Q-18,Library,C1,PL_Library_C1.csv,Q-18,4.8855,66.0,log_distance,74.4201604608229,8.420160460822899,8.420160460822899,random,11,random
PL_Comms_C1.csv::F-8,Comms,C1,PL_Comms_C1.csv,F-8,21.02379604,85.0,log_distance,99.04456610353076,14.044566103530755,14.044566103530755,random,11,random
PL_Comms_C1.csv::B-32,Comms,C1,PL_Comms_C1.csv,B-32,4.242640687,67.0,log_distance,72.03959816592099,5.039598165920992,5.039598165920992,random,11,random
PL_Library_C1.csv::L-13,Library,C1,PL_Library_C1.csv,L-13,4.8855,71.0,log_distance,74.4201604608229,3.420160460822899,3.420160460822899,random,11,random
PL_Comms_C2.csv::G-57,Comms,C2,PL_Comms_C2.csv,G-57,28.09761956,96.0,log_distance,103.93828685022443,7.938286850224429,7.938286850224429,random,11,random
PL_Comms_C2.csv::M-21,Comms,C2,PL_Comms_C2.csv,M-21,11.37876202,92.0,log_distance,88.68602782048103,-3.31397217951897,3.31397217951897,random,11,random
PL_Library_C2.csv::L-11,Library,C2,PL_Library_C2.csv,L-11,7.397361016,68.0,log_distance,81.4200186005927,13.420018600592698,13.420018600592698,random,11,random
PL_Comms_C2.csv::O-36,Comms,C2,PL_Comms_C2.csv,O-36,12.26687511,93.0,log_distance,89.95411167638727,-3.045888323612729,3.045888323612729,random,11,random
PL_Comms_C2.csv::K-33,Comms,C2,PL_Comms_C2.csv,K-33,7.312744013,82.0,log_distance,81.22589737074047,-0.7741026292595308,0.7741026292595308,random,11,random
PL_Comms_C1.csv::E-49,Comms,C1,PL_Comms_C1.csv,E-49,20.0,105.0,log_distance,98.20221303050292,-6.797786969497082,6.797786969497082,random,11,random
PL_Library_C2.csv::U-18,Library,C2,PL_Library_C2.csv,U-18,9.939092011,75.0,log_distance,86.40354561473268,11.403545614732678,11.403545614732678,random,11,random
PL_Comms_C2.csv::M-28,Comms,C2,PL_Comms_C2.csv,M-28,8.153295346,77.0,log_distance,83.06175776353622,6.061757763536221,6.061757763536221,random,11,random
PL_Library_C1.csv::W-6,Library,C1,PL_Library_C1.csv,W-6,18.2297,81.0,log_distance,96.63840632780958,15.638406327809577,15.638406327809577,random,11,random
PL_Comms_C2.csv::F-4,Comms,C2,PL_Comms_C2.csv,F-4,25.04947554,87.0,log_distance,102.00070885563147,15.000708855631473,15.000708855631473,random,11,random
PL_Comms_C2.csv::N-40,Comms,C2,PL_Comms_C2.csv,N-40,14.26450928,100.0,log_distance,92.49979941145196,-7.50020058854804,7.50020058854804,random,11,random
PL_Comms_C1.csv::N-54,Comms,C1,PL_Comms_C1.csv,N-54,26.57066051,111.0,log_distance,102.99546131598703,-8.00453868401297,8.00453868401297,random,11,random
PL_Library_C1.csv::E-8,Library,C1,PL_Library_C1.csv,E-8,16.3164,88.0,log_distance,94.76748698722848,6.76748698722848,6.76748698722848,random,11,random
PL_Comms_C2.csv::L-10,Comms,C2,PL_Comms_C2.csv,L-10,20.28487676,117.0,log_distance,98.44085597535465,-18.55914402464535,18.55914402464535,random,11,random
PL_Comms_C2.csv::P-25,Comms,C2,PL_Comms_C2.csv,P-25,11.76759215,90.0,log_distance,89.25297754952231,-0.7470224504776866,0.7470224504776866,random,11,random
PL_SSE_C1.csv::D-10,SSE,C1,PL_SSE_C1.csv,D-10,10.0,95.0,log_distance,86.50663088460978,-8.493369115390223,8.493369115390223,random,11,random
PL_SSE_C2.csv::C-1,SSE,C2,PL_SSE_C2.csv,C-1,14.26450928,99.0,log_distance,92.49979941145196,-6.50020058854804,6.50020058854804,random,11,random
PL_Library_C1.csv::G-7,Library,C1,PL_Library_C1.csv,G-7,15.4494,87.0,log_distance,93.84620293426947,6.846202934269471,6.846202934269471,random,11,random
PL_Comms_C1.csv::O-53,Comms,C1,PL_Comms_C1.csv,O-53,26.0,112.0,log_distance,102.62912681344227,-9.37087318655773,9.37087318655773,random,11,random
PL_SSE_C2.csv::M-6,SSE,C2,PL_SSE_C2.csv,M-6,4.298397957,69.0,log_distance,72.25990266301552,3.2599026630155237,3.2599026630155237,random,11,random
PL_Comms_C1.csv::D-54,Comms,C1,PL_Comms_C1.csv,D-54,25.01999201,104.0,log_distance,101.9808372511344,-2.0191627488655968,2.0191627488655968,random,11,random
PL_Comms_C1.csv::B-15,Comms,C1,PL_Comms_C1.csv,B-15,14.31782106,99.0,log_distance,92.56274313500202,-6.437256864997977,6.437256864997977,random,11,random
PL_Library_C2.csv::V-16,Library,C2,PL_Library_C2.csv,V-16,10.90787903,73.0,log_distance,87.97291310286337,14.972913102863373,14.972913102863373,random,11,random
PL_Library_C1.csv::O-15,Library,C1,PL_Library_C1.csv,O-15,1.9163,54.0,log_distance,58.62898678272329,4.628986782723288,4.628986782723288,random,11,random
PL_SSE_C2.csv::K-7,SSE,C2,PL_SSE_C2.csv,K-7,4.413187623,80.0,log_distance,72.70459239311975,-7.2954076068802465,7.2954076068802465,random,11,random
PL_Comms_C1.csv::P-11,Comms,C1,PL_Comms_C1.csv,P-11,21.09502311,116.0,log_distance,99.10163450201424,-16.898365497985765,16.898365497985765,random,11,random
PL_Comms_C1.csv::I-24,Comms,C1,PL_Comms_C1.csv,I-24,6.403124237,80.0,log_distance,78.98459275241635,-1.0154072475836529,1.0154072475836529,random,11,random
PL_Comms_C2.csv::J-44,Comms,C2,PL_Comms_C2.csv,J-44,15.85800192,105.0,log_distance,94.28666084363398,-10.713339156366018,10.713339156366018,random,11,random
PL_Comms_C2.csv::M-53,Comms,C2,PL_Comms_C2.csv,M-53,25.32738093,117.0,log_distance,102.18687327919505,-14.813126720804945,14.813126720804945,random,11,random
PL_SSE_C2.csv::F-2,SSE,C2,PL_SSE_C2.csv,F-2,11.37876202,91.0,log_distance,88.68602782048103,-2.31397217951897,2.31397217951897,random,11,random
PL_SSE_C2.csv::K-8,SSE,C2,PL_SSE_C2.csv,K-8,3.804763462,83.0,log_distance,70.20157035819575,-12.798429641804248,12.798429641804248,random,11,random
PL_Library_C1.csv::K-3,Library,C1,PL_Library_C1.csv,K-3,18.078,84.0,log_distance,96.49740742022301,12.497407420223013,12.497407420223013,random,11,random
PL_SSE_C2.csv::A-4,SSE,C2,PL_SSE_C2.csv,A-4,14.3692806,102.0,log_distance,92.62327806873492,-9.376721931265081,9.376721931265081,random,11,random
PL_Comms_C2.csv::A-16,Comms,C2,PL_Comms_C2.csv,A-16,13.65562979,103.0,log_distance,91.76374654503755,-11.236253454962451,11.236253454962451,random,11,random
PL_Comms_C2.csv::N-54,Comms,C2,PL_Comms_C2.csv,N-54,26.59842524,118.0,log_distance,103.01308353845516,-14.986916461544837,14.986916461544837,random,11,random
PL_Comms_C2.csv::I-22,Comms,C2,PL_Comms_C2.csv,I-22,8.153295346,90.0,log_distance,83.06175776353622,-6.938242236463779,6.938242236463779,random,11,random
PL_Library_C1.csv::F-7,Library,C1,PL_Library_C1.csv,F-7,16.3164,73.0,log_distance,94.76748698722848,21.76748698722848,21.76748698722848,random,11,random
PL_Comms_C2.csv::J-33,Comms,C2,PL_Comms_C2.csv,J-33,6.517378691,83.0,log_distance,79.28301515268775,-3.716984847312247,3.716984847312247,random,11,random
PL_Library_C2.csv::I-15,Library,C2,PL_Library_C2.csv,I-15,7.015188878,84.0,log_distance,80.52497045705275,-3.4750295429472544,3.4750295429472544,random,11,random
PL_Library_C2.csv::S-21,Library,C2,PL_Library_C2.csv,S-21,9.658026455,75.0,log_distance,85.9195164083742,10.919516408374193,10.919516408374193,random,11,random
PL_Comms_C2.csv::F-49,Comms,C2,PL_Comms_C2.csv,F-49,20.06181011,93.0,log_distance,98.2542792052014,5.254279205201399,5.254279205201399,random,11,random
PL_Comms_C1.csv::G-55,Comms,C1,PL_Comms_C1.csv,G-55,26.07680962,88.0,log_distance,102.67890028579026,14.678900285790263,14.678900285790263,random,11,random
PL_Comms_C1.csv::K-43,Comms,C1,PL_Comms_C1.csv,K-43,15.23154621,110.0,log_distance,93.60657908088112,-16.39342091911888,16.39342091911888,random,11,random
PL_Library_C2.csv::C-15,Library,C2,PL_Library_C2.csv,C-15,15.01570095,82.0,log_distance,93.36576026807404,11.365760268074041,11.365760268074041,random,11,random
PL_Library_C1.csv::M-19,Library,C1,PL_Library_C1.csv,M-19,4.2849,76.0,log_distance,72.20683370166422,-3.793166298335777,3.793166298335777,random,11,random
PL_Comms_C1.csv::H-5,Comms,C1,PL_Comms_C1.csv,H-5,24.18677324,86.0,log_distance,101.40935582506208,15.409355825062079,15.409355825062079,random,11,random
PL_Comms_C2.csv::D-5,Comms,C2,PL_Comms_C2.csv,D-5,24.0515327,116.0,log_distance,101.314744665622,-14.685255334377999,14.685255334377999,random,11,random
PL_Library_C1.csv::V-9,Library,C1,PL_Library_C1.csv,V-9,14.4038,81.0,log_distance,92.66376393747504,11.66376393747504,11.66376393747504,random,11,random
PL_Library_C2.csv::L-8,Library,C2,PL_Library_C2.csv,L-8,11.23948064,75.0,log_distance,88.47821799872527,13.47821799872527,13.47821799872527,random,11,random
PL_Comms_C1.csv::C-27,Comms,C1,PL_Comms_C1.csv,C-27,2.828427125,68.0,log_distance,65.19812118845815,-2.8018788115418545,2.8018788115418545,random,11,random
PL_Comms_C1.csv::N-12,Comms,C1,PL_Comms_C1.csv,N-12,19.23538406,102.0,log_distance,97.5444843113474,-4.455515688652596,4.455515688652596,random,11,random
PL_Library_C2.csv::C-11,Library,C2,PL_Library_C2.csv,C-11,16.41754778,90.0,log_distance,94.87176331547774,4.871763315477736,4.871763315477736,random,11,random
PL_Comms_C2.csv::A-37,Comms,C2,PL_Comms_C2.csv,A-37,9.026418171,89.0,log_distance,84.77832233346037,-4.221677666539634,4.221677666539634,random,11,random
PL_SSE_C1.csv::M-1,SSE,C1,PL_SSE_C1.csv,M-1,9.055385138,74.0,log_distance,84.83238382624748,10.83238382624748,10.83238382624748,random,11,random
PL_Comms_C2.csv::N-41,Comms,C2,PL_Comms_C2.csv,N-41,15.04912705,103.0,log_distance,93.40327946566396,-9.596720534336043,9.596720534336043,random,11,random
PL_SSE_C1.csv::H-6,SSE,C1,PL_SSE_C1.csv,H-6,7.211102551,87.0,log_distance,80.98972846388838,-6.010271536111617,6.010271536111617,random,11,random
PL_Comms_C2.csv::P-22,Comms,C2,PL_Comms_C2.csv,P-22,13.09489309,96.0,log_distance,91.05626241062299,-4.943737589377008,4.943737589377008,random,11,random
PL_Comms_C1.csv::K-31,Comms,C1,PL_Comms_C1.csv,K-31,6.32455532,75.0,log_distance,78.77627157135176,3.7762715713517565,3.7762715713517565,random,11,random
PL_Comms_C2.csv::J-57,Comms,C2,PL_Comms_C2.csv,J-57,28.46886413,117.0,log_distance,104.15976635367375,-12.840233646326254,12.840233646326254,random,11,random
PL_SSE_C1.csv::B-7,SSE,C1,PL_SSE_C1.csv,B-7,12.36931688,105.0,log_distance,90.09443581180628,-14.905564188193722,14.905564188193722,random,11,random
PL_Comms_C2.csv::D-47,Comms,C2,PL_Comms_C2.csv,D-47,18.0686531,110.0,log_distance,96.48868120554559,-13.51131879445441,13.51131879445441,random,11,random
PL_Library_C1.csv::B-13,Library,C1,PL_Library_C1.csv,B-13,16.7604,84.0,log_distance,95.22050132505643,11.220501325056432,11.220501325056432,random,11,random
PL_Comms_C2.csv::K-38,Comms,C2,PL_Comms_C2.csv,K-38,10.88467845,99.0,log_distance,87.93698641470944,-11.063013585290562,11.063013585290562,random,11,random
PL_Comms_C1.csv::L-37,Comms,C1,PL_Comms_C1.csv,L-37,10.63014581,91.0,log_distance,87.53772961607316,-3.4622703839268354,3.4622703839268354,random,11,random
PL_Comms_C2.csv::J-54,Comms,C2,PL_Comms_C2.csv,J-54,25.5240323,109.0,log_distance,102.31737687933003,-6.682623120669973,6.682623120669973,random,11,random
PL_Comms_C2.csv::B-36,Comms,C2,PL_Comms_C2.csv,B-36,7.712083052,83.0,log_distance,82.12303890057763,-0.876961099422374,0.876961099422374,random,11,random
PL_SSE_C1.csv::L-9,SSE,C1,PL_SSE_C1.csv,L-9,2.236067977,60.0,log_distance,61.23289834963911,1.2328983496391075,1.2328983496391075,random,11,random
PL_Comms_C1.csv::A-54,Comms,C1,PL_Comms_C1.csv,A-54,25.3179778,114.0,log_distance,102.18060772960109,-11.819392270398907,11.819392270398907,random,11,random
PL_Comms_C1.csv::B-53,Comms,C1,PL_Comms_C1.csv,B-53,24.18677324,119.0,log_distance,101.40935582506208,-17.59064417493792,17.59064417493792,random,11,random
PL_SSE_C1.csv::H-3,SSE,C1,PL_SSE_C1.csv,H-3,9.219544457,95.0,log_distance,85.135527066939,-9.864472933060995,9.864472933060995,random,11,random
PL_Comms_C2.csv::N-36,Comms,C2,PL_Comms_C2.csv,N-36,11.46630826,86.0,log_distance,88.81535014556593,2.8153501455659296,2.8153501455659296,random,11,random
PL_SSE_C2.csv::M-8,SSE,C2,PL_SSE_C2.csv,M-8,2.544842824,76.0,log_distance,63.41544025934699,-12.584559740653013,12.584559740653013,random,11,random
PL_Library_C2.csv::R-14,Library,C2,PL_Library_C2.csv,R-14,6.180349909,76.0,log_distance,78.38709491464314,2.387094914643143,2.387094914643143,random,11,random
PL_Comms_C1.csv::C-19,Comms,C1,PL_Comms_C1.csv,C-19,10.19803903,85.0,log_distance,86.83751954132305,1.8375195413230472,1.8375195413230472,random,11,random
PL_Comms_C2.csv::D-52,Comms,C2,PL_Comms_C2.csv,D-52,23.05376813,108.0,log_distance,100.59983752053164,-7.400162479468364,7.400162479468364,random,11,random
PL_Comms_C1.csv::L-21,Comms,C1,PL_Comms_C1.csv,L-21,10.63014581,95.0,log_distance,87.53772961607316,-7.462270383926835,7.462270383926835,random,11,random
PL_Comms_C1.csv::H-53,Comms,C1,PL_Comms_C1.csv,H-53,24.18677324,96.0,log_distance,101.40935582506208,5.409355825062079,5.409355825062079,random,11,random
PL_Comms_C2.csv::J-20,Comms,C2,PL_Comms_C2.csv,J-20,10.36707408,98.0,log_distance,87.11490380714665,-10.885096192853354,10.885096192853354,random,11,random
PL_Comms_C2.csv::D-39,Comms,C2,PL_Comms_C2.csv,D-39,10.12305413,88.0,log_distance,86.71299495742622,-1.2870050425737816,1.2870050425737816,random,11,random
PL_Library_C1.csv::Q-16,Library,C1,PL_Library_C1.csv,Q-16,4.065,65.0,log_distance,71.31789714305049,6.317897143050487,6.317897143050487,random,11,random
PL_Library_C1.csv::R-9,Library,C1,PL_Library_C1.csv,R-9,10.9244,77.0,log_distance,87.99844969443339,10.99844969443339,10.99844969443339,random,11,random
PL_Comms_C2.csv::J-55,Comms,C2,PL_Comms_C2.csv,J-55,26.50426805,115.0,log_distance,102.95324737029355,-12.046752629706447,12.046752629706447,random,11,random
PL_Comms_C1.csv::G-39,Comms,C1,PL_Comms_C1.csv,G-39,10.19803903,80.0,log_distance,86.83751954132305,6.837519541323047,6.837519541323047,random,11,random
PL_Comms_C2.csv::E-48,Comms,C2,PL_Comms_C2.csv,E-48,19.03880839,101.0,log_distance,97.3711622181792,-3.628837781820806,3.628837781820806,random,11,random
PL_Comms_C1.csv::C-25,Comms,C1,PL_Comms_C1.csv,C-25,4.472135955,70.0,log_distance,72.92848049930521,2.928480499305209,2.928480499305209,random,11,random
PL_Library_C1.csv::Q-20,Library,C1,PL_Library_C1.csv,Q-20,6.775,66.0,log_distance,79.9371387883183,13.937138788318293,13.937138788318293,random,11,random
PL_Library_C2.csv::M-8,Library,C2,PL_Library_C2.csv,M-8,10.99171734,69.0,log_distance,88.10210488963811,19.102104889638113,19.102104889638113,random,11,random
PL_Library_C2.csv::G-7,Library,C2,PL_Library_C2.csv,G-7,15.49707956,73.0,log_distance,93.89819627338484,20.89819627338484,20.89819627338484,random,11,random
PL_Comms_C2.csv::E-27,Comms,C2,PL_Comms_C2.csv,E-27,2.340133543,71.0,log_distance,62.00044214902305,-8.999557850976949,8.999557850976949,random,11,random
PL_Comms_C1.csv::H-3,Comms,C1,PL_Comms_C1.csv,H-3,26.17250466,99.0,log_distance,102.74070700582425,3.740707005824248,3.740707005824248,random,11,random
PL_Comms_C2.csv::L-28,Comms,C2,PL_Comms_C2.csv,L-28,7.174693373,69.0,log_distance,80.9043193365522,11.904319336552206,11.904319336552206,random,11,random
PL_Comms_C1.csv::E-2,Comms,C1,PL_Comms_C1.csv,E-2,27.0,122.0,log_distance,103.26592534413783,-18.734074655862173,18.734074655862173,random,11,random
PL_Library_C2.csv::T-14,Library,C2,PL_Library_C2.csv,T-14,8.655473702,71.0,log_distance,84.07026198884485,13.070261988844848,13.070261988844848,random,11,random
PL_Comms_C2.csv::C-55,Comms,C2,PL_Comms_C2.csv,C-55,26.1050996,121.0,log_distance,102.697195567297,-18.302804432703,18.302804432703,random,11,random
PL_Comms_C2.csv::J-50,Comms,C2,PL_Comms_C2.csv,J-50,21.62119851,120.0,log_distance,99.51734027329142,-20.482659726708576,20.482659726708576,random,11,random
PL_Library_C1.csv::L-14,Library,C1,PL_Library_C1.csv,L-14,3.8325,65.0,log_distance,70.3241286693018,5.3241286693018,5.3241286693018,random,11,random
PL_Comms_C1.csv::L-44,Comms,C1,PL_Comms_C1.csv,L-44,16.55294536,104.0,log_distance,95.01034769408223,-8.989652305917772,8.989652305917772,random,11,random
PL_Comms_C2.csv::N-53,Comms,C2,PL_Comms_C2.csv,N-53,25.66079159,113.0,log_distance,102.40754292752439,-10.59245707247561,10.59245707247561,random,11,random
PL_Library_C1.csv::P-12,Library,C1,PL_Library_C1.csv,P-12,6.0597,68.0,log_distance,78.0544474220377,10.054447422037697,10.054447422037697,random,11,random
PL_Comms_C1.csv::B-21,Comms,C1,PL_Comms_C1.csv,B-21,8.544003745,84.0,log_distance,83.85154876600126,-0.14845123399874183,0.14845123399874183,random,11,random
PL_Comms_C2.csv::J-45,Comms,C2,PL_Comms_C2.csv,J-45,16.80702904,98.0,log_distance,95.26737889088534,-2.7326211091146604,2.7326211091146604,random,11,random
PL_Library_C1.csv::C-2,Library,C1,PL_Library_C1.csv,C-2,24.1251,87.0,log_distance,101.36627643936605,14.366276439366047,14.366276439366047,random,11,random
PL_Comms_C1.csv::C-55,Comms,C1,PL_Comms_C1.csv,C-55,26.07680962,112.0,log_distance,102.67890028579026,-9.321099714209737,9.321099714209737,random,11,random
PL_Comms_C2.csv::G-32,Comms,C2,PL_Comms_C2.csv,G-32,3.804763462,82.0,log_distance,70.20157035819575,-11.798429641804248,11.798429641804248,random,11,random
PL_Comms_C1.csv::G-19,Comms,C1,PL_Comms_C1.csv,G-19,10.19803903,89.0,log_distance,86.83751954132305,-2.162480458676953,2.162480458676953,random,11,random
PL_Comms_C1.csv::B-20,Comms,C1,PL_Comms_C1.csv,B-20,9.486832981,93.0,log_distance,85.6177485525817,-7.382251447418298,7.382251447418298,random,11,random
PL_Library_C2.csv::G-4,Library,C2,PL_Library_C2.csv,G-4,18.86343155,83.0,log_distance,97.2150140687406,14.2150140687406,14.2150140687406,random,11,random
PL_SSE_C1.csv::F-6,SSE,C1,PL_SSE_C1.csv,F-6,8.94427191,83.0,log_distance,84.62406264519835,1.6240626451983502,1.6240626451983502,random,11,random
PL_Comms_C2.csv::H-49,Comms,C2,PL_Comms_C2.csv,H-49,20.26021286,94.0,log_distance,98.42032782036665,4.420327820366651,4.420327820366651,random,11,random
PL_SSE_C2.csv::D-8,SSE,C2,PL_SSE_C2.csv,D-8,10.27016188,80.0,log_distance,86.95643036416828,6.956430364168284,6.956430364168284,random,11,random
PL_SSE_C1.csv::E-3,SSE,C1,PL_SSE_C1.csv,E-3,11.40175425,89.0,log_distance,88.72008777461234,-0.2799122253876618,0.2799122253876618,random,11,random
PL_Comms_C2.csv::F-46,Comms,C2,PL_Comms_C2.csv,F-46,17.07267481,98.0,log_distance,95.53198421471441,-2.468015785285587,2.468015785285587,random,11,random
PL_Comms_C1.csv::G-38,Comms,C1,PL_Comms_C1.csv,G-38,9.219544457,94.0,log_distance,85.135527066939,-8.864472933060995,8.864472933060995,random,11,random
PL_SSE_C2.csv::E-3,SSE,C2,PL_SSE_C2.csv,E-3,11.46630826,96.0,log_distance,88.81535014556593,-7.1846498544340704,7.1846498544340704,random,11,random
PL_SSE_C1.csv::B-3,SSE,C1,PL_SSE_C1.csv,B-3,13.89244399,92.0,log_distance,92.05385045303922,0.05385045303921743,0.05385045303921743,random,11,random
PL_Comms_C1.csv::J-39,Comms,C1,PL_Comms_C1.csv,J-39,11.18033989,96.0,log_distance,88.38919912779733,-7.610800872202674,7.610800872202674,random,11,random
PL_SSE_C1.csv::C-6,SSE,C1,PL_SSE_C1.csv,C-6,11.70469991,90.0,log_distance,89.16255661729186,-0.8374433827081447,0.8374433827081447,random,11,random
PL_Comms_C1.csv::C-35,Comms,C1,PL_Comms_C1.csv,C-35,6.32455532,85.0,log_distance,78.77627157135176,-6.2237284286482435,6.2237284286482435,random,11,random
PL_Comms_C2.csv::A-14,Comms,C2,PL_Comms_C2.csv,A-14,15.57164811,96.0,log_distance,93.979191503209,-2.0208084967910054,2.0208084967910054,random,11,random
PL_Comms_C2.csv::C-23,Comms,C2,PL_Comms_C2.csv,C-23,6.440203801,84.0,log_distance,79.0820209410956,-4.917979058904393,4.917979058904393,random,11,random
PL_Library_C1.csv::D-16,Library,C1,PL_Library_C1.csv,D-16,13.55,79.0,log_distance,91.63272093421145,12.632720934211449,12.632720934211449,random,11,random
PL_Library_C2.csv::T-13,Library,C2,PL_Library_C2.csv,T-13,9.17046073,78.0,log_distance,85.04545645989998,7.045456459899981,7.045456459899981,random,11,random
PL_Comms_C1.csv::E-28,Comms,C1,PL_Comms_C1.csv,E-28,1.0,53.0,log_distance,47.65474796810432,-5.345252031895683,5.345252031895683,random,11,random
PL_Comms_C2.csv::H-55,Comms,C2,PL_Comms_C2.csv,H-55,26.20069131,92.0,log_distance,102.75886888600971,10.758868886009708,10.758868886009708,random,11,random
PL_Library_C1.csv::G-3,Library,C1,PL_Library_C1.csv,G-3,20.0063,82.0,log_distance,98.20752723844319,16.20752723844319,16.20752723844319,random,11,random
PL_Library_C1.csv::Q-7,Library,C1,PL_Library_C1.csv,Q-7,12.8547,92.0,log_distance,90.74389282700872,-1.2561071729912783,1.2561071729912783,random,11,random
PL_Library_C1.csv::D-4,Library,C1,PL_Library_C1.csv,D-4,21.1658,85.0,log_distance,99.15815165913561,14.158151659135612,14.158151659135612,random,11,random
PL_Comms_C2.csv::J-15,Comms,C2,PL_Comms_C2.csv,J-15,14.91563693,102.0,log_distance,93.25294190006682,-8.747058099933184,8.747058099933184,random,11,random
PL_Comms_C2.csv::A-11,Comms,C2,PL_Comms_C2.csv,A-11,18.47907533,112.0,log_distance,96.86766018480792,-15.132339815192083,15.132339815192083,random,11,random
PL_Comms_C2.csv::E-25,Comms,C2,PL_Comms_C2.csv,E-25,4.180457511,78.0,log_distance,71.79046284462596,-6.209537155374036,6.209537155374036,random,11,random
PL_Comms_C1.csv::P-38,Comms,C1,PL_Comms_C1.csv,P-38,14.2126704,97.0,log_distance,92.43836870746041,-4.561631292539587,4.561631292539587,random,11,random
PL_Comms_C1.csv::J-41,Comms,C1,PL_Comms_C1.csv,J-41,13.0,108.0,log_distance,90.93354466754913,-17.06645533245087,17.06645533245087,random,11,random
PL_Comms_C2.csv::H-42,Comms,C2,PL_Comms_C2.csv,H-42,13.3968737,86.0,log_distance,91.44095456093557,5.440954560935566,5.440954560935566,random,11,random
PL_Comms_C1.csv::A-51,Comms,C1,PL_Comms_C1.csv,A-51,22.36067977,112.0,log_distance,100.08478126614457,-11.915218733855426,11.915218733855426,random,11,random
PL_SSE_C2.csv::N-3,SSE,C2,PL_SSE_C2.csv,N-3,7.104662202,69.0,log_distance,80.73881375662958,11.738813756629582,11.738813756629582,random,11,random
PL_Comms_C2.csv::C-50,Comms,C2,PL_Comms_C2.csv,C-50,21.12998403,110.0,log_distance,99.12957535102298,-10.870424648977021,10.870424648977021,random,11,random
PL_Library_C1.csv::P-15,Library,C1,PL_Library_C1.csv,P-15,3.0299,61.0,log_distance,66.35914372258809,5.359143722588087,5.359143722588087,random,11,random
PL_Comms_C1.csv::L-57,Comms,C1,PL_Comms_C1.csv,L-57,28.86173938,106.0,multi_wall_linear,109.15334962088312,3.1533496208831195,3.1533496208831195,random,11,random
PL_SSE_C1.csv::D-1,SSE,C1,PL_SSE_C1.csv,D-1,13.45362405,89.0,multi_wall_linear,91.90780753022571,2.9078075302257105,2.9078075302257105,random,11,random
PL_Comms_C1.csv::O-41,Comms,C1,PL_Comms_C1.csv,O-41,15.62049935,97.0,multi_wall_linear,103.38368361838099,6.383683618380985,6.383683618380985,random,11,random
PL_Comms_C1.csv::J-57,Comms,C1,PL_Comms_C1.csv,J-57,28.44292531,113.0,multi_wall_linear,104.87013366006863,-8.129866339931368,8.129866339931368,random,11,random
PL_Library_C1.csv::S-9,Library,C1,PL_Library_C1.csv,S-9,11.6562,81.0,multi_wall_linear,78.67668291922327,-2.3233170807767323,2.3233170807767323,random,11,random
PL_Comms_C2.csv::C-5,Comms,C2,PL_Comms_C2.csv,C-5,24.11381813,107.0,multi_wall_linear,116.30669213982243,9.306692139822431,9.306692139822431,random,11,random
PL_Comms_C1.csv::H-7,Comms,C1,PL_Comms_C1.csv,H-7,22.20360331,87.0,multi_wall_linear,96.60267987420247,9.602679874202465,9.602679874202465,random,11,random
PL_SSE_C2.csv::K-2,SSE,C2,PL_SSE_C2.csv,K-2,8.629960892,88.0,multi_wall_linear,81.25513902539149,-6.744860974608514,6.744860974608514,random,11,random
PL_Comms_C2.csv::H-51,Comms,C2,PL_Comms_C2.csv,H-51,22.23682138,93.0,multi_wall_linear,98.41725174496364,5.417251744963636,5.417251744963636,random,11,random
PL_Comms_C1.csv::A-17,Comms,C1,PL_Comms_C1.csv,A-17,12.64911064,92.0,multi_wall_linear,95.47622171351493,3.4762217135149314,3.4762217135149314,random,11,random
PL_Comms_C2.csv::G-34,Comms,C2,PL_Comms_C2.csv,G-34,5.520527602,86.0,multi_wall_linear,81.21477761361464,-4.785222386385357,4.785222386385357,random,11,random
PL_Comms_C1.csv::P-12,Comms,C1,PL_Comms_C1.csv,P-12,20.24845673,104.0,multi_wall_linear,102.23082241373339,-1.7691775862666077,1.7691775862666077,random,11,random
PL_SSE_C2.csv::E-10,SSE,C2,PL_SSE_C2.csv,E-10,9.081642197,91.0,multi_wall_linear,78.12146390969399,-12.878536090306014,12.878536090306014,random,11,random
PL_Comms_C1.csv::K-24,Comms,C1,PL_Comms_C1.csv,K-24,7.810249676,88.0,multi_wall_linear,84.46613406830781,-3.5338659316921905,3.5338659316921905,random,11,random
PL_Comms_C1.csv::L-32,Comms,C1,PL_Comms_C1.csv,L-32,7.615773106,100.0,multi_wall_linear,84.77495563166465,-15.225044368335347,15.225044368335347,random,11,random
PL_Comms_C1.csv::E-24,Comms,C1,PL_Comms_C1.csv,E-24,5.0,67.0,multi_wall_linear,76.1404884267739,9.1404884267739,9.1404884267739,random,11,random
PL_Library_C2.csv::M-15,Library,C2,PL_Library_C2.csv,M-15,2.268981049,68.0,multi_wall_linear,64.17374932423746,-3.8262506757625374,3.8262506757625374,random,11,random
PL_Comms_C1.csv::J-22,Comms,C1,PL_Comms_C1.csv,J-22,8.602325267,78.0,multi_wall_linear,83.57075798902318,5.570757989023178,5.570757989023178,random,11,random
PL_Comms_C2.csv::G-44,Comms,C2,PL_Comms_C2.csv,G-44,15.18144344,86.0,multi_wall_linear,94.84061126660495,8.840611266604952,8.840611266604952,random,11,random
PL_Comms_C2.csv::I-44,Comms,C2,PL_Comms_C2.csv,I-44,15.57164811,94.0,multi_wall_linear,99.2246637453392,5.2246637453392,5.2246637453392,random,11,random
PL_Comms_C2.csv::B-18,Comms,C2,PL_Comms_C2.csv,B-18,11.46630826,91.0,multi_wall_linear,94.55624508708408,3.556245087084079,3.556245087084079,random,11,random
PL_Comms_C1.csv::N-11,Comms,C1,PL_Comms_C1.csv,N-11,20.1246118,109.0,multi_wall_linear,97.48198076676141,-11.51801923323859,11.51801923323859,random,11,random
PL_Library_C1.csv::J-2,Library,C1,PL_Library_C1.csv,J-2,19.7291,82.0,multi_wall_linear,84.44076956447283,2.4407695644728307,2.4407695644728307,random,11,random
PL_Comms_C1.csv::A-21,Comms,C1,PL_Comms_C1.csv,A-21,8.94427191,83.0,multi_wall_linear,85.73660534250178,2.7366053425017753,2.7366053425017753,random,11,random
PL_Comms_C2.csv::H-14,Comms,C2,PL_Comms_C2.csv,H-14,15.3452346,92.0,multi_wall_linear,90.79493313007586,-1.2050668699241385,1.2050668699241385,random,11,random
PL_Comms_C2.csv::J-27,Comms,C2,PL_Comms_C2.csv,J-27,5.520527602,84.0,multi_wall_linear,79.4142147407917,-4.5857852592082935,4.5857852592082935,random,11,random
PL_Comms_C2.csv::A-34,Comms,C2,PL_Comms_C2.csv,A-34,6.517378691,84.0,multi_wall_linear,82.77033413260236,-1.2296658673976424,1.2296658673976424,random,11,random
PL_Comms_C1.csv::A-23,Comms,C1,PL_Comms_C1.csv,A-23,7.211102551,73.0,multi_wall_linear,79.57195759263807,6.571957592638071,6.571957592638071,random,11,random
PL_Library_C1.csv::M-14,Library,C1,PL_Library_C1.csv,M-14,3.0299,72.0,multi_wall_linear,66.88379885883828,-5.116201141161724,5.116201141161724,random,11,random
PL_Comms_C2.csv::J-16,Comms,C2,PL_Comms_C2.csv,J-16,13.98128124,100.0,multi_wall_linear,94.06887661190613,-5.931123388093866,5.931123388093866,random,11,random
PL_Comms_C1.csv::C-5,Comms,C1,PL_Comms_C1.csv,C-5,24.08318916,111.0,multi_wall_linear,116.29478182685095,5.294781826850951,5.294781826850951,random,11,random
PL_SSE_C1.csv::F-1,SSE,C1,PL_SSE_C1.csv,F-1,12.04159458,86.0,multi_wall_linear,95.01498621100201,9.014986211002011,9.014986211002011,random,11,random
PL_Library_C2.csv::N-19,Library,C2,PL_Library_C2.csv,N-19,4.24269372,59.0,multi_wall_linear,70.03868451068256,11.038684510682558,11.038684510682558,random,11,random
PL_Library_C1.csv::R-12,Library,C1,PL_Library_C1.csv,R-12,7.665,75.0,multi_wall_linear,75.58124806943539,0.5812480694353894,0.5812480694353894,random,11,random
PL_Comms_C2.csv::H-21,Comms,C2,PL_Comms_C2.csv,H-21,8.629960892,92.0,multi_wall_linear,81.25513902539149,-10.744860974608514,10.744860974608514,random,11,random
PL_Library_C2.csv::D-2,Library,C2,PL_Library_C2.csv,D-2,23.34394193,97.0,multi_wall_linear,86.01735419910118,-10.982645800898823,10.982645800898823,random,11,random
PL_Library_C2.csv::U-15,Library,C2,PL_Library_C2.csv,U-15,9.658026455,73.0,multi_wall_linear,77.33059789981539,4.330597899815388,4.330597899815388,random,11,random
PL_Comms_C1.csv::P-13,Comms,C1,PL_Comms_C1.csv,P-13,19.41648784,113.0,multi_wall_linear,101.8376575206932,-11.162342479306801,11.162342479306801,random,11,random
PL_Library_C2.csv::A-5,Library,C2,PL_Library_C2.csv,A-5,23.10678418,95.0,multi_wall_linear,85.9220605790148,-9.077939420985203,9.077939420985203,random,11,random
PL_Comms_C2.csv::C-51,Comms,C2,PL_Comms_C2.csv,C-51,22.12410959,109.0,multi_wall_linear,110.80834756174676,1.808347561746757,1.808347561746757,random,11,random
PL_Comms_C2.csv::A-57,Comms,C2,PL_Comms_C2.csv,A-57,28.31035544,122.0,multi_wall_linear,117.26506953341143,-4.734930466588565,4.734930466588565,random,11,random
PL_Library_C1.csv::O-16,Library,C1,PL_Library_C1.csv,O-16,1.355,53.0,multi_wall_linear,59.75927566094762,6.7592756609476226,6.7592756609476226,random,11,random
PL_Comms_C1.csv::C-42,Comms,C1,PL_Comms_C1.csv,C-42,13.15294644,105.0,multi_wall_linear,97.64280111241794,-7.357198887582058,7.357198887582058,random,11,random
PL_Library_C2.csv::N-10,Library,C2,PL_Library_C2.csv,N-10,8.220287404,71.0,multi_wall_linear,78.43753643269598,7.437536432695978,7.437536432695978,random,11,random
PL_Comms_C1.csv::D-49,Comms,C1,PL_Comms_C1.csv,D-49,20.02498439,97.0,multi_wall_linear,105.72795128422379,8.727951284223792,8.727951284223792,random,11,random
PL_Library_C2.csv::P-12,Library,C2,PL_Library_C2.csv,P-12,6.180349909,80.0,multi_wall_linear,75.76428027550915,-4.235719724490849,4.235719724490849,random,11,random
PL_Comms_C1.csv::F-50,Comms,C1,PL_Comms_C1.csv,F-50,21.02379604,94.0,multi_wall_linear,102.03783379585067,8.037833795850673,8.037833795850673,random,11,random
PL_SSE_C1.csv::E-6,SSE,C1,PL_SSE_C1.csv,E-6,9.848857802,92.0,multi_wall_linear,88.0069141884261,-3.9930858115739056,3.9930858115739056,random,11,random
PL_Library_C1.csv::E-4,Library,C1,PL_Library_C1.csv,E-4,20.325,74.0,multi_wall_linear,84.71961866477042,10.719618664770422,10.719618664770422,random,11,random
PL_Comms_C1.csv::B-52,Comms,C1,PL_Comms_C1.csv,B-52,23.19482701,108.0,multi_wall_linear,111.25122828766249,3.251228287662485,3.251228287662485,random,11,random
PL_Comms_C2.csv::L-27,Comms,C2,PL_Comms_C2.csv,L-27,7.380801108,80.0,multi_wall_linear,82.135602920939,2.135602920938993,2.135602920938993,random,11,random
PL_Comms_C1.csv::D-47,Comms,C1,PL_Comms_C1.csv,D-47,18.02775638,118.0,multi_wall_linear,104.74336956119103,-13.256630438808969,13.256630438808969,random,11,random
PL_Comms_C1.csv::B-30,Comms,C1,PL_Comms_C1.csv,B-30,3.16227766,71.0,multi_wall_linear,71.8472589984176,0.8472589984176011,0.8472589984176011,random,11,random
PL_Comms_C1.csv::K-25,Comms,C1,PL_Comms_C1.csv,K-25,7.211102551,97.0,multi_wall_linear,87.86443414840747,-9.135565851592531,9.135565851592531,random,11,random
PL_Comms_C1.csv::H-9,Comms,C1,PL_Comms_C1.csv,H-9,20.22374842,93.0,multi_wall_linear,93.38179145536442,0.3817914553644215,0.3817914553644215,random,11,random
PL_Comms_C1.csv::J-3,Comms,C1,PL_Comms_C1.csv,J-3,26.47640459,99.0,multi_wall_linear,104.19875148149308,5.198751481493076,5.198751481493076,random,11,random
PL_SSE_C1.csv::G-6,SSE,C1,PL_SSE_C1.csv,G-6,8.062257748,84.0,multi_wall_linear,77.83874308814885,-6.161256911851154,6.161256911851154,random,11,random
PL_Comms_C1.csv::O-43,Comms,C1,PL_Comms_C1.csv,O-43,17.20465053,109.0,multi_wall_linear,100.70431532480873,-8.295684675191268,8.295684675191268,random,11,random
PL_Comms_C1.csv::N-19,Comms,C1,PL_Comms_C1.csv,N-19,13.45362405,92.0,multi_wall_linear,85.41589384727926,-6.584106152720736,6.584106152720736,random,11,random
PL_Library_C2.csv::Q-7,Library,C2,PL_Library_C2.csv,Q-7,12.91195086,93.0,multi_wall_linear,82.66854912531377,-10.331450874686226,10.331450874686226,random,11,random
PL_SSE_C1.csv::L-6,SSE,C1,PL_SSE_C1.csv,L-6,4.472135955,74.0,multi_wall_linear,75.09496168748399,1.0949616874839876,1.0949616874839876,random,11,random
PL_Comms_C1.csv::I-27,Comms,C1,PL_Comms_C1.csv,I-27,4.472135955,75.0,multi_wall_linear,79.24119996536868,4.241199965368679,4.241199965368679,random,11,random
PL_Comms_C2.csv::J-17,Comms,C2,PL_Comms_C2.csv,J-17,13.05665443,91.0,multi_wall_linear,89.28146842917081,-1.7185315708291853,1.7185315708291853,random,11,random
PL_Comms_C2.csv::I-38,Comms,C2,PL_Comms_C2.csv,I-38,9.923518781,97.0,multi_wall_linear,95.00266346042747,-1.9973365395725295,1.9973365395725295,random,11,random
PL_Library_C1.csv::P-16,Library,C1,PL_Library_C1.csv,P-16,2.71,58.0,multi_wall_linear,65.83818585931724,7.838185859317235,7.838185859317235,random,11,random
PL_Library_C2.csv::V-8,Library,C2,PL_Library_C2.csv,V-8,15.37814765,89.0,multi_wall_linear,83.47353595005846,-5.526464049941538,5.526464049941538,random,11,random
PL_Comms_C2.csv::E-36,Comms,C2,PL_Comms_C2.csv,E-36,7.104662202,84.0,multi_wall_linear,83.5788447276382,-0.4211552723618013,0.4211552723618013,random,11,random
PL_Library_C1.csv::W-7,Library,C1,PL_Library_C1.csv,W-7,17.2463,85.0,multi_wall_linear,84.54790941705565,-0.45209058294435067,0.45209058294435067,random,11,random
PL_Library_C1.csv::B-1,Library,C1,PL_Library_C1.csv,B-1,26.0287,77.0,multi_wall_linear,87.03749047239612,10.037490472396115,10.037490472396115,random,11,random
PL_Comms_C1.csv::K-10,Comms,C1,PL_Comms_C1.csv,K-10,19.92485885,104.0,multi_wall_linear,99.73417786917155,-4.265822130828454,4.265822130828454,random,11,random
PL_Comms_C1.csv::M-33,Comms,C1,PL_Comms_C1.csv,M-33,8.94427191,85.0,multi_wall_linear,86.2817178747406,1.2817178747405933,1.2817178747405933,random,11,random
PL_Comms_C1.csv::A-52,Comms,C1,PL_Comms_C1.csv,A-52,23.34523506,105.0,multi_wall_linear,111.31179812812266,6.3117981281226605,6.3117981281226605,random,11,random
PL_Comms_C1.csv::H-15,Comms,C1,PL_Comms_C1.csv,H-15,14.31782106,86.0,multi_wall_linear,90.1455306356236,4.145530635623601,4.145530635623601,random,11,random
PL_Comms_C1.csv::K-57,Comms,C1,PL_Comms_C1.csv,K-57,28.63564213,109.0,multi_wall_linear,104.93341257179856,-4.066587428201444,4.066587428201444,random,11,random
PL_Library_C2.csv::J-2,Library,C2,PL_Library_C2.csv,J-2,19.76647477,88.0,multi_wall_linear,84.45850496558391,-3.541495034416087,3.541495034416087,random,11,random
PL_Library_C1.csv::R-14,Library,C1,PL_Library_C1.csv,R-14,6.0597,73.0,multi_wall_linear,75.16304180776642,2.163041807766419,2.163041807766419,random,11,random
PL_Library_C1.csv::P-13,Library,C1,PL_Library_C1.csv,P-13,4.8855,70.0,multi_wall_linear,73.56115373929595,3.5611537392959463,3.5611537392959463,random,11,random
PL_Comms_C2.csv::N-33,Comms,C2,PL_Comms_C2.csv,N-33,9.923518781,88.0,multi_wall_linear,89.05586230971983,1.0558623097198279,1.0558623097198279,random,11,random
PL_Library_C2.csv::H-5,Library,C2,PL_Library_C2.csv,H-5,17.0215202,86.0,multi_wall_linear,83.05747390655125,-2.9425260934487483,2.9425260934487483,random,11,random
PL_Library_C1.csv::J-5,Library,C1,PL_Library_C1.csv,J-5,15.8599,80.0,multi_wall_linear,82.3950970449523,2.395097044952294,2.395097044952294,random,11,random
PL_Library_C2.csv::M-4,Library,C2,PL_Library_C2.csv,M-4,16.36153569,74.0,multi_wall_linear,84.88738721799132,10.887387217991318,10.887387217991318,random,11,random
PL_Library_C2.csv::Q-4,Library,C2,PL_Library_C2.csv,Q-4,16.80440567,83.0,multi_wall_linear,85.13766397775522,2.137663977755224,2.137663977755224,random,11,random
PL_Comms_C1.csv::A-10,Comms,C1,PL_Comms_C1.csv,A-10,19.41648784,110.0,multi_wall_linear,105.9838957985779,-4.016104201422095,4.016104201422095,random,11,random
PL_Comms_C1.csv::A-30,Comms,C1,PL_Comms_C1.csv,A-30,4.123105626,75.0,multi_wall_linear,74.33348825373969,-0.6665117462603121,0.6665117462603121,random,11,random
PL_Library_C1.csv::J-15,Library,C1,PL_Library_C1.csv,J-15,5.5868,84.0,multi_wall_linear,72.61763091669656,-11.382369083303445,11.382369083303445,random,11,random
PL_Comms_C2.csv::L-11,Comms,C2,PL_Comms_C2.csv,L-11,19.35138819,113.0,multi_wall_linear,97.11483518114042,-15.885164818859579,15.885164818859579,random,11,random
PL_Library_C2.csv::I-3,Library,C2,PL_Library_C2.csv,I-3,18.91203519,89.0,multi_wall_linear,84.04481135200177,-4.955188647998227,4.955188647998227,random,11,random
PL_Comms_C2.csv::B-10,Comms,C2,PL_Comms_C2.csv,B-10,19.2737185,106.0,multi_wall_linear,105.91473712227238,-0.0852628777276152,0.0852628777276152,random,11,random
PL_SSE_C2.csv::B-6,SSE,C2,PL_SSE_C2.csv,B-6,12.70732958,96.0,multi_wall_linear,84.0315403430557,-11.968459656944304,11.968459656944304,random,11,random
PL_Comms_C2.csv::P-21,Comms,C2,PL_Comms_C2.csv,P-21,13.65562979,96.0,multi_wall_linear,89.70178985538476,-6.29821014461524,6.29821014461524,random,11,random
PL_Comms_C1.csv::E-6,Comms,C1,PL_Comms_C1.csv,E-6,23.0,110.0,multi_wall_linear,115.86353504664052,5.863535046640521,5.863535046640521,random,11,random
PL_Comms_C2.csv::N-37,Comms,C2,PL_Comms_C2.csv,N-37,12.10273626,95.0,multi_wall_linear,96.84643910009433,1.8464391000943294,1.8464391000943294,random,11,random
PL_Library_C1.csv::D-2,Library,C1,PL_Library_C1.csv,D-2,23.3123,94.0,multi_wall_linear,86.00464365701883,-7.995356342981168,7.995356342981168,random,11,random
PL_Comms_C1.csv::B-36,Comms,C1,PL_Comms_C1.csv,B-36,7.615773106,87.0,multi_wall_linear,84.22984309942584,-2.7701569005741646,2.7701569005741646,random,11,random
PL_Comms_C2.csv::I-35,Comms,C2,PL_Comms_C2.csv,I-35,7.312744013,89.0,multi_wall_linear,86.19503300557308,-2.8049669944269198,2.8049669944269198,random,11,random
PL_Library_C2.csv::T-9,Library,C2,PL_Library_C2.csv,T-9,12.55142821,80.0,multi_wall_linear,81.57018601053232,1.5701860105323249,1.5701860105323249,random,11,random
PL_Comms_C1.csv::C-57,Comms,C1,PL_Comms_C1.csv,C-57,28.0713377,110.0,multi_wall_linear,117.1856174263996,7.185617426399602,7.185617426399602,random,11,random
PL_Library_C2.csv::V-6,Library,C2,PL_Library_C2.csv,V-6,17.39495114,95.0,multi_wall_linear,84.62833387378777,-10.371666126212233,10.371666126212233,random,11,random
PL_Comms_C2.csv::H-19,Comms,C2,PL_Comms_C2.csv,H-19,10.5107671,89.0,multi_wall_linear,83.10270536599324,-5.897294634006755,5.897294634006755,random,11,random
PL_Comms_C1.csv::M-30,Comms,C1,PL_Comms_C1.csv,M-30,8.062257748,96.0,multi_wall_linear,85.30883514161178,-10.69116485838822,10.69116485838822,random,11,random
PL_Library_C2.csv::J-14,Library,C2,PL_Library_C2.csv,J-14,6.180349909,78.0,multi_wall_linear,73.56379288343692,-4.436207116563082,4.436207116563082,random,11,random
PL_Comms_C2.csv::A-7,Comms,C2,PL_Comms_C2.csv,A-7,22.39366484,115.0,multi_wall_linear,111.46694300116602,-3.5330569988339846,3.5330569988339846,random,11,random
PL_Library_C2.csv::F-8,Library,C2,PL_Library_C2.csv,F-8,15.37814765,75.0,multi_wall_linear,82.1060389155132,7.106038915513196,7.106038915513196,random,11,random
PL_Comms_C2.csv::C-25,Comms,C2,PL_Comms_C2.csv,C-25,4.634244814,86.0,multi_wall_linear,75.42863204039753,-10.571367959602469,10.571367959602469,random,11,random
PL_Library_C2.csv::U-9,Library,C2,PL_Library_C2.csv,U-9,13.46872952,81.0,multi_wall_linear,82.23117297680182,1.2311729768018154,1.2311729768018154,random,11,random
PL_Comms_C1.csv::D-53,Comms,C1,PL_Comms_C1.csv,D-53,24.0208243,110.0,multi_wall_linear,111.57913306427724,1.5791330642772436,1.5791330642772436,random,11,random
PL_SSE_C2.csv::H-4,SSE,C2,PL_SSE_C2.csv,H-4,8.571827401,82.0,multi_wall_linear,83.53747629800674,1.5374762980067374,1.5374762980067374,random,11,random
PL_Comms_C2.csv::H-12,Comms,C2,PL_Comms_C2.csv,H-12,17.30538139,90.0,multi_wall_linear,91.92143151227489,1.9214315122748928,1.9214315122748928,random,11,random
PL_Comms_C2.csv::L-25,Comms,C2,PL_Comms_C2.csv,L-25,8.153295346,93.0,multi_wall_linear,89.01518236141845,-3.9848176385815464,3.9848176385815464,random,11,random
PL_Library_C1.csv::P-11,Library,C1,PL_Library_C1.csv,P-11,7.2969,80.0,multi_wall_linear,77.32054797877471,-2.6794520212252877,2.6794520212252877,random,11,random
PL_SSE_C2.csv::L-10,SSE,C2,PL_SSE_C2.csv,L-10,2.340133543,73.0,multi_wall_linear,64.87959079383938,-8.120409206160616,8.120409206160616,random,11,random
PL_Library_C2.csv::F-3,Library,C2,PL_Library_C2.csv,F-3,20.71883322,92.0,multi_wall_linear,84.89945960173173,-7.100540398268265,7.100540398268265,random,11,random
PL_Comms_C2.csv::A-15,Comms,C2,PL_Comms_C2.csv,A-15,14.61082561,98.0,multi_wall_linear,96.8272773985712,-1.1727226014288021,1.1727226014288021,random,11,random
PL_Comms_C2.csv::D-16,Comms,C2,PL_Comms_C2.csv,D-16,13.09489309,92.0,multi_wall_linear,95.80078626464712,3.8007862646471153,3.8007862646471153,random,11,random
PL_Library_C1.csv::H-4,Library,C1,PL_Library_C1.csv,H-4,18.1792,77.0,multi_wall_linear,83.67407509165096,6.674075091650963,6.674075091650963,random,11,random
PL_Library_C1.csv::U-5,Library,C1,PL_Library_C1.csv,U-5,17.667,83.0,multi_wall_linear,85.60674630753292,2.606746307532916,2.606746307532916,random,11,random
PL_Comms_C1.csv::K-4,Comms,C1,PL_Comms_C1.csv,K-4,25.70992026,103.0,multi_wall_linear,110.41537633182732,7.415376331827318,7.415376331827318,random,11,random
PL_Library_C1.csv::C-1,Library,C1,PL_Library_C1.csv,C-1,25.2045,88.0,multi_wall_linear,86.73596126096203,-1.2640387390379715,1.2640387390379715,random,11,random
PL_Comms_C1.csv::L-35,Comms,C1,PL_Comms_C1.csv,L-35,9.219544457,84.0,multi_wall_linear,94.29656454313681,10.29656454313681,10.29656454313681,random,11,random
PL_Comms_C1.csv::L-27,Comms,C1,PL_Comms_C1.csv,L-27,7.280109889,76.0,multi_wall_linear,82.00688225880702,6.006882258807025,6.006882258807025,random,11,random
PL_Comms_C1.csv::P-53,Comms,C1,PL_Comms_C1.csv,P-53,26.40075756,123.0,multi_wall_linear,116.61065396797707,-6.389346032022928,6.389346032022928,random,11,random
PL_Library_C1.csv::C-5,Library,C1,PL_Library_C1.csv,C-5,21.0789,74.0,multi_wall_linear,85.060914737307,11.060914737307002,11.060914737307002,random,11,random
PL_Library_C1.csv::C-7,Library,C1,PL_Library_C1.csv,C-7,19.2582,78.0,multi_wall_linear,84.21478468196648,6.214784681966478,6.214784681966478,random,11,random
PL_SSE_C1.csv::D-2,SSE,C1,PL_SSE_C1.csv,D-2,12.80624847,91.0,multi_wall_linear,91.44567929997848,0.44567929997847955,0.44567929997847955,random,11,random
PL_SSE_C1.csv::N-9,SSE,C1,PL_SSE_C1.csv,N-9,1.0,52.0,multi_wall_linear,56.91238591604144,4.912385916041437,4.912385916041437,random,11,random
PL_Comms_C1.csv::D-41,Comms,C1,PL_Comms_C1.csv,D-41,12.04159458,98.0,multi_wall_linear,96.81554908382495,-1.1844509161750523,1.1844509161750523,random,11,random
PL_Comms_C2.csv::H-31,Comms,C2,PL_Comms_C2.csv,H-31,3.804763462,74.0,multi_wall_linear,73.580510626171,-0.41948937382899487,0.41948937382899487,random,11,random
PL_Comms_C1.csv::E-25,Comms,C1,PL_Comms_C1.csv,E-25,4.0,75.0,multi_wall_linear,74.04943494819231,-0.9505650518076862,0.9505650518076862,random,11,random
PL_Comms_C2.csv::F-5,Comms,C2,PL_Comms_C2.csv,F-5,24.0515327,94.0,multi_wall_linear,112.13621775967766,18.136217759677663,18.136217759677663,random,11,random
PL_Library_C2.csv::Q-13,Library,C2,PL_Library_C2.csv,Q-13,5.875770162,70.0,multi_wall_linear,73.09020926333167,3.0902092633316727,3.0902092633316727,random,11,random
PL_Comms_C1.csv::A-2,Comms,C1,PL_Comms_C1.csv,A-2,27.29468813,122.0,multi_wall_linear,117.46781152373367,-4.532188476266327,4.532188476266327,random,11,random
PL_Comms_C1.csv::I-38,Comms,C1,PL_Comms_C1.csv,I-38,9.848857802,98.0,multi_wall_linear,94.93189370965021,-3.068106290349789,3.068106290349789,random,11,random
PL_Comms_C2.csv::E-28,Comms,C2,PL_Comms_C2.csv,E-28,1.573602555,76.0,multi_wall_linear,61.16084353920408,-14.83915646079592,14.83915646079592,random,11,random
PL_Library_C1.csv::M-22,Library,C1,PL_Library_C1.csv,M-22,8.2421,76.0,multi_wall_linear,82.75340071789422,6.753400717894223,6.753400717894223,random,11,random
PL_SSE_C2.csv::I-4,SSE,C2,PL_SSE_C2.csv,I-4,7.904190344,82.0,multi_wall_linear,84.57817344988023,2.578173449880225,2.578173449880225,random,11,random
PL_SSE_C2.csv::N-6,SSE,C2,PL_SSE_C2.csv,N-6,4.180457511,72.0,multi_wall_linear,74.46293791121805,2.4629379112180487,2.4629379112180487,random,11,random
PL_Comms_C2.csv::E-57,Comms,C2,PL_Comms_C2.csv,E-57,28.02634876,108.0,multi_wall_linear,117.17058698626454,9.170586986264539,9.170586986264539,random,11,random
PL_Comms_C2.csv::K-35,Comms,C2,PL_Comms_C2.csv,K-35,8.571827401,84.0,multi_wall_linear,93.61394506708487,9.61394506708487,9.61394506708487,random,11,random
PL_Comms_C2.csv::E-30,Comms,C2,PL_Comms_C2.csv,E-30,1.573602555,66.0,multi_wall_linear,65.30708181708877,-0.6929181829112281,0.6929181829112281,random,11,random
PL_Library_C1.csv::Q-9,Library,C1,PL_Library_C1.csv,Q-9,10.3194,70.0,multi_wall_linear,80.56827342099243,10.568273420992426,10.568273420992426,random,11,random
PL_Comms_C1.csv::H-26,Comms,C1,PL_Comms_C1.csv,H-26,4.242640687,68.0,multi_wall_linear,74.60130083196772,6.60130083196772,6.60130083196772,random,11,random
PL_Comms_C1.csv::B-10,Comms,C1,PL_Comms_C1.csv,B-10,19.23538406,104.0,multi_wall_linear,105.89608034339511,1.8960803433951128,1.8960803433951128,random,11,random
PL_Comms_C2.csv::E-19,Comms,C2,PL_Comms_C2.csv,E-19,10.07354084,90.0,multi_wall_linear,86.85079422232494,-3.149205777675064,3.149205777675064,random,11,random
PL_Comms_C1.csv::F-53,Comms,C1,PL_Comms_C1.csv,F-53,24.0208243,92.0,multi_wall_linear,107.43289478639255,15.432894786392552,15.432894786392552,random,11,random
PL_Library_C2.csv::N-26,Library,C2,PL_Library_C2.csv,N-26,13.60436419,80.0,multi_wall_linear,85.10381025596112,5.103810255961122,5.103810255961122,random,11,random
PL_Library_C1.csv::T-9,Library,C1,PL_Library_C1.csv,T-9,12.4925,81.0,multi_wall_linear,81.52608663947493,0.5260866394749257,0.5260866394749257,random,11,random
PL_SSE_C1.csv::D-8,SSE,C1,PL_SSE_C1.csv,D-8,10.19803903,77.0,multi_wall_linear,81.97009926665602,4.970099266656021,4.970099266656021,random,11,random
PL_Comms_C1.csv::C-13,Comms,C1,PL_Comms_C1.csv,C-13,16.1245155,94.0,multi_wall_linear,97.75104167177713,3.7510416717771307,3.7510416717771307,random,11,random
PL_Comms_C1.csv::K-44,Comms,C1,PL_Comms_C1.csv,K-44,16.15549442,97.0,multi_wall_linear,103.71582919327032,6.715829193270324,6.715829193270324,random,11,random
PL_Comms_C1.csv::H-36,Comms,C1,PL_Comms_C1.csv,H-36,7.615773106,79.0,multi_wall_linear,84.22984309942584,5.229843099425835,5.229843099425835,random,11,random
PL_SSE_C1.csv::A-1,SSE,C1,PL_SSE_C1.csv,A-1,15.8113883,96.0,multi_wall_linear,95.22159978703476,-0.7784002129652379,0.7784002129652379,random,11,random
PL_Comms_C1.csv::F-19,Comms,C1,PL_Comms_C1.csv,F-19,10.04987562,80.0,multi_wall_linear,86.82875380434331,6.828753804343307,6.828753804343307,random,11,random
PL_Comms_C1.csv::B-7,Comms,C1,PL_Comms_C1.csv,B-7,22.20360331,112.0,multi_wall_linear,111.38707011291831,-0.612929887081691,0.612929887081691,random,11,random
PL_Comms_C1.csv::F-31,Comms,C1,PL_Comms_C1.csv,F-31,2.236067977,70.0,multi_wall_linear,72.74579458614019,2.7457945861401925,2.7457945861401925,random,11,random
PL_Library_C2.csv::G-12,Library,C2,PL_Library_C2.csv,G-12,10.99171734,80.0,multi_wall_linear,78.9596376268896,-1.0403623731103977,1.0403623731103977,random,11,random
PL_Library_C1.csv::K-10,Library,C1,PL_Library_C1.csv,K-10,9.0896,71.0,multi_wall_linear,77.17866971451787,6.178669714517866,6.178669714517866,random,11,random
PL_Library_C2.csv::U-12,Library,C2,PL_Library_C2.csv,U-12,10.99171734,83.0,multi_wall_linear,78.5431424481261,-4.456857551873895,4.456857551873895,random,11,random
PL_Comms_C1.csv::M-18,Comms,C1,PL_Comms_C1.csv,M-18,13.60147051,85.0,multi_wall_linear,87.86398741779819,2.863987417798185,2.863987417798185,random,11,random
PL_Library_C2.csv::Y-19,Library,C2,PL_Library_C2.csv,Y-19,15.49707956,82.0,multi_wall_linear,84.10741315333793,2.10741315333793,2.10741315333793,random,11,random
PL_Library_C1.csv::W-11,Library,C1,PL_Library_C1.csv,W-11,13.9506,73.0,multi_wall_linear,80.36008968630108,7.36008968630108,7.36008968630108,random,11,random
PL_Comms_C2.csv::G-36,Comms,C2,PL_Comms_C2.csv,G-36,7.380801108,97.0,multi_wall_linear,83.93616579376193,-13.06383420623807,13.06383420623807,random,11,random
PL_Comms_C1.csv::I-6,Comms,C1,PL_Comms_C1.csv,I-6,23.34523506,109.0,multi_wall_linear,94.7268450165839,-14.273154983416106,14.273154983416106,random,11,random
PL_Comms_C2.csv::J-52,Comms,C2,PL_Comms_C2.csv,J-52,23.56854312,119.0,multi_wall_linear,101.30796962889103,-17.69203037110897,17.69203037110897,random,11,random
PL_Comms_C2.csv::C-35,Comms,C2,PL_Comms_C2.csv,C-35,6.440203801,77.0,multi_wall_linear,82.65870746310762,5.658707463107618,5.658707463107618,random,11,random
PL_Comms_C2.csv::J-4,Comms,C2,PL_Comms_C2.csv,J-4,25.5240323,99.0,multi_wall_linear,103.8554630892271,4.855463089227101,4.855463089227101,random,11,random
PL_Library_C1.csv::S-23,Library,C1,PL_Library_C1.csv,S-23,11.6562,75.0,multi_wall_linear,81.70976586906006,6.709765869060064,6.709765869060064,random,11,random
PL_Comms_C2.csv::C-52,Comms,C2,PL_Comms_C2.csv,C-52,23.11874186,122.0,multi_wall_linear,111.22043877333161,-10.779561226668392,10.779561226668392,random,11,random
PL_Comms_C1.csv::I-22,Comms,C1,PL_Comms_C1.csv,I-22,8.062257748,88.0,multi_wall_linear,84.76372260937296,-3.2362773906270377,3.2362773906270377,random,11,random
PL_Comms_C1.csv::H-48,Comms,C1,PL_Comms_C1.csv,H-48,19.23538406,86.0,multi_wall_linear,92.91225297750222,6.91225297750222,6.91225297750222,random,11,random
PL_Library_C1.csv::I-11,Library,C1,PL_Library_C1.csv,I-11,9.5813,75.0,multi_wall_linear,77.67235045011574,2.6723504501157436,2.6723504501157436,random,11,random
PL_Comms_C1.csv::N-56,Comms,C1,PL_Comms_C1.csv,N-56,28.46049894,115.0,multi_wall_linear,113.1683982873181,-1.831601712681902,1.831601712681902,random,11,random
PL_Comms_C2.csv::N-38,Comms,C2,PL_Comms_C2.csv,N-38,12.78578214,103.0,multi_wall_linear,101.50715998522242,-1.4928400147775847,1.4928400147775847,random,11,random
PL_Library_C2.csv::O-9,Library,C2,PL_Library_C2.csv,O-9,9.658026455,72.0,multi_wall_linear,79.94797527041354,7.9479752704135365,7.9479752704135365,random,11,random
PL_Library_C1.csv::B-2,Library,C1,PL_Library_C1.csv,B-2,24.985,82.0,multi_wall_linear,86.65399498206276,4.6539949820627555,4.6539949820627555,random,11,random
PL_Library_C2.csv::Q-23,Library,C2,PL_Library_C2.csv,Q-23,10.39065325,75.0,multi_wall_linear,77.5992772960578,2.5992772960578066,2.5992772960578066,random,11,random
PL_Library_C1.csv::F-16,Library,C1,PL_Library_C1.csv,F-16,10.84,87.0,multi_wall_linear,82.9752348914681,-4.024765108531895,4.024765108531895,random,11,random
PL_SSE_C1.csv::K-3,SSE,C1,PL_SSE_C1.csv,K-3,7.615773106,75.0,multi_wall_linear,80.08360482154114,5.083604821541144,5.083604821541144,random,11,random
PL_Comms_C2.csv::O-23,Comms,C2,PL_Comms_C2.csv,O-23,11.72502559,85.0,multi_wall_linear,92.4196574396639,7.419657439663894,7.419657439663894,random,11,random
PL_Library_C2.csv::W-8,Library,C2,PL_Library_C2.csv,W-8,16.36153569,84.0,multi_wall_linear,84.05439686046434,0.05439686046433678,0.05439686046433678,random,11,random
PL_Comms_C1.csv::F-51,Comms,C1,PL_Comms_C1.csv,F-51,22.02271555,94.0,multi_wall_linear,106.61906410566036,12.619064105660357,12.619064105660357,random,11,random
PL_Comms_C2.csv::P-17,Comms,C2,PL_Comms_C2.csv,P-17,16.32409952,94.0,multi_wall_linear,91.37440584014257,-2.625594159857428,2.625594159857428,random,11,random
PL_Comms_C1.csv::L-39,Comms,C1,PL_Comms_C1.csv,L-39,12.20655562,103.0,multi_wall_linear,97.48816457621419,-5.511835423785811,5.511835423785811,random,11,random
PL_Library_C2.csv::H-3,Library,C2,PL_Library_C2.csv,H-3,19.43865607,91.0,multi_wall_linear,84.30218434457981,-6.697815655420186,6.697815655420186,random,11,random
PL_Library_C2.csv::J-3,Library,C2,PL_Library_C2.csv,J-3,18.46999865,88.0,multi_wall_linear,83.82278770737511,-4.177212292624887,4.177212292624887,random,11,random
PL_Comms_C1.csv::M-13,Comms,C1,PL_Comms_C1.csv,M-13,17.88854382,115.0,multi_wall_linear,101.06959980764307,-13.930400192356927,13.930400192356927,random,11,random
PL_Comms_C1.csv::A-53,Comms,C1,PL_Comms_C1.csv,A-53,24.33105012,108.0,multi_wall_linear,111.69938203867154,3.699382038671544,3.699382038671544,random,11,random
PL_Comms_C1.csv::E-54,Comms,C1,PL_Comms_C1.csv,E-54,25.0,106.0,multi_wall_linear,116.09978232692984,10.09978232692984,10.09978232692984,random,11,random
PL_Library_C2.csv::R-15,Library,C2,PL_Library_C2.csv,R-15,5.717398884,63.0,multi_wall_linear,72.41767158075457,9.417671580754572,9.417671580754572,random,11,random
PL_Comms_C2.csv::J-38,Comms,C2,PL_Comms_C2.csv,J-38,10.36707408,99.0,multi_wall_linear,95.41242672669296,-3.5875732733070436,3.5875732733070436,random,11,random
PL_Comms_C2.csv::L-21,Comms,C2,PL_Comms_C2.csv,L-21,10.69935629,91.0,multi_wall_linear,85.61502713434575,-5.384972865654248,5.384972865654248,random,11,random
PL_Library_C2.csv::A-6,Library,C2,PL_Library_C2.csv,A-6,22.25684052,94.0,multi_wall_linear,85.57086906611168,-8.429130933888317,8.429130933888317,random,11,random
PL_Comms_C1.csv::O-37,Comms,C1,PL_Comms_C1.csv,O-37,12.80624847,90.0,multi_wall_linear,97.37590979117192,7.375909791171921,7.375909791171921,random,11,random
PL_SSE_C1.csv::C-5,SSE,C1,PL_SSE_C1.csv,C-5,12.08304597,87.0,multi_wall_linear,89.92277205376477,2.922772053764774,2.922772053764774,random,11,random
PL_Comms_C2.csv::F-10,Comms,C2,PL_Comms_C2.csv,F-10,19.06505245,86.0,multi_wall_linear,105.81273042362824,19.81273042362824,19.81273042362824,random,11,random
PL_Comms_C1.csv::I-14,Comms,C1,PL_Comms_C1.csv,I-14,15.5241747,97.0,multi_wall_linear,97.39548812861844,0.39548812861843885,0.39548812861843885,random,11,random
PL_Comms_C1.csv::B-50,Comms,C1,PL_Comms_C1.csv,B-50,21.21320344,115.0,multi_wall_linear,106.268118178563,-8.731881821437,8.731881821437,random,11,random
PL_Library_C1.csv::V-8,Library,C1,PL_Library_C1.csv,V-8,15.3301,92.0,multi_wall_linear,83.44421160869733,-8.55578839130267,8.55578839130267,random,11,random
PL_Comms_C2.csv::K-28,Comms,C2,PL_Comms_C2.csv,K-28,6.202920683,69.0,multi_wall_linear,78.16068669429797,9.160686694297965,9.160686694297965,random,11,random
PL_Comms_C2.csv::D-27,Comms,C2,PL_Comms_C2.csv,D-27,2.544842824,72.0,multi_wall_linear,65.66544191435489,-6.334558085645114,6.334558085645114,random,11,random
PL_Comms_C1.csv::F-12,Comms,C1,PL_Comms_C1.csv,F-12,17.02938637,98.0,multi_wall_linear,104.75460258381678,6.7546025838167765,6.7546025838167765,random,11,random
PL_Comms_C2.csv::B-46,Comms,C2,PL_Comms_C2.csv,B-46,17.30538139,109.0,multi_wall_linear,104.36014634592898,-4.639853654071018,4.639853654071018,random,11,random
PL_Comms_C2.csv::A-3,Comms,C2,PL_Comms_C2.csv,A-3,26.33393675,122.0,multi_wall_linear,117.13201853902471,-4.867981460975287,4.867981460975287,random,11,random
PL_Comms_C1.csv::F-22,Comms,C1,PL_Comms_C1.csv,F-22,7.071067812,77.0,multi_wall_linear,83.53442939340343,6.534429393403428,6.534429393403428,random,11,random
PL_Comms_C2.csv::G-19,Comms,C2,PL_Comms_C2.csv,G-19,10.27016188,88.0,multi_wall_linear,87.03193836947459,-0.9680616305254119,0.9680616305254119,random,11,random
PL_Comms_C1.csv::J-18,Comms,C1,PL_Comms_C1.csv,J-18,12.08304597,91.0,multi_wall_linear,88.55527501921951,-2.4447249807804923,2.4447249807804923,random,11,random
PL_Comms_C2.csv::F-13,Comms,C2,PL_Comms_C2.csv,F-13,16.07719581,83.0,multi_wall_linear,97.7235010306367,14.723501030636697,14.723501030636697,random,11,random
PL_Comms_C2.csv::G-47,Comms,C2,PL_Comms_C2.csv,G-47,18.15147997,86.0,multi_wall_linear,96.51498526831949,10.514985268319492,10.514985268319492,random,11,random
PL_Comms_C2.csv::N-10,Comms,C2,PL_Comms_C2.csv,N-10,21.05887521,114.0,multi_wall_linear,97.90721824718355,-16.09278175281645,16.09278175281645,random,11,random
PL_SSE_C1.csv::K-7,SSE,C1,PL_SSE_C1.csv,K-7,4.242640687,81.0,multi_wall_linear,74.60130083196772,-6.39869916803228,6.39869916803228,random,11,random
PL_Comms_C2.csv::A-6,Comms,C2,PL_Comms_C2.csv,A-6,23.37683094,113.0,multi_wall_linear,116.01582310096225,3.015823100962251,3.015823100962251,random,11,random
PL_Comms_C2.csv::C-31,Comms,C2,PL_Comms_C2.csv,C-31,3.078347771,73.0,multi_wall_linear,71.5951864723135,-1.4048135276864997,1.4048135276864997,random,11,random
PL_Library_C1.csv::S-13,Library,C1,PL_Library_C1.csv,S-13,7.9009,82.0,multi_wall_linear,75.44919962511462,-6.550800374885384,6.550800374885384,random,11,random
PL_Library_C1.csv::U-19,Library,C1,PL_Library_C1.csv,U-19,10.3194,74.0,multi_wall_linear,77.95129085015668,3.9512908501566812,3.9512908501566812,random,11,random
PL_Comms_C2.csv::J-41,Comms,C2,PL_Comms_C2.csv,J-41,13.05665443,101.0,multi_wall_linear,97.5739449849402,-3.426055015059802,3.426055015059802,random,11,random
PL_Library_C1.csv::L-8,Library,C1,PL_Library_C1.csv,L-8,11.1736,85.0,multi_wall_linear,79.11303629382965,-5.886963706170349,5.886963706170349,random,11,random
PL_Comms_C2.csv::B-22,Comms,C2,PL_Comms_C2.csv,B-22,7.712083052,83.0,multi_wall_linear,84.34760538709114,1.3476053870911358,1.3476053870911358,random,11,random
PL_Comms_C1.csv::M-32,Comms,C1,PL_Comms_C1.csv,M-32,8.544003745,86.0,multi_wall_linear,85.85268486533126,-0.14731513466874446,0.14731513466874446,random,11,random
PL_Comms_C1.csv::E-36,Comms,C1,PL_Comms_C1.csv,E-36,7.0,90.0,multi_wall_linear,83.43977072806484,-6.560229271935157,6.560229271935157,random,11,random
PL_Comms_C2.csv::E-40,Comms,C2,PL_Comms_C2.csv,E-40,11.06689771,98.0,multi_wall_linear,91.8783289838974,-6.121671016102596,6.121671016102596,random,11,random
PL_Comms_C2.csv::F-12,Comms,C2,PL_Comms_C2.csv,F-12,17.07267481,96.0,multi_wall_linear,104.77839301615583,8.778393016155832,8.778393016155832,random,11,random
PL_Comms_C1.csv::L-25,Comms,C1,PL_Comms_C1.csv,L-25,8.062257748,83.0,multi_wall_linear,88.90996088725765,5.909960887257654,5.909960887257654,random,11,random
PL_Comms_C2.csv::F-45,Comms,C2,PL_Comms_C2.csv,F-45,16.07719581,93.0,multi_wall_linear,99.52406390345965,6.524063903459648,6.524063903459648,random,11,random
PL_Comms_C2.csv::B-32,Comms,C2,PL_Comms_C2.csv,B-32,4.413187623,77.0,multi_wall_linear,74.97062037717959,-2.0293796228204144,2.0293796228204144,random,11,random
PL_Library_C1.csv::S-7,Library,C1,PL_Library_C1.csv,S-7,13.9506,84.0,multi_wall_linear,83.3935674359003,-0.6064325640997055,0.6064325640997055,random,11,random
PL_Library_C2.csv::I-4,Library,C2,PL_Library_C2.csv,I-4,17.65685278,82.0,multi_wall_linear,83.4012699040762,1.4012699040762016,1.4012699040762016,random,11,random
PL_Comms_C1.csv::K-53,Comms,C1,PL_Comms_C1.csv,K-53,24.73863375,113.0,multi_wall_linear,111.85505896776198,-1.1449410322380231,1.1449410322380231,random,11,random
PL_Library_C1.csv::B-9,Library,C1,PL_Library_C1.csv,B-9,18.8243,80.0,multi_wall_linear,88.77434879450954,8.774348794509535,8.774348794509535,random,11,random
PL_Library_C1.csv::V-11,Library,C1,PL_Library_C1.csv,V-11,12.783,74.0,multi_wall_linear,80.37439958281476,6.37439958281476,6.37439958281476,random,11,random
PL_Library_C2.csv::V-17,Library,C2,PL_Library_C2.csv,V-17,10.99171734,74.0,multi_wall_linear,80.32673986167244,6.326739861672436,6.326739861672436,random,11,random
PL_SSE_C2.csv::N-2,SSE,C2,PL_SSE_C2.csv,N-2,8.09173807,87.0,multi_wall_linear,80.65168727900243,-6.348312720997569,6.348312720997569,random,11,random
PL_Library_C2.csv::F-5,Library,C2,PL_Library_C2.csv,F-5,18.46999865,81.0,multi_wall_linear,83.82278770737511,2.822787707375113,2.822787707375113,random,11,random
PL_Comms_C1.csv::A-42,Comms,C1,PL_Comms_C1.csv,A-42,13.60147051,92.0,multi_wall_linear,97.9570268463905,5.957026846390505,5.957026846390505,random,11,random
PL_Library_C1.csv::R-5,Library,C1,PL_Library_C1.csv,R-5,15.8599,95.0,multi_wall_linear,84.59558443702454,-10.404415562975458,10.404415562975458,random,11,random
PL_Library_C1.csv::D-8,Library,C1,PL_Library_C1.csv,D-8,17.3525,79.0,multi_wall_linear,83.23833470060606,4.23833470060606,4.23833470060606,random,11,random
PL_Comms_C1.csv::L-47,Comms,C1,PL_Comms_C1.csv,L-47,19.31320792,104.0,multi_wall_linear,105.3888047186417,1.388804718641694,1.388804718641694,random,11,random
PL_Library_C2.csv::B-11,Library,C2,PL_Library_C2.csv,B-11,17.65685278,88.0,multi_wall_linear,88.17438117086662,0.1743811708666243,0.1743811708666243,random,11,random
PL_Comms_C2.csv::A-12,Comms,C2,PL_Comms_C2.csv,A-12,17.50646238,116.0,multi_wall_linear,105.01351678211716,-10.986483217882835,10.986483217882835,random,11,random
PL_Comms_C2.csv::K-37,Comms,C2,PL_Comms_C2.csv,K-37,10.07354084,95.0,multi_wall_linear,86.85079422232494,-8.149205777675064,8.149205777675064,random,11,random
PL_Comms_C2.csv::P-56,Comms,C2,PL_Comms_C2.csv,P-56,29.18006554,123.0,multi_wall_linear,117.54861516002308,-5.4513848399769245,5.4513848399769245,random,11,random
PL_Comms_C1.csv::H-41,Comms,C1,PL_Comms_C1.csv,H-41,12.36931688,92.0,multi_wall_linear,88.77470048287807,-3.2252995171219254,3.2252995171219254,random,11,random
PL_Comms_C1.csv::L-42,Comms,C1,PL_Comms_C1.csv,L-42,14.76482306,91.0,multi_wall_linear,98.7260921442906,7.726092144290604,7.726092144290604,random,11,random
PL_Comms_C1.csv::E-23,Comms,C1,PL_Comms_C1.csv,E-23,6.0,77.0,multi_wall_linear,77.84900352079774,0.8490035207977371,0.8490035207977371,random,11,random
PL_Library_C1.csv::F-9,Library,C1,PL_Library_C1.csv,F-9,14.4038,76.0,multi_wall_linear,81.49345268212622,5.493452682126218,5.493452682126218,random,11,random
PL_Comms_C1.csv::O-57,Comms,C1,PL_Comms_C1.csv,O-57,29.73213749,115.0,multi_wall_linear,117.72425131733576,2.7242513173357565,2.7242513173357565,random,11,random
PL_Comms_C1.csv::A-31,Comms,C1,PL_Comms_C1.csv,A-31,4.472135955,68.0,multi_wall_linear,75.09496168748399,7.094961687483988,7.094961687483988,random,11,random
PL_Comms_C1.csv::B-13,Comms,C1,PL_Comms_C1.csv,B-13,16.2788206,94.0,multi_wall_linear,97.84029093360658,3.840290933606582,3.840290933606582,random,11,random
PL_Comms_C2.csv::B-53,Comms,C2,PL_Comms_C2.csv,B-53,24.21727121,116.0,multi_wall_linear,111.6554583159402,-4.344541684059806,4.344541684059806,random,11,random
PL_Library_C1.csv::T-17,Library,C1,PL_Library_C1.csv,T-17,8.2421,73.0,multi_wall_linear,77.62898406949304,4.628984069493043,4.628984069493043,random,11,random
PL_Comms_C2.csv::O-22,Comms,C2,PL_Comms_C2.csv,O-22,12.26687511,95.0,multi_wall_linear,92.84300658668435,-2.1569934133156465,2.1569934133156465,random,11,random
PL_Comms_C1.csv::A-48,Comms,C1,PL_Comms_C1.csv,A-48,19.41648784,114.0,multi_wall_linear,105.43878326633907,-8.561216733660928,8.561216733660928,random,11,random
PL_Library_C2.csv::N-9,Library,C2,PL_Library_C2.csv,N-9,9.562502288,78.0,multi_wall_linear,79.85482968009981,1.8548296800998116,1.8548296800998116,random,11,random
PL_SSE_C2.csv::E-4,SSE,C2,PL_SSE_C2.csv,E-4,10.88467845,95.0,multi_wall_linear,87.16001711305339,-7.839982886946615,7.839982886946615,random,11,random
PL_Library_C2.csv::M-3,Library,C2,PL_Library_C2.csv,M-3,17.70876831,88.0,multi_wall_linear,85.62887480975786,-2.3711251902421395,2.3711251902421395,random,11,random
PL_Comms_C1.csv::E-48,Comms,C1,PL_Comms_C1.csv,E-48,19.0,102.0,multi_wall_linear,105.23558851795798,3.2355885179579786,3.2355885179579786,random,11,random
PL_Comms_C1.csv::M-41,Comms,C1,PL_Comms_C1.csv,M-41,14.4222051,95.0,multi_wall_linear,99.05119033436456,4.051190334364563,4.051190334364563,random,11,random
PL_Comms_C2.csv::H-43,Comms,C2,PL_Comms_C2.csv,H-43,14.3692806,87.0,multi_wall_linear,90.17915007663716,3.179150076637157,3.179150076637157,random,11,random
PL_Library_C1.csv::P-5,Library,C1,PL_Library_C1.csv,P-5,15.1494,80.0,multi_wall_linear,84.16648342722146,4.166483427221465,4.166483427221465,random,11,random
PL_SSE_C1.csv::M-8,SSE,C1,PL_SSE_C1.csv,M-8,2.236067977,53.0,multi_wall_linear,64.45331803037081,11.45331803037081,11.45331803037081,random,11,random
PL_Library_C1.csv::M-25,Library,C1,PL_Library_C1.csv,M-25,12.27,80.0,multi_wall_linear,88.28265998636962,8.282659986369623,8.282659986369623,random,11,random
PL_Library_C2.csv::E-2,Library,C2,PL_Library_C2.csv,E-2,22.58440059,93.0,multi_wall_linear,85.70738321989035,-7.292616780109654,7.292616780109654,random,11,random
PL_Comms_C1.csv::O-38,Comms,C1,PL_Comms_C1.csv,O-38,13.45362405,98.0,multi_wall_linear,101.98427629930384,3.9842762993038434,3.9842762993038434,random,11,random
PL_Comms_C1.csv::N-36,Comms,C1,PL_Comms_C1.csv,N-36,11.40175425,94.0,multi_wall_linear,96.28733119372691,2.2873311937269136,2.2873311937269136,random,11,random
PL_Library_C1.csv::U-14,Library,C1,PL_Library_C1.csv,U-14,9.8645,79.0,multi_wall_linear,77.11232633188901,-1.8876736681109918,1.8876736681109918,random,11,random
PL_Comms_C2.csv::G-41,Comms,C2,PL_Comms_C2.csv,G-41,12.22604699,84.0,multi_wall_linear,92.81176522327681,8.811765223276808,8.811765223276808,random,11,random
PL_Library_C2.csv::Q-11,Library,C2,PL_Library_C2.csv,Q-11,7.993814796,75.0,multi_wall_linear,75.97485895884016,0.9748589588401586,0.9748589588401586,random,11,random
PL_Library_C2.csv::N-14,Library,C2,PL_Library_C2.csv,N-14,2.969903197,64.0,multi_wall_linear,68.89686606011021,4.896866060110213,4.896866060110213,random,11,random
PL_Comms_C1.csv::O-26,Comms,C1,PL_Comms_C1.csv,O-26,10.44030651,95.0,multi_wall_linear,89.53158830614241,-5.46841169385759,5.46841169385759,random,11,random
PL_Comms_C1.csv::D-33,Comms,C1,PL_Comms_C1.csv,D-33,4.123105626,79.0,multi_wall_linear,74.33348825373969,-4.666511746260312,4.666511746260312,random,11,random
PL_Comms_C2.csv::F-7,Comms,C2,PL_Comms_C2.csv,F-7,22.05620604,83.0,multi_wall_linear,107.17841635691406,24.178416356914056,24.178416356914056,random,11,random
PL_Comms_C1.csv::O-51,Comms,C1,PL_Comms_C1.csv,O-51,24.16609195,110.0,multi_wall_linear,115.78187178965376,5.7818717896537635,5.7818717896537635,random,11,random
PL_SSE_C2.csv::C-5,SSE,C2,PL_SSE_C2.csv,C-5,12.14397896,101.0,multi_wall_linear,89.969909289892,-11.030090710107999,11.030090710107999,random,11,random
PL_Comms_C1.csv::J-45,Comms,C1,PL_Comms_C1.csv,J-45,16.76305461,100.0,multi_wall_linear,104.06177553322252,4.061775533222516,4.061775533222516,random,11,random
PL_Comms_C2.csv::A-52,Comms,C2,PL_Comms_C2.csv,A-52,23.37683094,122.0,multi_wall_linear,111.32447229083874,-10.675527709161258,10.675527709161258,random,11,random
PL_SSE_C1.csv::M-3,SSE,C1,PL_SSE_C1.csv,M-3,7.071067812,69.0,multi_wall_linear,79.38819111551872,10.388191115518723,10.388191115518723,random,11,random
PL_Comms_C1.csv::D-57,Comms,C1,PL_Comms_C1.csv,D-57,28.01785145,114.0,multi_wall_linear,117.16774539515637,3.1677453951563734,3.1677453951563734,random,11,random
PL_Comms_C1.csv::G-30,Comms,C1,PL_Comms_C1.csv,G-30,2.236067977,62.0,multi_wall_linear,66.79899343543256,4.798993435432564,4.798993435432564,random,11,random
PL_Library_C1.csv::W-8,Library,C1,PL_Library_C1.csv,W-8,16.3164,87.0,multi_wall_linear,84.02851016923577,-2.9714898307642272,2.9714898307642272,random,11,random
PL_Comms_C1.csv::C-43,Comms,C1,PL_Comms_C1.csv,C-43,14.14213562,95.0,multi_wall_linear,98.32231132365541,3.3223113236554127,3.3223113236554127,random,11,random
PL_Library_C2.csv::Q-12,Library,C2,PL_Library_C2.csv,Q-12,6.883084338,75.0,multi_wall_linear,76.77344975787875,1.7734497578787511,1.7734497578787511,random,11,random
PL_Comms_C2.csv::F-23,Comms,C2,PL_Comms_C2.csv,F-23,6.202920683,94.0,multi_wall_linear,82.30692497218266,-11.693075027817343,11.693075027817343,random,11,random
PL_Comms_C1.csv::J-32,Comms,C1,PL_Comms_C1.csv,J-32,5.830951895,83.0,multi_wall_linear,81.72742921957057,-1.272570780429433,1.272570780429433,random,11,random
PL_Comms_C2.csv::H-1,Comms,C2,PL_Comms_C2.csv,H-1,28.18645464,105.0,multi_wall_linear,102.42300675636105,-2.5769932436389524,2.5769932436389524,random,11,random
PL_SSE_C2.csv::F-8,SSE,C2,PL_SSE_C2.csv,F-8,8.335239949,88.0,multi_wall_linear,77.7342860446326,-10.265713955367403,10.265713955367403,random,11,random
PL_Comms_C2.csv::A-25,Comms,C2,PL_Comms_C2.csv,A-25,5.78586424,82.0,multi_wall_linear,77.50844923128146,-4.49155076871854,4.49155076871854,random,11,random
PL_Library_C1.csv::I-5,Library,C1,PL_Library_C1.csv,I-5,16.3725,87.0,multi_wall_linear,82.69357221016087,-4.306427789839134,4.306427789839134,random,11,random
PL_Comms_C1.csv::I-23,Comms,C1,PL_Comms_C1.csv,I-23,7.211102551,82.0,multi_wall_linear,81.91763299769983,-0.08236700230017391,0.08236700230017391,random,11,random
PL_Comms_C2.csv::I-55,Comms,C2,PL_Comms_C2.csv,I-55,26.33393675,110.0,multi_wall_linear,104.1481911731318,-5.851808826868194,5.851808826868194,random,11,random
PL_Comms_C1.csv::N-27,Comms,C1,PL_Comms_C1.csv,N-27,9.219544457,82.0,multi_wall_linear,81.85784970948272,-0.14215029051727868,0.14215029051727868,random,11,random
PL_SSE_C1.csv::F-3,SSE,C1,PL_SSE_C1.csv,F-3,10.63014581,86.0,multi_wall_linear,83.20853774425623,-2.7914622557437667,2.7914622557437667,random,11,random
PL_SSE_C1.csv::C-7,SSE,C1,PL_SSE_C1.csv,C-7,11.40175425,98.0,multi_wall_linear,84.8161888753688,-13.183811124631205,13.183811124631205,random,11,random
PL_Comms_C1.csv::E-56,Comms,C1,PL_Comms_C1.csv,E-56,27.0,107.0,multi_wall_linear,116.82097571044983,9.82097571044983,9.82097571044983,random,11,random
PL_Comms_C2.csv::E-11,Comms,C2,PL_Comms_C2.csv,E-11,18.04095965,107.0,multi_wall_linear,105.29534268612167,-1.7046573138783288,1.7046573138783288,random,11,random
PL_Library_C1.csv::C-16,Library,C1,PL_Library_C1.csv,C-16,14.905,75.0,multi_wall_linear,85.95942949758977,10.959429497589767,10.959429497589767,random,11,random
PL_SSE_C1.csv::A-3,SSE,C1,PL_SSE_C1.csv,A-3,14.76482306,96.0,multi_wall_linear,90.00054975024355,-5.99945024975645,5.99945024975645,random,11,random
PL_Comms_C2.csv::D-56,Comms,C2,PL_Comms_C2.csv,D-56,27.04581714,112.0,multi_wall_linear,116.83686398690085,4.836863986900852,4.836863986900852,random,11,random
PL_Comms_C1.csv::E-18,Comms,C1,PL_Comms_C1.csv,E-18,11.0,96.0,multi_wall_linear,94.16718689227821,-1.8328131077217904,1.8328131077217904,random,11,random
PL_Comms_C2.csv::D-53,Comms,C2,PL_Comms_C2.csv,D-53,24.0515327,117.0,multi_wall_linear,111.59110522743885,-5.408894772561155,5.408894772561155,random,11,random
PL_Library_C2.csv::S-5,Library,C2,PL_Library_C2.csv,S-5,16.41754778,87.0,multi_wall_linear,84.91941273795231,-2.080587262047686,2.080587262047686,random,11,random
PL_Library_C2.csv::L-14,Library,C2,PL_Library_C2.csv,L-14,4.020500591,77.0,multi_wall_linear,69.53460602854129,-7.46539397145871,7.46539397145871,random,11,random
PL_Comms_C2.csv::E-50,Comms,C2,PL_Comms_C2.csv,E-50,21.03511885,114.0,multi_wall_linear,106.18911760569677,-7.810882394303235,7.810882394303235,random,11,random
PL_Comms_C1.csv::A-55,Comms,C1,PL_Comms_C1.csv,A-55,26.30589288,117.0,multi_wall_linear,116.57692132320511,-0.4230786767948871,0.4230786767948871,random,11,random
PL_Library_C2.csv::D-7,Library,C2,PL_Library_C2.csv,D-7,18.27010536,88.0,multi_wall_linear,83.72121239074858,-4.278787609251424,4.278787609251424,random,11,random
PL_Library_C2.csv::R-5,Library,C2,PL_Library_C2.csv,R-5,15.90633993,92.0,multi_wall_linear,84.62298357183211,-7.377016428167892,7.377016428167892,random,11,random
PL_SSE_C2.csv::A-2,SSE,C2,PL_SSE_C2.csv,A-2,15.31261653,104.0,multi_wall_linear,94.92123129986132,-9.078768700138681,9.078768700138681,random,11,random
PL_Library_C2.csv::T-20,Library,C2,PL_Library_C2.csv,T-20,9.846294988,75.0,multi_wall_linear,77.51151148357287,2.5115114835728747,2.5115114835728747,random,11,random
PL_SSE_C2.csv::A-7,SSE,C2,PL_SSE_C2.csv,A-7,13.3968737,106.0,multi_wall_linear,89.08945420709871,-16.91054579290129,16.91054579290129,random,11,random
PL_Library_C1.csv::I-16,Library,C1,PL_Library_C1.csv,I-16,6.775,80.0,multi_wall_linear,78.57088299291661,-1.4291170070833914,1.4291170070833914,random,11,random
PL_Comms_C2.csv::C-13,Comms,C2,PL_Comms_C2.csv,C-13,16.1702265,103.0,multi_wall_linear,97.77756939563426,-5.222430604365741,5.222430604365741,random,11,random
PL_Comms_C1.csv::O-55,Comms,C1,PL_Comms_C1.csv,O-55,27.85677655,103.0,multi_wall_linear,115.31315373451756,12.313153734517556,12.313153734517556,random,11,random
PL_Comms_C2.csv::K-24,Comms,C2,PL_Comms_C2.csv,K-24,7.904190344,92.0,multi_wall_linear,84.57817344988023,-7.421826550119775,7.421826550119775,random,11,random
PL_Library_C2.csv::S-23,Library,C2,PL_Library_C2.csv,S-23,11.71930352,82.0,multi_wall_linear,81.76036050334173,-0.23963949665827045,0.23963949665827045,random,11,random
PL_Library_C2.csv::T-15,Library,C2,PL_Library_C2.csv,T-15,8.331215398,77.0,multi_wall_linear,75.9457681393094,-1.0542318606906065,1.0542318606906065,random,11,random
PL_Comms_C2.csv::G-48,Comms,C2,PL_Comms_C2.csv,G-48,19.14356876,90.0,multi_wall_linear,97.01365456368035,7.013654563680348,7.013654563680348,random,11,random
PL_SSE_C2.csv::D-4,SSE,C2,PL_SSE_C2.csv,D-4,11.72502559,97.0,multi_wall_linear,87.84035332350152,-9.159646676498483,9.159646676498483,random,11,random
PL_Comms_C2.csv::A-48,Comms,C2,PL_Comms_C2.csv,A-48,19.45446543,112.0,multi_wall_linear,105.45709431191258,-6.542905688087416,6.542905688087416,random,11,random
PL_Comms_C2.csv::D-37,Comms,C2,PL_Comms_C2.csv,D-37,8.153295346,86.0,multi_wall_linear,89.01518236141845,3.0151823614184536,3.0151823614184536,random,11,random
PL_Comms_C1.csv::G-33,Comms,C1,PL_Comms_C1.csv,G-33,4.472135955,75.0,multi_wall_linear,79.24119996536868,4.241199965368679,4.241199965368679,random,11,random
PL_Library_C1.csv::Q-18,Library,C1,PL_Library_C1.csv,Q-18,4.8855,66.0,multi_wall_linear,71.36066634722371,5.360666347223713,5.360666347223713,random,11,random
PL_Comms_C1.csv::F-8,Comms,C1,PL_Comms_C1.csv,F-8,21.02379604,85.0,multi_wall_linear,106.72918460597418,21.729184605974183,21.729184605974183,random,11,random
PL_Comms_C1.csv::B-32,Comms,C1,PL_Comms_C1.csv,B-32,4.242640687,67.0,multi_wall_linear,74.60130083196772,7.60130083196772,7.60130083196772,random,11,random
PL_Library_C1.csv::L-13,Library,C1,PL_Library_C1.csv,L-13,4.8855,71.0,multi_wall_linear,71.36066634722371,0.36066634722371305,0.36066634722371305,random,11,random
PL_Comms_C2.csv::G-57,Comms,C2,PL_Comms_C2.csv,G-57,28.09761956,96.0,multi_wall_linear,104.75567200653123,8.755672006531228,8.755672006531228,random,11,random
PL_Comms_C2.csv::M-21,Comms,C2,PL_Comms_C2.csv,M-21,11.37876202,92.0,multi_wall_linear,87.99250933361034,-4.007490666389657,4.007490666389657,random,11,random
PL_Library_C2.csv::L-11,Library,C2,PL_Library_C2.csv,L-11,7.397361016,68.0,multi_wall_linear,75.24819547002117,7.248195470021173,7.248195470021173,random,11,random
PL_Comms_C2.csv::O-36,Comms,C2,PL_Comms_C2.csv,O-36,12.26687511,93.0,multi_wall_linear,91.02587305434724,-1.9741269456527561,1.9741269456527561,random,11,random
PL_Comms_C2.csv::K-33,Comms,C2,PL_Comms_C2.csv,K-33,7.312744013,82.0,multi_wall_linear,83.84935760051133,1.8493576005113255,1.8493576005113255,random,11,random
PL_Comms_C1.csv::E-49,Comms,C1,PL_Comms_C1.csv,E-49,20.0,105.0,multi_wall_linear,105.71625229257887,0.7162522925788721,0.7162522925788721,random,11,random
PL_Library_C2.csv::U-18,Library,C2,PL_Library_C2.csv,U-18,9.939092011,75.0,multi_wall_linear,76.766424080914,1.7664240809140068,1.7664240809140068,random,11,random
PL_Comms_C2.csv::M-28,Comms,C2,PL_Comms_C2.csv,M-28,8.153295346,77.0,multi_wall_linear,80.72270580564907,3.7227058056490705,3.7227058056490705,random,11,random
PL_Library_C1.csv::W-6,Library,C1,PL_Library_C1.csv,W-6,18.2297,81.0,multi_wall_linear,85.06756742978095,4.067567429780951,4.067567429780951,random,11,random
PL_Comms_C2.csv::F-4,Comms,C2,PL_Comms_C2.csv,F-4,25.04947554,87.0,multi_wall_linear,108.3709451688984,21.370945168898402,21.370945168898402,random,11,random
PL_Comms_C2.csv::N-40,Comms,C2,PL_Comms_C2.csv,N-40,14.26450928,100.0,multi_wall_linear,102.53271759298678,2.532717592986785,2.532717592986785,random,11,random
PL_Comms_C1.csv::N-54,Comms,C1,PL_Comms_C1.csv,N-54,26.57066051,111.0,multi_wall_linear,116.67076741120852,5.670767411208516,5.670767411208516,random,11,random
PL_Library_C1.csv::E-8,Library,C1,PL_Library_C1.csv,E-8,16.3164,88.0,multi_wall_linear,82.66180273421537,-5.338197265784629,5.338197265784629,random,11,random
PL_Comms_C2.csv::L-10,Comms,C2,PL_Comms_C2.csv,L-10,20.28487676,117.0,multi_wall_linear,97.55631147961122,-19.443688520388775,19.443688520388775,random,11,random
PL_Comms_C2.csv::P-25,Comms,C2,PL_Comms_C2.csv,P-25,11.76759215,90.0,multi_wall_linear,88.30737765505359,-1.6926223449464146,1.6926223449464146,random,11,random
PL_SSE_C1.csv::D-10,SSE,C1,PL_SSE_C1.csv,D-10,10.0,95.0,multi_wall_linear,79.02416220304059,-15.97583779695941,15.97583779695941,random,11,random
PL_SSE_C2.csv::C-1,SSE,C2,PL_SSE_C2.csv,C-1,14.26450928,99.0,multi_wall_linear,90.11057341884688,-8.889426581153117,8.889426581153117,random,11,random
PL_Library_C1.csv::G-7,Library,C1,PL_Library_C1.csv,G-7,15.4494,87.0,multi_wall_linear,82.14935725328077,-4.850642746719231,4.850642746719231,random,11,random
PL_Comms_C1.csv::O-53,Comms,C1,PL_Comms_C1.csv,O-53,26.0,112.0,multi_wall_linear,118.81299068639966,6.812990686399658,6.812990686399658,random,11,random
PL_SSE_C2.csv::M-6,SSE,C2,PL_SSE_C2.csv,M-6,4.298397957,69.0,multi_wall_linear,74.72365190412336,5.723651904123358,5.723651904123358,random,11,random
PL_Comms_C1.csv::D-54,Comms,C1,PL_Comms_C1.csv,D-54,25.01999201,104.0,multi_wall_linear,116.10727304860197,12.107273048601968,12.107273048601968,random,11,random
PL_Comms_C1.csv::B-15,Comms,C1,PL_Comms_C1.csv,B-15,14.31782106,99.0,multi_wall_linear,96.63744431857006,-2.3625556814299387,2.3625556814299387,random,11,random
PL_Library_C2.csv::V-16,Library,C2,PL_Library_C2.csv,V-16,10.90787903,73.0,multi_wall_linear,78.0545028964682,5.054502896468193,5.054502896468193,random,11,random
PL_Library_C1.csv::O-15,Library,C1,PL_Library_C1.csv,O-15,1.9163,54.0,multi_wall_linear,63.00717700187458,9.007177001874581,9.007177001874581,random,11,random
PL_SSE_C2.csv::K-7,SSE,C2,PL_SSE_C2.csv,K-7,4.413187623,80.0,multi_wall_linear,74.97062037717959,-5.029379622820414,5.029379622820414,random,11,random
PL_Comms_C1.csv::P-11,Comms,C1,PL_Comms_C1.csv,P-11,21.09502311,116.0,multi_wall_linear,102.61464055055315,-13.385359449446852,13.385359449446852,random,11,random
PL_Comms_C1.csv::I-24,Comms,C1,PL_Comms_C1.csv,I-24,6.403124237,80.0,multi_wall_linear,80.80403564788766,0.8040356478876589,0.8040356478876589,random,11,random
PL_Comms_C2.csv::J-44,Comms,C2,PL_Comms_C2.csv,J-44,15.85800192,105.0,multi_wall_linear,99.39542377952878,-5.604576220471216,5.604576220471216,random,11,random
PL_Comms_C2.csv::M-53,Comms,C2,PL_Comms_C2.csv,M-53,25.32738093,117.0,multi_wall_linear,112.07546152672262,-4.92453847327738,4.92453847327738,random,11,random
PL_SSE_C2.csv::F-2,SSE,C2,PL_SSE_C2.csv,F-2,11.37876202,91.0,multi_wall_linear,87.99250933361034,-3.007490666389657,3.007490666389657,random,11,random
PL_SSE_C2.csv::K-8,SSE,C2,PL_SSE_C2.csv,K-8,3.804763462,83.0,multi_wall_linear,71.21826456159506,-11.781735438404937,11.781735438404937,random,11,random
PL_Library_C1.csv::K-3,Library,C1,PL_Library_C1.csv,K-3,18.078,84.0,multi_wall_linear,83.6217634712123,-0.37823652878769565,0.37823652878769565,random,11,random
PL_SSE_C2.csv::A-4,SSE,C2,PL_SSE_C2.csv,A-4,14.3692806,102.0,multi_wall_linear,91.54664711118242,-10.453352888817577,10.453352888817577,random,11,random
PL_Comms_C2.csv::A-16,Comms,C2,PL_Comms_C2.csv,A-16,13.65562979,103.0,multi_wall_linear,96.1937035383312,-6.8062964616687935,6.8062964616687935,random,11,random
PL_Comms_C2.csv::N-54,Comms,C2,PL_Comms_C2.csv,N-54,26.59842524,118.0,multi_wall_linear,116.6805543099835,-1.3194456900164937,1.3194456900164937,random,11,random
PL_Comms_C2.csv::I-22,Comms,C2,PL_Comms_C2.csv,I-22,8.153295346,90.0,multi_wall_linear,84.86894408353376,-5.131055916466238,5.131055916466238,random,11,random
PL_Library_C1.csv::F-7,Library,C1,PL_Library_C1.csv,F-7,16.3164,73.0,multi_wall_linear,82.6610131346905,9.661013134690506,9.661013134690506,random,11,random
PL_Comms_C2.csv::J-33,Comms,C2,PL_Comms_C2.csv,J-33,6.517378691,83.0,multi_wall_linear,86.91657241048705,3.916572410487049,3.916572410487049,random,11,random
PL_Library_C2.csv::I-15,Library,C2,PL_Library_C2.csv,I-15,7.015188878,84.0,multi_wall_linear,74.75111029274473,-9.248889707255273,9.248889707255273,random,11,random
PL_Library_C2.csv::S-21,Library,C2,PL_Library_C2.csv,S-21,9.658026455,75.0,multi_wall_linear,79.9475804706511,4.947580470651104,4.947580470651104,random,11,random
PL_Comms_C2.csv::F-49,Comms,C2,PL_Comms_C2.csv,F-49,20.06181011,93.0,multi_wall_linear,101.59893013933717,8.59893013933717,8.59893013933717,random,11,random
PL_Comms_C1.csv::G-55,Comms,C1,PL_Comms_C1.csv,G-55,26.07680962,88.0,multi_wall_linear,104.05624326835704,16.056243268357036,16.056243268357036,random,11,random
PL_Comms_C1.csv::K-43,Comms,C1,PL_Comms_C1.csv,K-43,15.23154621,110.0,multi_wall_linear,99.01772503109785,-10.982274968902146,10.982274968902146,random,11,random
PL_Library_C2.csv::C-15,Library,C2,PL_Library_C2.csv,C-15,15.01570095,82.0,multi_wall_linear,81.88253258064097,-0.1174674193590306,0.1174674193590306,random,11,random
PL_Library_C1.csv::M-19,Library,C1,PL_Library_C1.csv,M-19,4.2849,76.0,multi_wall_linear,70.13144540264337,-5.868554597356635,5.868554597356635,random,11,random
PL_Comms_C1.csv::H-5,Comms,C1,PL_Comms_C1.csv,H-5,24.18677324,86.0,multi_wall_linear,101.55061024050816,15.550610240508163,15.550610240508163,random,11,random
PL_Comms_C2.csv::D-5,Comms,C2,PL_Comms_C2.csv,D-5,24.0515327,116.0,multi_wall_linear,116.28245603756235,0.2824560375623548,0.2824560375623548,random,11,random
PL_Library_C1.csv::V-9,Library,C1,PL_Library_C1.csv,V-9,14.4038,81.0,multi_wall_linear,85.62233070097186,4.622330700971858,4.622330700971858,random,11,random
PL_Library_C2.csv::L-8,Library,C2,PL_Library_C2.csv,L-8,11.23948064,75.0,multi_wall_linear,79.16812572672981,4.168125726729812,4.168125726729812,random,11,random
PL_Comms_C1.csv::C-27,Comms,C1,PL_Comms_C1.csv,C-27,2.828427125,68.0,multi_wall_linear,66.65549398258197,-1.344506017418027,1.344506017418027,random,11,random
PL_Comms_C1.csv::N-12,Comms,C1,PL_Comms_C1.csv,N-12,19.23538406,102.0,multi_wall_linear,101.74984206551042,-0.2501579344895788,0.2501579344895788,random,11,random
PL_Library_C2.csv::C-11,Library,C2,PL_Library_C2.csv,C-11,16.41754778,90.0,multi_wall_linear,87.49243141243292,-2.5075685875670786,2.5075685875670786,random,11,random
PL_Comms_C2.csv::A-37,Comms,C2,PL_Comms_C2.csv,A-37,9.026418171,89.0,multi_wall_linear,89.96851521809859,0.9685152180985881,0.9685152180985881,random,11,random
PL_SSE_C1.csv::M-1,SSE,C1,PL_SSE_C1.csv,M-1,9.055385138,74.0,multi_wall_linear,81.70606293188371,7.706062931883707,7.706062931883707,random,11,random
PL_Comms_C2.csv::N-41,Comms,C2,PL_Comms_C2.csv,N-41,15.04912705,103.0,multi_wall_linear,99.4499305359328,-3.5500694640672066,3.5500694640672066,random,11,random
PL_SSE_C1.csv::H-6,SSE,C1,PL_SSE_C1.csv,H-6,7.211102551,87.0,multi_wall_linear,79.15546241387459,-7.844537586125412,7.844537586125412,random,11,random
PL_Comms_C2.csv::P-22,Comms,C2,PL_Comms_C2.csv,P-22,13.09489309,96.0,multi_wall_linear,93.45511085958535,-2.5448891404146536,2.5448891404146536,random,11,random
PL_Comms_C1.csv::K-31,Comms,C1,PL_Comms_C1.csv,K-31,6.32455532,75.0,multi_wall_linear,80.68833978061245,5.688339780612452,5.688339780612452,random,11,random
PL_Comms_C2.csv::J-57,Comms,C2,PL_Comms_C2.csv,J-57,28.46886413,117.0,multi_wall_linear,104.87867564497216,-12.121324355027838,12.121324355027838,random,11,random
PL_SSE_C1.csv::B-7,SSE,C1,PL_SSE_C1.csv,B-7,12.36931688,105.0,multi_wall_linear,88.3416346446004,-16.658365355399596,16.658365355399596,random,11,random
PL_Comms_C2.csv::D-47,Comms,C2,PL_Comms_C2.csv,D-47,18.0686531,110.0,multi_wall_linear,104.76460373922961,-5.235396260770386,5.235396260770386,random,11,random
PL_Library_C1.csv::B-13,Library,C1,PL_Library_C1.csv,B-13,16.7604,84.0,multi_wall_linear,82.91260486643507,-1.0873951335649252,1.0873951335649252,random,11,random
PL_Comms_C2.csv::K-38,Comms,C2,PL_Comms_C2.csv,K-38,10.88467845,99.0,multi_wall_linear,95.86898884758625,-3.1310111524137483,3.1310111524137483,random,11,random
PL_Comms_C1.csv::L-37,Comms,C1,PL_Comms_C1.csv,L-37,10.63014581,91.0,multi_wall_linear,95.63068191839614,4.630681918396135,4.630681918396135,random,11,random
PL_Comms_C2.csv::J-54,Comms,C2,PL_Comms_C2.csv,J-54,25.5240323,109.0,multi_wall_linear,103.8554630892271,-5.144536910772899,5.144536910772899,random,11,random
PL_Comms_C2.csv::B-36,Comms,C2,PL_Comms_C2.csv,B-36,7.712083052,83.0,multi_wall_linear,84.34760538709114,1.3476053870911358,1.3476053870911358,random,11,random
PL_SSE_C1.csv::L-9,SSE,C1,PL_SSE_C1.csv,L-9,2.236067977,60.0,multi_wall_linear,64.45331803037081,4.453318030370809,4.453318030370809,random,11,random
PL_Comms_C1.csv::A-54,Comms,C1,PL_Comms_C1.csv,A-54,25.3179778,114.0,multi_wall_linear,116.21822009030018,2.2182200903001785,2.2182200903001785,random,11,random
PL_Comms_C1.csv::B-53,Comms,C1,PL_Comms_C1.csv,B-53,24.18677324,119.0,multi_wall_linear,111.64364966910048,-7.356350330899517,7.356350330899517,random,11,random
PL_SSE_C1.csv::H-3,SSE,C1,PL_SSE_C1.csv,H-3,9.219544457,95.0,multi_wall_linear,86.0206586468816,-8.9793413531184,8.9793413531184,random,11,random
PL_Comms_C2.csv::N-36,Comms,C2,PL_Comms_C2.csv,N-36,11.46630826,86.0,multi_wall_linear,96.34023730039283,10.340237300392829,10.340237300392829,random,11,random
PL_SSE_C2.csv::M-8,SSE,C2,PL_SSE_C2.csv,M-8,2.544842824,76.0,multi_wall_linear,65.66544191435489,-10.334558085645114,10.334558085645114,random,11,random
PL_Library_C2.csv::R-14,Library,C2,PL_Library_C2.csv,R-14,6.180349909,76.0,multi_wall_linear,75.34778509674567,-0.6522149032543325,0.6522149032543325,random,11,random
PL_Comms_C1.csv::C-19,Comms,C1,PL_Comms_C1.csv,C-19,10.19803903,85.0,multi_wall_linear,86.96589856158188,1.9658985615818807,1.9658985615818807,random,11,random
PL_Comms_C2.csv::D-52,Comms,C2,PL_Comms_C2.csv,D-52,23.05376813,108.0,multi_wall_linear,111.19406541732546,3.1940654173254615,3.1940654173254615,random,11,random
PL_Comms_C1.csv::L-21,Comms,C1,PL_Comms_C1.csv,L-21,10.63014581,95.0,multi_wall_linear,85.55421314931799,-9.445786850682012,9.445786850682012,random,11,random
PL_Comms_C1.csv::H-53,Comms,C1,PL_Comms_C1.csv,H-53,24.18677324,96.0,multi_wall_linear,99.20493483544641,3.2049348354464087,3.2049348354464087,random,11,random
PL_Comms_C2.csv::J-20,Comms,C2,PL_Comms_C2.csv,J-20,10.36707408,98.0,multi_wall_linear,87.11995017092357,-10.880049829076427,10.880049829076427,random,11,random
PL_Comms_C2.csv::D-39,Comms,C2,PL_Comms_C2.csv,D-39,10.12305413,88.0,multi_wall_linear,91.04297930273697,3.042979302736967,3.042979302736967,random,11,random
PL_Library_C1.csv::Q-16,Library,C1,PL_Library_C1.csv,Q-16,4.065,65.0,multi_wall_linear,69.63775443192264,4.6377544319226445,4.6377544319226445,random,11,random
PL_Library_C1.csv::R-9,Library,C1,PL_Library_C1.csv,R-9,10.9244,77.0,multi_wall_linear,81.10216296825783,4.102162968257829,4.102162968257829,random,11,random
PL_Comms_C2.csv::J-55,Comms,C2,PL_Comms_C2.csv,J-55,26.50426805,115.0,multi_wall_linear,104.20860811053885,-10.791391889461153,10.791391889461153,random,11,random
PL_Comms_C1.csv::G-39,Comms,C1,PL_Comms_C1.csv,G-39,10.19803903,80.0,multi_wall_linear,86.96589856158188,6.965898561581881,6.965898561581881,random,11,random
PL_Comms_C2.csv::E-48,Comms,C2,PL_Comms_C2.csv,E-48,19.03880839,101.0,multi_wall_linear,105.25470947686415,4.25470947686415,4.25470947686415,random,11,random
PL_Comms_C1.csv::C-25,Comms,C1,PL_Comms_C1.csv,C-25,4.472135955,70.0,multi_wall_linear,75.09496168748399,5.094961687483988,5.094961687483988,random,11,random
PL_Library_C1.csv::Q-20,Library,C1,PL_Library_C1.csv,Q-20,6.775,66.0,multi_wall_linear,76.62513210710415,10.62513210710415,10.62513210710415,random,11,random
PL_Library_C2.csv::M-8,Library,C2,PL_Library_C2.csv,M-8,10.99171734,69.0,multi_wall_linear,78.95924282712717,9.95924282712717,9.95924282712717,random,11,random
PL_Library_C2.csv::G-7,Library,C2,PL_Library_C2.csv,G-7,15.49707956,73.0,multi_wall_linear,82.17823292703966,9.178232927039659,9.178232927039659,random,11,random
PL_Comms_C2.csv::E-27,Comms,C2,PL_Comms_C2.csv,E-27,2.340133543,71.0,multi_wall_linear,64.87959079383938,-6.120409206160616,6.120409206160616,random,11,random
PL_Comms_C1.csv::H-3,Comms,C1,PL_Comms_C1.csv,H-3,26.17250466,99.0,multi_wall_linear,99.92776008718334,0.9277600871833442,0.9277600871833442,random,11,random
PL_Comms_C2.csv::L-28,Comms,C2,PL_Comms_C2.csv,L-28,7.174693373,69.0,multi_wall_linear,79.5245237070875,10.524523707087496,10.524523707087496,random,11,random
PL_Comms_C1.csv::E-2,Comms,C1,PL_Comms_C1.csv,E-2,27.0,122.0,multi_wall_linear,117.36608824268865,-4.633911757311353,4.633911757311353,random,11,random
PL_Library_C2.csv::T-14,Library,C2,PL_Library_C2.csv,T-14,8.655473702,71.0,multi_wall_linear,75.88707756313653,4.887077563136529,4.887077563136529,random,11,random
PL_Comms_C2.csv::C-55,Comms,C2,PL_Comms_C2.csv,C-55,26.1050996,121.0,multi_wall_linear,116.50511879930626,-4.49488120069374,4.49488120069374,random,11,random
PL_Comms_C2.csv::J-50,Comms,C2,PL_Comms_C2.csv,J-50,21.62119851,120.0,multi_wall_linear,102.30039959600722,-17.699600403992775,17.699600403992775,random,11,random
PL_Library_C1.csv::L-14,Library,C1,PL_Library_C1.csv,L-14,3.8325,65.0,multi_wall_linear,69.0858426923023,4.085842692302293,4.085842692302293,random,11,random
PL_Comms_C1.csv::L-44,Comms,C1,PL_Comms_C1.csv,L-44,16.55294536,104.0,multi_wall_linear,103.94357787495255,-0.05642212504744748,0.05642212504744748,random,11,random
PL_Comms_C2.csv::N-53,Comms,C2,PL_Comms_C2.csv,N-53,25.66079159,113.0,multi_wall_linear,114.54369079891543,1.543690798915435,1.543690798915435,random,11,random
PL_Library_C1.csv::P-12,Library,C1,PL_Library_C1.csv,P-12,6.0597,68.0,multi_wall_linear,75.5795369865299,7.579536986529902,7.579536986529902,random,11,random
PL_Comms_C1.csv::B-21,Comms,C1,PL_Comms_C1.csv,B-21,8.544003745,84.0,multi_wall_linear,85.30757233309242,1.3075723330924234,1.3075723330924234,random,11,random
PL_Comms_C2.csv::J-45,Comms,C2,PL_Comms_C2.csv,J-45,16.80702904,98.0,multi_wall_linear,104.08632594828316,6.086325948283161,6.086325948283161,random,11,random
PL_Library_C1.csv::C-2,Library,C1,PL_Library_C1.csv,C-2,24.1251,87.0,multi_wall_linear,86.32579971438498,-0.6742002856150151,0.6742002856150151,random,11,random
PL_Comms_C1.csv::C-55,Comms,C1,PL_Comms_C1.csv,C-55,26.07680962,112.0,multi_wall_linear,116.49495810201111,4.494958102011111,4.494958102011111,random,11,random
PL_Comms_C2.csv::G-32,Comms,C2,PL_Comms_C2.csv,G-32,3.804763462,82.0,multi_wall_linear,77.7267489040557,-4.273251095944303,4.273251095944303,random,11,random
PL_Comms_C1.csv::G-19,Comms,C1,PL_Comms_C1.csv,G-19,10.19803903,89.0,multi_wall_linear,86.96589856158188,-2.0341014384181193,2.0341014384181193,random,11,random
PL_Comms_C1.csv::B-20,Comms,C1,PL_Comms_C1.csv,B-20,9.486832981,93.0,multi_wall_linear,86.28847122702858,-6.71152877297142,6.71152877297142,random,11,random
PL_Library_C2.csv::G-4,Library,C2,PL_Library_C2.csv,G-4,18.86343155,83.0,multi_wall_linear,84.02030251145018,1.0203025114501827,1.0203025114501827,random,11,random
PL_SSE_C1.csv::F-6,SSE,C1,PL_SSE_C1.csv,F-6,8.94427191,83.0,multi_wall_linear,78.81162582127766,-4.188374178722341,4.188374178722341,random,11,random
PL_Comms_C2.csv::H-49,Comms,C2,PL_Comms_C2.csv,H-49,20.26021286,94.0,multi_wall_linear,97.54491070565842,3.544910705658424,3.544910705658424,random,11,random
PL_SSE_C2.csv::D-8,SSE,C2,PL_SSE_C2.csv,D-8,10.27016188,80.0,multi_wall_linear,82.03613907454873,2.0361390745487284,2.0361390745487284,random,11,random
PL_SSE_C1.csv::E-3,SSE,C1,PL_SSE_C1.csv,E-3,11.40175425,89.0,multi_wall_linear,88.01142529747172,-0.9885747025282825,0.9885747025282825,random,11,random
PL_Comms_C2.csv::F-46,Comms,C2,PL_Comms_C2.csv,F-46,17.07267481,98.0,multi_wall_linear,100.08704220603232,2.087042206032322,2.087042206032322,random,11,random
PL_Comms_C1.csv::G-38,Comms,C1,PL_Comms_C1.csv,G-38,9.219544457,94.0,multi_wall_linear,86.0206586468816,-7.9793413531184,7.9793413531184,random,11,random
PL_SSE_C2.csv::E-3,SSE,C2,PL_SSE_C2.csv,E-3,11.46630826,96.0,multi_wall_linear,88.06433140413762,-7.935668595862381,7.935668595862381,random,11,random
PL_SSE_C1.csv::B-3,SSE,C1,PL_SSE_C1.csv,B-3,13.89244399,92.0,multi_wall_linear,87.64584755335707,-4.354152446642928,4.354152446642928,random,11,random
PL_Comms_C1.csv::J-39,Comms,C1,PL_Comms_C1.csv,J-39,11.18033989,96.0,multi_wall_linear,96.12013537894813,0.12013537894813453,0.12013537894813453,random,11,random
PL_SSE_C1.csv::C-6,SSE,C1,PL_SSE_C1.csv,C-6,11.70469991,90.0,multi_wall_linear,87.26241132056651,-2.737588679433486,2.737588679433486,random,11,random
PL_Comms_C1.csv::C-35,Comms,C1,PL_Comms_C1.csv,C-35,6.32455532,85.0,multi_wall_linear,82.48890265343539,-2.511097346564611,2.511097346564611,random,11,random
PL_Comms_C2.csv::A-14,Comms,C2,PL_Comms_C2.csv,A-14,15.57164811,96.0,multi_wall_linear,97.42410087251625,1.4241008725162487,1.4241008725162487,random,11,random
PL_Comms_C2.csv::C-23,Comms,C2,PL_Comms_C2.csv,C-23,6.440203801,84.0,multi_wall_linear,78.51246918522293,-5.487530814777074,5.487530814777074,random,11,random
PL_Library_C1.csv::D-16,Library,C1,PL_Library_C1.csv,D-16,13.55,79.0,multi_wall_linear,85.0662883700497,6.066288370049705,6.066288370049705,random,11,random
PL_Library_C2.csv::T-13,Library,C2,PL_Library_C2.csv,T-13,9.17046073,78.0,multi_wall_linear,76.84516899012664,-1.1548310098733623,1.1548310098733623,random,11,random
PL_Comms_C1.csv::E-28,Comms,C1,PL_Comms_C1.csv,E-28,1.0,53.0,multi_wall_linear,56.91238591604144,3.912385916041437,3.912385916041437,random,11,random
PL_Comms_C2.csv::H-55,Comms,C2,PL_Comms_C2.csv,H-55,26.20069131,92.0,multi_wall_linear,99.95441735655962,7.954417356559617,7.954417356559617,random,11,random
PL_Library_C1.csv::G-3,Library,C1,PL_Library_C1.csv,G-3,20.0063,82.0,multi_wall_linear,84.57151708965102,2.5715170896510244,2.5715170896510244,random,11,random
PL_Library_C1.csv::Q-7,Library,C1,PL_Library_C1.csv,Q-7,12.8547,92.0,multi_wall_linear,82.62690674445412,-9.373093255545882,9.373093255545882,random,11,random
PL_Library_C1.csv::D-4,Library,C1,PL_Library_C1.csv,D-4,21.1658,85.0,multi_wall_linear,85.09946780615022,0.09946780615021567,0.09946780615021567,random,11,random
PL_Comms_C2.csv::J-15,Comms,C2,PL_Comms_C2.csv,J-15,14.91563693,102.0,multi_wall_linear,94.67508636739552,-7.324913632604478,7.324913632604478,random,11,random
PL_Comms_C2.csv::A-11,Comms,C2,PL_Comms_C2.csv,A-11,18.47907533,112.0,multi_wall_linear,105.520190796722,-6.479809203277995,6.479809203277995,random,11,random
PL_Comms_C2.csv::E-25,Comms,C2,PL_Comms_C2.csv,E-25,4.180457511,78.0,multi_wall_linear,74.46293791121805,-3.5370620887819513,3.5370620887819513,random,11,random
PL_Comms_C1.csv::P-38,Comms,C1,PL_Comms_C1.csv,P-38,14.2126704,97.0,multi_wall_linear,102.49860066575303,5.498600665753031,5.498600665753031,random,11,random
PL_Comms_C1.csv::J-41,Comms,C1,PL_Comms_C1.csv,J-41,13.0,108.0,multi_wall_linear,97.53319507055073,-10.466804929449268,10.466804929449268,random,11,random
PL_Comms_C2.csv::H-42,Comms,C2,PL_Comms_C2.csv,H-42,13.3968737,86.0,multi_wall_linear,85.37628176749169,-0.6237182325083097,0.6237182325083097,random,11,random
PL_Comms_C1.csv::A-51,Comms,C1,PL_Comms_C1.csv,A-51,22.36067977,112.0,multi_wall_linear,110.90801730765983,-1.0919826923401672,1.0919826923401672,random,11,random
PL_SSE_C2.csv::N-3,SSE,C2,PL_SSE_C2.csv,N-3,7.104662202,69.0,multi_wall_linear,79.43260644975351,10.432606449753507,10.432606449753507,random,11,random
PL_Comms_C2.csv::C-50,Comms,C2,PL_Comms_C2.csv,C-50,21.12998403,110.0,multi_wall_linear,106.23128387699398,-3.7687161230060156,3.7687161230060156,random,11,random
PL_Library_C1.csv::P-15,Library,C1,PL_Library_C1.csv,P-15,3.0299,61.0,multi_wall_linear,66.88379885883828,5.883798858838276,5.883798858838276,random,11,random
PL_Comms_C1.csv::L-57,Comms,C1,PL_Comms_C1.csv,L-57,28.86173938,106.0,direct_rf,101.67657539682541,-4.323424603174587,4.323424603174587,random,11,random
PL_SSE_C1.csv::D-1,SSE,C1,PL_SSE_C1.csv,D-1,13.45362405,89.0,direct_rf,99.02475000000004,10.02475000000004,10.02475000000004,random,11,random
PL_Comms_C1.csv::O-41,Comms,C1,PL_Comms_C1.csv,O-41,15.62049935,97.0,direct_rf,97.6846607142857,0.6846607142856982,0.6846607142856982,random,11,random
PL_Comms_C1.csv::J-57,Comms,C1,PL_Comms_C1.csv,J-57,28.44292531,113.0,direct_rf,104.72284523809527,-8.277154761904725,8.277154761904725,random,11,random
PL_Library_C1.csv::S-9,Library,C1,PL_Library_C1.csv,S-9,11.6562,81.0,direct_rf,78.178498015873,-2.8215019841269964,2.8215019841269964,random,11,random
PL_Comms_C2.csv::C-5,Comms,C2,PL_Comms_C2.csv,C-5,24.11381813,107.0,direct_rf,112.40180753968252,5.4018075396825225,5.4018075396825225,random,11,random
PL_Comms_C1.csv::H-7,Comms,C1,PL_Comms_C1.csv,H-7,22.20360331,87.0,direct_rf,92.1192380952381,5.119238095238103,5.119238095238103,random,11,random
PL_SSE_C2.csv::K-2,SSE,C2,PL_SSE_C2.csv,K-2,8.629960892,88.0,direct_rf,78.82094841269841,-9.179051587301586,9.179051587301586,random,11,random
PL_Comms_C2.csv::H-51,Comms,C2,PL_Comms_C2.csv,H-51,22.23682138,93.0,direct_rf,95.37672925685428,2.3767292568542757,2.3767292568542757,random,11,random
PL_Comms_C1.csv::A-17,Comms,C1,PL_Comms_C1.csv,A-17,12.64911064,92.0,direct_rf,94.6659642857143,2.6659642857142956,2.6659642857142956,random,11,random
PL_Comms_C2.csv::G-34,Comms,C2,PL_Comms_C2.csv,G-34,5.520527602,86.0,direct_rf,82.42275396825397,-3.5772460317460286,3.5772460317460286,random,11,random
PL_Comms_C1.csv::P-12,Comms,C1,PL_Comms_C1.csv,P-12,20.24845673,104.0,direct_rf,106.46491071428572,2.464910714285722,2.464910714285722,random,11,random
PL_SSE_C2.csv::E-10,SSE,C2,PL_SSE_C2.csv,E-10,9.081642197,91.0,direct_rf,92.30833134920634,1.308331349206341,1.308331349206341,random,11,random
PL_Comms_C1.csv::K-24,Comms,C1,PL_Comms_C1.csv,K-24,7.810249676,88.0,direct_rf,88.7452947330447,0.7452947330447017,0.7452947330447017,random,11,random
PL_Comms_C1.csv::L-32,Comms,C1,PL_Comms_C1.csv,L-32,7.615773106,100.0,direct_rf,88.53308333333331,-11.466916666666691,11.466916666666691,random,11,random
PL_Comms_C1.csv::E-24,Comms,C1,PL_Comms_C1.csv,E-24,5.0,67.0,direct_rf,75.5301058802309,8.530105880230906,8.530105880230906,random,11,random
PL_Library_C2.csv::M-15,Library,C2,PL_Library_C2.csv,M-15,2.268981049,68.0,direct_rf,65.01239880952382,-2.987601190476184,2.987601190476184,random,11,random
PL_Comms_C1.csv::J-22,Comms,C1,PL_Comms_C1.csv,J-22,8.602325267,78.0,direct_rf,82.97285714285714,4.972857142857137,4.972857142857137,random,11,random
PL_Comms_C2.csv::G-44,Comms,C2,PL_Comms_C2.csv,G-44,15.18144344,86.0,direct_rf,98.58338079975584,12.583380799755844,12.583380799755844,random,11,random
PL_Comms_C2.csv::I-44,Comms,C2,PL_Comms_C2.csv,I-44,15.57164811,94.0,direct_rf,105.55162683150182,11.551626831501821,11.551626831501821,random,11,random
PL_Comms_C2.csv::B-18,Comms,C2,PL_Comms_C2.csv,B-18,11.46630826,91.0,direct_rf,93.45378751803753,2.4537875180375295,2.4537875180375295,random,11,random
PL_Comms_C1.csv::N-11,Comms,C1,PL_Comms_C1.csv,N-11,20.1246118,109.0,direct_rf,94.74404563492058,-14.255954365079418,14.255954365079418,random,11,random
PL_Library_C1.csv::J-2,Library,C1,PL_Library_C1.csv,J-2,19.7291,82.0,direct_rf,78.49722893772895,-3.5027710622710515,3.5027710622710515,random,11,random
PL_Comms_C1.csv::A-21,Comms,C1,PL_Comms_C1.csv,A-21,8.94427191,83.0,direct_rf,89.91543177655676,6.915431776556758,6.915431776556758,random,11,random
PL_Comms_C2.csv::H-14,Comms,C2,PL_Comms_C2.csv,H-14,15.3452346,92.0,direct_rf,90.19247101569923,-1.8075289843007738,1.8075289843007738,random,11,random
PL_Comms_C2.csv::J-27,Comms,C2,PL_Comms_C2.csv,J-27,5.520527602,84.0,direct_rf,81.56739087301587,-2.432609126984133,2.432609126984133,random,11,random
PL_Comms_C2.csv::A-34,Comms,C2,PL_Comms_C2.csv,A-34,6.517378691,84.0,direct_rf,90.20829365079366,6.208293650793664,6.208293650793664,random,11,random
PL_Comms_C1.csv::A-23,Comms,C1,PL_Comms_C1.csv,A-23,7.211102551,73.0,direct_rf,82.96008745421243,9.960087454212427,9.960087454212427,random,11,random
PL_Library_C1.csv::M-14,Library,C1,PL_Library_C1.csv,M-14,3.0299,72.0,direct_rf,66.7015873015873,-5.2984126984127045,5.2984126984127045,random,11,random
PL_Comms_C2.csv::J-16,Comms,C2,PL_Comms_C2.csv,J-16,13.98128124,100.0,direct_rf,96.81971428571428,-3.1802857142857164,3.1802857142857164,random,11,random
PL_Comms_C1.csv::C-5,Comms,C1,PL_Comms_C1.csv,C-5,24.08318916,111.0,direct_rf,112.36638690476184,1.366386904761839,1.366386904761839,random,11,random
PL_SSE_C1.csv::F-1,SSE,C1,PL_SSE_C1.csv,F-1,12.04159458,86.0,direct_rf,90.92129166666668,4.921291666666676,4.921291666666676,random,11,random
PL_Library_C2.csv::N-19,Library,C2,PL_Library_C2.csv,N-19,4.24269372,59.0,direct_rf,69.2493630952381,10.249363095238095,10.249363095238095,random,11,random
PL_Library_C1.csv::R-12,Library,C1,PL_Library_C1.csv,R-12,7.665,75.0,direct_rf,70.73512441643325,-4.264875583566749,4.264875583566749,random,11,random
PL_Comms_C2.csv::H-21,Comms,C2,PL_Comms_C2.csv,H-21,8.629960892,92.0,direct_rf,82.97703769841267,-9.022962301587327,9.022962301587327,random,11,random
PL_Library_C2.csv::D-2,Library,C2,PL_Library_C2.csv,D-2,23.34394193,97.0,direct_rf,92.47026388888884,-4.529736111111163,4.529736111111163,random,11,random
PL_Library_C2.csv::U-15,Library,C2,PL_Library_C2.csv,U-15,9.658026455,73.0,direct_rf,75.28044499479633,2.2804449947963263,2.2804449947963263,random,11,random
PL_Comms_C1.csv::P-13,Comms,C1,PL_Comms_C1.csv,P-13,19.41648784,113.0,direct_rf,108.25500595238098,-4.744994047619016,4.744994047619016,random,11,random
PL_Library_C2.csv::A-5,Library,C2,PL_Library_C2.csv,A-5,23.10678418,95.0,direct_rf,92.36720436507932,-2.632795634920683,2.632795634920683,random,11,random
PL_Comms_C2.csv::C-51,Comms,C2,PL_Comms_C2.csv,C-51,22.12410959,109.0,direct_rf,112.56961706349207,3.5696170634920747,3.5696170634920747,random,11,random
PL_Comms_C2.csv::A-57,Comms,C2,PL_Comms_C2.csv,A-57,28.31035544,122.0,direct_rf,119.14157738095238,-2.858422619047616,2.858422619047616,random,11,random
PL_Library_C1.csv::O-16,Library,C1,PL_Library_C1.csv,O-16,1.355,53.0,direct_rf,58.324666666666666,5.3246666666666655,5.3246666666666655,random,11,random
PL_Comms_C1.csv::C-42,Comms,C1,PL_Comms_C1.csv,C-42,13.15294644,105.0,direct_rf,98.03350992063498,-6.966490079365016,6.966490079365016,random,11,random
PL_Library_C2.csv::N-10,Library,C2,PL_Library_C2.csv,N-10,8.220287404,71.0,direct_rf,72.64906944444448,1.6490694444444784,1.6490694444444784,random,11,random
PL_Comms_C1.csv::D-49,Comms,C1,PL_Comms_C1.csv,D-49,20.02498439,97.0,direct_rf,106.85687499999999,9.856874999999988,9.856874999999988,random,11,random
PL_Library_C2.csv::P-12,Library,C2,PL_Library_C2.csv,P-12,6.180349909,80.0,direct_rf,72.44938888888886,-7.550611111111138,7.550611111111138,random,11,random
PL_Comms_C1.csv::F-50,Comms,C1,PL_Comms_C1.csv,F-50,21.02379604,94.0,direct_rf,99.99588690476189,5.995886904761889,5.995886904761889,random,11,random
PL_SSE_C1.csv::E-6,SSE,C1,PL_SSE_C1.csv,E-6,9.848857802,92.0,direct_rf,90.94798015873015,-1.0520198412698534,1.0520198412698534,random,11,random
PL_Library_C1.csv::E-4,Library,C1,PL_Library_C1.csv,E-4,20.325,74.0,direct_rf,80.19797298534799,6.197972985347988,6.197972985347988,random,11,random
PL_Comms_C1.csv::B-52,Comms,C1,PL_Comms_C1.csv,B-52,23.19482701,108.0,direct_rf,114.5393333333333,6.539333333333303,6.539333333333303,random,11,random
PL_Comms_C2.csv::L-27,Comms,C2,PL_Comms_C2.csv,L-27,7.380801108,80.0,direct_rf,83.92277976190479,3.922779761904792,3.922779761904792,random,11,random
PL_Comms_C1.csv::D-47,Comms,C1,PL_Comms_C1.csv,D-47,18.02775638,118.0,direct_rf,107.46406547619046,-10.535934523809544,10.535934523809544,random,11,random
PL_Comms_C1.csv::B-30,Comms,C1,PL_Comms_C1.csv,B-30,3.16227766,71.0,direct_rf,72.1045981240981,1.1045981240981035,1.1045981240981035,random,11,random
PL_Comms_C1.csv::K-25,Comms,C1,PL_Comms_C1.csv,K-25,7.211102551,97.0,direct_rf,85.3163511904762,-11.683648809523802,11.683648809523802,random,11,random
PL_Comms_C1.csv::H-9,Comms,C1,PL_Comms_C1.csv,H-9,20.22374842,93.0,direct_rf,89.759,-3.2409999999999997,3.2409999999999997,random,11,random
PL_Comms_C1.csv::J-3,Comms,C1,PL_Comms_C1.csv,J-3,26.47640459,99.0,direct_rf,104.80134848484852,5.801348484848518,5.801348484848518,random,11,random
PL_SSE_C1.csv::G-6,SSE,C1,PL_SSE_C1.csv,G-6,8.062257748,84.0,direct_rf,80.52749404761907,-3.472505952380928,3.472505952380928,random,11,random
PL_Comms_C1.csv::O-43,Comms,C1,PL_Comms_C1.csv,O-43,17.20465053,109.0,direct_rf,105.36461507936505,-3.635384920634948,3.635384920634948,random,11,random
PL_Comms_C1.csv::N-19,Comms,C1,PL_Comms_C1.csv,N-19,13.45362405,92.0,direct_rf,88.91976263320014,-3.0802373667998637,3.0802373667998637,random,11,random
PL_Library_C2.csv::Q-7,Library,C2,PL_Library_C2.csv,Q-7,12.91195086,93.0,direct_rf,79.54837698412697,-13.451623015873025,13.451623015873025,random,11,random
PL_SSE_C1.csv::L-6,SSE,C1,PL_SSE_C1.csv,L-6,4.472135955,74.0,direct_rf,71.75252146464649,-2.2474785353535083,2.2474785353535083,random,11,random
PL_Comms_C1.csv::I-27,Comms,C1,PL_Comms_C1.csv,I-27,4.472135955,75.0,direct_rf,76.11193452380951,1.1119345238095093,1.1119345238095093,random,11,random
PL_Comms_C2.csv::J-17,Comms,C2,PL_Comms_C2.csv,J-17,13.05665443,91.0,direct_rf,90.11154401214735,-0.8884559878526517,0.8884559878526517,random,11,random
PL_Comms_C2.csv::I-38,Comms,C2,PL_Comms_C2.csv,I-38,9.923518781,97.0,direct_rf,92.06660515873018,-4.933394841269816,4.933394841269816,random,11,random
PL_Library_C1.csv::P-16,Library,C1,PL_Library_C1.csv,P-16,2.71,58.0,direct_rf,63.99687301587303,5.996873015873028,5.996873015873028,random,11,random
PL_Library_C2.csv::V-8,Library,C2,PL_Library_C2.csv,V-8,15.37814765,89.0,direct_rf,84.78147153209108,-4.218528467908925,4.218528467908925,random,11,random
PL_Comms_C2.csv::E-36,Comms,C2,PL_Comms_C2.csv,E-36,7.104662202,84.0,direct_rf,83.77441855366853,-0.22558144633147492,0.22558144633147492,random,11,random
PL_Library_C1.csv::W-7,Library,C1,PL_Library_C1.csv,W-7,17.2463,85.0,direct_rf,82.04688492063495,-2.9531150793650482,2.9531150793650482,random,11,random
PL_Library_C1.csv::B-1,Library,C1,PL_Library_C1.csv,B-1,26.0287,77.0,direct_rf,82.60068055555558,5.600680555555584,5.600680555555584,random,11,random
PL_Comms_C1.csv::K-10,Comms,C1,PL_Comms_C1.csv,K-10,19.92485885,104.0,direct_rf,98.29317857142856,-5.706821428571445,5.706821428571445,random,11,random
PL_Comms_C1.csv::M-33,Comms,C1,PL_Comms_C1.csv,M-33,8.94427191,85.0,direct_rf,89.42786904761904,4.4278690476190405,4.4278690476190405,random,11,random
PL_Comms_C1.csv::A-52,Comms,C1,PL_Comms_C1.csv,A-52,23.34523506,105.0,direct_rf,114.08524206349205,9.085242063492046,9.085242063492046,random,11,random
PL_Comms_C1.csv::H-15,Comms,C1,PL_Comms_C1.csv,H-15,14.31782106,86.0,direct_rf,92.53388061244311,6.533880612443113,6.533880612443113,random,11,random
PL_Comms_C1.csv::K-57,Comms,C1,PL_Comms_C1.csv,K-57,28.63564213,109.0,direct_rf,105.26384523809527,-3.7361547619047286,3.7361547619047286,random,11,random
PL_Library_C2.csv::J-2,Library,C2,PL_Library_C2.csv,J-2,19.76647477,88.0,direct_rf,88.08511309523809,0.08511309523808563,0.08511309523808563,random,11,random
PL_Library_C1.csv::R-14,Library,C1,PL_Library_C1.csv,R-14,6.0597,73.0,direct_rf,71.32970290616245,-1.6702970938375472,1.6702970938375472,random,11,random
PL_Library_C1.csv::P-13,Library,C1,PL_Library_C1.csv,P-13,4.8855,70.0,direct_rf,69.09893650793649,-0.9010634920635141,0.9010634920635141,random,11,random
PL_Comms_C2.csv::N-33,Comms,C2,PL_Comms_C2.csv,N-33,9.923518781,88.0,direct_rf,89.13582936507932,1.1358293650793172,1.1358293650793172,random,11,random
PL_Library_C2.csv::H-5,Library,C2,PL_Library_C2.csv,H-5,17.0215202,86.0,direct_rf,86.11150311204848,0.11150311204848151,0.11150311204848151,random,11,random
PL_Library_C1.csv::J-5,Library,C1,PL_Library_C1.csv,J-5,15.8599,80.0,direct_rf,80.97265588982627,0.9726558898262709,0.9726558898262709,random,11,random
PL_Library_C2.csv::M-4,Library,C2,PL_Library_C2.csv,M-4,16.36153569,74.0,direct_rf,85.98279766471808,11.982797664718078,11.982797664718078,random,11,random
PL_Library_C2.csv::Q-4,Library,C2,PL_Library_C2.csv,Q-4,16.80440567,83.0,direct_rf,87.24235322027367,4.242353220273671,4.242353220273671,random,11,random
PL_Comms_C1.csv::A-10,Comms,C1,PL_Comms_C1.csv,A-10,19.41648784,110.0,direct_rf,105.49619642857138,-4.5038035714286195,4.5038035714286195,random,11,random
PL_Comms_C1.csv::A-30,Comms,C1,PL_Comms_C1.csv,A-30,4.123105626,75.0,direct_rf,75.31129761904762,0.31129761904762177,0.31129761904762177,random,11,random
PL_Library_C1.csv::J-15,Library,C1,PL_Library_C1.csv,J-15,5.5868,84.0,direct_rf,68.14353968253972,-15.856460317460275,15.856460317460275,random,11,random
PL_Comms_C2.csv::L-11,Comms,C2,PL_Comms_C2.csv,L-11,19.35138819,113.0,direct_rf,106.01854761904761,-6.9814523809523905,6.9814523809523905,random,11,random
PL_Library_C2.csv::I-3,Library,C2,PL_Library_C2.csv,I-3,18.91203519,89.0,direct_rf,86.46709623015875,-2.532903769841255,2.532903769841255,random,11,random
PL_Comms_C2.csv::B-10,Comms,C2,PL_Comms_C2.csv,B-10,19.2737185,106.0,direct_rf,111.87007738095237,5.870077380952367,5.870077380952367,random,11,random
PL_SSE_C2.csv::B-6,SSE,C2,PL_SSE_C2.csv,B-6,12.70732958,96.0,direct_rf,95.9668690476191,-0.033130952380901135,0.033130952380901135,random,11,random
PL_Comms_C2.csv::P-21,Comms,C2,PL_Comms_C2.csv,P-21,13.65562979,96.0,direct_rf,91.230466221882,-4.769533778118003,4.769533778118003,random,11,random
PL_Comms_C1.csv::E-6,Comms,C1,PL_Comms_C1.csv,E-6,23.0,110.0,direct_rf,105.45599999999996,-4.54400000000004,4.54400000000004,random,11,random
PL_Comms_C2.csv::N-37,Comms,C2,PL_Comms_C2.csv,N-37,12.10273626,95.0,direct_rf,95.12233207070709,0.12233207070708829,0.12233207070708829,random,11,random
PL_Library_C1.csv::D-2,Library,C1,PL_Library_C1.csv,D-2,23.3123,94.0,direct_rf,79.73507142857144,-14.264928571428555,14.264928571428555,random,11,random
PL_Comms_C1.csv::B-36,Comms,C1,PL_Comms_C1.csv,B-36,7.615773106,87.0,direct_rf,87.48244949494949,0.48244949494949196,0.48244949494949196,random,11,random
PL_Comms_C2.csv::I-35,Comms,C2,PL_Comms_C2.csv,I-35,7.312744013,89.0,direct_rf,84.99914880952382,-4.000851190476183,4.000851190476183,random,11,random
PL_Library_C2.csv::T-9,Library,C2,PL_Library_C2.csv,T-9,12.55142821,80.0,direct_rf,78.66735317460319,-1.3326468253968073,1.3326468253968073,random,11,random
PL_Comms_C1.csv::C-57,Comms,C1,PL_Comms_C1.csv,C-57,28.0713377,110.0,direct_rf,112.24277777777779,2.242777777777789,2.242777777777789,random,11,random
PL_Library_C2.csv::V-6,Library,C2,PL_Library_C2.csv,V-6,17.39495114,95.0,direct_rf,89.65630952380954,-5.34369047619046,5.34369047619046,random,11,random
PL_Comms_C2.csv::H-19,Comms,C2,PL_Comms_C2.csv,H-19,10.5107671,89.0,direct_rf,84.2240476190476,-4.775952380952404,4.775952380952404,random,11,random
PL_Comms_C1.csv::M-30,Comms,C1,PL_Comms_C1.csv,M-30,8.062257748,96.0,direct_rf,87.18140079365081,-8.818599206349191,8.818599206349191,random,11,random
PL_Library_C2.csv::J-14,Library,C2,PL_Library_C2.csv,J-14,6.180349909,78.0,direct_rf,72.58377709871826,-5.416222901281742,5.416222901281742,random,11,random
PL_Comms_C2.csv::A-7,Comms,C2,PL_Comms_C2.csv,A-7,22.39366484,115.0,direct_rf,110.59674603174602,-4.403253968253978,4.403253968253978,random,11,random
PL_Library_C2.csv::F-8,Library,C2,PL_Library_C2.csv,F-8,15.37814765,75.0,direct_rf,82.56846981322171,7.568469813221711,7.568469813221711,random,11,random
PL_Comms_C2.csv::C-25,Comms,C2,PL_Comms_C2.csv,C-25,4.634244814,86.0,direct_rf,74.48082142857145,-11.519178571428554,11.519178571428554,random,11,random
PL_Library_C2.csv::U-9,Library,C2,PL_Library_C2.csv,U-9,13.46872952,81.0,direct_rf,79.21173015873019,-1.788269841269809,1.788269841269809,random,11,random
PL_Comms_C1.csv::D-53,Comms,C1,PL_Comms_C1.csv,D-53,24.0208243,110.0,direct_rf,112.99305158730158,2.9930515873015793,2.9930515873015793,random,11,random
PL_SSE_C2.csv::H-4,SSE,C2,PL_SSE_C2.csv,H-4,8.571827401,82.0,direct_rf,79.45624404761905,-2.5437559523809483,2.5437559523809483,random,11,random
PL_Comms_C2.csv::H-12,Comms,C2,PL_Comms_C2.csv,H-12,17.30538139,90.0,direct_rf,92.64224007936508,2.642240079365081,2.642240079365081,random,11,random
PL_Comms_C2.csv::L-25,Comms,C2,PL_Comms_C2.csv,L-25,8.153295346,93.0,direct_rf,90.8440337301587,-2.1559662698413007,2.1559662698413007,random,11,random
PL_Library_C1.csv::P-11,Library,C1,PL_Library_C1.csv,P-11,7.2969,80.0,direct_rf,71.55207738095238,-8.447922619047617,8.447922619047617,random,11,random
PL_SSE_C2.csv::L-10,SSE,C2,PL_SSE_C2.csv,L-10,2.340133543,73.0,direct_rf,69.98403571428572,-3.0159642857142757,3.0159642857142757,random,11,random
PL_Library_C2.csv::F-3,Library,C2,PL_Library_C2.csv,F-3,20.71883322,92.0,direct_rf,89.14394047619044,-2.856059523809563,2.856059523809563,random,11,random
PL_Comms_C2.csv::A-15,Comms,C2,PL_Comms_C2.csv,A-15,14.61082561,98.0,direct_rf,103.08658318070815,5.086583180708146,5.086583180708146,random,11,random
PL_Comms_C2.csv::D-16,Comms,C2,PL_Comms_C2.csv,D-16,13.09489309,92.0,direct_rf,94.86589484126984,2.865894841269835,2.865894841269835,random,11,random
PL_Library_C1.csv::H-4,Library,C1,PL_Library_C1.csv,H-4,18.1792,77.0,direct_rf,81.80839271839272,4.808392718392724,4.808392718392724,random,11,random
PL_Library_C1.csv::U-5,Library,C1,PL_Library_C1.csv,U-5,17.667,83.0,direct_rf,81.41559819098919,-1.5844018090108136,1.5844018090108136,random,11,random
PL_Comms_C1.csv::K-4,Comms,C1,PL_Comms_C1.csv,K-4,25.70992026,103.0,direct_rf,104.15861904761906,1.1586190476190552,1.1586190476190552,random,11,random
PL_Library_C1.csv::C-1,Library,C1,PL_Library_C1.csv,C-1,25.2045,88.0,direct_rf,82.60068055555558,-5.399319444444416,5.399319444444416,random,11,random
PL_Comms_C1.csv::L-35,Comms,C1,PL_Comms_C1.csv,L-35,9.219544457,84.0,direct_rf,86.82897619047621,2.8289761904762116,2.8289761904762116,random,11,random
PL_Comms_C1.csv::L-27,Comms,C1,PL_Comms_C1.csv,L-27,7.280109889,76.0,direct_rf,85.98345238095239,9.983452380952386,9.983452380952386,random,11,random
PL_Comms_C1.csv::P-53,Comms,C1,PL_Comms_C1.csv,P-53,26.40075756,123.0,direct_rf,114.37042857142859,-8.62957142857141,8.62957142857141,random,11,random
PL_Library_C1.csv::C-5,Library,C1,PL_Library_C1.csv,C-5,21.0789,74.0,direct_rf,83.66739957264957,9.667399572649572,9.667399572649572,random,11,random
PL_Library_C1.csv::C-7,Library,C1,PL_Library_C1.csv,C-7,19.2582,78.0,direct_rf,80.09621329365078,2.096213293650777,2.096213293650777,random,11,random
PL_SSE_C1.csv::D-2,SSE,C1,PL_SSE_C1.csv,D-2,12.80624847,91.0,direct_rf,98.71605952380955,7.716059523809548,7.716059523809548,random,11,random
PL_SSE_C1.csv::N-9,SSE,C1,PL_SSE_C1.csv,N-9,1.0,52.0,direct_rf,53.355964285714315,1.3559642857143146,1.3559642857143146,random,11,random
PL_Comms_C1.csv::D-41,Comms,C1,PL_Comms_C1.csv,D-41,12.04159458,98.0,direct_rf,95.0899146825397,-2.9100853174603003,2.9100853174603003,random,11,random
PL_Comms_C2.csv::H-31,Comms,C2,PL_Comms_C2.csv,H-31,3.804763462,74.0,direct_rf,75.72365714840717,1.7236571484071703,1.7236571484071703,random,11,random
PL_Comms_C1.csv::E-25,Comms,C1,PL_Comms_C1.csv,E-25,4.0,75.0,direct_rf,73.10371428571428,-1.8962857142857246,1.8962857142857246,random,11,random
PL_Comms_C2.csv::F-5,Comms,C2,PL_Comms_C2.csv,F-5,24.0515327,94.0,direct_rf,94.9242936507936,0.9242936507936008,0.9242936507936008,random,11,random
PL_Library_C2.csv::Q-13,Library,C2,PL_Library_C2.csv,Q-13,5.875770162,70.0,direct_rf,70.06992729288682,0.06992729288681687,0.06992729288681687,random,11,random
PL_Comms_C1.csv::A-2,Comms,C1,PL_Comms_C1.csv,A-2,27.29468813,122.0,direct_rf,115.39129960317467,-6.608700396825327,6.608700396825327,random,11,random
PL_Comms_C1.csv::I-38,Comms,C1,PL_Comms_C1.csv,I-38,9.848857802,98.0,direct_rf,88.60189285714284,-9.398107142857157,9.398107142857157,random,11,random
PL_Comms_C2.csv::E-28,Comms,C2,PL_Comms_C2.csv,E-28,1.573602555,76.0,direct_rf,66.77746825396824,-9.222531746031763,9.222531746031763,random,11,random
PL_Library_C1.csv::M-22,Library,C1,PL_Library_C1.csv,M-22,8.2421,76.0,direct_rf,81.62050595238092,5.620505952380924,5.620505952380924,random,11,random
PL_SSE_C2.csv::I-4,SSE,C2,PL_SSE_C2.csv,I-4,7.904190344,82.0,direct_rf,87.69813546176043,5.69813546176043,5.69813546176043,random,11,random
PL_SSE_C2.csv::N-6,SSE,C2,PL_SSE_C2.csv,N-6,4.180457511,72.0,direct_rf,78.10343650793648,6.103436507936479,6.103436507936479,random,11,random
PL_Comms_C2.csv::E-57,Comms,C2,PL_Comms_C2.csv,E-57,28.02634876,108.0,direct_rf,112.50987698412699,4.50987698412699,4.50987698412699,random,11,random
PL_Comms_C2.csv::K-35,Comms,C2,PL_Comms_C2.csv,K-35,8.571827401,84.0,direct_rf,84.55591666666668,0.5559166666666755,0.5559166666666755,random,11,random
PL_Comms_C2.csv::E-30,Comms,C2,PL_Comms_C2.csv,E-30,1.573602555,66.0,direct_rf,73.87946428571429,7.879464285714292,7.879464285714292,random,11,random
PL_Library_C1.csv::Q-9,Library,C1,PL_Library_C1.csv,Q-9,10.3194,70.0,direct_rf,71.64083424908428,1.6408342490842784,1.6408342490842784,random,11,random
PL_Comms_C1.csv::H-26,Comms,C1,PL_Comms_C1.csv,H-26,4.242640687,68.0,direct_rf,74.85153571428572,6.851535714285717,6.851535714285717,random,11,random
PL_Comms_C1.csv::B-10,Comms,C1,PL_Comms_C1.csv,B-10,19.23538406,104.0,direct_rf,102.93035714285716,-1.0696428571428385,1.0696428571428385,random,11,random
PL_Comms_C2.csv::E-19,Comms,C2,PL_Comms_C2.csv,E-19,10.07354084,90.0,direct_rf,89.35879662112053,-0.6412033788794673,0.6412033788794673,random,11,random
PL_Comms_C1.csv::F-53,Comms,C1,PL_Comms_C1.csv,F-53,24.0208243,92.0,direct_rf,91.17184722222218,-0.8281527777778166,0.8281527777778166,random,11,random
PL_Library_C2.csv::N-26,Library,C2,PL_Library_C2.csv,N-26,13.60436419,80.0,direct_rf,82.54695039682541,2.546950396825409,2.546950396825409,random,11,random
PL_Library_C1.csv::T-9,Library,C1,PL_Library_C1.csv,T-9,12.4925,81.0,direct_rf,77.58848429584599,-3.411515704154013,3.411515704154013,random,11,random
PL_SSE_C1.csv::D-8,SSE,C1,PL_SSE_C1.csv,D-8,10.19803903,77.0,direct_rf,92.5930119047619,15.593011904761894,15.593011904761894,random,11,random
PL_Comms_C1.csv::C-13,Comms,C1,PL_Comms_C1.csv,C-13,16.1245155,94.0,direct_rf,92.49022023809526,-1.5097797619047384,1.5097797619047384,random,11,random
PL_Comms_C1.csv::K-44,Comms,C1,PL_Comms_C1.csv,K-44,16.15549442,97.0,direct_rf,107.59916865079366,10.599168650793658,10.599168650793658,random,11,random
PL_Comms_C1.csv::H-36,Comms,C1,PL_Comms_C1.csv,H-36,7.615773106,79.0,direct_rf,87.48244949494949,8.482449494949492,8.482449494949492,random,11,random
PL_SSE_C1.csv::A-1,SSE,C1,PL_SSE_C1.csv,A-1,15.8113883,96.0,direct_rf,97.41435317460316,1.4143531746031641,1.4143531746031641,random,11,random
PL_Comms_C1.csv::F-19,Comms,C1,PL_Comms_C1.csv,F-19,10.04987562,80.0,direct_rf,90.02389227220146,10.023892272201465,10.023892272201465,random,11,random
PL_Comms_C1.csv::B-7,Comms,C1,PL_Comms_C1.csv,B-7,22.20360331,112.0,direct_rf,113.53274206349207,1.5327420634920657,1.5327420634920657,random,11,random
PL_Comms_C1.csv::F-31,Comms,C1,PL_Comms_C1.csv,F-31,2.236067977,70.0,direct_rf,68.77559126984127,-1.2244087301587285,1.2244087301587285,random,11,random
PL_Library_C2.csv::G-12,Library,C2,PL_Library_C2.csv,G-12,10.99171734,80.0,direct_rf,77.30979184704188,-2.690208152958121,2.690208152958121,random,11,random
PL_Library_C1.csv::K-10,Library,C1,PL_Library_C1.csv,K-10,9.0896,71.0,direct_rf,74.12762518037516,3.127625180375162,3.127625180375162,random,11,random
PL_Library_C2.csv::U-12,Library,C2,PL_Library_C2.csv,U-12,10.99171734,83.0,direct_rf,77.93840295815298,-5.061597041847023,5.061597041847023,random,11,random
PL_Comms_C1.csv::M-18,Comms,C1,PL_Comms_C1.csv,M-18,13.60147051,85.0,direct_rf,89.64823237179482,4.648232371794819,4.648232371794819,random,11,random
PL_Library_C2.csv::Y-19,Library,C2,PL_Library_C2.csv,Y-19,15.49707956,82.0,direct_rf,84.64348917748913,2.64348917748913,2.64348917748913,random,11,random
PL_Library_C1.csv::W-11,Library,C1,PL_Library_C1.csv,W-11,13.9506,73.0,direct_rf,75.72318452380954,2.723184523809536,2.723184523809536,random,11,random
PL_Comms_C2.csv::G-36,Comms,C2,PL_Comms_C2.csv,G-36,7.380801108,97.0,direct_rf,87.8347168109668,-9.165283189033204,9.165283189033204,random,11,random
PL_Comms_C1.csv::I-6,Comms,C1,PL_Comms_C1.csv,I-6,23.34523506,109.0,direct_rf,93.93801587301589,-15.061984126984115,15.061984126984115,random,11,random
PL_Comms_C2.csv::J-52,Comms,C2,PL_Comms_C2.csv,J-52,23.56854312,119.0,direct_rf,95.44506944444443,-23.554930555555572,23.554930555555572,random,11,random
PL_Comms_C2.csv::C-35,Comms,C2,PL_Comms_C2.csv,C-35,6.440203801,77.0,direct_rf,89.44731150793652,12.447311507936519,12.447311507936519,random,11,random
PL_Comms_C2.csv::J-4,Comms,C2,PL_Comms_C2.csv,J-4,25.5240323,99.0,direct_rf,107.34358333333336,8.343583333333356,8.343583333333356,random,11,random
PL_Library_C1.csv::S-23,Library,C1,PL_Library_C1.csv,S-23,11.6562,75.0,direct_rf,72.30518694736118,-2.694813052638821,2.694813052638821,random,11,random
PL_Comms_C2.csv::C-52,Comms,C2,PL_Comms_C2.csv,C-52,23.11874186,122.0,direct_rf,112.33730357142855,-9.66269642857145,9.66269642857145,random,11,random
PL_Comms_C1.csv::I-22,Comms,C1,PL_Comms_C1.csv,I-22,8.062257748,88.0,direct_rf,86.23743506493503,-1.7625649350649724,1.7625649350649724,random,11,random
PL_Comms_C1.csv::H-48,Comms,C1,PL_Comms_C1.csv,H-48,19.23538406,86.0,direct_rf,87.35274999999997,1.352749999999972,1.352749999999972,random,11,random
PL_Library_C1.csv::I-11,Library,C1,PL_Library_C1.csv,I-11,9.5813,75.0,direct_rf,77.43060886433254,2.430608864332541,2.430608864332541,random,11,random
PL_Comms_C1.csv::N-56,Comms,C1,PL_Comms_C1.csv,N-56,28.46049894,115.0,direct_rf,112.63412896825395,-2.365871031746053,2.365871031746053,random,11,random
PL_Comms_C2.csv::N-38,Comms,C2,PL_Comms_C2.csv,N-38,12.78578214,103.0,direct_rf,102.58536507936506,-0.41463492063493845,0.41463492063493845,random,11,random
PL_Library_C2.csv::O-9,Library,C2,PL_Library_C2.csv,O-9,9.658026455,72.0,direct_rf,71.60015476190476,-0.39984523809523864,0.39984523809523864,random,11,random
PL_Library_C1.csv::B-2,Library,C1,PL_Library_C1.csv,B-2,24.985,82.0,direct_rf,82.59951388888892,0.5995138888889215,0.5995138888889215,random,11,random
PL_Library_C2.csv::Q-23,Library,C2,PL_Library_C2.csv,Q-23,10.39065325,75.0,direct_rf,74.46825813402289,-0.5317418659771107,0.5317418659771107,random,11,random
PL_Library_C1.csv::F-16,Library,C1,PL_Library_C1.csv,F-16,10.84,87.0,direct_rf,84.27098015873017,-2.7290198412698317,2.7290198412698317,random,11,random
PL_SSE_C1.csv::K-3,SSE,C1,PL_SSE_C1.csv,K-3,7.615773106,75.0,direct_rf,75.822900974026,0.8229009740259983,0.8229009740259983,random,11,random
PL_Comms_C2.csv::O-23,Comms,C2,PL_Comms_C2.csv,O-23,11.72502559,85.0,direct_rf,96.9755654761905,11.975565476190496,11.975565476190496,random,11,random
PL_Library_C2.csv::W-8,Library,C2,PL_Library_C2.csv,W-8,16.36153569,84.0,direct_rf,88.02356349206347,4.023563492063474,4.023563492063474,random,11,random
PL_Comms_C1.csv::F-51,Comms,C1,PL_Comms_C1.csv,F-51,22.02271555,94.0,direct_rf,101.57049404761906,7.570494047619064,7.570494047619064,random,11,random
PL_Comms_C2.csv::P-17,Comms,C2,PL_Comms_C2.csv,P-17,16.32409952,94.0,direct_rf,87.77138035635862,-6.22861964364138,6.22861964364138,random,11,random
PL_Comms_C1.csv::L-39,Comms,C1,PL_Comms_C1.csv,L-39,12.20655562,103.0,direct_rf,94.73408333333333,-8.26591666666667,8.26591666666667,random,11,random
PL_Library_C2.csv::H-3,Library,C2,PL_Library_C2.csv,H-3,19.43865607,91.0,direct_rf,86.54263492063492,-4.457365079365076,4.457365079365076,random,11,random
PL_Library_C2.csv::J-3,Library,C2,PL_Library_C2.csv,J-3,18.46999865,88.0,direct_rf,87.54546726190476,-0.45453273809523864,0.45453273809523864,random,11,random
PL_Comms_C1.csv::M-13,Comms,C1,PL_Comms_C1.csv,M-13,17.88854382,115.0,direct_rf,104.85318055555561,-10.14681944444439,10.14681944444439,random,11,random
PL_Comms_C1.csv::A-53,Comms,C1,PL_Comms_C1.csv,A-53,24.33105012,108.0,direct_rf,112.52498214285717,4.524982142857169,4.524982142857169,random,11,random
PL_Comms_C1.csv::E-54,Comms,C1,PL_Comms_C1.csv,E-54,25.0,106.0,direct_rf,108.88097817460319,2.880978174603186,2.880978174603186,random,11,random
PL_Library_C2.csv::R-15,Library,C2,PL_Library_C2.csv,R-15,5.717398884,63.0,direct_rf,72.79838636363634,9.79838636363634,9.79838636363634,random,11,random
PL_Comms_C2.csv::J-38,Comms,C2,PL_Comms_C2.csv,J-38,10.36707408,99.0,direct_rf,87.34887301587298,-11.651126984127018,11.651126984127018,random,11,random
PL_Comms_C2.csv::L-21,Comms,C2,PL_Comms_C2.csv,L-21,10.69935629,91.0,direct_rf,86.19720238095235,-4.802797619047652,4.802797619047652,random,11,random
PL_Library_C2.csv::A-6,Library,C2,PL_Library_C2.csv,A-6,22.25684052,94.0,direct_rf,91.96464213564215,-2.0353578643578487,2.0353578643578487,random,11,random
PL_Comms_C1.csv::O-37,Comms,C1,PL_Comms_C1.csv,O-37,12.80624847,90.0,direct_rf,94.76404166666667,4.764041666666671,4.764041666666671,random,11,random
PL_SSE_C1.csv::C-5,SSE,C1,PL_SSE_C1.csv,C-5,12.08304597,87.0,direct_rf,96.36445670995674,9.364456709956741,9.364456709956741,random,11,random
PL_Comms_C2.csv::F-10,Comms,C2,PL_Comms_C2.csv,F-10,19.06505245,86.0,direct_rf,110.57906181318684,24.57906181318684,24.57906181318684,random,11,random
PL_Comms_C1.csv::I-14,Comms,C1,PL_Comms_C1.csv,I-14,15.5241747,97.0,direct_rf,94.92805158730164,-2.0719484126983616,2.0719484126983616,random,11,random
PL_Comms_C1.csv::B-50,Comms,C1,PL_Comms_C1.csv,B-50,21.21320344,115.0,direct_rf,106.53989285714287,-8.460107142857126,8.460107142857126,random,11,random
PL_Library_C1.csv::V-8,Library,C1,PL_Library_C1.csv,V-8,15.3301,92.0,direct_rf,80.61446179183135,-11.385538208168654,11.385538208168654,random,11,random
PL_Comms_C2.csv::K-28,Comms,C2,PL_Comms_C2.csv,K-28,6.202920683,69.0,direct_rf,86.13808928571427,17.138089285714273,17.138089285714273,random,11,random
PL_Comms_C2.csv::D-27,Comms,C2,PL_Comms_C2.csv,D-27,2.544842824,72.0,direct_rf,74.00439285714286,2.004392857142861,2.004392857142861,random,11,random
PL_Comms_C1.csv::F-12,Comms,C1,PL_Comms_C1.csv,F-12,17.02938637,98.0,direct_rf,104.87360714285713,6.873607142857125,6.873607142857125,random,11,random
PL_Comms_C2.csv::B-46,Comms,C2,PL_Comms_C2.csv,B-46,17.30538139,109.0,direct_rf,109.6985932539683,0.6985932539682977,0.6985932539682977,random,11,random
PL_Comms_C2.csv::A-3,Comms,C2,PL_Comms_C2.csv,A-3,26.33393675,122.0,direct_rf,115.40561111111109,-6.594388888888915,6.594388888888915,random,11,random
PL_Comms_C1.csv::F-22,Comms,C1,PL_Comms_C1.csv,F-22,7.071067812,77.0,direct_rf,81.84284971972474,4.8428497197247395,4.8428497197247395,random,11,random
PL_Comms_C2.csv::G-19,Comms,C2,PL_Comms_C2.csv,G-19,10.27016188,88.0,direct_rf,90.20857710452604,2.208577104526043,2.208577104526043,random,11,random
PL_Comms_C1.csv::J-18,Comms,C1,PL_Comms_C1.csv,J-18,12.08304597,91.0,direct_rf,93.448553030303,2.448553030303003,2.448553030303003,random,11,random
PL_Comms_C2.csv::F-13,Comms,C2,PL_Comms_C2.csv,F-13,16.07719581,83.0,direct_rf,96.48132738095237,13.481327380952365,13.481327380952365,random,11,random
PL_Comms_C2.csv::G-47,Comms,C2,PL_Comms_C2.csv,G-47,18.15147997,86.0,direct_rf,108.40833333333332,22.408333333333317,22.408333333333317,random,11,random
PL_Comms_C2.csv::N-10,Comms,C2,PL_Comms_C2.csv,N-10,21.05887521,114.0,direct_rf,96.34712499999998,-17.652875000000023,17.652875000000023,random,11,random
PL_SSE_C1.csv::K-7,SSE,C1,PL_SSE_C1.csv,K-7,4.242640687,81.0,direct_rf,72.16276551226554,-8.837234487734463,8.837234487734463,random,11,random
PL_Comms_C2.csv::A-6,Comms,C2,PL_Comms_C2.csv,A-6,23.37683094,113.0,direct_rf,113.70598412698413,0.7059841269841343,0.7059841269841343,random,11,random
PL_Comms_C2.csv::C-31,Comms,C2,PL_Comms_C2.csv,C-31,3.078347771,73.0,direct_rf,74.59241883116883,1.5924188311688283,1.5924188311688283,random,11,random
PL_Library_C1.csv::S-13,Library,C1,PL_Library_C1.csv,S-13,7.9009,82.0,direct_rf,82.50507377344879,0.5050737734487853,0.5050737734487853,random,11,random
PL_Library_C1.csv::U-19,Library,C1,PL_Library_C1.csv,U-19,10.3194,74.0,direct_rf,74.34259907782278,0.34259907782278276,0.34259907782278276,random,11,random
PL_Comms_C2.csv::J-41,Comms,C2,PL_Comms_C2.csv,J-41,13.05665443,101.0,direct_rf,99.51332142857143,-1.4866785714285697,1.4866785714285697,random,11,random
PL_Library_C1.csv::L-8,Library,C1,PL_Library_C1.csv,L-8,11.1736,85.0,direct_rf,77.89281381919577,-7.107186180804234,7.107186180804234,random,11,random
PL_Comms_C2.csv::B-22,Comms,C2,PL_Comms_C2.csv,B-22,7.712083052,83.0,direct_rf,86.23930952380951,3.23930952380951,3.23930952380951,random,11,random
PL_Comms_C1.csv::M-32,Comms,C1,PL_Comms_C1.csv,M-32,8.544003745,86.0,direct_rf,89.62092857142854,3.6209285714285357,3.6209285714285357,random,11,random
PL_Comms_C1.csv::E-36,Comms,C1,PL_Comms_C1.csv,E-36,7.0,90.0,direct_rf,83.23429671717172,-6.765703282828284,6.765703282828284,random,11,random
PL_Comms_C2.csv::E-40,Comms,C2,PL_Comms_C2.csv,E-40,11.06689771,98.0,direct_rf,92.70229553779558,-5.297704462204422,5.297704462204422,random,11,random
PL_Comms_C2.csv::F-12,Comms,C2,PL_Comms_C2.csv,F-12,17.07267481,96.0,direct_rf,105.27508134920635,9.275081349206346,9.275081349206346,random,11,random
PL_Comms_C1.csv::L-25,Comms,C1,PL_Comms_C1.csv,L-25,8.062257748,83.0,direct_rf,93.97249134199136,10.972491341991358,10.972491341991358,random,11,random
PL_Comms_C2.csv::F-45,Comms,C2,PL_Comms_C2.csv,F-45,16.07719581,93.0,direct_rf,100.89755952380952,7.8975595238095195,7.8975595238095195,random,11,random
PL_Comms_C2.csv::B-32,Comms,C2,PL_Comms_C2.csv,B-32,4.413187623,77.0,direct_rf,80.16245634920637,3.1624563492063658,3.1624563492063658,random,11,random
PL_Library_C1.csv::S-7,Library,C1,PL_Library_C1.csv,S-7,13.9506,84.0,direct_rf,80.74229296066257,-3.2577070393374328,3.2577070393374328,random,11,random
PL_Library_C2.csv::I-4,Library,C2,PL_Library_C2.csv,I-4,17.65685278,82.0,direct_rf,83.00387348272645,1.0038734827264477,1.0038734827264477,random,11,random
PL_Comms_C1.csv::K-53,Comms,C1,PL_Comms_C1.csv,K-53,24.73863375,113.0,direct_rf,110.70388095238093,-2.2961190476190723,2.2961190476190723,random,11,random
PL_Library_C1.csv::B-9,Library,C1,PL_Library_C1.csv,B-9,18.8243,80.0,direct_rf,84.30297420634918,4.302974206349177,4.302974206349177,random,11,random
PL_Library_C1.csv::V-11,Library,C1,PL_Library_C1.csv,V-11,12.783,74.0,direct_rf,83.27765945165947,9.277659451659474,9.277659451659474,random,11,random
PL_Library_C2.csv::V-17,Library,C2,PL_Library_C2.csv,V-17,10.99171734,74.0,direct_rf,74.05822302770238,0.058223027702382524,0.058223027702382524,random,11,random
PL_SSE_C2.csv::N-2,SSE,C2,PL_SSE_C2.csv,N-2,8.09173807,87.0,direct_rf,75.05060714285715,-11.949392857142854,11.949392857142854,random,11,random
PL_Library_C2.csv::F-5,Library,C2,PL_Library_C2.csv,F-5,18.46999865,81.0,direct_rf,87.54546726190476,6.545467261904761,6.545467261904761,random,11,random
PL_Comms_C1.csv::A-42,Comms,C1,PL_Comms_C1.csv,A-42,13.60147051,92.0,direct_rf,97.86203373015877,5.862033730158771,5.862033730158771,random,11,random
PL_Library_C1.csv::R-5,Library,C1,PL_Library_C1.csv,R-5,15.8599,95.0,direct_rf,82.65617861709902,-12.343821382900984,12.343821382900984,random,11,random
PL_Library_C1.csv::D-8,Library,C1,PL_Library_C1.csv,D-8,17.3525,79.0,direct_rf,85.73088935574229,6.730889355742292,6.730889355742292,random,11,random
PL_Comms_C1.csv::L-47,Comms,C1,PL_Comms_C1.csv,L-47,19.31320792,104.0,direct_rf,108.73201785714284,4.732017857142836,4.732017857142836,random,11,random
PL_Library_C2.csv::B-11,Library,C2,PL_Library_C2.csv,B-11,17.65685278,88.0,direct_rf,83.65929563492064,-4.340704365079361,4.340704365079361,random,11,random
PL_Comms_C2.csv::A-12,Comms,C2,PL_Comms_C2.csv,A-12,17.50646238,116.0,direct_rf,111.30530230880233,-4.694697691197675,4.694697691197675,random,11,random
PL_Comms_C2.csv::K-37,Comms,C2,PL_Comms_C2.csv,K-37,10.07354084,95.0,direct_rf,89.35879662112053,-5.641203378879467,5.641203378879467,random,11,random
PL_Comms_C2.csv::P-56,Comms,C2,PL_Comms_C2.csv,P-56,29.18006554,123.0,direct_rf,121.11319642857141,-1.8868035714285867,1.8868035714285867,random,11,random
PL_Comms_C1.csv::H-41,Comms,C1,PL_Comms_C1.csv,H-41,12.36931688,92.0,direct_rf,89.60611706349202,-2.3938829365079783,2.3938829365079783,random,11,random
PL_Comms_C1.csv::L-42,Comms,C1,PL_Comms_C1.csv,L-42,14.76482306,91.0,direct_rf,99.28853769841267,8.288537698412668,8.288537698412668,random,11,random
PL_Comms_C1.csv::E-23,Comms,C1,PL_Comms_C1.csv,E-23,6.0,77.0,direct_rf,76.51712355699853,-0.4828764430014729,0.4828764430014729,random,11,random
PL_Library_C1.csv::F-9,Library,C1,PL_Library_C1.csv,F-9,14.4038,76.0,direct_rf,88.38862698412699,12.388626984126986,12.388626984126986,random,11,random
PL_Comms_C1.csv::O-57,Comms,C1,PL_Comms_C1.csv,O-57,29.73213749,115.0,direct_rf,113.74030357142857,-1.2596964285714307,1.2596964285714307,random,11,random
PL_Comms_C1.csv::A-31,Comms,C1,PL_Comms_C1.csv,A-31,4.472135955,68.0,direct_rf,75.08099025974029,7.08099025974029,7.08099025974029,random,11,random
PL_Comms_C1.csv::B-13,Comms,C1,PL_Comms_C1.csv,B-13,16.2788206,94.0,direct_rf,94.78679761904765,0.7867976190476469,0.7867976190476469,random,11,random
PL_Comms_C2.csv::B-53,Comms,C2,PL_Comms_C2.csv,B-53,24.21727121,116.0,direct_rf,116.79838095238095,0.7983809523809526,0.7983809523809526,random,11,random
PL_Library_C1.csv::T-17,Library,C1,PL_Library_C1.csv,T-17,8.2421,73.0,direct_rf,71.71789682539682,-1.2821031746031792,1.2821031746031792,random,11,random
PL_Comms_C2.csv::O-22,Comms,C2,PL_Comms_C2.csv,O-22,12.26687511,95.0,direct_rf,91.78726461038961,-3.212735389610387,3.212735389610387,random,11,random
PL_Comms_C1.csv::A-48,Comms,C1,PL_Comms_C1.csv,A-48,19.41648784,114.0,direct_rf,109.18351785714283,-4.8164821428571685,4.8164821428571685,random,11,random
PL_Library_C2.csv::N-9,Library,C2,PL_Library_C2.csv,N-9,9.562502288,78.0,direct_rf,72.02173809523809,-5.978261904761908,5.978261904761908,random,11,random
PL_SSE_C2.csv::E-4,SSE,C2,PL_SSE_C2.csv,E-4,10.88467845,95.0,direct_rf,87.84649404761907,-7.153505952380925,7.153505952380925,random,11,random
PL_Library_C2.csv::M-3,Library,C2,PL_Library_C2.csv,M-3,17.70876831,88.0,direct_rf,84.96773300552105,-3.0322669944789453,3.0322669944789453,random,11,random
PL_Comms_C1.csv::E-48,Comms,C1,PL_Comms_C1.csv,E-48,19.0,102.0,direct_rf,105.60665873015873,3.6066587301587276,3.6066587301587276,random,11,random
PL_Comms_C1.csv::M-41,Comms,C1,PL_Comms_C1.csv,M-41,14.4222051,95.0,direct_rf,98.18754166666669,3.1875416666666894,3.1875416666666894,random,11,random
PL_Comms_C2.csv::H-43,Comms,C2,PL_Comms_C2.csv,H-43,14.3692806,87.0,direct_rf,89.88445227749303,2.8844522774930255,2.8844522774930255,random,11,random
PL_Library_C1.csv::P-5,Library,C1,PL_Library_C1.csv,P-5,15.1494,80.0,direct_rf,82.6461684443008,2.6461684443007982,2.6461684443007982,random,11,random
PL_SSE_C1.csv::M-8,SSE,C1,PL_SSE_C1.csv,M-8,2.236067977,53.0,direct_rf,59.64931150793648,6.649311507936481,6.649311507936481,random,11,random
PL_Library_C1.csv::M-25,Library,C1,PL_Library_C1.csv,M-25,12.27,80.0,direct_rf,83.08881547619046,3.0888154761904616,3.0888154761904616,random,11,random
PL_Library_C2.csv::E-2,Library,C2,PL_Library_C2.csv,E-2,22.58440059,93.0,direct_rf,92.09803174603174,-0.9019682539682634,0.9019682539682634,random,11,random
PL_Comms_C1.csv::O-38,Comms,C1,PL_Comms_C1.csv,O-38,13.45362405,98.0,direct_rf,100.94190674603173,2.9419067460317336,2.9419067460317336,random,11,random
PL_Comms_C1.csv::N-36,Comms,C1,PL_Comms_C1.csv,N-36,11.40175425,94.0,direct_rf,92.32563275613278,-1.6743672438672235,1.6743672438672235,random,11,random
PL_Library_C1.csv::U-14,Library,C1,PL_Library_C1.csv,U-14,9.8645,79.0,direct_rf,73.7505370042754,-5.249462995724599,5.249462995724599,random,11,random
PL_Comms_C2.csv::G-41,Comms,C2,PL_Comms_C2.csv,G-41,12.22604699,84.0,direct_rf,91.75303841991342,7.753038419913423,7.753038419913423,random,11,random
PL_Library_C2.csv::Q-11,Library,C2,PL_Library_C2.csv,Q-11,7.993814796,75.0,direct_rf,78.24082251082251,3.240822510822511,3.240822510822511,random,11,random
PL_Library_C2.csv::N-14,Library,C2,PL_Library_C2.csv,N-14,2.969903197,64.0,direct_rf,70.41384145021644,6.413841450216438,6.413841450216438,random,11,random
PL_Comms_C1.csv::O-26,Comms,C1,PL_Comms_C1.csv,O-26,10.44030651,95.0,direct_rf,89.38724042950514,-5.612759570494859,5.612759570494859,random,11,random
PL_Comms_C1.csv::D-33,Comms,C1,PL_Comms_C1.csv,D-33,4.123105626,79.0,direct_rf,75.31129761904762,-3.6887023809523782,3.6887023809523782,random,11,random
PL_Comms_C2.csv::F-7,Comms,C2,PL_Comms_C2.csv,F-7,22.05620604,83.0,direct_rf,99.58275703463198,16.58275703463198,16.58275703463198,random,11,random
PL_Comms_C1.csv::O-51,Comms,C1,PL_Comms_C1.csv,O-51,24.16609195,110.0,direct_rf,111.88767658730153,1.8876765873015273,1.8876765873015273,random,11,random
PL_SSE_C2.csv::C-5,SSE,C2,PL_SSE_C2.csv,C-5,12.14397896,101.0,direct_rf,97.55092099567104,-3.449079004328965,3.449079004328965,random,11,random
PL_Comms_C1.csv::J-45,Comms,C1,PL_Comms_C1.csv,J-45,16.76305461,100.0,direct_rf,102.91599007936507,2.9159900793650735,2.9159900793650735,random,11,random
PL_Comms_C2.csv::A-52,Comms,C2,PL_Comms_C2.csv,A-52,23.37683094,122.0,direct_rf,114.24579761904762,-7.754202380952378,7.754202380952378,random,11,random
PL_SSE_C1.csv::M-3,SSE,C1,PL_SSE_C1.csv,M-3,7.071067812,69.0,direct_rf,73.13037121212123,4.130371212121233,4.130371212121233,random,11,random
PL_Comms_C1.csv::D-57,Comms,C1,PL_Comms_C1.csv,D-57,28.01785145,114.0,direct_rf,109.24615476190478,-4.753845238095224,4.753845238095224,random,11,random
PL_Comms_C1.csv::G-30,Comms,C1,PL_Comms_C1.csv,G-30,2.236067977,62.0,direct_rf,61.22923448773446,-0.770765512265541,0.770765512265541,random,11,random
PL_Library_C1.csv::W-8,Library,C1,PL_Library_C1.csv,W-8,16.3164,87.0,direct_rf,83.86680952380954,-3.133190476190464,3.133190476190464,random,11,random
PL_Comms_C1.csv::C-43,Comms,C1,PL_Comms_C1.csv,C-43,14.14213562,95.0,direct_rf,95.31368181818185,0.31368181818184837,0.31368181818184837,random,11,random
PL_Library_C2.csv::Q-12,Library,C2,PL_Library_C2.csv,Q-12,6.883084338,75.0,direct_rf,73.41664484126986,-1.5833551587301429,1.5833551587301429,random,11,random
PL_Comms_C2.csv::F-23,Comms,C2,PL_Comms_C2.csv,F-23,6.202920683,94.0,direct_rf,88.60958531746033,-5.390414682539671,5.390414682539671,random,11,random
PL_Comms_C1.csv::J-32,Comms,C1,PL_Comms_C1.csv,J-32,5.830951895,83.0,direct_rf,79.0864682539683,-3.913531746031694,3.913531746031694,random,11,random
PL_Comms_C2.csv::H-1,Comms,C2,PL_Comms_C2.csv,H-1,28.18645464,105.0,direct_rf,101.10705952380951,-3.892940476190489,3.892940476190489,random,11,random
PL_SSE_C2.csv::F-8,SSE,C2,PL_SSE_C2.csv,F-8,8.335239949,88.0,direct_rf,86.94681150793649,-1.0531884920635122,1.0531884920635122,random,11,random
PL_Comms_C2.csv::A-25,Comms,C2,PL_Comms_C2.csv,A-25,5.78586424,82.0,direct_rf,79.77882738095236,-2.2211726190476355,2.2211726190476355,random,11,random
PL_Library_C1.csv::I-5,Library,C1,PL_Library_C1.csv,I-5,16.3725,87.0,direct_rf,84.51934442110179,-2.480655578898208,2.480655578898208,random,11,random
PL_Comms_C1.csv::I-23,Comms,C1,PL_Comms_C1.csv,I-23,7.211102551,82.0,direct_rf,87.49774221611725,5.497742216117246,5.497742216117246,random,11,random
PL_Comms_C2.csv::I-55,Comms,C2,PL_Comms_C2.csv,I-55,26.33393675,110.0,direct_rf,104.35270436507943,-5.647295634920567,5.647295634920567,random,11,random
PL_Comms_C1.csv::N-27,Comms,C1,PL_Comms_C1.csv,N-27,9.219544457,82.0,direct_rf,80.34983928571428,-1.6501607142857182,1.6501607142857182,random,11,random
PL_SSE_C1.csv::F-3,SSE,C1,PL_SSE_C1.csv,F-3,10.63014581,86.0,direct_rf,84.79817857142858,-1.2018214285714208,1.2018214285714208,random,11,random
PL_SSE_C1.csv::C-7,SSE,C1,PL_SSE_C1.csv,C-7,11.40175425,98.0,direct_rf,95.76673214285717,-2.2332678571428346,2.2332678571428346,random,11,random
PL_Comms_C1.csv::E-56,Comms,C1,PL_Comms_C1.csv,E-56,27.0,107.0,direct_rf,113.53863690476199,6.538636904761987,6.538636904761987,random,11,random
PL_Comms_C2.csv::E-11,Comms,C2,PL_Comms_C2.csv,E-11,18.04095965,107.0,direct_rf,105.23835588023088,-1.761644119769116,1.761644119769116,random,11,random
PL_Library_C1.csv::C-16,Library,C1,PL_Library_C1.csv,C-16,14.905,75.0,direct_rf,86.938939659197,11.938939659197004,11.938939659197004,random,11,random
PL_SSE_C1.csv::A-3,SSE,C1,PL_SSE_C1.csv,A-3,14.76482306,96.0,direct_rf,98.74376785714284,2.743767857142842,2.743767857142842,random,11,random
PL_Comms_C2.csv::D-56,Comms,C2,PL_Comms_C2.csv,D-56,27.04581714,112.0,direct_rf,118.42568452380951,6.425684523809508,6.425684523809508,random,11,random
PL_Comms_C1.csv::E-18,Comms,C1,PL_Comms_C1.csv,E-18,11.0,96.0,direct_rf,93.08016071428574,-2.9198392857142608,2.9198392857142608,random,11,random
PL_Comms_C2.csv::D-53,Comms,C2,PL_Comms_C2.csv,D-53,24.0515327,117.0,direct_rf,113.70803571428563,-3.2919642857143714,3.2919642857143714,random,11,random
PL_Library_C2.csv::S-5,Library,C2,PL_Library_C2.csv,S-5,16.41754778,87.0,direct_rf,86.51876790281331,-0.481232097186691,0.481232097186691,random,11,random
PL_Library_C2.csv::L-14,Library,C2,PL_Library_C2.csv,L-14,4.020500591,77.0,direct_rf,69.03210994560995,-7.967890054390054,7.967890054390054,random,11,random
PL_Comms_C2.csv::E-50,Comms,C2,PL_Comms_C2.csv,E-50,21.03511885,114.0,direct_rf,109.79125,-4.208749999999995,4.208749999999995,random,11,random
PL_Comms_C1.csv::A-55,Comms,C1,PL_Comms_C1.csv,A-55,26.30589288,117.0,direct_rf,115.16458333333334,-1.83541666666666,1.83541666666666,random,11,random
PL_Library_C2.csv::D-7,Library,C2,PL_Library_C2.csv,D-7,18.27010536,88.0,direct_rf,87.93538392857141,-0.06461607142858838,0.06461607142858838,random,11,random
PL_Library_C2.csv::R-5,Library,C2,PL_Library_C2.csv,R-5,15.90633993,92.0,direct_rf,87.78752385519428,-4.21247614480572,4.21247614480572,random,11,random
PL_SSE_C2.csv::A-2,SSE,C2,PL_SSE_C2.csv,A-2,15.31261653,104.0,direct_rf,99.50512896825401,-4.494871031745987,4.494871031745987,random,11,random
PL_Library_C2.csv::T-20,Library,C2,PL_Library_C2.csv,T-20,9.846294988,75.0,direct_rf,76.22306436709071,1.2230643670907142,1.2230643670907142,random,11,random
PL_SSE_C2.csv::A-7,SSE,C2,PL_SSE_C2.csv,A-7,13.3968737,106.0,direct_rf,101.76180357142859,-4.238196428571413,4.238196428571413,random,11,random
PL_Library_C1.csv::I-16,Library,C1,PL_Library_C1.csv,I-16,6.775,80.0,direct_rf,77.31299503968256,-2.687004960317438,2.687004960317438,random,11,random
PL_Comms_C2.csv::C-13,Comms,C2,PL_Comms_C2.csv,C-13,16.1702265,103.0,direct_rf,97.84100000000001,-5.158999999999992,5.158999999999992,random,11,random
PL_Comms_C1.csv::O-55,Comms,C1,PL_Comms_C1.csv,O-55,27.85677655,103.0,direct_rf,113.0006071428572,10.000607142857206,10.000607142857206,random,11,random
PL_Comms_C2.csv::K-24,Comms,C2,PL_Comms_C2.csv,K-24,7.904190344,92.0,direct_rf,87.9792287157287,-4.020771284271305,4.020771284271305,random,11,random
PL_Library_C2.csv::S-23,Library,C2,PL_Library_C2.csv,S-23,11.71930352,82.0,direct_rf,74.8135559949802,-7.186444005019794,7.186444005019794,random,11,random
PL_Library_C2.csv::T-15,Library,C2,PL_Library_C2.csv,T-15,8.331215398,77.0,direct_rf,73.85329725829723,-3.146702741702768,3.146702741702768,random,11,random
PL_Comms_C2.csv::G-48,Comms,C2,PL_Comms_C2.csv,G-48,19.14356876,90.0,direct_rf,102.26333333333332,12.263333333333321,12.263333333333321,random,11,random
PL_SSE_C2.csv::D-4,SSE,C2,PL_SSE_C2.csv,D-4,11.72502559,97.0,direct_rf,95.05145670995677,-1.948543290043233,1.948543290043233,random,11,random
PL_Comms_C2.csv::A-48,Comms,C2,PL_Comms_C2.csv,A-48,19.45446543,112.0,direct_rf,114.52112301587302,2.521123015873016,2.521123015873016,random,11,random
PL_Comms_C2.csv::D-37,Comms,C2,PL_Comms_C2.csv,D-37,8.153295346,86.0,direct_rf,90.8440337301587,4.844033730158699,4.844033730158699,random,11,random
PL_Comms_C1.csv::G-33,Comms,C1,PL_Comms_C1.csv,G-33,4.472135955,75.0,direct_rf,76.11193452380951,1.1119345238095093,1.1119345238095093,random,11,random
PL_Library_C1.csv::Q-18,Library,C1,PL_Library_C1.csv,Q-18,4.8855,66.0,direct_rf,68.54253950216453,2.54253950216453,2.54253950216453,random,11,random
PL_Comms_C1.csv::F-8,Comms,C1,PL_Comms_C1.csv,F-8,21.02379604,85.0,direct_rf,100.98456547619051,15.984565476190511,15.984565476190511,random,11,random
PL_Comms_C1.csv::B-32,Comms,C1,PL_Comms_C1.csv,B-32,4.242640687,67.0,direct_rf,74.85153571428572,7.851535714285717,7.851535714285717,random,11,random
PL_Library_C1.csv::L-13,Library,C1,PL_Library_C1.csv,L-13,4.8855,71.0,direct_rf,68.54253950216453,-2.45746049783547,2.45746049783547,random,11,random
PL_Comms_C2.csv::G-57,Comms,C2,PL_Comms_C2.csv,G-57,28.09761956,96.0,direct_rf,107.86226190476185,11.862261904761851,11.862261904761851,random,11,random
PL_Comms_C2.csv::M-21,Comms,C2,PL_Comms_C2.csv,M-21,11.37876202,92.0,direct_rf,87.08182738095238,-4.918172619047624,4.918172619047624,random,11,random
PL_Library_C2.csv::L-11,Library,C2,PL_Library_C2.csv,L-11,7.397361016,68.0,direct_rf,72.5541225755454,4.5541225755454064,4.5541225755454064,random,11,random
PL_Comms_C2.csv::O-36,Comms,C2,PL_Comms_C2.csv,O-36,12.26687511,93.0,direct_rf,94.63191666666671,1.6319166666667115,1.6319166666667115,random,11,random
PL_Comms_C2.csv::K-33,Comms,C2,PL_Comms_C2.csv,K-33,7.312744013,82.0,direct_rf,86.77460876623375,4.774608766233754,4.774608766233754,random,11,random
PL_Comms_C1.csv::E-49,Comms,C1,PL_Comms_C1.csv,E-49,20.0,105.0,direct_rf,107.16200595238095,2.1620059523809516,2.1620059523809516,random,11,random
PL_Library_C2.csv::U-18,Library,C2,PL_Library_C2.csv,U-18,9.939092011,75.0,direct_rf,79.34998571428572,4.349985714285722,4.349985714285722,random,11,random
PL_Comms_C2.csv::M-28,Comms,C2,PL_Comms_C2.csv,M-28,8.153295346,77.0,direct_rf,82.79320238095237,5.793202380952366,5.793202380952366,random,11,random
PL_Library_C1.csv::W-6,Library,C1,PL_Library_C1.csv,W-6,18.2297,81.0,direct_rf,83.00687409812411,2.006874098124115,2.006874098124115,random,11,random
PL_Comms_C2.csv::F-4,Comms,C2,PL_Comms_C2.csv,F-4,25.04947554,87.0,direct_rf,97.5821785714285,10.5821785714285,10.5821785714285,random,11,random
PL_Comms_C2.csv::N-40,Comms,C2,PL_Comms_C2.csv,N-40,14.26450928,100.0,direct_rf,101.73088690476186,1.73088690476186,1.73088690476186,random,11,random
PL_Comms_C1.csv::N-54,Comms,C1,PL_Comms_C1.csv,N-54,26.57066051,111.0,direct_rf,114.06259523809527,3.0625952380952697,3.0625952380952697,random,11,random
PL_Library_C1.csv::E-8,Library,C1,PL_Library_C1.csv,E-8,16.3164,88.0,direct_rf,83.98196942110177,-4.018030578898234,4.018030578898234,random,11,random
PL_Comms_C2.csv::L-10,Comms,C2,PL_Comms_C2.csv,L-10,20.28487676,117.0,direct_rf,110.32418650793649,-6.6758134920635115,6.6758134920635115,random,11,random
PL_Comms_C2.csv::P-25,Comms,C2,PL_Comms_C2.csv,P-25,11.76759215,90.0,direct_rf,90.41524476911977,0.4152447691197665,0.4152447691197665,random,11,random
PL_SSE_C1.csv::D-10,SSE,C1,PL_SSE_C1.csv,D-10,10.0,95.0,direct_rf,97.24176190476186,2.2417619047618587,2.2417619047618587,random,11,random
PL_SSE_C2.csv::C-1,SSE,C2,PL_SSE_C2.csv,C-1,14.26450928,99.0,direct_rf,97.74073647186147,-1.2592635281385327,1.2592635281385327,random,11,random
PL_Library_C1.csv::G-7,Library,C1,PL_Library_C1.csv,G-7,15.4494,87.0,direct_rf,82.32973042398778,-4.670269576012217,4.670269576012217,random,11,random
PL_Comms_C1.csv::O-53,Comms,C1,PL_Comms_C1.csv,O-53,26.0,112.0,direct_rf,109.57512301587303,-2.4248769841269677,2.4248769841269677,random,11,random
PL_SSE_C2.csv::M-6,SSE,C2,PL_SSE_C2.csv,M-6,4.298397957,69.0,direct_rf,77.03251984126985,8.032519841269846,8.032519841269846,random,11,random
PL_Comms_C1.csv::D-54,Comms,C1,PL_Comms_C1.csv,D-54,25.01999201,104.0,direct_rf,108.94581150793653,4.945811507936526,4.945811507936526,random,11,random
PL_Comms_C1.csv::B-15,Comms,C1,PL_Comms_C1.csv,B-15,14.31782106,99.0,direct_rf,95.24309722222225,-3.7569027777777535,3.7569027777777535,random,11,random
PL_Library_C2.csv::V-16,Library,C2,PL_Library_C2.csv,V-16,10.90787903,73.0,direct_rf,74.71000813402284,1.7100081340228428,1.7100081340228428,random,11,random
PL_Library_C1.csv::O-15,Library,C1,PL_Library_C1.csv,O-15,1.9163,54.0,direct_rf,59.10837301587301,5.108373015873013,5.108373015873013,random,11,random
PL_SSE_C2.csv::K-7,SSE,C2,PL_SSE_C2.csv,K-7,4.413187623,80.0,direct_rf,76.69205555555554,-3.307944444444459,3.307944444444459,random,11,random
PL_Comms_C1.csv::P-11,Comms,C1,PL_Comms_C1.csv,P-11,21.09502311,116.0,direct_rf,102.82447023809522,-13.175529761904784,13.175529761904784,random,11,random
PL_Comms_C1.csv::I-24,Comms,C1,PL_Comms_C1.csv,I-24,6.403124237,80.0,direct_rf,81.77493452380953,1.7749345238095344,1.7749345238095344,random,11,random
PL_Comms_C2.csv::J-44,Comms,C2,PL_Comms_C2.csv,J-44,15.85800192,105.0,direct_rf,103.19104945054946,-1.8089505494505431,1.8089505494505431,random,11,random
PL_Comms_C2.csv::M-53,Comms,C2,PL_Comms_C2.csv,M-53,25.32738093,117.0,direct_rf,114.58658730158726,-2.413412698412742,2.413412698412742,random,11,random
PL_SSE_C2.csv::F-2,SSE,C2,PL_SSE_C2.csv,F-2,11.37876202,91.0,direct_rf,86.88122023809522,-4.118779761904776,4.118779761904776,random,11,random
PL_SSE_C2.csv::K-8,SSE,C2,PL_SSE_C2.csv,K-8,3.804763462,83.0,direct_rf,75.0940892857143,-7.905910714285696,7.905910714285696,random,11,random
PL_Library_C1.csv::K-3,Library,C1,PL_Library_C1.csv,K-3,18.078,84.0,direct_rf,81.55522583213887,-2.4447741678611266,2.4447741678611266,random,11,random
PL_SSE_C2.csv::A-4,SSE,C2,PL_SSE_C2.csv,A-4,14.3692806,102.0,direct_rf,102.6496964285714,0.6496964285714029,0.6496964285714029,random,11,random
PL_Comms_C2.csv::A-16,Comms,C2,PL_Comms_C2.csv,A-16,13.65562979,103.0,direct_rf,99.2720158730159,-3.727984126984097,3.727984126984097,random,11,random
PL_Comms_C2.csv::N-54,Comms,C2,PL_Comms_C2.csv,N-54,26.59842524,118.0,direct_rf,115.11190476190478,-2.888095238095218,2.888095238095218,random,11,random
PL_Comms_C2.csv::I-22,Comms,C2,PL_Comms_C2.csv,I-22,8.153295346,90.0,direct_rf,84.48093849206353,-5.51906150793647,5.51906150793647,random,11,random
PL_Library_C1.csv::F-7,Library,C1,PL_Library_C1.csv,F-7,16.3164,73.0,direct_rf,80.50175708030245,7.501757080302454,7.501757080302454,random,11,random
PL_Comms_C2.csv::J-33,Comms,C2,PL_Comms_C2.csv,J-33,6.517378691,83.0,direct_rf,84.03471825396828,1.034718253968279,1.034718253968279,random,11,random
PL_Library_C2.csv::I-15,Library,C2,PL_Library_C2.csv,I-15,7.015188878,84.0,direct_rf,73.55564101625501,-10.44435898374499,10.44435898374499,random,11,random
PL_Library_C2.csv::S-21,Library,C2,PL_Library_C2.csv,S-21,9.658026455,75.0,direct_rf,72.17069841269841,-2.829301587301586,2.829301587301586,random,11,random
PL_Comms_C2.csv::F-49,Comms,C2,PL_Comms_C2.csv,F-49,20.06181011,93.0,direct_rf,96.53067063492063,3.530670634920625,3.530670634920625,random,11,random
PL_Comms_C1.csv::G-55,Comms,C1,PL_Comms_C1.csv,G-55,26.07680962,88.0,direct_rf,102.95390205627706,14.953902056277059,14.953902056277059,random,11,random
PL_Comms_C1.csv::K-43,Comms,C1,PL_Comms_C1.csv,K-43,15.23154621,110.0,direct_rf,100.34015476190476,-9.659845238095244,9.659845238095244,random,11,random
PL_Library_C2.csv::C-15,Library,C2,PL_Library_C2.csv,C-15,15.01570095,82.0,direct_rf,80.35178222303416,-1.6482177769658364,1.6482177769658364,random,11,random
PL_Library_C1.csv::M-19,Library,C1,PL_Library_C1.csv,M-19,4.2849,76.0,direct_rf,61.92349783549785,-14.076502164502152,14.076502164502152,random,11,random
PL_Comms_C1.csv::H-5,Comms,C1,PL_Comms_C1.csv,H-5,24.18677324,86.0,direct_rf,96.09537806637803,10.095378066378032,10.095378066378032,random,11,random
PL_Comms_C2.csv::D-5,Comms,C2,PL_Comms_C2.csv,D-5,24.0515327,116.0,direct_rf,111.21515079365075,-4.78484920634925,4.78484920634925,random,11,random
PL_Library_C1.csv::V-9,Library,C1,PL_Library_C1.csv,V-9,14.4038,81.0,direct_rf,79.74856944444447,-1.2514305555555296,1.2514305555555296,random,11,random
PL_Library_C2.csv::L-8,Library,C2,PL_Library_C2.csv,L-8,11.23948064,75.0,direct_rf,76.72940556470515,1.7294055647051465,1.7294055647051465,random,11,random
PL_Comms_C1.csv::C-27,Comms,C1,PL_Comms_C1.csv,C-27,2.828427125,68.0,direct_rf,63.38875793650793,-4.611242063492071,4.611242063492071,random,11,random
PL_Comms_C1.csv::N-12,Comms,C1,PL_Comms_C1.csv,N-12,19.23538406,102.0,direct_rf,105.47512500000002,3.47512500000002,3.47512500000002,random,11,random
PL_Library_C2.csv::C-11,Library,C2,PL_Library_C2.csv,C-11,16.41754778,90.0,direct_rf,88.54626190476189,-1.4537380952381085,1.4537380952381085,random,11,random
PL_Comms_C2.csv::A-37,Comms,C2,PL_Comms_C2.csv,A-37,9.026418171,89.0,direct_rf,86.33141071428568,-2.6685892857143187,2.6685892857143187,random,11,random
PL_SSE_C1.csv::M-1,SSE,C1,PL_SSE_C1.csv,M-1,9.055385138,74.0,direct_rf,76.41409343434344,2.4140934343434424,2.4140934343434424,random,11,random
PL_Comms_C2.csv::N-41,Comms,C2,PL_Comms_C2.csv,N-41,15.04912705,103.0,direct_rf,102.52228754578755,-0.4777124542124511,0.4777124542124511,random,11,random
PL_SSE_C1.csv::H-6,SSE,C1,PL_SSE_C1.csv,H-6,7.211102551,87.0,direct_rf,76.16179383116884,-10.838206168831164,10.838206168831164,random,11,random
PL_Comms_C2.csv::P-22,Comms,C2,PL_Comms_C2.csv,P-22,13.09489309,96.0,direct_rf,93.2755773809524,-2.7244226190476013,2.7244226190476013,random,11,random
PL_Comms_C1.csv::K-31,Comms,C1,PL_Comms_C1.csv,K-31,6.32455532,75.0,direct_rf,78.14165476190479,3.141654761904789,3.141654761904789,random,11,random
PL_Comms_C2.csv::J-57,Comms,C2,PL_Comms_C2.csv,J-57,28.46886413,117.0,direct_rf,109.6675059523809,-7.332494047619093,7.332494047619093,random,11,random
PL_SSE_C1.csv::B-7,SSE,C1,PL_SSE_C1.csv,B-7,12.36931688,105.0,direct_rf,99.7561114718615,-5.243888528138498,5.243888528138498,random,11,random
PL_Comms_C2.csv::D-47,Comms,C2,PL_Comms_C2.csv,D-47,18.0686531,110.0,direct_rf,109.89374404761908,-0.1062559523809199,0.1062559523809199,random,11,random
PL_Library_C1.csv::B-13,Library,C1,PL_Library_C1.csv,B-13,16.7604,84.0,direct_rf,80.9858681914136,-3.0141318085863986,3.0141318085863986,random,11,random
PL_Comms_C2.csv::K-38,Comms,C2,PL_Comms_C2.csv,K-38,10.88467845,99.0,direct_rf,95.78022420634919,-3.219775793650811,3.219775793650811,random,11,random
PL_Comms_C1.csv::L-37,Comms,C1,PL_Comms_C1.csv,L-37,10.63014581,91.0,direct_rf,88.01702380952376,-2.9829761904762364,2.9829761904762364,random,11,random
PL_Comms_C2.csv::J-54,Comms,C2,PL_Comms_C2.csv,J-54,25.5240323,109.0,direct_rf,107.34358333333336,-1.6564166666666438,1.6564166666666438,random,11,random
PL_Comms_C2.csv::B-36,Comms,C2,PL_Comms_C2.csv,B-36,7.712083052,83.0,direct_rf,86.23930952380951,3.23930952380951,3.23930952380951,random,11,random
PL_SSE_C1.csv::L-9,SSE,C1,PL_SSE_C1.csv,L-9,2.236067977,60.0,direct_rf,59.64931150793648,-0.3506884920635187,0.3506884920635187,random,11,random
PL_Comms_C1.csv::A-54,Comms,C1,PL_Comms_C1.csv,A-54,25.3179778,114.0,direct_rf,109.81335119047618,-4.186648809523817,4.186648809523817,random,11,random
PL_Comms_C1.csv::B-53,Comms,C1,PL_Comms_C1.csv,B-53,24.18677324,119.0,direct_rf,112.88606547619047,-6.113934523809533,6.113934523809533,random,11,random
PL_SSE_C1.csv::H-3,SSE,C1,PL_SSE_C1.csv,H-3,9.219544457,95.0,direct_rf,88.65535714285716,-6.344642857142844,6.344642857142844,random,11,random
PL_Comms_C2.csv::N-36,Comms,C2,PL_Comms_C2.csv,N-36,11.46630826,86.0,direct_rf,94.5862041847042,8.5862041847042,8.5862041847042,random,11,random
PL_SSE_C2.csv::M-8,SSE,C2,PL_SSE_C2.csv,M-8,2.544842824,76.0,direct_rf,72.45863095238096,-3.5413690476190425,3.5413690476190425,random,11,random
PL_Library_C2.csv::R-14,Library,C2,PL_Library_C2.csv,R-14,6.180349909,76.0,direct_rf,73.05394965940921,-2.946050340590787,2.946050340590787,random,11,random
PL_Comms_C1.csv::C-19,Comms,C1,PL_Comms_C1.csv,C-19,10.19803903,85.0,direct_rf,91.91869019976411,6.918690199764114,6.918690199764114,random,11,random
PL_Comms_C2.csv::D-52,Comms,C2,PL_Comms_C2.csv,D-52,23.05376813,108.0,direct_rf,111.6056825396825,3.6056825396825047,3.6056825396825047,random,11,random
PL_Comms_C1.csv::L-21,Comms,C1,PL_Comms_C1.csv,L-21,10.63014581,95.0,direct_rf,84.93705357142856,-10.062946428571436,10.062946428571436,random,11,random
PL_Comms_C1.csv::H-53,Comms,C1,PL_Comms_C1.csv,H-53,24.18677324,96.0,direct_rf,98.27825595238095,2.2782559523809454,2.2782559523809454,random,11,random
PL_Comms_C2.csv::J-20,Comms,C2,PL_Comms_C2.csv,J-20,10.36707408,98.0,direct_rf,89.58149241363216,-8.418507586367838,8.418507586367838,random,11,random
PL_Comms_C2.csv::D-39,Comms,C2,PL_Comms_C2.csv,D-39,10.12305413,88.0,direct_rf,90.88145833333328,2.881458333333285,2.881458333333285,random,11,random
PL_Library_C1.csv::Q-16,Library,C1,PL_Library_C1.csv,Q-16,4.065,65.0,direct_rf,63.50647402597403,-1.493525974025971,1.493525974025971,random,11,random
PL_Library_C1.csv::R-9,Library,C1,PL_Library_C1.csv,R-9,10.9244,77.0,direct_rf,72.97590706654461,-4.0240929334553925,4.0240929334553925,random,11,random
PL_Comms_C2.csv::J-55,Comms,C2,PL_Comms_C2.csv,J-55,26.50426805,115.0,direct_rf,104.87703769841275,-10.12296230158725,10.12296230158725,random,11,random
PL_Comms_C1.csv::G-39,Comms,C1,PL_Comms_C1.csv,G-39,10.19803903,80.0,direct_rf,91.91869019976411,11.918690199764114,11.918690199764114,random,11,random
PL_Comms_C2.csv::E-48,Comms,C2,PL_Comms_C2.csv,E-48,19.03880839,101.0,direct_rf,109.44278205128207,8.442782051282066,8.442782051282066,random,11,random
PL_Comms_C1.csv::C-25,Comms,C1,PL_Comms_C1.csv,C-25,4.472135955,70.0,direct_rf,75.08099025974029,5.08099025974029,5.08099025974029,random,11,random
PL_Library_C1.csv::Q-20,Library,C1,PL_Library_C1.csv,Q-20,6.775,66.0,direct_rf,70.71526587301588,4.7152658730158805,4.7152658730158805,random,11,random
PL_Library_C2.csv::M-8,Library,C2,PL_Library_C2.csv,M-8,10.99171734,69.0,direct_rf,75.51855076117536,6.518550761175362,6.518550761175362,random,11,random
PL_Library_C2.csv::G-7,Library,C2,PL_Library_C2.csv,G-7,15.49707956,73.0,direct_rf,83.76611732874966,10.766117328749658,10.766117328749658,random,11,random
PL_Comms_C2.csv::E-27,Comms,C2,PL_Comms_C2.csv,E-27,2.340133543,71.0,direct_rf,71.87476984126984,0.8747698412698384,0.8747698412698384,random,11,random
PL_Comms_C1.csv::H-3,Comms,C1,PL_Comms_C1.csv,H-3,26.17250466,99.0,direct_rf,99.63426190476189,0.6342619047618854,0.6342619047618854,random,11,random
PL_Comms_C2.csv::L-28,Comms,C2,PL_Comms_C2.csv,L-28,7.174693373,69.0,direct_rf,86.62040476190474,17.620404761904737,17.620404761904737,random,11,random
PL_Comms_C1.csv::E-2,Comms,C1,PL_Comms_C1.csv,E-2,27.0,122.0,direct_rf,114.72025198412705,-7.279748015872954,7.279748015872954,random,11,random
PL_Library_C2.csv::T-14,Library,C2,PL_Library_C2.csv,T-14,8.655473702,71.0,direct_rf,71.50839917027416,0.5083991702741599,0.5083991702741599,random,11,random
PL_Comms_C2.csv::C-55,Comms,C2,PL_Comms_C2.csv,C-55,26.1050996,121.0,direct_rf,116.35067857142857,-4.649321428571426,4.649321428571426,random,11,random
PL_Comms_C2.csv::J-50,Comms,C2,PL_Comms_C2.csv,J-50,21.62119851,120.0,direct_rf,109.1104761904762,-10.889523809523794,10.889523809523794,random,11,random
PL_Library_C1.csv::L-14,Library,C1,PL_Library_C1.csv,L-14,3.8325,65.0,direct_rf,69.04395833333335,4.04395833333335,4.04395833333335,random,11,random
PL_Comms_C1.csv::L-44,Comms,C1,PL_Comms_C1.csv,L-44,16.55294536,104.0,direct_rf,104.13356150793652,0.13356150793651977,0.13356150793651977,random,11,random
PL_Comms_C2.csv::N-53,Comms,C2,PL_Comms_C2.csv,N-53,25.66079159,113.0,direct_rf,114.09626587301585,1.0962658730158523,1.0962658730158523,random,11,random
PL_Library_C1.csv::P-12,Library,C1,PL_Library_C1.csv,P-12,6.0597,68.0,direct_rf,70.1737242063492,2.173724206349206,2.173724206349206,random,11,random
PL_Comms_C1.csv::B-21,Comms,C1,PL_Comms_C1.csv,B-21,8.544003745,84.0,direct_rf,86.74066071428571,2.74066071428571,2.74066071428571,random,11,random
PL_Comms_C2.csv::J-45,Comms,C2,PL_Comms_C2.csv,J-45,16.80702904,98.0,direct_rf,103.24863888888885,5.248638888888848,5.248638888888848,random,11,random
PL_Library_C1.csv::C-2,Library,C1,PL_Library_C1.csv,C-2,24.1251,87.0,direct_rf,81.92654166666671,-5.073458333333292,5.073458333333292,random,11,random
PL_Comms_C1.csv::C-55,Comms,C1,PL_Comms_C1.csv,C-55,26.07680962,112.0,direct_rf,114.44026785714286,2.4402678571428567,2.4402678571428567,random,11,random
PL_Comms_C2.csv::G-32,Comms,C2,PL_Comms_C2.csv,G-32,3.804763462,82.0,direct_rf,75.70690043290047,-6.2930995670995316,6.2930995670995316,random,11,random
PL_Comms_C1.csv::G-19,Comms,C1,PL_Comms_C1.csv,G-19,10.19803903,89.0,direct_rf,91.91869019976411,2.9186901997641144,2.9186901997641144,random,11,random
PL_Comms_C1.csv::B-20,Comms,C1,PL_Comms_C1.csv,B-20,9.486832981,93.0,direct_rf,83.31631150793652,-9.683688492063482,9.683688492063482,random,11,random
PL_Library_C2.csv::G-4,Library,C2,PL_Library_C2.csv,G-4,18.86343155,83.0,direct_rf,87.50112797619047,4.5011279761904746,4.5011279761904746,random,11,random
PL_SSE_C1.csv::F-6,SSE,C1,PL_SSE_C1.csv,F-6,8.94427191,83.0,direct_rf,85.43774206349204,2.4377420634920384,2.4377420634920384,random,11,random
PL_Comms_C2.csv::H-49,Comms,C2,PL_Comms_C2.csv,H-49,20.26021286,94.0,direct_rf,108.9341984126984,14.934198412698393,14.934198412698393,random,11,random
PL_SSE_C2.csv::D-8,SSE,C2,PL_SSE_C2.csv,D-8,10.27016188,80.0,direct_rf,92.21989285714288,12.21989285714288,12.21989285714288,random,11,random
PL_SSE_C1.csv::E-3,SSE,C1,PL_SSE_C1.csv,E-3,11.40175425,89.0,direct_rf,87.32539285714283,-1.6746071428571696,1.6746071428571696,random,11,random
PL_Comms_C2.csv::F-46,Comms,C2,PL_Comms_C2.csv,F-46,17.07267481,98.0,direct_rf,101.74722619047625,3.7472261904762547,3.7472261904762547,random,11,random
PL_Comms_C1.csv::G-38,Comms,C1,PL_Comms_C1.csv,G-38,9.219544457,94.0,direct_rf,85.90836706349207,-8.091632936507935,8.091632936507935,random,11,random
PL_SSE_C2.csv::E-3,SSE,C2,PL_SSE_C2.csv,E-3,11.46630826,96.0,direct_rf,87.69946158008658,-8.300538419913423,8.300538419913423,random,11,random
PL_SSE_C1.csv::B-3,SSE,C1,PL_SSE_C1.csv,B-3,13.89244399,92.0,direct_rf,96.32528373015873,4.325283730158731,4.325283730158731,random,11,random
PL_Comms_C1.csv::J-39,Comms,C1,PL_Comms_C1.csv,J-39,11.18033989,96.0,direct_rf,93.01667261904757,-2.9833273809524314,2.9833273809524314,random,11,random
PL_SSE_C1.csv::C-6,SSE,C1,PL_SSE_C1.csv,C-6,11.70469991,90.0,direct_rf,96.32815313852818,6.3281531385281795,6.3281531385281795,random,11,random
PL_Comms_C1.csv::C-35,Comms,C1,PL_Comms_C1.csv,C-35,6.32455532,85.0,direct_rf,80.52476984126986,-4.475230158730142,4.475230158730142,random,11,random
PL_Comms_C2.csv::A-14,Comms,C2,PL_Comms_C2.csv,A-14,15.57164811,96.0,direct_rf,97.77115659340664,1.7711565934066442,1.7711565934066442,random,11,random
PL_Comms_C2.csv::C-23,Comms,C2,PL_Comms_C2.csv,C-23,6.440203801,84.0,direct_rf,85.73570238095239,1.7357023809523895,1.7357023809523895,random,11,random
PL_Library_C1.csv::D-16,Library,C1,PL_Library_C1.csv,D-16,13.55,79.0,direct_rf,85.55573268398264,6.55573268398264,6.55573268398264,random,11,random
PL_Library_C2.csv::T-13,Library,C2,PL_Library_C2.csv,T-13,9.17046073,78.0,direct_rf,74.06968028891396,-3.9303197110860424,3.9303197110860424,random,11,random
PL_Comms_C1.csv::E-28,Comms,C1,PL_Comms_C1.csv,E-28,1.0,53.0,direct_rf,53.66049801587304,0.6604980158730385,0.6604980158730385,random,11,random
PL_Comms_C2.csv::H-55,Comms,C2,PL_Comms_C2.csv,H-55,26.20069131,92.0,direct_rf,96.0685853174603,4.068585317460304,4.068585317460304,random,11,random
PL_Library_C1.csv::G-3,Library,C1,PL_Library_C1.csv,G-3,20.0063,82.0,direct_rf,77.91987179487181,-4.08012820512819,4.08012820512819,random,11,random
PL_Library_C1.csv::Q-7,Library,C1,PL_Library_C1.csv,Q-7,12.8547,92.0,direct_rf,77.74678571428572,-14.253214285714279,14.253214285714279,random,11,random
PL_Library_C1.csv::D-4,Library,C1,PL_Library_C1.csv,D-4,21.1658,85.0,direct_rf,83.69364957264958,-1.3063504273504236,1.3063504273504236,random,11,random
PL_Comms_C2.csv::J-15,Comms,C2,PL_Comms_C2.csv,J-15,14.91563693,102.0,direct_rf,102.5274661172161,0.5274661172160933,0.5274661172160933,random,11,random
PL_Comms_C2.csv::A-11,Comms,C2,PL_Comms_C2.csv,A-11,18.47907533,112.0,direct_rf,109.12538125763122,-2.8746187423687815,2.8746187423687815,random,11,random
PL_Comms_C2.csv::E-25,Comms,C2,PL_Comms_C2.csv,E-25,4.180457511,78.0,direct_rf,81.79163766788764,3.791637667887642,3.791637667887642,random,11,random
PL_Comms_C1.csv::P-38,Comms,C1,PL_Comms_C1.csv,P-38,14.2126704,97.0,direct_rf,98.74141468253967,1.74141468253967,1.74141468253967,random,11,random
PL_Comms_C1.csv::J-41,Comms,C1,PL_Comms_C1.csv,J-41,13.0,108.0,direct_rf,98.40213095238094,-9.597869047619056,9.597869047619056,random,11,random
PL_Comms_C2.csv::H-42,Comms,C2,PL_Comms_C2.csv,H-42,13.3968737,86.0,direct_rf,89.20808451270953,3.208084512709533,3.208084512709533,random,11,random
PL_Comms_C1.csv::A-51,Comms,C1,PL_Comms_C1.csv,A-51,22.36067977,112.0,direct_rf,112.41392261904757,0.4139226190475682,0.4139226190475682,random,11,random
PL_SSE_C2.csv::N-3,SSE,C2,PL_SSE_C2.csv,N-3,7.104662202,69.0,direct_rf,74.50178571428572,5.501785714285717,5.501785714285717,random,11,random
PL_Comms_C2.csv::C-50,Comms,C2,PL_Comms_C2.csv,C-50,21.12998403,110.0,direct_rf,109.70511507936507,-0.294884920634928,0.294884920634928,random,11,random
PL_Library_C1.csv::P-15,Library,C1,PL_Library_C1.csv,P-15,3.0299,61.0,direct_rf,66.7015873015873,5.7015873015872955,5.7015873015872955,random,11,random
PL_Comms_C1.csv::L-57,Comms,C1,PL_Comms_C1.csv,L-57,28.86173938,106.0,direct_extra,104.21047619047619,-1.7895238095238142,1.7895238095238142,random,11,random
PL_SSE_C1.csv::D-1,SSE,C1,PL_SSE_C1.csv,D-1,13.45362405,89.0,direct_extra,101.88450000000003,12.884500000000031,12.884500000000031,random,11,random
PL_Comms_C1.csv::O-41,Comms,C1,PL_Comms_C1.csv,O-41,15.62049935,97.0,direct_extra,99.65979761904762,2.659797619047623,2.659797619047623,random,11,random
PL_Comms_C1.csv::J-57,Comms,C1,PL_Comms_C1.csv,J-57,28.44292531,113.0,direct_extra,100.90466666666667,-12.095333333333329,12.095333333333329,random,11,random
PL_Library_C1.csv::S-9,Library,C1,PL_Library_C1.csv,S-9,11.6562,81.0,direct_extra,79.9762346681097,-1.0237653318903028,1.0237653318903028,random,11,random
PL_Comms_C2.csv::C-5,Comms,C2,PL_Comms_C2.csv,C-5,24.11381813,107.0,direct_extra,110.68126948051945,3.681269480519447,3.681269480519447,random,11,random
PL_Comms_C1.csv::H-7,Comms,C1,PL_Comms_C1.csv,H-7,22.20360331,87.0,direct_extra,91.73499999999991,4.734999999999914,4.734999999999914,random,11,random
PL_SSE_C2.csv::K-2,SSE,C2,PL_SSE_C2.csv,K-2,8.629960892,88.0,direct_extra,78.65006746031743,-9.34993253968257,9.34993253968257,random,11,random
PL_Comms_C2.csv::H-51,Comms,C2,PL_Comms_C2.csv,H-51,22.23682138,93.0,direct_extra,94.92534686147188,1.9253468614718798,1.9253468614718798,random,11,random
PL_Comms_C1.csv::A-17,Comms,C1,PL_Comms_C1.csv,A-17,12.64911064,92.0,direct_extra,93.67847921522922,1.678479215229217,1.678479215229217,random,11,random
PL_Comms_C2.csv::G-34,Comms,C2,PL_Comms_C2.csv,G-34,5.520527602,86.0,direct_extra,82.85997582972588,-3.140024170274117,3.140024170274117,random,11,random
PL_Comms_C1.csv::P-12,Comms,C1,PL_Comms_C1.csv,P-12,20.24845673,104.0,direct_extra,110.5613333333333,6.561333333333295,6.561333333333295,random,11,random
PL_SSE_C2.csv::E-10,SSE,C2,PL_SSE_C2.csv,E-10,9.081642197,91.0,direct_extra,93.63783333333329,2.6378333333332904,2.6378333333332904,random,11,random
PL_Comms_C1.csv::K-24,Comms,C1,PL_Comms_C1.csv,K-24,7.810249676,88.0,direct_extra,88.2050137085137,0.20501370851370382,0.20501370851370382,random,11,random
PL_Comms_C1.csv::L-32,Comms,C1,PL_Comms_C1.csv,L-32,7.615773106,100.0,direct_extra,87.24008333333335,-12.759916666666655,12.759916666666655,random,11,random
PL_Comms_C1.csv::E-24,Comms,C1,PL_Comms_C1.csv,E-24,5.0,67.0,direct_extra,75.45742898913971,8.457428989139714,8.457428989139714,random,11,random
PL_Library_C2.csv::M-15,Library,C2,PL_Library_C2.csv,M-15,2.268981049,68.0,direct_extra,65.60176587301588,-2.3982341269841214,2.3982341269841214,random,11,random
PL_Comms_C1.csv::J-22,Comms,C1,PL_Comms_C1.csv,J-22,8.602325267,78.0,direct_extra,83.38801190476187,5.388011904761868,5.388011904761868,random,11,random
PL_Comms_C2.csv::G-44,Comms,C2,PL_Comms_C2.csv,G-44,15.18144344,86.0,direct_extra,100.46663690476187,14.46663690476187,14.46663690476187,random,11,random
PL_Comms_C2.csv::I-44,Comms,C2,PL_Comms_C2.csv,I-44,15.57164811,94.0,direct_extra,106.4212669651792,12.4212669651792,12.4212669651792,random,11,random
PL_Comms_C2.csv::B-18,Comms,C2,PL_Comms_C2.csv,B-18,11.46630826,91.0,direct_extra,92.78845833333332,1.788458333333324,1.788458333333324,random,11,random
PL_Comms_C1.csv::N-11,Comms,C1,PL_Comms_C1.csv,N-11,20.1246118,109.0,direct_extra,95.24890717796609,-13.751092822033911,13.751092822033911,random,11,random
PL_Library_C1.csv::J-2,Library,C1,PL_Library_C1.csv,J-2,19.7291,82.0,direct_extra,78.64169370605245,-3.3583062939475496,3.3583062939475496,random,11,random
PL_Comms_C1.csv::A-21,Comms,C1,PL_Comms_C1.csv,A-21,8.94427191,83.0,direct_extra,90.64105694305698,7.641056943056981,7.641056943056981,random,11,random
PL_Comms_C2.csv::H-14,Comms,C2,PL_Comms_C2.csv,H-14,15.3452346,92.0,direct_extra,89.04769132882366,-2.9523086711763398,2.9523086711763398,random,11,random
PL_Comms_C2.csv::J-27,Comms,C2,PL_Comms_C2.csv,J-27,5.520527602,84.0,direct_extra,81.81883333333342,-2.1811666666665843,2.1811666666665843,random,11,random
PL_Comms_C2.csv::A-34,Comms,C2,PL_Comms_C2.csv,A-34,6.517378691,84.0,direct_extra,91.89965873015873,7.899658730158734,7.899658730158734,random,11,random
PL_Comms_C1.csv::A-23,Comms,C1,PL_Comms_C1.csv,A-23,7.211102551,73.0,direct_extra,79.89735443722944,6.897354437229438,6.897354437229438,random,11,random
PL_Library_C1.csv::M-14,Library,C1,PL_Library_C1.csv,M-14,3.0299,72.0,direct_extra,67.0693333333334,-4.930666666666596,4.930666666666596,random,11,random
PL_Comms_C2.csv::J-16,Comms,C2,PL_Comms_C2.csv,J-16,13.98128124,100.0,direct_extra,93.1255396825397,-6.874460317460304,6.874460317460304,random,11,random
PL_Comms_C1.csv::C-5,Comms,C1,PL_Comms_C1.csv,C-5,24.08318916,111.0,direct_extra,112.63649404761904,1.6364940476190384,1.6364940476190384,random,11,random
PL_SSE_C1.csv::F-1,SSE,C1,PL_SSE_C1.csv,F-1,12.04159458,86.0,direct_extra,93.026866944167,7.026866944166997,7.026866944166997,random,11,random
PL_Library_C2.csv::N-19,Library,C2,PL_Library_C2.csv,N-19,4.24269372,59.0,direct_extra,69.75228874883294,10.752288748832939,10.752288748832939,random,11,random
PL_Library_C1.csv::R-12,Library,C1,PL_Library_C1.csv,R-12,7.665,75.0,direct_extra,71.23666010949827,-3.763339890501726,3.763339890501726,random,11,random
PL_Comms_C2.csv::H-21,Comms,C2,PL_Comms_C2.csv,H-21,8.629960892,92.0,direct_extra,85.01073847720903,-6.989261522790969,6.989261522790969,random,11,random
PL_Library_C2.csv::D-2,Library,C2,PL_Library_C2.csv,D-2,23.34394193,97.0,direct_extra,93.42003643578644,-3.579963564213557,3.579963564213557,random,11,random
PL_Library_C2.csv::U-15,Library,C2,PL_Library_C2.csv,U-15,9.658026455,73.0,direct_extra,75.26418704212456,2.2641870421245613,2.2641870421245613,random,11,random
PL_Comms_C1.csv::P-13,Comms,C1,PL_Comms_C1.csv,P-13,19.41648784,113.0,direct_extra,109.76350000000001,-3.2364999999999924,3.2364999999999924,random,11,random
PL_Library_C2.csv::A-5,Library,C2,PL_Library_C2.csv,A-5,23.10678418,95.0,direct_extra,91.47261111111112,-3.527388888888879,3.527388888888879,random,11,random
PL_Comms_C2.csv::C-51,Comms,C2,PL_Comms_C2.csv,C-51,22.12410959,109.0,direct_extra,111.24926944624009,2.249269446240092,2.249269446240092,random,11,random
PL_Comms_C2.csv::A-57,Comms,C2,PL_Comms_C2.csv,A-57,28.31035544,122.0,direct_extra,119.01678373015879,-2.9832162698412077,2.9832162698412077,random,11,random
PL_Library_C1.csv::O-16,Library,C1,PL_Library_C1.csv,O-16,1.355,53.0,direct_extra,58.779166666666605,5.779166666666605,5.779166666666605,random,11,random
PL_Comms_C1.csv::C-42,Comms,C1,PL_Comms_C1.csv,C-42,13.15294644,105.0,direct_extra,97.02913925364498,-7.970860746355015,7.970860746355015,random,11,random
PL_Library_C2.csv::N-10,Library,C2,PL_Library_C2.csv,N-10,8.220287404,71.0,direct_extra,70.75741666666664,-0.24258333333335713,0.24258333333335713,random,11,random
PL_Comms_C1.csv::D-49,Comms,C1,PL_Comms_C1.csv,D-49,20.02498439,97.0,direct_extra,108.35656359493201,11.356563594932013,11.356563594932013,random,11,random
PL_Library_C2.csv::P-12,Library,C2,PL_Library_C2.csv,P-12,6.180349909,80.0,direct_extra,71.79254365079369,-8.20745634920631,8.20745634920631,random,11,random
PL_Comms_C1.csv::F-50,Comms,C1,PL_Comms_C1.csv,F-50,21.02379604,94.0,direct_extra,99.50278497890999,5.502784978909986,5.502784978909986,random,11,random
PL_SSE_C1.csv::E-6,SSE,C1,PL_SSE_C1.csv,E-6,9.848857802,92.0,direct_extra,92.20075000000003,0.20075000000002774,0.20075000000002774,random,11,random
PL_Library_C1.csv::E-4,Library,C1,PL_Library_C1.csv,E-4,20.325,74.0,direct_extra,79.60702307113185,5.607023071131849,5.607023071131849,random,11,random
PL_Comms_C1.csv::B-52,Comms,C1,PL_Comms_C1.csv,B-52,23.19482701,108.0,direct_extra,114.46037788600286,6.46037788600286,6.46037788600286,random,11,random
PL_Comms_C2.csv::L-27,Comms,C2,PL_Comms_C2.csv,L-27,7.380801108,80.0,direct_extra,81.55420093795095,1.5542009379509523,1.5542009379509523,random,11,random
PL_Comms_C1.csv::D-47,Comms,C1,PL_Comms_C1.csv,D-47,18.02775638,118.0,direct_extra,107.7947274783267,-10.205272521673294,10.205272521673294,random,11,random
PL_Comms_C1.csv::B-30,Comms,C1,PL_Comms_C1.csv,B-30,3.16227766,71.0,direct_extra,72.59416666666668,1.5941666666666805,1.5941666666666805,random,11,random
PL_Comms_C1.csv::K-25,Comms,C1,PL_Comms_C1.csv,K-25,7.211102551,97.0,direct_extra,86.68900854700858,-10.310991452991416,10.310991452991416,random,11,random
PL_Comms_C1.csv::H-9,Comms,C1,PL_Comms_C1.csv,H-9,20.22374842,93.0,direct_extra,87.78411168831165,-5.215888311688346,5.215888311688346,random,11,random
PL_Comms_C1.csv::J-3,Comms,C1,PL_Comms_C1.csv,J-3,26.47640459,99.0,direct_extra,105.08918267843266,6.089182678432664,6.089182678432664,random,11,random
PL_SSE_C1.csv::G-6,SSE,C1,PL_SSE_C1.csv,G-6,8.062257748,84.0,direct_extra,80.80341666666668,-3.1965833333333222,3.1965833333333222,random,11,random
PL_Comms_C1.csv::O-43,Comms,C1,PL_Comms_C1.csv,O-43,17.20465053,109.0,direct_extra,103.21526190476189,-5.7847380952381116,5.7847380952381116,random,11,random
PL_Comms_C1.csv::N-19,Comms,C1,PL_Comms_C1.csv,N-19,13.45362405,92.0,direct_extra,85.80289015151513,-6.197109848484871,6.197109848484871,random,11,random
PL_Library_C2.csv::Q-7,Library,C2,PL_Library_C2.csv,Q-7,12.91195086,93.0,direct_extra,81.29067063492066,-11.709329365079341,11.709329365079341,random,11,random
PL_SSE_C1.csv::L-6,SSE,C1,PL_SSE_C1.csv,L-6,4.472135955,74.0,direct_extra,71.63728921568625,-2.362710784313748,2.362710784313748,random,11,random
PL_Comms_C1.csv::I-27,Comms,C1,PL_Comms_C1.csv,I-27,4.472135955,75.0,direct_extra,75.98230357142862,0.9823035714286164,0.9823035714286164,random,11,random
PL_Comms_C2.csv::J-17,Comms,C2,PL_Comms_C2.csv,J-17,13.05665443,91.0,direct_extra,89.6760204102814,-1.3239795897186042,1.3239795897186042,random,11,random
PL_Comms_C2.csv::I-38,Comms,C2,PL_Comms_C2.csv,I-38,9.923518781,97.0,direct_extra,92.22295430794698,-4.777045692053022,4.777045692053022,random,11,random
PL_Library_C1.csv::P-16,Library,C1,PL_Library_C1.csv,P-16,2.71,58.0,direct_extra,65.67766666666662,7.6776666666666245,7.6776666666666245,random,11,random
PL_Library_C2.csv::V-8,Library,C2,PL_Library_C2.csv,V-8,15.37814765,89.0,direct_extra,84.86911904761902,-4.130880952380977,4.130880952380977,random,11,random
PL_Comms_C2.csv::E-36,Comms,C2,PL_Comms_C2.csv,E-36,7.104662202,84.0,direct_extra,84.45294173881673,0.45294173881673316,0.45294173881673316,random,11,random
PL_Library_C1.csv::W-7,Library,C1,PL_Library_C1.csv,W-7,17.2463,85.0,direct_extra,86.05163888888886,1.05163888888886,1.05163888888886,random,11,random
PL_Library_C1.csv::B-1,Library,C1,PL_Library_C1.csv,B-1,26.0287,77.0,direct_extra,80.34815738126603,3.3481573812660343,3.3481573812660343,random,11,random
PL_Comms_C1.csv::K-10,Comms,C1,PL_Comms_C1.csv,K-10,19.92485885,104.0,direct_extra,97.19145346320347,-6.808546536796527,6.808546536796527,random,11,random
PL_Comms_C1.csv::M-33,Comms,C1,PL_Comms_C1.csv,M-33,8.94427191,85.0,direct_extra,85.82816666666666,0.8281666666666609,0.8281666666666609,random,11,random
PL_Comms_C1.csv::A-52,Comms,C1,PL_Comms_C1.csv,A-52,23.34523506,105.0,direct_extra,114.58212391774889,9.582123917748888,9.582123917748888,random,11,random
PL_Comms_C1.csv::H-15,Comms,C1,PL_Comms_C1.csv,H-15,14.31782106,86.0,direct_extra,91.51458909897292,5.51458909897292,5.51458909897292,random,11,random
PL_Comms_C1.csv::K-57,Comms,C1,PL_Comms_C1.csv,K-57,28.63564213,109.0,direct_extra,100.98633333333335,-8.013666666666651,8.013666666666651,random,11,random
PL_Library_C2.csv::J-2,Library,C2,PL_Library_C2.csv,J-2,19.76647477,88.0,direct_extra,92.24003571428574,4.240035714285739,4.240035714285739,random,11,random
PL_Library_C1.csv::R-14,Library,C1,PL_Library_C1.csv,R-14,6.0597,73.0,direct_extra,71.01027904040404,-1.9897209595959566,1.9897209595959566,random,11,random
PL_Library_C1.csv::P-13,Library,C1,PL_Library_C1.csv,P-13,4.8855,70.0,direct_extra,69.56075000000001,-0.43924999999998704,0.43924999999998704,random,11,random
PL_Comms_C2.csv::N-33,Comms,C2,PL_Comms_C2.csv,N-33,9.923518781,88.0,direct_extra,88.9195876623377,0.9195876623377046,0.9195876623377046,random,11,random
PL_Library_C2.csv::H-5,Library,C2,PL_Library_C2.csv,H-5,17.0215202,86.0,direct_extra,85.16176306128511,-0.8382369387148856,0.8382369387148856,random,11,random
PL_Library_C1.csv::J-5,Library,C1,PL_Library_C1.csv,J-5,15.8599,80.0,direct_extra,80.3537359307359,0.35373593073589404,0.35373593073589404,random,11,random
PL_Library_C2.csv::M-4,Library,C2,PL_Library_C2.csv,M-4,16.36153569,74.0,direct_extra,85.37004166666668,11.37004166666668,11.37004166666668,random,11,random
PL_Library_C2.csv::Q-4,Library,C2,PL_Library_C2.csv,Q-4,16.80440567,83.0,direct_extra,86.27233333333332,3.2723333333333215,3.2723333333333215,random,11,random
PL_Comms_C1.csv::A-10,Comms,C1,PL_Comms_C1.csv,A-10,19.41648784,110.0,direct_extra,100.83973831541265,-9.160261684587354,9.160261684587354,random,11,random
PL_Comms_C1.csv::A-30,Comms,C1,PL_Comms_C1.csv,A-30,4.123105626,75.0,direct_extra,75.96027777777789,0.9602777777778897,0.9602777777778897,random,11,random
PL_Library_C1.csv::J-15,Library,C1,PL_Library_C1.csv,J-15,5.5868,84.0,direct_extra,66.60069444444449,-17.399305555555515,17.399305555555515,random,11,random
PL_Comms_C2.csv::L-11,Comms,C2,PL_Comms_C2.csv,L-11,19.35138819,113.0,direct_extra,105.35883683473388,-7.641163165266121,7.641163165266121,random,11,random
PL_Library_C2.csv::I-3,Library,C2,PL_Library_C2.csv,I-3,18.91203519,89.0,direct_extra,86.10649159663866,-2.893508403361338,2.893508403361338,random,11,random
PL_Comms_C2.csv::B-10,Comms,C2,PL_Comms_C2.csv,B-10,19.2737185,106.0,direct_extra,109.07239424464427,3.072394244644272,3.072394244644272,random,11,random
PL_SSE_C2.csv::B-6,SSE,C2,PL_SSE_C2.csv,B-6,12.70732958,96.0,direct_extra,95.19975000000002,-0.800249999999977,0.800249999999977,random,11,random
PL_Comms_C2.csv::P-21,Comms,C2,PL_Comms_C2.csv,P-21,13.65562979,96.0,direct_extra,90.48296810147912,-5.517031898520884,5.517031898520884,random,11,random
PL_Comms_C1.csv::E-6,Comms,C1,PL_Comms_C1.csv,E-6,23.0,110.0,direct_extra,109.12476190476185,-0.8752380952381458,0.8752380952381458,random,11,random
PL_Comms_C2.csv::N-37,Comms,C2,PL_Comms_C2.csv,N-37,12.10273626,95.0,direct_extra,95.99908928571429,0.999089285714291,0.999089285714291,random,11,random
PL_Library_C1.csv::D-2,Library,C1,PL_Library_C1.csv,D-2,23.3123,94.0,direct_extra,80.4008432787019,-13.599156721298101,13.599156721298101,random,11,random
PL_Comms_C1.csv::B-36,Comms,C1,PL_Comms_C1.csv,B-36,7.615773106,87.0,direct_extra,87.90866980731687,0.9086698073168691,0.9086698073168691,random,11,random
PL_Comms_C2.csv::I-35,Comms,C2,PL_Comms_C2.csv,I-35,7.312744013,89.0,direct_extra,84.58682972582972,-4.413170274170284,4.413170274170284,random,11,random
PL_Library_C2.csv::T-9,Library,C2,PL_Library_C2.csv,T-9,12.55142821,80.0,direct_extra,78.6807314213564,-1.3192685786436016,1.3192685786436016,random,11,random
PL_Comms_C1.csv::C-57,Comms,C1,PL_Comms_C1.csv,C-57,28.0713377,110.0,direct_extra,113.63827866904339,3.6382786690433875,3.6382786690433875,random,11,random
PL_Library_C2.csv::V-6,Library,C2,PL_Library_C2.csv,V-6,17.39495114,95.0,direct_extra,91.00541666666668,-3.994583333333324,3.994583333333324,random,11,random
PL_Comms_C2.csv::H-19,Comms,C2,PL_Comms_C2.csv,H-19,10.5107671,89.0,direct_extra,84.89527489177487,-4.104725108225125,4.104725108225125,random,11,random
PL_Comms_C1.csv::M-30,Comms,C1,PL_Comms_C1.csv,M-30,8.062257748,96.0,direct_extra,84.64458333333332,-11.355416666666684,11.355416666666684,random,11,random
PL_Library_C2.csv::J-14,Library,C2,PL_Library_C2.csv,J-14,6.180349909,78.0,direct_extra,73.8428551864802,-4.157144813519807,4.157144813519807,random,11,random
PL_Comms_C2.csv::A-7,Comms,C2,PL_Comms_C2.csv,A-7,22.39366484,115.0,direct_extra,114.86847619047607,-0.13152380952392662,0.13152380952392662,random,11,random
PL_Library_C2.csv::F-8,Library,C2,PL_Library_C2.csv,F-8,15.37814765,75.0,direct_extra,82.36170238095235,7.361702380952352,7.361702380952352,random,11,random
PL_Comms_C2.csv::C-25,Comms,C2,PL_Comms_C2.csv,C-25,4.634244814,86.0,direct_extra,73.75634848484857,-12.243651515151427,12.243651515151427,random,11,random
PL_Library_C2.csv::U-9,Library,C2,PL_Library_C2.csv,U-9,13.46872952,81.0,direct_extra,81.39995238095237,0.39995238095237085,0.39995238095237085,random,11,random
PL_Comms_C1.csv::D-53,Comms,C1,PL_Comms_C1.csv,D-53,24.0208243,110.0,direct_extra,112.76453066378072,2.764530663780718,2.764530663780718,random,11,random
PL_SSE_C2.csv::H-4,SSE,C2,PL_SSE_C2.csv,H-4,8.571827401,82.0,direct_extra,80.32789285714284,-1.6721071428571577,1.6721071428571577,random,11,random
PL_Comms_C2.csv::H-12,Comms,C2,PL_Comms_C2.csv,H-12,17.30538139,90.0,direct_extra,89.70464101639092,-0.2953589836090771,0.2953589836090771,random,11,random
PL_Comms_C2.csv::L-25,Comms,C2,PL_Comms_C2.csv,L-25,8.153295346,93.0,direct_extra,90.20805341880339,-2.791946581196612,2.791946581196612,random,11,random
PL_Library_C1.csv::P-11,Library,C1,PL_Library_C1.csv,P-11,7.2969,80.0,direct_extra,69.45466666666671,-10.54533333333329,10.54533333333329,random,11,random
PL_SSE_C2.csv::L-10,SSE,C2,PL_SSE_C2.csv,L-10,2.340133543,73.0,direct_extra,69.57666666666674,-3.423333333333261,3.423333333333261,random,11,random
PL_Library_C2.csv::F-3,Library,C2,PL_Library_C2.csv,F-3,20.71883322,92.0,direct_extra,91.50776190476192,-0.49223809523807915,0.49223809523807915,random,11,random
PL_Comms_C2.csv::A-15,Comms,C2,PL_Comms_C2.csv,A-15,14.61082561,98.0,direct_extra,98.7169322691198,0.7169322691197948,0.7169322691197948,random,11,random
PL_Comms_C2.csv::D-16,Comms,C2,PL_Comms_C2.csv,D-16,13.09489309,92.0,direct_extra,95.30595238095239,3.305952380952391,3.305952380952391,random,11,random
PL_Library_C1.csv::H-4,Library,C1,PL_Library_C1.csv,H-4,18.1792,77.0,direct_extra,81.62026910287781,4.620269102877813,4.620269102877813,random,11,random
PL_Library_C1.csv::U-5,Library,C1,PL_Library_C1.csv,U-5,17.667,83.0,direct_extra,81.04808910533916,-1.9519108946608412,1.9519108946608412,random,11,random
PL_Comms_C1.csv::K-4,Comms,C1,PL_Comms_C1.csv,K-4,25.70992026,103.0,direct_extra,104.06565476190481,1.0656547619048098,1.0656547619048098,random,11,random
PL_Library_C1.csv::C-1,Library,C1,PL_Library_C1.csv,C-1,25.2045,88.0,direct_extra,80.34815738126603,-7.651842618733966,7.651842618733966,random,11,random
PL_Comms_C1.csv::L-35,Comms,C1,PL_Comms_C1.csv,L-35,9.219544457,84.0,direct_extra,86.02482142857153,2.024821428571528,2.024821428571528,random,11,random
PL_Comms_C1.csv::L-27,Comms,C1,PL_Comms_C1.csv,L-27,7.280109889,76.0,direct_extra,88.54515476190474,12.54515476190474,12.54515476190474,random,11,random
PL_Comms_C1.csv::P-53,Comms,C1,PL_Comms_C1.csv,P-53,26.40075756,123.0,direct_extra,113.55123592012563,-9.448764079874366,9.448764079874366,random,11,random
PL_Library_C1.csv::C-5,Library,C1,PL_Library_C1.csv,C-5,21.0789,74.0,direct_extra,83.09101080561955,9.091010805619547,9.091010805619547,random,11,random
PL_Library_C1.csv::C-7,Library,C1,PL_Library_C1.csv,C-7,19.2582,78.0,direct_extra,80.3960898962149,2.396089896214903,2.396089896214903,random,11,random
PL_SSE_C1.csv::D-2,SSE,C1,PL_SSE_C1.csv,D-2,12.80624847,91.0,direct_extra,100.16958333333334,9.169583333333335,9.169583333333335,random,11,random
PL_SSE_C1.csv::N-9,SSE,C1,PL_SSE_C1.csv,N-9,1.0,52.0,direct_extra,52.61333333333336,0.6133333333333582,0.6133333333333582,random,11,random
PL_Comms_C1.csv::D-41,Comms,C1,PL_Comms_C1.csv,D-41,12.04159458,98.0,direct_extra,94.84564673227749,-3.154353267722513,3.154353267722513,random,11,random
PL_Comms_C2.csv::H-31,Comms,C2,PL_Comms_C2.csv,H-31,3.804763462,74.0,direct_extra,75.1484033613445,1.1484033613445064,1.1484033613445064,random,11,random
PL_Comms_C1.csv::E-25,Comms,C1,PL_Comms_C1.csv,E-25,4.0,75.0,direct_extra,75.40333333333338,0.4033333333333786,0.4033333333333786,random,11,random
PL_Comms_C2.csv::F-5,Comms,C2,PL_Comms_C2.csv,F-5,24.0515327,94.0,direct_extra,103.63618452380946,9.636184523809462,9.636184523809462,random,11,random
PL_Library_C2.csv::Q-13,Library,C2,PL_Library_C2.csv,Q-13,5.875770162,70.0,direct_extra,67.62544246031746,-2.3745575396825416,2.3745575396825416,random,11,random
PL_Comms_C1.csv::A-2,Comms,C1,PL_Comms_C1.csv,A-2,27.29468813,122.0,direct_extra,114.66340476190477,-7.336595238095228,7.336595238095228,random,11,random
PL_Comms_C1.csv::I-38,Comms,C1,PL_Comms_C1.csv,I-38,9.848857802,98.0,direct_extra,91.03514899227241,-6.964851007727589,6.964851007727589,random,11,random
PL_Comms_C2.csv::E-28,Comms,C2,PL_Comms_C2.csv,E-28,1.573602555,76.0,direct_extra,66.41983333333323,-9.58016666666677,9.58016666666677,random,11,random
PL_Library_C1.csv::M-22,Library,C1,PL_Library_C1.csv,M-22,8.2421,76.0,direct_extra,82.75161309523804,6.751613095238042,6.751613095238042,random,11,random
PL_SSE_C2.csv::I-4,SSE,C2,PL_SSE_C2.csv,I-4,7.904190344,82.0,direct_extra,86.22128571428576,4.221285714285756,4.221285714285756,random,11,random
PL_SSE_C2.csv::N-6,SSE,C2,PL_SSE_C2.csv,N-6,4.180457511,72.0,direct_extra,78.06995156926408,6.069951569264077,6.069951569264077,random,11,random
PL_Comms_C2.csv::E-57,Comms,C2,PL_Comms_C2.csv,E-57,28.02634876,108.0,direct_extra,116.30120039682546,8.301200396825465,8.301200396825465,random,11,random
PL_Comms_C2.csv::K-35,Comms,C2,PL_Comms_C2.csv,K-35,8.571827401,84.0,direct_extra,85.03007142857136,1.030071428571361,1.030071428571361,random,11,random
PL_Comms_C2.csv::E-30,Comms,C2,PL_Comms_C2.csv,E-30,1.573602555,66.0,direct_extra,79.25583333333333,13.255833333333328,13.255833333333328,random,11,random
PL_Library_C1.csv::Q-9,Library,C1,PL_Library_C1.csv,Q-9,10.3194,70.0,direct_extra,71.43588095238093,1.435880952380927,1.435880952380927,random,11,random
PL_Comms_C1.csv::H-26,Comms,C1,PL_Comms_C1.csv,H-26,4.242640687,68.0,direct_extra,75.72319444444453,7.72319444444453,7.72319444444453,random,11,random
PL_Comms_C1.csv::B-10,Comms,C1,PL_Comms_C1.csv,B-10,19.23538406,104.0,direct_extra,101.02593528510963,-2.9740647148903747,2.9740647148903747,random,11,random
PL_Comms_C2.csv::E-19,Comms,C2,PL_Comms_C2.csv,E-19,10.07354084,90.0,direct_extra,89.7225482683983,-0.2774517316017011,0.2774517316017011,random,11,random
PL_Comms_C1.csv::F-53,Comms,C1,PL_Comms_C1.csv,F-53,24.0208243,92.0,direct_extra,91.22836779448622,-0.7716322055137823,0.7716322055137823,random,11,random
PL_Library_C2.csv::N-26,Library,C2,PL_Library_C2.csv,N-26,13.60436419,80.0,direct_extra,81.77380158730169,1.7738015873016906,1.7738015873016906,random,11,random
PL_Library_C1.csv::T-9,Library,C1,PL_Library_C1.csv,T-9,12.4925,81.0,direct_extra,77.83117470029971,-3.1688252997002877,3.1688252997002877,random,11,random
PL_SSE_C1.csv::D-8,SSE,C1,PL_SSE_C1.csv,D-8,10.19803903,77.0,direct_extra,93.18958333333326,16.18958333333326,16.18958333333326,random,11,random
PL_Comms_C1.csv::C-13,Comms,C1,PL_Comms_C1.csv,C-13,16.1245155,94.0,direct_extra,92.99055032467531,-1.0094496753246887,1.0094496753246887,random,11,random
PL_Comms_C1.csv::K-44,Comms,C1,PL_Comms_C1.csv,K-44,16.15549442,97.0,direct_extra,109.69869851994846,12.698698519948465,12.698698519948465,random,11,random
PL_Comms_C1.csv::H-36,Comms,C1,PL_Comms_C1.csv,H-36,7.615773106,79.0,direct_extra,87.90866980731687,8.908669807316869,8.908669807316869,random,11,random
PL_SSE_C1.csv::A-1,SSE,C1,PL_SSE_C1.csv,A-1,15.8113883,96.0,direct_extra,98.55386111111115,2.5538611111111464,2.5538611111111464,random,11,random
PL_Comms_C1.csv::F-19,Comms,C1,PL_Comms_C1.csv,F-19,10.04987562,80.0,direct_extra,90.14471096681095,10.144710966810948,10.144710966810948,random,11,random
PL_Comms_C1.csv::B-7,Comms,C1,PL_Comms_C1.csv,B-7,22.20360331,112.0,direct_extra,113.30130952380954,1.301309523809536,1.301309523809536,random,11,random
PL_Comms_C1.csv::F-31,Comms,C1,PL_Comms_C1.csv,F-31,2.236067977,70.0,direct_extra,70.83053571428569,0.8305357142856877,0.8305357142856877,random,11,random
PL_Library_C2.csv::G-12,Library,C2,PL_Library_C2.csv,G-12,10.99171734,80.0,direct_extra,80.65169588744591,0.6516958874459107,0.6516958874459107,random,11,random
PL_Library_C1.csv::K-10,Library,C1,PL_Library_C1.csv,K-10,9.0896,71.0,direct_extra,73.55117420079924,2.551174200799238,2.551174200799238,random,11,random
PL_Library_C2.csv::U-12,Library,C2,PL_Library_C2.csv,U-12,10.99171734,83.0,direct_extra,81.63205952380953,-1.3679404761904692,1.3679404761904692,random,11,random
PL_Comms_C1.csv::M-18,Comms,C1,PL_Comms_C1.csv,M-18,13.60147051,85.0,direct_extra,89.99635173160166,4.9963517316016635,4.9963517316016635,random,11,random
PL_Library_C2.csv::Y-19,Library,C2,PL_Library_C2.csv,Y-19,15.49707956,82.0,direct_extra,84.43458333333332,2.4345833333333218,2.4345833333333218,random,11,random
PL_Library_C1.csv::W-11,Library,C1,PL_Library_C1.csv,W-11,13.9506,73.0,direct_extra,75.58874999999995,2.5887499999999477,2.5887499999999477,random,11,random
PL_Comms_C2.csv::G-36,Comms,C2,PL_Comms_C2.csv,G-36,7.380801108,97.0,direct_extra,88.26936273448773,-8.730637265512271,8.730637265512271,random,11,random
PL_Comms_C1.csv::I-6,Comms,C1,PL_Comms_C1.csv,I-6,23.34523506,109.0,direct_extra,95.29707777777776,-13.702922222222242,13.702922222222242,random,11,random
PL_Comms_C2.csv::J-52,Comms,C2,PL_Comms_C2.csv,J-52,23.56854312,119.0,direct_extra,92.68058333333335,-26.319416666666655,26.319416666666655,random,11,random
PL_Comms_C2.csv::C-35,Comms,C2,PL_Comms_C2.csv,C-35,6.440203801,77.0,direct_extra,91.50958297258302,14.509582972583019,14.509582972583019,random,11,random
PL_Comms_C2.csv::J-4,Comms,C2,PL_Comms_C2.csv,J-4,25.5240323,99.0,direct_extra,104.22148809523806,5.221488095238058,5.221488095238058,random,11,random
PL_Library_C1.csv::S-23,Library,C1,PL_Library_C1.csv,S-23,11.6562,75.0,direct_extra,71.91921177944857,-3.080788220551426,3.080788220551426,random,11,random
PL_Comms_C2.csv::C-52,Comms,C2,PL_Comms_C2.csv,C-52,23.11874186,122.0,direct_extra,112.23326692098746,-9.766733079012539,9.766733079012539,random,11,random
PL_Comms_C1.csv::I-22,Comms,C1,PL_Comms_C1.csv,I-22,8.062257748,88.0,direct_extra,87.14487518037518,-0.8551248196248196,0.8551248196248196,random,11,random
PL_Comms_C1.csv::H-48,Comms,C1,PL_Comms_C1.csv,H-48,19.23538406,86.0,direct_extra,85.86261565656558,-0.13738434343441952,0.13738434343441952,random,11,random
PL_Library_C1.csv::I-11,Library,C1,PL_Library_C1.csv,I-11,9.5813,75.0,direct_extra,78.32203827252707,3.3220382725270667,3.3220382725270667,random,11,random
PL_Comms_C1.csv::N-56,Comms,C1,PL_Comms_C1.csv,N-56,28.46049894,115.0,direct_extra,107.9202738095238,-7.079726190476194,7.079726190476194,random,11,random
PL_Comms_C2.csv::N-38,Comms,C2,PL_Comms_C2.csv,N-38,12.78578214,103.0,direct_extra,106.62657774170272,3.626577741702718,3.626577741702718,random,11,random
PL_Library_C2.csv::O-9,Library,C2,PL_Library_C2.csv,O-9,9.658026455,72.0,direct_extra,71.1353333333333,-0.8646666666666931,0.8646666666666931,random,11,random
PL_Library_C1.csv::B-2,Library,C1,PL_Library_C1.csv,B-2,24.985,82.0,direct_extra,80.34815738126603,-1.6518426187339657,1.6518426187339657,random,11,random
PL_Library_C2.csv::Q-23,Library,C2,PL_Library_C2.csv,Q-23,10.39065325,75.0,direct_extra,73.80474945887447,-1.1952505411255316,1.1952505411255316,random,11,random
PL_Library_C1.csv::F-16,Library,C1,PL_Library_C1.csv,F-16,10.84,87.0,direct_extra,83.79041666666664,-3.209583333333356,3.209583333333356,random,11,random
PL_SSE_C1.csv::K-3,SSE,C1,PL_SSE_C1.csv,K-3,7.615773106,75.0,direct_extra,73.32096536796534,-1.6790346320346572,1.6790346320346572,random,11,random
PL_Comms_C2.csv::O-23,Comms,C2,PL_Comms_C2.csv,O-23,11.72502559,85.0,direct_extra,97.85388934676435,12.853889346764348,12.853889346764348,random,11,random
PL_Library_C2.csv::W-8,Library,C2,PL_Library_C2.csv,W-8,16.36153569,84.0,direct_extra,89.92508333333336,5.925083333333362,5.925083333333362,random,11,random
PL_Comms_C1.csv::F-51,Comms,C1,PL_Comms_C1.csv,F-51,22.02271555,94.0,direct_extra,98.67544143114809,4.675441431148087,4.675441431148087,random,11,random
PL_Comms_C2.csv::P-17,Comms,C2,PL_Comms_C2.csv,P-17,16.32409952,94.0,direct_extra,87.7731836257424,-6.226816374257595,6.226816374257595,random,11,random
PL_Comms_C1.csv::L-39,Comms,C1,PL_Comms_C1.csv,L-39,12.20655562,103.0,direct_extra,95.19675494505496,-7.803245054945037,7.803245054945037,random,11,random
PL_Library_C2.csv::H-3,Library,C2,PL_Library_C2.csv,H-3,19.43865607,91.0,direct_extra,86.69586904761904,-4.304130952380959,4.304130952380959,random,11,random
PL_Library_C2.csv::J-3,Library,C2,PL_Library_C2.csv,J-3,18.46999865,88.0,direct_extra,86.70989996604705,-1.2901000339529531,1.2901000339529531,random,11,random
PL_Comms_C1.csv::M-13,Comms,C1,PL_Comms_C1.csv,M-13,17.88854382,115.0,direct_extra,106.35476190476187,-8.645238095238128,8.645238095238128,random,11,random
PL_Comms_C1.csv::A-53,Comms,C1,PL_Comms_C1.csv,A-53,24.33105012,108.0,direct_extra,111.06875793650798,3.0687579365079785,3.0687579365079785,random,11,random
PL_Comms_C1.csv::E-54,Comms,C1,PL_Comms_C1.csv,E-54,25.0,106.0,direct_extra,111.11802578304058,5.118025783040579,5.118025783040579,random,11,random
PL_Library_C2.csv::R-15,Library,C2,PL_Library_C2.csv,R-15,5.717398884,63.0,direct_extra,73.85177579365075,10.851775793650745,10.851775793650745,random,11,random
PL_Comms_C2.csv::J-38,Comms,C2,PL_Comms_C2.csv,J-38,10.36707408,99.0,direct_extra,90.38486319073083,-8.615136809269174,8.615136809269174,random,11,random
PL_Comms_C2.csv::L-21,Comms,C2,PL_Comms_C2.csv,L-21,10.69935629,91.0,direct_extra,86.1467023809524,-4.853297619047595,4.853297619047595,random,11,random
PL_Library_C2.csv::A-6,Library,C2,PL_Library_C2.csv,A-6,22.25684052,94.0,direct_extra,91.73016666666666,-2.269833333333338,2.269833333333338,random,11,random
PL_Comms_C1.csv::O-37,Comms,C1,PL_Comms_C1.csv,O-37,12.80624847,90.0,direct_extra,91.91958928571428,1.919589285714281,1.919589285714281,random,11,random
PL_SSE_C1.csv::C-5,SSE,C1,PL_SSE_C1.csv,C-5,12.08304597,87.0,direct_extra,95.62241666666668,8.62241666666668,8.62241666666668,random,11,random
PL_Comms_C2.csv::F-10,Comms,C2,PL_Comms_C2.csv,F-10,19.06505245,86.0,direct_extra,111.56139424464432,25.56139424464432,25.56139424464432,random,11,random
PL_Comms_C1.csv::I-14,Comms,C1,PL_Comms_C1.csv,I-14,15.5241747,97.0,direct_extra,94.52012770562764,-2.479872294372356,2.479872294372356,random,11,random
PL_Comms_C1.csv::B-50,Comms,C1,PL_Comms_C1.csv,B-50,21.21320344,115.0,direct_extra,105.97009744180409,-9.029902558195914,9.029902558195914,random,11,random
PL_Library_C1.csv::V-8,Library,C1,PL_Library_C1.csv,V-8,15.3301,92.0,direct_extra,83.79391666666663,-8.206083333333368,8.206083333333368,random,11,random
PL_Comms_C2.csv::K-28,Comms,C2,PL_Comms_C2.csv,K-28,6.202920683,69.0,direct_extra,87.1964040754997,18.1964040754997,18.1964040754997,random,11,random
PL_Comms_C2.csv::D-27,Comms,C2,PL_Comms_C2.csv,D-27,2.544842824,72.0,direct_extra,74.35623809523813,2.356238095238126,2.356238095238126,random,11,random
PL_Comms_C1.csv::F-12,Comms,C1,PL_Comms_C1.csv,F-12,17.02938637,98.0,direct_extra,104.48102130325809,6.481021303258089,6.481021303258089,random,11,random
PL_Comms_C2.csv::B-46,Comms,C2,PL_Comms_C2.csv,B-46,17.30538139,109.0,direct_extra,110.92924265301103,1.9292426530110305,1.9292426530110305,random,11,random
PL_Comms_C2.csv::A-3,Comms,C2,PL_Comms_C2.csv,A-3,26.33393675,122.0,direct_extra,114.42517424242425,-7.574825757575752,7.574825757575752,random,11,random
PL_Comms_C1.csv::F-22,Comms,C1,PL_Comms_C1.csv,F-22,7.071067812,77.0,direct_extra,82.28727695017402,5.287276950174018,5.287276950174018,random,11,random
PL_Comms_C2.csv::G-19,Comms,C2,PL_Comms_C2.csv,G-19,10.27016188,88.0,direct_extra,88.02099632034634,0.02099632034634169,0.02099632034634169,random,11,random
PL_Comms_C1.csv::J-18,Comms,C1,PL_Comms_C1.csv,J-18,12.08304597,91.0,direct_extra,93.85074147213354,2.850741472133535,2.850741472133535,random,11,random
PL_Comms_C2.csv::F-13,Comms,C2,PL_Comms_C2.csv,F-13,16.07719581,83.0,direct_extra,96.94089655483407,13.940896554834069,13.940896554834069,random,11,random
PL_Comms_C2.csv::G-47,Comms,C2,PL_Comms_C2.csv,G-47,18.15147997,86.0,direct_extra,110.80526540616256,24.80526540616256,24.80526540616256,random,11,random
PL_Comms_C2.csv::N-10,Comms,C2,PL_Comms_C2.csv,N-10,21.05887521,114.0,direct_extra,96.81992341482044,-17.180076585179563,17.180076585179563,random,11,random
PL_SSE_C1.csv::K-7,SSE,C1,PL_SSE_C1.csv,K-7,4.242640687,81.0,direct_extra,71.09012254901957,-9.909877450980431,9.909877450980431,random,11,random
PL_Comms_C2.csv::A-6,Comms,C2,PL_Comms_C2.csv,A-6,23.37683094,113.0,direct_extra,112.7290194805194,-0.2709805194806023,0.2709805194806023,random,11,random
PL_Comms_C2.csv::C-31,Comms,C2,PL_Comms_C2.csv,C-31,3.078347771,73.0,direct_extra,75.28195098039215,2.2819509803921534,2.2819509803921534,random,11,random
PL_Library_C1.csv::S-13,Library,C1,PL_Library_C1.csv,S-13,7.9009,82.0,direct_extra,85.56203030303037,3.562030303030369,3.562030303030369,random,11,random
PL_Library_C1.csv::U-19,Library,C1,PL_Library_C1.csv,U-19,10.3194,74.0,direct_extra,74.88001329165999,0.8800132916599921,0.8800132916599921,random,11,random
PL_Comms_C2.csv::J-41,Comms,C2,PL_Comms_C2.csv,J-41,13.05665443,101.0,direct_extra,100.10062556459063,-0.8993744354093707,0.8993744354093707,random,11,random
PL_Library_C1.csv::L-8,Library,C1,PL_Library_C1.csv,L-8,11.1736,85.0,direct_extra,77.96840955474096,-7.031590445259042,7.031590445259042,random,11,random
PL_Comms_C2.csv::B-22,Comms,C2,PL_Comms_C2.csv,B-22,7.712083052,83.0,direct_extra,85.5501847041847,2.5501847041847014,2.5501847041847014,random,11,random
PL_Comms_C1.csv::M-32,Comms,C1,PL_Comms_C1.csv,M-32,8.544003745,86.0,direct_extra,85.3650833333333,-0.6349166666666974,0.6349166666666974,random,11,random
PL_Comms_C1.csv::E-36,Comms,C1,PL_Comms_C1.csv,E-36,7.0,90.0,direct_extra,83.17484837874547,-6.825151621254534,6.825151621254534,random,11,random
PL_Comms_C2.csv::E-40,Comms,C2,PL_Comms_C2.csv,E-40,11.06689771,98.0,direct_extra,92.59578815628815,-5.404211843711849,5.404211843711849,random,11,random
PL_Comms_C2.csv::F-12,Comms,C2,PL_Comms_C2.csv,F-12,17.07267481,96.0,direct_extra,105.07631451881451,9.076314518814513,9.076314518814513,random,11,random
PL_Comms_C1.csv::L-25,Comms,C1,PL_Comms_C1.csv,L-25,8.062257748,83.0,direct_extra,93.7719490231991,10.771949023199099,10.771949023199099,random,11,random
PL_Comms_C2.csv::F-45,Comms,C2,PL_Comms_C2.csv,F-45,16.07719581,93.0,direct_extra,104.13828333422681,11.138283334226813,11.138283334226813,random,11,random
PL_Comms_C2.csv::B-32,Comms,C2,PL_Comms_C2.csv,B-32,4.413187623,77.0,direct_extra,80.61772803666919,3.6177280366691917,3.6177280366691917,random,11,random
PL_Library_C1.csv::S-7,Library,C1,PL_Library_C1.csv,S-7,13.9506,84.0,direct_extra,82.09590259740264,-1.9040974025973583,1.9040974025973583,random,11,random
PL_Library_C2.csv::I-4,Library,C2,PL_Library_C2.csv,I-4,17.65685278,82.0,direct_extra,83.37040429505134,1.370404295051344,1.370404295051344,random,11,random
PL_Comms_C1.csv::K-53,Comms,C1,PL_Comms_C1.csv,K-53,24.73863375,113.0,direct_extra,109.68490079365085,-3.315099206349146,3.315099206349146,random,11,random
PL_Library_C1.csv::B-9,Library,C1,PL_Library_C1.csv,B-9,18.8243,80.0,direct_extra,84.20384776334762,4.203847763347625,4.203847763347625,random,11,random
PL_Library_C1.csv::V-11,Library,C1,PL_Library_C1.csv,V-11,12.783,74.0,direct_extra,83.6843596681097,9.684359668109707,9.684359668109707,random,11,random
PL_Library_C2.csv::V-17,Library,C2,PL_Library_C2.csv,V-17,10.99171734,74.0,direct_extra,74.73785721223217,0.7378572122321714,0.7378572122321714,random,11,random
PL_SSE_C2.csv::N-2,SSE,C2,PL_SSE_C2.csv,N-2,8.09173807,87.0,direct_extra,76.72292757936503,-10.277072420634966,10.277072420634966,random,11,random
PL_Library_C2.csv::F-5,Library,C2,PL_Library_C2.csv,F-5,18.46999865,81.0,direct_extra,86.70989996604705,5.709899966047047,5.709899966047047,random,11,random
PL_Comms_C1.csv::A-42,Comms,C1,PL_Comms_C1.csv,A-42,13.60147051,92.0,direct_extra,98.37538276013844,6.375382760138436,6.375382760138436,random,11,random
PL_Library_C1.csv::R-5,Library,C1,PL_Library_C1.csv,R-5,15.8599,95.0,direct_extra,82.05587085137081,-12.944129148629187,12.944129148629187,random,11,random
PL_Library_C1.csv::D-8,Library,C1,PL_Library_C1.csv,D-8,17.3525,79.0,direct_extra,87.08049123099124,8.080491230991242,8.080491230991242,random,11,random
PL_Comms_C1.csv::L-47,Comms,C1,PL_Comms_C1.csv,L-47,19.31320792,104.0,direct_extra,106.81691162884259,2.8169116288425897,2.8169116288425897,random,11,random
PL_Library_C2.csv::B-11,Library,C2,PL_Library_C2.csv,B-11,17.65685278,88.0,direct_extra,84.6945357142857,-3.3054642857142937,3.3054642857142937,random,11,random
PL_Comms_C2.csv::A-12,Comms,C2,PL_Comms_C2.csv,A-12,17.50646238,116.0,direct_extra,108.30910961260966,-7.69089038739034,7.69089038739034,random,11,random
PL_Comms_C2.csv::K-37,Comms,C2,PL_Comms_C2.csv,K-37,10.07354084,95.0,direct_extra,89.7225482683983,-5.277451731601701,5.277451731601701,random,11,random
PL_Comms_C2.csv::P-56,Comms,C2,PL_Comms_C2.csv,P-56,29.18006554,123.0,direct_extra,120.83007539682534,-2.169924603174664,2.169924603174664,random,11,random
PL_Comms_C1.csv::H-41,Comms,C1,PL_Comms_C1.csv,H-41,12.36931688,92.0,direct_extra,91.55592828532033,-0.4440717146796658,0.4440717146796658,random,11,random
PL_Comms_C1.csv::L-42,Comms,C1,PL_Comms_C1.csv,L-42,14.76482306,91.0,direct_extra,97.17508812318967,6.175088123189667,6.175088123189667,random,11,random
PL_Comms_C1.csv::E-23,Comms,C1,PL_Comms_C1.csv,E-23,6.0,77.0,direct_extra,76.87919287802829,-0.1208071219717084,0.1208071219717084,random,11,random
PL_Library_C1.csv::F-9,Library,C1,PL_Library_C1.csv,F-9,14.4038,76.0,direct_extra,89.36561363636359,13.365613636363591,13.365613636363591,random,11,random
PL_Comms_C1.csv::O-57,Comms,C1,PL_Comms_C1.csv,O-57,29.73213749,115.0,direct_extra,112.82623440774911,-2.173765592250888,2.173765592250888,random,11,random
PL_Comms_C1.csv::A-31,Comms,C1,PL_Comms_C1.csv,A-31,4.472135955,68.0,direct_extra,75.2115277777778,7.211527777777803,7.211527777777803,random,11,random
PL_Comms_C1.csv::B-13,Comms,C1,PL_Comms_C1.csv,B-13,16.2788206,94.0,direct_extra,93.541466991342,-0.4585330086579944,0.4585330086579944,random,11,random
PL_Comms_C2.csv::B-53,Comms,C2,PL_Comms_C2.csv,B-53,24.21727121,116.0,direct_extra,115.77230263527322,-0.22769736472677948,0.22769736472677948,random,11,random
PL_Library_C1.csv::T-17,Library,C1,PL_Library_C1.csv,T-17,8.2421,73.0,direct_extra,72.06115476190479,-0.9388452380952117,0.9388452380952117,random,11,random
PL_Comms_C2.csv::O-22,Comms,C2,PL_Comms_C2.csv,O-22,12.26687511,95.0,direct_extra,89.5701314102564,-5.429868589743606,5.429868589743606,random,11,random
PL_Comms_C1.csv::A-48,Comms,C1,PL_Comms_C1.csv,A-48,19.41648784,114.0,direct_extra,107.17591162884258,-6.824088371157416,6.824088371157416,random,11,random
PL_Library_C2.csv::N-9,Library,C2,PL_Library_C2.csv,N-9,9.562502288,78.0,direct_extra,71.1128333333333,-6.887166666666701,6.887166666666701,random,11,random
PL_SSE_C2.csv::E-4,SSE,C2,PL_SSE_C2.csv,E-4,10.88467845,95.0,direct_extra,91.3434642857143,-3.6565357142856953,3.6565357142856953,random,11,random
PL_Library_C2.csv::M-3,Library,C2,PL_Library_C2.csv,M-3,17.70876831,88.0,direct_extra,85.94633333333333,-2.053666666666672,2.053666666666672,random,11,random
PL_Comms_C1.csv::E-48,Comms,C1,PL_Comms_C1.csv,E-48,19.0,102.0,direct_extra,105.32045607867373,3.320456078673729,3.320456078673729,random,11,random
PL_Comms_C1.csv::M-41,Comms,C1,PL_Comms_C1.csv,M-41,14.4222051,95.0,direct_extra,98.16446428571432,3.164464285714317,3.164464285714317,random,11,random
PL_Comms_C2.csv::H-43,Comms,C2,PL_Comms_C2.csv,H-43,14.3692806,87.0,direct_extra,89.78091319029551,2.7809131902955073,2.7809131902955073,random,11,random
PL_Library_C1.csv::P-5,Library,C1,PL_Library_C1.csv,P-5,15.1494,80.0,direct_extra,81.1819841269841,1.181984126984105,1.181984126984105,random,11,random
PL_SSE_C1.csv::M-8,SSE,C1,PL_SSE_C1.csv,M-8,2.236067977,53.0,direct_extra,59.68424999999999,6.684249999999992,6.684249999999992,random,11,random
PL_Library_C1.csv::M-25,Library,C1,PL_Library_C1.csv,M-25,12.27,80.0,direct_extra,81.93150000000009,1.931500000000085,1.931500000000085,random,11,random
PL_Library_C2.csv::E-2,Library,C2,PL_Library_C2.csv,E-2,22.58440059,93.0,direct_extra,91.57885389610391,-1.421146103896092,1.421146103896092,random,11,random
PL_Comms_C1.csv::O-38,Comms,C1,PL_Comms_C1.csv,O-38,13.45362405,98.0,direct_extra,100.41663095238093,2.4166309523809275,2.4166309523809275,random,11,random
PL_Comms_C1.csv::N-36,Comms,C1,PL_Comms_C1.csv,N-36,11.40175425,94.0,direct_extra,89.94048809523812,-4.059511904761877,4.059511904761877,random,11,random
PL_Library_C1.csv::U-14,Library,C1,PL_Library_C1.csv,U-14,9.8645,79.0,direct_extra,73.40583784271278,-5.594162157287215,5.594162157287215,random,11,random
PL_Comms_C2.csv::G-41,Comms,C2,PL_Comms_C2.csv,G-41,12.22604699,84.0,direct_extra,89.03721474358974,5.037214743589743,5.037214743589743,random,11,random
PL_Library_C2.csv::Q-11,Library,C2,PL_Library_C2.csv,Q-11,7.993814796,75.0,direct_extra,78.89774625747062,3.897746257470615,3.897746257470615,random,11,random
PL_Library_C2.csv::N-14,Library,C2,PL_Library_C2.csv,N-14,2.969903197,64.0,direct_extra,70.37763095238095,6.3776309523809545,6.3776309523809545,random,11,random
PL_Comms_C1.csv::O-26,Comms,C1,PL_Comms_C1.csv,O-26,10.44030651,95.0,direct_extra,89.26151604554865,-5.738483954451354,5.738483954451354,random,11,random
PL_Comms_C1.csv::D-33,Comms,C1,PL_Comms_C1.csv,D-33,4.123105626,79.0,direct_extra,75.96027777777789,-3.0397222222221103,3.0397222222221103,random,11,random
PL_Comms_C2.csv::F-7,Comms,C2,PL_Comms_C2.csv,F-7,22.05620604,83.0,direct_extra,92.67269280719283,9.672692807192831,9.672692807192831,random,11,random
PL_Comms_C1.csv::O-51,Comms,C1,PL_Comms_C1.csv,O-51,24.16609195,110.0,direct_extra,108.70619244970725,-1.2938075502927546,1.2938075502927546,random,11,random
PL_SSE_C2.csv::C-5,SSE,C2,PL_SSE_C2.csv,C-5,12.14397896,101.0,direct_extra,97.99798809523809,-3.0020119047619147,3.0020119047619147,random,11,random
PL_Comms_C1.csv::J-45,Comms,C1,PL_Comms_C1.csv,J-45,16.76305461,100.0,direct_extra,103.24443178668179,3.244431786681787,3.244431786681787,random,11,random
PL_Comms_C2.csv::A-52,Comms,C2,PL_Comms_C2.csv,A-52,23.37683094,122.0,direct_extra,113.12885025432082,-8.871149745679176,8.871149745679176,random,11,random
PL_SSE_C1.csv::M-3,SSE,C1,PL_SSE_C1.csv,M-3,7.071067812,69.0,direct_extra,71.71469704396905,2.7146970439690534,2.7146970439690534,random,11,random
PL_Comms_C1.csv::D-57,Comms,C1,PL_Comms_C1.csv,D-57,28.01785145,114.0,direct_extra,113.07137390713864,-0.9286260928613643,0.9286260928613643,random,11,random
PL_Comms_C1.csv::G-30,Comms,C1,PL_Comms_C1.csv,G-30,2.236067977,62.0,direct_extra,64.84419047619049,2.844190476190491,2.844190476190491,random,11,random
PL_Library_C1.csv::W-8,Library,C1,PL_Library_C1.csv,W-8,16.3164,87.0,direct_extra,86.74091666666665,-0.25908333333335065,0.25908333333335065,random,11,random
PL_Comms_C1.csv::C-43,Comms,C1,PL_Comms_C1.csv,C-43,14.14213562,95.0,direct_extra,94.78650383248038,-0.2134961675196223,0.2134961675196223,random,11,random
PL_Library_C2.csv::Q-12,Library,C2,PL_Library_C2.csv,Q-12,6.883084338,75.0,direct_extra,74.5651071428572,-0.434892857142799,0.434892857142799,random,11,random
PL_Comms_C2.csv::F-23,Comms,C2,PL_Comms_C2.csv,F-23,6.202920683,94.0,direct_extra,88.97291630591631,-5.027083694083686,5.027083694083686,random,11,random
PL_Comms_C1.csv::J-32,Comms,C1,PL_Comms_C1.csv,J-32,5.830951895,83.0,direct_extra,79.05322023809526,-3.946779761904736,3.946779761904736,random,11,random
PL_Comms_C2.csv::H-1,Comms,C2,PL_Comms_C2.csv,H-1,28.18645464,105.0,direct_extra,99.04716666666667,-5.952833333333331,5.952833333333331,random,11,random
PL_SSE_C2.csv::F-8,SSE,C2,PL_SSE_C2.csv,F-8,8.335239949,88.0,direct_extra,87.59024999999995,-0.40975000000004513,0.40975000000004513,random,11,random
PL_Comms_C2.csv::A-25,Comms,C2,PL_Comms_C2.csv,A-25,5.78586424,82.0,direct_extra,80.3470220408677,-1.6529779591323006,1.6529779591323006,random,11,random
PL_Library_C1.csv::I-5,Library,C1,PL_Library_C1.csv,I-5,16.3725,87.0,direct_extra,85.8388676046176,-1.1611323953823955,1.1611323953823955,random,11,random
PL_Comms_C1.csv::I-23,Comms,C1,PL_Comms_C1.csv,I-23,7.211102551,82.0,direct_extra,88.87765476190474,6.877654761904736,6.877654761904736,random,11,random
PL_Comms_C2.csv::I-55,Comms,C2,PL_Comms_C2.csv,I-55,26.33393675,110.0,direct_extra,102.58107142857145,-7.418928571428552,7.418928571428552,random,11,random
PL_Comms_C1.csv::N-27,Comms,C1,PL_Comms_C1.csv,N-27,9.219544457,82.0,direct_extra,78.29523809523805,-3.704761904761952,3.704761904761952,random,11,random
PL_SSE_C1.csv::F-3,SSE,C1,PL_SSE_C1.csv,F-3,10.63014581,86.0,direct_extra,83.32766666666662,-2.672333333333384,2.672333333333384,random,11,random
PL_SSE_C1.csv::C-7,SSE,C1,PL_SSE_C1.csv,C-7,11.40175425,98.0,direct_extra,95.88083333333334,-2.1191666666666578,2.1191666666666578,random,11,random
PL_Comms_C1.csv::E-56,Comms,C1,PL_Comms_C1.csv,E-56,27.0,107.0,direct_extra,113.71006330107795,6.710063301077952,6.710063301077952,random,11,random
PL_Comms_C2.csv::E-11,Comms,C2,PL_Comms_C2.csv,E-11,18.04095965,107.0,direct_extra,104.77238233988238,-2.227617660117616,2.227617660117616,random,11,random
PL_Library_C1.csv::C-16,Library,C1,PL_Library_C1.csv,C-16,14.905,75.0,direct_extra,86.58833333333332,11.588333333333324,11.588333333333324,random,11,random
PL_SSE_C1.csv::A-3,SSE,C1,PL_SSE_C1.csv,A-3,14.76482306,96.0,direct_extra,98.38791666666668,2.3879166666666833,2.3879166666666833,random,11,random
PL_Comms_C2.csv::D-56,Comms,C2,PL_Comms_C2.csv,D-56,27.04581714,112.0,direct_extra,118.1825376984127,6.182537698412702,6.182537698412702,random,11,random
PL_Comms_C1.csv::E-18,Comms,C1,PL_Comms_C1.csv,E-18,11.0,96.0,direct_extra,91.94086774891775,-4.0591322510822465,4.0591322510822465,random,11,random
PL_Comms_C2.csv::D-53,Comms,C2,PL_Comms_C2.csv,D-53,24.0515327,117.0,direct_extra,114.75713596860656,-2.242864031393438,2.242864031393438,random,11,random
PL_Library_C2.csv::S-5,Library,C2,PL_Library_C2.csv,S-5,16.41754778,87.0,direct_extra,85.389625,-1.6103750000000048,1.6103750000000048,random,11,random
PL_Library_C2.csv::L-14,Library,C2,PL_Library_C2.csv,L-14,4.020500591,77.0,direct_extra,68.783399859944,-8.216600140056002,8.216600140056002,random,11,random
PL_Comms_C2.csv::E-50,Comms,C2,PL_Comms_C2.csv,E-50,21.03511885,114.0,direct_extra,111.13919890460247,-2.860801095397534,2.860801095397534,random,11,random
PL_Comms_C1.csv::A-55,Comms,C1,PL_Comms_C1.csv,A-55,26.30589288,117.0,direct_extra,113.5384184598082,-3.4615815401918013,3.4615815401918013,random,11,random
PL_Library_C2.csv::D-7,Library,C2,PL_Library_C2.csv,D-7,18.27010536,88.0,direct_extra,88.26415429505136,0.26415429505135535,0.26415429505135535,random,11,random
PL_Library_C2.csv::R-5,Library,C2,PL_Library_C2.csv,R-5,15.90633993,92.0,direct_extra,88.44641666666666,-3.5535833333333358,3.5535833333333358,random,11,random
PL_SSE_C2.csv::A-2,SSE,C2,PL_SSE_C2.csv,A-2,15.31261653,104.0,direct_extra,99.82516666666665,-4.174833333333353,4.174833333333353,random,11,random
PL_Library_C2.csv::T-20,Library,C2,PL_Library_C2.csv,T-20,9.846294988,75.0,direct_extra,76.2507039835165,1.2507039835165017,1.2507039835165017,random,11,random
PL_SSE_C2.csv::A-7,SSE,C2,PL_SSE_C2.csv,A-7,13.3968737,106.0,direct_extra,101.21008333333339,-4.789916666666613,4.789916666666613,random,11,random
PL_Library_C1.csv::I-16,Library,C1,PL_Library_C1.csv,I-16,6.775,80.0,direct_extra,78.78189682539683,-1.218103174603172,1.218103174603172,random,11,random
PL_Comms_C2.csv::C-13,Comms,C2,PL_Comms_C2.csv,C-13,16.1702265,103.0,direct_extra,97.54193822150073,-5.458061778499271,5.458061778499271,random,11,random
PL_Comms_C1.csv::O-55,Comms,C1,PL_Comms_C1.csv,O-55,27.85677655,103.0,direct_extra,109.02533333333332,6.025333333333322,6.025333333333322,random,11,random
PL_Comms_C2.csv::K-24,Comms,C2,PL_Comms_C2.csv,K-24,7.904190344,92.0,direct_extra,86.04319534632037,-5.956804653679626,5.956804653679626,random,11,random
PL_Library_C2.csv::S-23,Library,C2,PL_Library_C2.csv,S-23,11.71930352,82.0,direct_extra,75.01836075036071,-6.9816392496392865,6.9816392496392865,random,11,random
PL_Library_C2.csv::T-15,Library,C2,PL_Library_C2.csv,T-15,8.331215398,77.0,direct_extra,74.81922093532536,-2.1807790646746383,2.1807790646746383,random,11,random
PL_Comms_C2.csv::G-48,Comms,C2,PL_Comms_C2.csv,G-48,19.14356876,90.0,direct_extra,103.13994397759102,13.139943977591017,13.139943977591017,random,11,random
PL_SSE_C2.csv::D-4,SSE,C2,PL_SSE_C2.csv,D-4,11.72502559,97.0,direct_extra,95.6315,-1.3684999999999974,1.3684999999999974,random,11,random
PL_Comms_C2.csv::A-48,Comms,C2,PL_Comms_C2.csv,A-48,19.45446543,112.0,direct_extra,113.20689536500484,1.20689536500484,1.20689536500484,random,11,random
PL_Comms_C2.csv::D-37,Comms,C2,PL_Comms_C2.csv,D-37,8.153295346,86.0,direct_extra,90.20805341880339,4.208053418803388,4.208053418803388,random,11,random
PL_Comms_C1.csv::G-33,Comms,C1,PL_Comms_C1.csv,G-33,4.472135955,75.0,direct_extra,75.98230357142862,0.9823035714286164,0.9823035714286164,random,11,random
PL_Library_C1.csv::Q-18,Library,C1,PL_Library_C1.csv,Q-18,4.8855,66.0,direct_extra,68.85474999999994,2.854749999999939,2.854749999999939,random,11,random
PL_Comms_C1.csv::F-8,Comms,C1,PL_Comms_C1.csv,F-8,21.02379604,85.0,direct_extra,96.98334593083646,11.983345930836464,11.983345930836464,random,11,random
PL_Comms_C1.csv::B-32,Comms,C1,PL_Comms_C1.csv,B-32,4.242640687,67.0,direct_extra,75.72319444444453,8.72319444444453,8.72319444444453,random,11,random
PL_Library_C1.csv::L-13,Library,C1,PL_Library_C1.csv,L-13,4.8855,71.0,direct_extra,68.85474999999994,-2.145250000000061,2.145250000000061,random,11,random
PL_Comms_C2.csv::G-57,Comms,C2,PL_Comms_C2.csv,G-57,28.09761956,96.0,direct_extra,112.00124999999998,16.001249999999985,16.001249999999985,random,11,random
PL_Comms_C2.csv::M-21,Comms,C2,PL_Comms_C2.csv,M-21,11.37876202,92.0,direct_extra,89.01240666971918,-2.9875933302808164,2.9875933302808164,random,11,random
PL_Library_C2.csv::L-11,Library,C2,PL_Library_C2.csv,L-11,7.397361016,68.0,direct_extra,72.04152331513528,4.041523315135279,4.041523315135279,random,11,random
PL_Comms_C2.csv::O-36,Comms,C2,PL_Comms_C2.csv,O-36,12.26687511,93.0,direct_extra,94.93466666666663,1.9346666666666295,1.9346666666666295,random,11,random
PL_Comms_C2.csv::K-33,Comms,C2,PL_Comms_C2.csv,K-33,7.312744013,82.0,direct_extra,87.45923178210677,5.4592317821067695,5.4592317821067695,random,11,random
PL_Comms_C1.csv::E-49,Comms,C1,PL_Comms_C1.csv,E-49,20.0,105.0,direct_extra,108.3207302615987,3.3207302615986976,3.3207302615986976,random,11,random
PL_Library_C2.csv::U-18,Library,C2,PL_Library_C2.csv,U-18,9.939092011,75.0,direct_extra,79.32881150793644,4.328811507936436,4.328811507936436,random,11,random
PL_Comms_C2.csv::M-28,Comms,C2,PL_Comms_C2.csv,M-28,8.153295346,77.0,direct_extra,85.83216796438856,8.83216796438856,8.83216796438856,random,11,random
PL_Library_C1.csv::W-6,Library,C1,PL_Library_C1.csv,W-6,18.2297,81.0,direct_extra,85.59423137973134,4.59423137973134,4.59423137973134,random,11,random
PL_Comms_C2.csv::F-4,Comms,C2,PL_Comms_C2.csv,F-4,25.04947554,87.0,direct_extra,94.33667748917755,7.336677489177546,7.336677489177546,random,11,random
PL_Comms_C2.csv::N-40,Comms,C2,PL_Comms_C2.csv,N-40,14.26450928,100.0,direct_extra,104.61249007936513,4.612490079365131,4.612490079365131,random,11,random
PL_Comms_C1.csv::N-54,Comms,C1,PL_Comms_C1.csv,N-54,26.57066051,111.0,direct_extra,113.66231330107797,2.6623133010779725,2.6623133010779725,random,11,random
PL_Library_C1.csv::E-8,Library,C1,PL_Library_C1.csv,E-8,16.3164,88.0,direct_extra,85.66303427128427,-2.3369657287157253,2.3369657287157253,random,11,random
PL_Comms_C2.csv::L-10,Comms,C2,PL_Comms_C2.csv,L-10,20.28487676,117.0,direct_extra,107.3665868347339,-9.633413165266106,9.633413165266106,random,11,random
PL_Comms_C2.csv::P-25,Comms,C2,PL_Comms_C2.csv,P-25,11.76759215,90.0,direct_extra,90.46806382275132,0.4680638227513185,0.4680638227513185,random,11,random
PL_SSE_C1.csv::D-10,SSE,C1,PL_SSE_C1.csv,D-10,10.0,95.0,direct_extra,97.8058333333333,2.8058333333332968,2.8058333333332968,random,11,random
PL_SSE_C2.csv::C-1,SSE,C2,PL_SSE_C2.csv,C-1,14.26450928,99.0,direct_extra,98.88208333333333,-0.11791666666667311,0.11791666666667311,random,11,random
PL_Library_C1.csv::G-7,Library,C1,PL_Library_C1.csv,G-7,15.4494,87.0,direct_extra,81.46160299422797,-5.538397005772026,5.538397005772026,random,11,random
PL_Comms_C1.csv::O-53,Comms,C1,PL_Comms_C1.csv,O-53,26.0,112.0,direct_extra,112.010155011655,0.010155011655001545,0.010155011655001545,random,11,random
PL_SSE_C2.csv::M-6,SSE,C2,PL_SSE_C2.csv,M-6,4.298397957,69.0,direct_extra,77.50368073593074,8.503680735930743,8.503680735930743,random,11,random
PL_Comms_C1.csv::D-54,Comms,C1,PL_Comms_C1.csv,D-54,25.01999201,104.0,direct_extra,111.15552578304056,7.155525783040559,7.155525783040559,random,11,random
PL_Comms_C1.csv::B-15,Comms,C1,PL_Comms_C1.csv,B-15,14.31782106,99.0,direct_extra,95.25900595238095,-3.740994047619054,3.740994047619054,random,11,random
PL_Library_C2.csv::V-16,Library,C2,PL_Library_C2.csv,V-16,10.90787903,73.0,direct_extra,74.19417207792209,1.1941720779220901,1.1941720779220901,random,11,random
PL_Library_C1.csv::O-15,Library,C1,PL_Library_C1.csv,O-15,1.9163,54.0,direct_extra,57.94869047619041,3.948690476190407,3.948690476190407,random,11,random
PL_SSE_C2.csv::K-7,SSE,C2,PL_SSE_C2.csv,K-7,4.413187623,80.0,direct_extra,76.50151406926406,-3.4984859307359386,3.4984859307359386,random,11,random
PL_Comms_C1.csv::P-11,Comms,C1,PL_Comms_C1.csv,P-11,21.09502311,116.0,direct_extra,108.78174999999996,-7.21825000000004,7.21825000000004,random,11,random
PL_Comms_C1.csv::I-24,Comms,C1,PL_Comms_C1.csv,I-24,6.403124237,80.0,direct_extra,81.67895634920636,1.6789563492063593,1.6789563492063593,random,11,random
PL_Comms_C2.csv::J-44,Comms,C2,PL_Comms_C2.csv,J-44,15.85800192,105.0,direct_extra,105.17551547708395,0.1755154770839482,0.1755154770839482,random,11,random
PL_Comms_C2.csv::M-53,Comms,C2,PL_Comms_C2.csv,M-53,25.32738093,117.0,direct_extra,113.44948120670179,-3.5505187932982096,3.5505187932982096,random,11,random
PL_SSE_C2.csv::F-2,SSE,C2,PL_SSE_C2.csv,F-2,11.37876202,91.0,direct_extra,87.70030357142859,-3.2996964285714085,3.2996964285714085,random,11,random
PL_SSE_C2.csv::K-8,SSE,C2,PL_SSE_C2.csv,K-8,3.804763462,83.0,direct_extra,76.50633630952383,-6.493663690476168,6.493663690476168,random,11,random
PL_Library_C1.csv::K-3,Library,C1,PL_Library_C1.csv,K-3,18.078,84.0,direct_extra,81.15150597711468,-2.848494022885319,2.848494022885319,random,11,random
PL_SSE_C2.csv::A-4,SSE,C2,PL_SSE_C2.csv,A-4,14.3692806,102.0,direct_extra,104.46788095238095,2.467880952380952,2.467880952380952,random,11,random
PL_Comms_C2.csv::A-16,Comms,C2,PL_Comms_C2.csv,A-16,13.65562979,103.0,direct_extra,99.60139682539682,-3.3986031746031813,3.3986031746031813,random,11,random
PL_Comms_C2.csv::N-54,Comms,C2,PL_Comms_C2.csv,N-54,26.59842524,118.0,direct_extra,115.82187698412702,-2.178123015872984,2.178123015872984,random,11,random
PL_Comms_C2.csv::I-22,Comms,C2,PL_Comms_C2.csv,I-22,8.153295346,90.0,direct_extra,85.13458225108228,-4.8654177489177215,4.8654177489177215,random,11,random
PL_Library_C1.csv::F-7,Library,C1,PL_Library_C1.csv,F-7,16.3164,73.0,direct_extra,79.832224025974,6.832224025974,6.832224025974,random,11,random
PL_Comms_C2.csv::J-33,Comms,C2,PL_Comms_C2.csv,J-33,6.517378691,83.0,direct_extra,86.0301186868687,3.030118686868704,3.030118686868704,random,11,random
PL_Library_C2.csv::I-15,Library,C2,PL_Library_C2.csv,I-15,7.015188878,84.0,direct_extra,73.22243851981352,-10.777561480186478,10.777561480186478,random,11,random
PL_Library_C2.csv::S-21,Library,C2,PL_Library_C2.csv,S-21,9.658026455,75.0,direct_extra,72.10108333333332,-2.898916666666679,2.898916666666679,random,11,random
PL_Comms_C2.csv::F-49,Comms,C2,PL_Comms_C2.csv,F-49,20.06181011,93.0,direct_extra,96.82404689754686,3.8240468975468644,3.8240468975468644,random,11,random
PL_Comms_C1.csv::G-55,Comms,C1,PL_Comms_C1.csv,G-55,26.07680962,88.0,direct_extra,105.81548029748035,17.81548029748035,17.81548029748035,random,11,random
PL_Comms_C1.csv::K-43,Comms,C1,PL_Comms_C1.csv,K-43,15.23154621,110.0,direct_extra,99.49296709144367,-10.507032908556326,10.507032908556326,random,11,random
PL_Library_C2.csv::C-15,Library,C2,PL_Library_C2.csv,C-15,15.01570095,82.0,direct_extra,79.10714560439558,-2.8928543956044166,2.8928543956044166,random,11,random
PL_Library_C1.csv::M-19,Library,C1,PL_Library_C1.csv,M-19,4.2849,76.0,direct_extra,61.717250000000014,-14.282749999999986,14.282749999999986,random,11,random
PL_Comms_C1.csv::H-5,Comms,C1,PL_Comms_C1.csv,H-5,24.18677324,86.0,direct_extra,95.90708333333332,9.907083333333318,9.907083333333318,random,11,random
PL_Comms_C2.csv::D-5,Comms,C2,PL_Comms_C2.csv,D-5,24.0515327,116.0,direct_extra,110.6504361471861,-5.349563852813901,5.349563852813901,random,11,random
PL_Library_C1.csv::V-9,Library,C1,PL_Library_C1.csv,V-9,14.4038,81.0,direct_extra,79.44341161616163,-1.556588383838374,1.556588383838374,random,11,random
PL_Library_C2.csv::L-8,Library,C2,PL_Library_C2.csv,L-8,11.23948064,75.0,direct_extra,77.21364211959536,2.213642119595363,2.213642119595363,random,11,random
PL_Comms_C1.csv::C-27,Comms,C1,PL_Comms_C1.csv,C-27,2.828427125,68.0,direct_extra,63.813999999999986,-4.186000000000014,4.186000000000014,random,11,random
PL_Comms_C1.csv::N-12,Comms,C1,PL_Comms_C1.csv,N-12,19.23538406,102.0,direct_extra,109.37899999999999,7.378999999999991,7.378999999999991,random,11,random
PL_Library_C2.csv::C-11,Library,C2,PL_Library_C2.csv,C-11,16.41754778,90.0,direct_extra,87.62861904761901,-2.3713809523809886,2.3713809523809886,random,11,random
PL_Comms_C2.csv::A-37,Comms,C2,PL_Comms_C2.csv,A-37,9.026418171,89.0,direct_extra,87.01739865689868,-1.9826013431013223,1.9826013431013223,random,11,random
PL_SSE_C1.csv::M-1,SSE,C1,PL_SSE_C1.csv,M-1,9.055385138,74.0,direct_extra,74.73467063492073,0.7346706349207324,0.7346706349207324,random,11,random
PL_Comms_C2.csv::N-41,Comms,C2,PL_Comms_C2.csv,N-41,15.04912705,103.0,direct_extra,104.07915476190473,1.0791547619047321,1.0791547619047321,random,11,random
PL_SSE_C1.csv::H-6,SSE,C1,PL_SSE_C1.csv,H-6,7.211102551,87.0,direct_extra,77.85691955756656,-9.143080442433444,9.143080442433444,random,11,random
PL_Comms_C2.csv::P-22,Comms,C2,PL_Comms_C2.csv,P-22,13.09489309,96.0,direct_extra,93.96980357142857,-2.030196428571429,2.030196428571429,random,11,random
PL_Comms_C1.csv::K-31,Comms,C1,PL_Comms_C1.csv,K-31,6.32455532,75.0,direct_extra,80.21986111111113,5.219861111111129,5.219861111111129,random,11,random
PL_Comms_C2.csv::J-57,Comms,C2,PL_Comms_C2.csv,J-57,28.46886413,117.0,direct_extra,112.00624999999998,-4.99375000000002,4.99375000000002,random,11,random
PL_SSE_C1.csv::B-7,SSE,C1,PL_SSE_C1.csv,B-7,12.36931688,105.0,direct_extra,100.62000000000002,-4.379999999999981,4.379999999999981,random,11,random
PL_Comms_C2.csv::D-47,Comms,C2,PL_Comms_C2.csv,D-47,18.0686531,110.0,direct_extra,109.47521476700813,-0.5247852329918743,0.5247852329918743,random,11,random
PL_Library_C1.csv::B-13,Library,C1,PL_Library_C1.csv,B-13,16.7604,84.0,direct_extra,80.58797052947055,-3.412029470529447,3.412029470529447,random,11,random
PL_Comms_C2.csv::K-38,Comms,C2,PL_Comms_C2.csv,K-38,10.88467845,99.0,direct_extra,93.47318858755621,-5.5268114124437915,5.5268114124437915,random,11,random
PL_Comms_C1.csv::L-37,Comms,C1,PL_Comms_C1.csv,L-37,10.63014581,91.0,direct_extra,87.3504880952381,-3.6495119047618942,3.6495119047618942,random,11,random
PL_Comms_C2.csv::J-54,Comms,C2,PL_Comms_C2.csv,J-54,25.5240323,109.0,direct_extra,104.22148809523806,-4.778511904761942,4.778511904761942,random,11,random
PL_Comms_C2.csv::B-36,Comms,C2,PL_Comms_C2.csv,B-36,7.712083052,83.0,direct_extra,85.5501847041847,2.5501847041847014,2.5501847041847014,random,11,random
PL_SSE_C1.csv::L-9,SSE,C1,PL_SSE_C1.csv,L-9,2.236067977,60.0,direct_extra,59.68424999999999,-0.3157500000000084,0.3157500000000084,random,11,random
PL_Comms_C1.csv::A-54,Comms,C1,PL_Comms_C1.csv,A-54,25.3179778,114.0,direct_extra,111.3966091163739,-2.603390883626105,2.603390883626105,random,11,random
PL_Comms_C1.csv::B-53,Comms,C1,PL_Comms_C1.csv,B-53,24.18677324,119.0,direct_extra,111.5901973304474,-7.4098026695526045,7.4098026695526045,random,11,random
PL_SSE_C1.csv::H-3,SSE,C1,PL_SSE_C1.csv,H-3,9.219544457,95.0,direct_extra,90.21647556390981,-4.78352443609019,4.78352443609019,random,11,random
PL_Comms_C2.csv::N-36,Comms,C2,PL_Comms_C2.csv,N-36,11.46630826,86.0,direct_extra,95.46505357142856,9.465053571428555,9.465053571428555,random,11,random
PL_SSE_C2.csv::M-8,SSE,C2,PL_SSE_C2.csv,M-8,2.544842824,76.0,direct_extra,72.39916666666669,-3.6008333333333127,3.6008333333333127,random,11,random
PL_Library_C2.csv::R-14,Library,C2,PL_Library_C2.csv,R-14,6.180349909,76.0,direct_extra,72.9514781746032,-3.0485218253968043,3.0485218253968043,random,11,random
PL_Comms_C1.csv::C-19,Comms,C1,PL_Comms_C1.csv,C-19,10.19803903,85.0,direct_extra,91.95648296474056,6.956482964740559,6.956482964740559,random,11,random
PL_Comms_C2.csv::D-52,Comms,C2,PL_Comms_C2.csv,D-52,23.05376813,108.0,direct_extra,112.773822476543,4.773822476543003,4.773822476543003,random,11,random
PL_Comms_C1.csv::L-21,Comms,C1,PL_Comms_C1.csv,L-21,10.63014581,95.0,direct_extra,83.37984523809523,-11.620154761904772,11.620154761904772,random,11,random
PL_Comms_C1.csv::H-53,Comms,C1,PL_Comms_C1.csv,H-53,24.18677324,96.0,direct_extra,99.27745484607983,3.2774548460798343,3.2774548460798343,random,11,random
PL_Comms_C2.csv::J-20,Comms,C2,PL_Comms_C2.csv,J-20,10.36707408,98.0,direct_extra,87.78136536796539,-10.218634632034608,10.218634632034608,random,11,random
PL_Comms_C2.csv::D-39,Comms,C2,PL_Comms_C2.csv,D-39,10.12305413,88.0,direct_extra,89.75550631313133,1.7555063131313347,1.7555063131313347,random,11,random
PL_Library_C1.csv::Q-16,Library,C1,PL_Library_C1.csv,Q-16,4.065,65.0,direct_extra,64.76016666666668,-0.23983333333332268,0.23983333333332268,random,11,random
PL_Library_C1.csv::R-9,Library,C1,PL_Library_C1.csv,R-9,10.9244,77.0,direct_extra,72.49347619047616,-4.506523809523841,4.506523809523841,random,11,random
PL_Comms_C2.csv::J-55,Comms,C2,PL_Comms_C2.csv,J-55,26.50426805,115.0,direct_extra,103.42714285714287,-11.572857142857131,11.572857142857131,random,11,random
PL_Comms_C1.csv::G-39,Comms,C1,PL_Comms_C1.csv,G-39,10.19803903,80.0,direct_extra,91.95648296474056,11.956482964740559,11.956482964740559,random,11,random
PL_Comms_C2.csv::E-48,Comms,C2,PL_Comms_C2.csv,E-48,19.03880839,101.0,direct_extra,110.6790563127173,9.679056312717293,9.679056312717293,random,11,random
PL_Comms_C1.csv::C-25,Comms,C1,PL_Comms_C1.csv,C-25,4.472135955,70.0,direct_extra,75.2115277777778,5.211527777777803,5.211527777777803,random,11,random
PL_Library_C1.csv::Q-20,Library,C1,PL_Library_C1.csv,Q-20,6.775,66.0,direct_extra,68.60600000000002,2.606000000000023,2.606000000000023,random,11,random
PL_Library_C2.csv::M-8,Library,C2,PL_Library_C2.csv,M-8,10.99171734,69.0,direct_extra,75.2949353735636,6.294935373563604,6.294935373563604,random,11,random
PL_Library_C2.csv::G-7,Library,C2,PL_Library_C2.csv,G-7,15.49707956,73.0,direct_extra,84.01853571428566,11.018535714285662,11.018535714285662,random,11,random
PL_Comms_C2.csv::E-27,Comms,C2,PL_Comms_C2.csv,E-27,2.340133543,71.0,direct_extra,73.0136190476191,2.013619047619102,2.013619047619102,random,11,random
PL_Comms_C1.csv::H-3,Comms,C1,PL_Comms_C1.csv,H-3,26.17250466,99.0,direct_extra,101.60800000000003,2.6080000000000325,2.6080000000000325,random,11,random
PL_Comms_C2.csv::L-28,Comms,C2,PL_Comms_C2.csv,L-28,7.174693373,69.0,direct_extra,87.77089018661076,18.770890186610757,18.770890186610757,random,11,random
PL_Comms_C1.csv::E-2,Comms,C1,PL_Comms_C1.csv,E-2,27.0,122.0,direct_extra,114.54740476190476,-7.452595238095242,7.452595238095242,random,11,random
PL_Library_C2.csv::T-14,Library,C2,PL_Library_C2.csv,T-14,8.655473702,71.0,direct_extra,72.19492672953128,1.194926729531275,1.194926729531275,random,11,random
PL_Comms_C2.csv::C-55,Comms,C2,PL_Comms_C2.csv,C-55,26.1050996,121.0,direct_extra,116.19191666666666,-4.808083333333343,4.808083333333343,random,11,random
PL_Comms_C2.csv::J-50,Comms,C2,PL_Comms_C2.csv,J-50,21.62119851,120.0,direct_extra,107.22016396103898,-12.779836038961022,12.779836038961022,random,11,random
PL_Library_C1.csv::L-14,Library,C1,PL_Library_C1.csv,L-14,3.8325,65.0,direct_extra,69.81183333333335,4.811833333333354,4.811833333333354,random,11,random
PL_Comms_C1.csv::L-44,Comms,C1,PL_Comms_C1.csv,L-44,16.55294536,104.0,direct_extra,104.30901512001513,0.30901512001513254,0.30901512001513254,random,11,random
PL_Comms_C2.csv::N-53,Comms,C2,PL_Comms_C2.csv,N-53,25.66079159,113.0,direct_extra,115.91833333333334,2.9183333333333366,2.9183333333333366,random,11,random
PL_Library_C1.csv::P-12,Library,C1,PL_Library_C1.csv,P-12,6.0597,68.0,direct_extra,69.33977777777781,1.3397777777778117,1.3397777777778117,random,11,random
PL_Comms_C1.csv::B-21,Comms,C1,PL_Comms_C1.csv,B-21,8.544003745,84.0,direct_extra,87.30861790986793,3.308617909867934,3.308617909867934,random,11,random
PL_Comms_C2.csv::J-45,Comms,C2,PL_Comms_C2.csv,J-45,16.80702904,98.0,direct_extra,104.29131011332842,6.2913101133284215,6.2913101133284215,random,11,random
PL_Library_C1.csv::C-2,Library,C1,PL_Library_C1.csv,C-2,24.1251,87.0,direct_extra,80.27149071459937,-6.728509285400634,6.728509285400634,random,11,random
PL_Comms_C1.csv::C-55,Comms,C1,PL_Comms_C1.csv,C-55,26.07680962,112.0,direct_extra,113.01171259622731,1.0117125962273121,1.0117125962273121,random,11,random
PL_Comms_C2.csv::G-32,Comms,C2,PL_Comms_C2.csv,G-32,3.804763462,82.0,direct_extra,76.04831547619044,-5.951684523809561,5.951684523809561,random,11,random
PL_Comms_C1.csv::G-19,Comms,C1,PL_Comms_C1.csv,G-19,10.19803903,89.0,direct_extra,91.95648296474056,2.956482964740559,2.956482964740559,random,11,random
PL_Comms_C1.csv::B-20,Comms,C1,PL_Comms_C1.csv,B-20,9.486832981,93.0,direct_extra,82.6160294059012,-10.383970594098798,10.383970594098798,random,11,random
PL_Library_C2.csv::G-4,Library,C2,PL_Library_C2.csv,G-4,18.86343155,83.0,direct_extra,87.64656663271373,4.6465666327137285,4.6465666327137285,random,11,random
PL_SSE_C1.csv::F-6,SSE,C1,PL_SSE_C1.csv,F-6,8.94427191,83.0,direct_extra,86.73966666666666,3.7396666666666647,3.7396666666666647,random,11,random
PL_Comms_C2.csv::H-49,Comms,C2,PL_Comms_C2.csv,H-49,20.26021286,94.0,direct_extra,106.8965868347339,12.896586834733895,12.896586834733895,random,11,random
PL_SSE_C2.csv::D-8,SSE,C2,PL_SSE_C2.csv,D-8,10.27016188,80.0,direct_extra,92.08624999999992,12.086249999999922,12.086249999999922,random,11,random
PL_SSE_C1.csv::E-3,SSE,C1,PL_SSE_C1.csv,E-3,11.40175425,89.0,direct_extra,87.39870039682538,-1.601299603174624,1.601299603174624,random,11,random
PL_Comms_C2.csv::F-46,Comms,C2,PL_Comms_C2.csv,F-46,17.07267481,98.0,direct_extra,99.18200315852016,1.1820031585201605,1.1820031585201605,random,11,random
PL_Comms_C1.csv::G-38,Comms,C1,PL_Comms_C1.csv,G-38,9.219544457,94.0,direct_extra,85.14551154875828,-8.854488451241721,8.854488451241721,random,11,random
PL_SSE_C2.csv::E-3,SSE,C2,PL_SSE_C2.csv,E-3,11.46630826,96.0,direct_extra,87.51347023809527,-8.486529761904734,8.486529761904734,random,11,random
PL_SSE_C1.csv::B-3,SSE,C1,PL_SSE_C1.csv,B-3,13.89244399,92.0,direct_extra,95.99084090909089,3.990840909090892,3.990840909090892,random,11,random
PL_Comms_C1.csv::J-39,Comms,C1,PL_Comms_C1.csv,J-39,11.18033989,96.0,direct_extra,93.9241257238741,-2.0758742761259015,2.0758742761259015,random,11,random
PL_SSE_C1.csv::C-6,SSE,C1,PL_SSE_C1.csv,C-6,11.70469991,90.0,direct_extra,95.79275000000001,5.792750000000012,5.792750000000012,random,11,random
PL_Comms_C1.csv::C-35,Comms,C1,PL_Comms_C1.csv,C-35,6.32455532,85.0,direct_extra,80.69769047619066,-4.302309523809342,4.302309523809342,random,11,random
PL_Comms_C2.csv::A-14,Comms,C2,PL_Comms_C2.csv,A-14,15.57164811,96.0,direct_extra,97.4282894119769,1.4282894119769054,1.4282894119769054,random,11,random
PL_Comms_C2.csv::C-23,Comms,C2,PL_Comms_C2.csv,C-23,6.440203801,84.0,direct_extra,85.0577969326425,1.0577969326425034,1.0577969326425034,random,11,random
PL_Library_C1.csv::D-16,Library,C1,PL_Library_C1.csv,D-16,13.55,79.0,direct_extra,85.43374999999995,6.433749999999947,6.433749999999947,random,11,random
PL_Library_C2.csv::T-13,Library,C2,PL_Library_C2.csv,T-13,9.17046073,78.0,direct_extra,74.20448801729317,-3.7955119827068273,3.7955119827068273,random,11,random
PL_Comms_C1.csv::E-28,Comms,C1,PL_Comms_C1.csv,E-28,1.0,53.0,direct_extra,52.57547619047623,-0.42452380952376956,0.42452380952376956,random,11,random
PL_Comms_C2.csv::H-55,Comms,C2,PL_Comms_C2.csv,H-55,26.20069131,92.0,direct_extra,97.08917424242424,5.089174242424235,5.089174242424235,random,11,random
PL_Library_C1.csv::G-3,Library,C1,PL_Library_C1.csv,G-3,20.0063,82.0,direct_extra,78.20393973779849,-3.7960602622015074,3.7960602622015074,random,11,random
PL_Library_C1.csv::Q-7,Library,C1,PL_Library_C1.csv,Q-7,12.8547,92.0,direct_extra,78.75575135975136,-13.244248640248642,13.244248640248642,random,11,random
PL_Library_C1.csv::D-4,Library,C1,PL_Library_C1.csv,D-4,21.1658,85.0,direct_extra,83.36509413895288,-1.634905861047116,1.634905861047116,random,11,random
PL_Comms_C2.csv::J-15,Comms,C2,PL_Comms_C2.csv,J-15,14.91563693,102.0,direct_extra,100.99455357142857,-1.0054464285714317,1.0054464285714317,random,11,random
PL_Comms_C2.csv::A-11,Comms,C2,PL_Comms_C2.csv,A-11,18.47907533,112.0,direct_extra,109.53906091131097,-2.460939088689031,2.460939088689031,random,11,random
PL_Comms_C2.csv::E-25,Comms,C2,PL_Comms_C2.csv,E-25,4.180457511,78.0,direct_extra,83.39854621848735,5.398546218487354,5.398546218487354,random,11,random
PL_Comms_C1.csv::P-38,Comms,C1,PL_Comms_C1.csv,P-38,14.2126704,97.0,direct_extra,100.6214642857143,3.6214642857142962,3.6214642857142962,random,11,random
PL_Comms_C1.csv::J-41,Comms,C1,PL_Comms_C1.csv,J-41,13.0,108.0,direct_extra,97.62705592031163,-10.372944079688367,10.372944079688367,random,11,random
PL_Comms_C2.csv::H-42,Comms,C2,PL_Comms_C2.csv,H-42,13.3968737,86.0,direct_extra,90.40411538461541,4.404115384615409,4.404115384615409,random,11,random
PL_Comms_C1.csv::A-51,Comms,C1,PL_Comms_C1.csv,A-51,22.36067977,112.0,direct_extra,110.72513582251082,-1.274864177489178,1.274864177489178,random,11,random
PL_SSE_C2.csv::N-3,SSE,C2,PL_SSE_C2.csv,N-3,7.104662202,69.0,direct_extra,75.4863849206349,6.4863849206349045,6.4863849206349045,random,11,random
PL_Comms_C2.csv::C-50,Comms,C2,PL_Comms_C2.csv,C-50,21.12998403,110.0,direct_extra,110.27178433877614,0.2717843387761434,0.2717843387761434,random,11,random
PL_Library_C1.csv::P-15,Library,C1,PL_Library_C1.csv,P-15,3.0299,61.0,direct_extra,67.0693333333334,6.069333333333404,6.069333333333404,random,11,random
PL_Comms_C1.csv::L-57,Comms,C1,PL_Comms_C1.csv,L-57,28.86173938,106.0,wallpath_residual_extra,99.75086226332782,-6.249137736672182,6.249137736672182,random,11,random
PL_SSE_C1.csv::D-1,SSE,C1,PL_SSE_C1.csv,D-1,13.45362405,89.0,wallpath_residual_extra,93.57001447968041,4.57001447968041,4.57001447968041,random,11,random
PL_Comms_C1.csv::O-41,Comms,C1,PL_Comms_C1.csv,O-41,15.62049935,97.0,wallpath_residual_extra,101.36412855236847,4.36412855236847,4.36412855236847,random,11,random
PL_Comms_C1.csv::J-57,Comms,C1,PL_Comms_C1.csv,J-57,28.44292531,113.0,wallpath_residual_extra,102.95324975475357,-10.046750245246429,10.046750245246429,random,11,random
PL_Library_C1.csv::S-9,Library,C1,PL_Library_C1.csv,S-9,11.6562,81.0,wallpath_residual_extra,78.45170383914643,-2.5482961608535675,2.5482961608535675,random,11,random
PL_Comms_C2.csv::C-5,Comms,C2,PL_Comms_C2.csv,C-5,24.11381813,107.0,wallpath_residual_extra,110.61707140499584,3.6170714049958406,3.6170714049958406,random,11,random
PL_Comms_C1.csv::H-7,Comms,C1,PL_Comms_C1.csv,H-7,22.20360331,87.0,wallpath_residual_extra,91.40990264135708,4.409902641357078,4.409902641357078,random,11,random
PL_SSE_C2.csv::K-2,SSE,C2,PL_SSE_C2.csv,K-2,8.629960892,88.0,wallpath_residual_extra,78.36837860857302,-9.631621391426975,9.631621391426975,random,11,random
PL_Comms_C2.csv::H-51,Comms,C2,PL_Comms_C2.csv,H-51,22.23682138,93.0,wallpath_residual_extra,96.04945458718538,3.04945458718538,3.04945458718538,random,11,random
PL_Comms_C1.csv::A-17,Comms,C1,PL_Comms_C1.csv,A-17,12.64911064,92.0,wallpath_residual_extra,91.87536988548486,-0.12463011451514205,0.12463011451514205,random,11,random
PL_Comms_C2.csv::G-34,Comms,C2,PL_Comms_C2.csv,G-34,5.520527602,86.0,wallpath_residual_extra,83.40282527231294,-2.5971747276870616,2.5971747276870616,random,11,random
PL_Comms_C1.csv::P-12,Comms,C1,PL_Comms_C1.csv,P-12,20.24845673,104.0,wallpath_residual_extra,109.49510079594056,5.495100795940559,5.495100795940559,random,11,random
PL_SSE_C2.csv::E-10,SSE,C2,PL_SSE_C2.csv,E-10,9.081642197,91.0,wallpath_residual_extra,97.82320907697479,6.823209076974791,6.823209076974791,random,11,random
PL_Comms_C1.csv::K-24,Comms,C1,PL_Comms_C1.csv,K-24,7.810249676,88.0,wallpath_residual_extra,86.1877450078743,-1.8122549921257018,1.8122549921257018,random,11,random
PL_Comms_C1.csv::L-32,Comms,C1,PL_Comms_C1.csv,L-32,7.615773106,100.0,wallpath_residual_extra,87.33520815280184,-12.66479184719816,12.66479184719816,random,11,random
PL_Comms_C1.csv::E-24,Comms,C1,PL_Comms_C1.csv,E-24,5.0,67.0,wallpath_residual_extra,76.1873770935732,9.187377093573204,9.187377093573204,random,11,random
PL_Library_C2.csv::M-15,Library,C2,PL_Library_C2.csv,M-15,2.268981049,68.0,wallpath_residual_extra,69.57209805872581,1.572098058725814,1.572098058725814,random,11,random
PL_Comms_C1.csv::J-22,Comms,C1,PL_Comms_C1.csv,J-22,8.602325267,78.0,wallpath_residual_extra,83.51677338278618,5.516773382786184,5.516773382786184,random,11,random
PL_Comms_C2.csv::G-44,Comms,C2,PL_Comms_C2.csv,G-44,15.18144344,86.0,wallpath_residual_extra,99.65927820444715,13.659278204447148,13.659278204447148,random,11,random
PL_Comms_C2.csv::I-44,Comms,C2,PL_Comms_C2.csv,I-44,15.57164811,94.0,wallpath_residual_extra,106.50517316411474,12.505173164114737,12.505173164114737,random,11,random
PL_Comms_C2.csv::B-18,Comms,C2,PL_Comms_C2.csv,B-18,11.46630826,91.0,wallpath_residual_extra,93.15018171397884,2.1501817139788386,2.1501817139788386,random,11,random
PL_Comms_C1.csv::N-11,Comms,C1,PL_Comms_C1.csv,N-11,20.1246118,109.0,wallpath_residual_extra,96.63587186596679,-12.364128134033209,12.364128134033209,random,11,random
PL_Library_C1.csv::J-2,Library,C1,PL_Library_C1.csv,J-2,19.7291,82.0,wallpath_residual_extra,79.74157195575745,-2.2584280442425495,2.2584280442425495,random,11,random
PL_Comms_C1.csv::A-21,Comms,C1,PL_Comms_C1.csv,A-21,8.94427191,83.0,wallpath_residual_extra,88.50635417368717,5.506354173687171,5.506354173687171,random,11,random
PL_Comms_C2.csv::H-14,Comms,C2,PL_Comms_C2.csv,H-14,15.3452346,92.0,wallpath_residual_extra,89.91280918969208,-2.0871908103079164,2.0871908103079164,random,11,random
PL_Comms_C2.csv::J-27,Comms,C2,PL_Comms_C2.csv,J-27,5.520527602,84.0,wallpath_residual_extra,82.08211165892541,-1.9178883410745868,1.9178883410745868,random,11,random
PL_Comms_C2.csv::A-34,Comms,C2,PL_Comms_C2.csv,A-34,6.517378691,84.0,wallpath_residual_extra,89.8842579188854,5.884257918885396,5.884257918885396,random,11,random
PL_Comms_C1.csv::A-23,Comms,C1,PL_Comms_C1.csv,A-23,7.211102551,73.0,wallpath_residual_extra,77.39179957501392,4.39179957501392,4.39179957501392,random,11,random
PL_Library_C1.csv::M-14,Library,C1,PL_Library_C1.csv,M-14,3.0299,72.0,wallpath_residual_extra,67.18107801742147,-4.81892198257853,4.81892198257853,random,11,random
PL_Comms_C2.csv::J-16,Comms,C2,PL_Comms_C2.csv,J-16,13.98128124,100.0,wallpath_residual_extra,94.43495375951953,-5.56504624048047,5.56504624048047,random,11,random
PL_Comms_C1.csv::C-5,Comms,C1,PL_Comms_C1.csv,C-5,24.08318916,111.0,wallpath_residual_extra,111.57556917578857,0.5755691757885728,0.5755691757885728,random,11,random
PL_SSE_C1.csv::F-1,SSE,C1,PL_SSE_C1.csv,F-1,12.04159458,86.0,wallpath_residual_extra,94.59452206185534,8.594522061855344,8.594522061855344,random,11,random
PL_Library_C2.csv::N-19,Library,C2,PL_Library_C2.csv,N-19,4.24269372,59.0,wallpath_residual_extra,70.06118756821202,11.06118756821202,11.06118756821202,random,11,random
PL_Library_C1.csv::R-12,Library,C1,PL_Library_C1.csv,R-12,7.665,75.0,wallpath_residual_extra,71.25750857613794,-3.742491423862063,3.742491423862063,random,11,random
PL_Comms_C2.csv::H-21,Comms,C2,PL_Comms_C2.csv,H-21,8.629960892,92.0,wallpath_residual_extra,86.03832826735918,-5.9616717326408235,5.9616717326408235,random,11,random
PL_Library_C2.csv::D-2,Library,C2,PL_Library_C2.csv,D-2,23.34394193,97.0,wallpath_residual_extra,93.21174148452313,-3.788258515476869,3.788258515476869,random,11,random
PL_Library_C2.csv::U-15,Library,C2,PL_Library_C2.csv,U-15,9.658026455,73.0,wallpath_residual_extra,76.63100755303437,3.6310075530343653,3.6310075530343653,random,11,random
PL_Comms_C1.csv::P-13,Comms,C1,PL_Comms_C1.csv,P-13,19.41648784,113.0,wallpath_residual_extra,108.81188540458757,-4.188114595412429,4.188114595412429,random,11,random
PL_Library_C2.csv::A-5,Library,C2,PL_Library_C2.csv,A-5,23.10678418,95.0,wallpath_residual_extra,91.70282596234641,-3.2971740376535905,3.2971740376535905,random,11,random
PL_Comms_C2.csv::C-51,Comms,C2,PL_Comms_C2.csv,C-51,22.12410959,109.0,wallpath_residual_extra,110.11649041434961,1.116490414349613,1.116490414349613,random,11,random
PL_Comms_C2.csv::A-57,Comms,C2,PL_Comms_C2.csv,A-57,28.31035544,122.0,wallpath_residual_extra,119.38390170103648,-2.6160982989635215,2.6160982989635215,random,11,random
PL_Library_C1.csv::O-16,Library,C1,PL_Library_C1.csv,O-16,1.355,53.0,wallpath_residual_extra,56.401521354995005,3.4015213549950047,3.4015213549950047,random,11,random
PL_Comms_C1.csv::C-42,Comms,C1,PL_Comms_C1.csv,C-42,13.15294644,105.0,wallpath_residual_extra,96.70521873557128,-8.294781264428721,8.294781264428721,random,11,random
PL_Library_C2.csv::N-10,Library,C2,PL_Library_C2.csv,N-10,8.220287404,71.0,wallpath_residual_extra,71.37307476135842,0.3730747613584242,0.3730747613584242,random,11,random
PL_Comms_C1.csv::D-49,Comms,C1,PL_Comms_C1.csv,D-49,20.02498439,97.0,wallpath_residual_extra,107.66271990902186,10.66271990902186,10.66271990902186,random,11,random
PL_Library_C2.csv::P-12,Library,C2,PL_Library_C2.csv,P-12,6.180349909,80.0,wallpath_residual_extra,71.64529145808834,-8.354708541911663,8.354708541911663,random,11,random
PL_Comms_C1.csv::F-50,Comms,C1,PL_Comms_C1.csv,F-50,21.02379604,94.0,wallpath_residual_extra,101.78500213991676,7.785002139916756,7.785002139916756,random,11,random
PL_SSE_C1.csv::E-6,SSE,C1,PL_SSE_C1.csv,E-6,9.848857802,92.0,wallpath_residual_extra,91.234272149232,-0.7657278507680019,0.7657278507680019,random,11,random
PL_Library_C1.csv::E-4,Library,C1,PL_Library_C1.csv,E-4,20.325,74.0,wallpath_residual_extra,80.15618720116167,6.156187201161671,6.156187201161671,random,11,random
PL_Comms_C1.csv::B-52,Comms,C1,PL_Comms_C1.csv,B-52,23.19482701,108.0,wallpath_residual_extra,113.65858005634963,5.658580056349635,5.658580056349635,random,11,random
PL_Comms_C2.csv::L-27,Comms,C2,PL_Comms_C2.csv,L-27,7.380801108,80.0,wallpath_residual_extra,81.22003507771072,1.220035077710719,1.220035077710719,random,11,random
PL_Comms_C1.csv::D-47,Comms,C1,PL_Comms_C1.csv,D-47,18.02775638,118.0,wallpath_residual_extra,106.89678344725452,-11.10321655274548,11.10321655274548,random,11,random
PL_Comms_C1.csv::B-30,Comms,C1,PL_Comms_C1.csv,B-30,3.16227766,71.0,wallpath_residual_extra,71.98430948239856,0.9843094823985581,0.9843094823985581,random,11,random
PL_Comms_C1.csv::K-25,Comms,C1,PL_Comms_C1.csv,K-25,7.211102551,97.0,wallpath_residual_extra,88.29029088836084,-8.709709111639157,8.709709111639157,random,11,random
PL_Comms_C1.csv::H-9,Comms,C1,PL_Comms_C1.csv,H-9,20.22374842,93.0,wallpath_residual_extra,89.9390859594052,-3.0609140405947954,3.0609140405947954,random,11,random
PL_Comms_C1.csv::J-3,Comms,C1,PL_Comms_C1.csv,J-3,26.47640459,99.0,wallpath_residual_extra,104.95182960307433,5.95182960307433,5.95182960307433,random,11,random
PL_SSE_C1.csv::G-6,SSE,C1,PL_SSE_C1.csv,G-6,8.062257748,84.0,wallpath_residual_extra,78.708058014265,-5.291941985734994,5.291941985734994,random,11,random
PL_Comms_C1.csv::O-43,Comms,C1,PL_Comms_C1.csv,O-43,17.20465053,109.0,wallpath_residual_extra,102.50355412567853,-6.496445874321466,6.496445874321466,random,11,random
PL_Comms_C1.csv::N-19,Comms,C1,PL_Comms_C1.csv,N-19,13.45362405,92.0,wallpath_residual_extra,85.35163172848785,-6.648368271512155,6.648368271512155,random,11,random
PL_Library_C2.csv::Q-7,Library,C2,PL_Library_C2.csv,Q-7,12.91195086,93.0,wallpath_residual_extra,82.4658397956807,-10.534160204319306,10.534160204319306,random,11,random
PL_SSE_C1.csv::L-6,SSE,C1,PL_SSE_C1.csv,L-6,4.472135955,74.0,wallpath_residual_extra,71.12853315606348,-2.871466843936517,2.871466843936517,random,11,random
PL_Comms_C1.csv::I-27,Comms,C1,PL_Comms_C1.csv,I-27,4.472135955,75.0,wallpath_residual_extra,76.5288143516056,1.5288143516056039,1.5288143516056039,random,11,random
PL_Comms_C2.csv::J-17,Comms,C2,PL_Comms_C2.csv,J-17,13.05665443,91.0,wallpath_residual_extra,89.55200969577848,-1.4479903042215199,1.4479903042215199,random,11,random
PL_Comms_C2.csv::I-38,Comms,C2,PL_Comms_C2.csv,I-38,9.923518781,97.0,wallpath_residual_extra,92.96256338179805,-4.037436618201951,4.037436618201951,random,11,random
PL_Library_C1.csv::P-16,Library,C1,PL_Library_C1.csv,P-16,2.71,58.0,wallpath_residual_extra,66.67034403934225,8.670344039342254,8.670344039342254,random,11,random
PL_Library_C2.csv::V-8,Library,C2,PL_Library_C2.csv,V-8,15.37814765,89.0,wallpath_residual_extra,84.87245165213093,-4.127548347869066,4.127548347869066,random,11,random
PL_Comms_C2.csv::E-36,Comms,C2,PL_Comms_C2.csv,E-36,7.104662202,84.0,wallpath_residual_extra,85.18097285919404,1.1809728591940427,1.1809728591940427,random,11,random
PL_Library_C1.csv::W-7,Library,C1,PL_Library_C1.csv,W-7,17.2463,85.0,wallpath_residual_extra,86.07034232464446,1.0703423246444572,1.0703423246444572,random,11,random
PL_Library_C1.csv::B-1,Library,C1,PL_Library_C1.csv,B-1,26.0287,77.0,wallpath_residual_extra,81.04247469517631,4.04247469517631,4.04247469517631,random,11,random
PL_Comms_C1.csv::K-10,Comms,C1,PL_Comms_C1.csv,K-10,19.92485885,104.0,wallpath_residual_extra,95.18830625151024,-8.811693748489759,8.811693748489759,random,11,random
PL_Comms_C1.csv::M-33,Comms,C1,PL_Comms_C1.csv,M-33,8.94427191,85.0,wallpath_residual_extra,86.12721755576099,1.1272175557609927,1.1272175557609927,random,11,random
PL_Comms_C1.csv::A-52,Comms,C1,PL_Comms_C1.csv,A-52,23.34523506,105.0,wallpath_residual_extra,113.76366496072332,8.763664960723318,8.763664960723318,random,11,random
PL_Comms_C1.csv::H-15,Comms,C1,PL_Comms_C1.csv,H-15,14.31782106,86.0,wallpath_residual_extra,92.02679072332033,6.026790723320332,6.026790723320332,random,11,random
PL_Comms_C1.csv::K-57,Comms,C1,PL_Comms_C1.csv,K-57,28.63564213,109.0,wallpath_residual_extra,103.0963658531653,-5.903634146834705,5.903634146834705,random,11,random
PL_Library_C2.csv::J-2,Library,C2,PL_Library_C2.csv,J-2,19.76647477,88.0,wallpath_residual_extra,91.19614879237584,3.196148792375837,3.196148792375837,random,11,random
PL_Library_C1.csv::R-14,Library,C1,PL_Library_C1.csv,R-14,6.0597,73.0,wallpath_residual_extra,72.07481286472255,-0.9251871352774543,0.9251871352774543,random,11,random
PL_Library_C1.csv::P-13,Library,C1,PL_Library_C1.csv,P-13,4.8855,70.0,wallpath_residual_extra,69.44866845135884,-0.5513315486411585,0.5513315486411585,random,11,random
PL_Comms_C2.csv::N-33,Comms,C2,PL_Comms_C2.csv,N-33,9.923518781,88.0,wallpath_residual_extra,86.61712861826669,-1.3828713817333096,1.3828713817333096,random,11,random
PL_Library_C2.csv::H-5,Library,C2,PL_Library_C2.csv,H-5,17.0215202,86.0,wallpath_residual_extra,84.75795755889924,-1.2420424411007644,1.2420424411007644,random,11,random
PL_Library_C1.csv::J-5,Library,C1,PL_Library_C1.csv,J-5,15.8599,80.0,wallpath_residual_extra,80.12629521911254,0.12629521911253505,0.12629521911253505,random,11,random
PL_Library_C2.csv::M-4,Library,C2,PL_Library_C2.csv,M-4,16.36153569,74.0,wallpath_residual_extra,86.62925215862727,12.629252158627267,12.629252158627267,random,11,random
PL_Library_C2.csv::Q-4,Library,C2,PL_Library_C2.csv,Q-4,16.80440567,83.0,wallpath_residual_extra,86.98091488826003,3.980914888260031,3.980914888260031,random,11,random
PL_Comms_C1.csv::A-10,Comms,C1,PL_Comms_C1.csv,A-10,19.41648784,110.0,wallpath_residual_extra,100.37300646722755,-9.626993532772445,9.626993532772445,random,11,random
PL_Comms_C1.csv::A-30,Comms,C1,PL_Comms_C1.csv,A-30,4.123105626,75.0,wallpath_residual_extra,76.09602874726293,1.0960287472629346,1.0960287472629346,random,11,random
PL_Library_C1.csv::J-15,Library,C1,PL_Library_C1.csv,J-15,5.5868,84.0,wallpath_residual_extra,68.17541738278658,-15.824582617213423,15.824582617213423,random,11,random
PL_Comms_C2.csv::L-11,Comms,C2,PL_Comms_C2.csv,L-11,19.35138819,113.0,wallpath_residual_extra,105.39704850219621,-7.602951497803787,7.602951497803787,random,11,random
PL_Library_C2.csv::I-3,Library,C2,PL_Library_C2.csv,I-3,18.91203519,89.0,wallpath_residual_extra,85.9598926284245,-3.040107371575502,3.040107371575502,random,11,random
PL_Comms_C2.csv::B-10,Comms,C2,PL_Comms_C2.csv,B-10,19.2737185,106.0,wallpath_residual_extra,109.74848133197789,3.748481331977885,3.748481331977885,random,11,random
PL_SSE_C2.csv::B-6,SSE,C2,PL_SSE_C2.csv,B-6,12.70732958,96.0,wallpath_residual_extra,96.55988345598576,0.5598834559857551,0.5598834559857551,random,11,random
PL_Comms_C2.csv::P-21,Comms,C2,PL_Comms_C2.csv,P-21,13.65562979,96.0,wallpath_residual_extra,90.50114575882475,-5.498854241175252,5.498854241175252,random,11,random
PL_Comms_C1.csv::E-6,Comms,C1,PL_Comms_C1.csv,E-6,23.0,110.0,wallpath_residual_extra,110.37610372279016,0.37610372279016246,0.37610372279016246,random,11,random
PL_Comms_C2.csv::N-37,Comms,C2,PL_Comms_C2.csv,N-37,12.10273626,95.0,wallpath_residual_extra,96.58174163061877,1.5817416306187653,1.5817416306187653,random,11,random
PL_Library_C1.csv::D-2,Library,C1,PL_Library_C1.csv,D-2,23.3123,94.0,wallpath_residual_extra,80.66312623928667,-13.336873760713331,13.336873760713331,random,11,random
PL_Comms_C1.csv::B-36,Comms,C1,PL_Comms_C1.csv,B-36,7.615773106,87.0,wallpath_residual_extra,85.76392597269158,-1.236074027308419,1.236074027308419,random,11,random
PL_Comms_C2.csv::I-35,Comms,C2,PL_Comms_C2.csv,I-35,7.312744013,89.0,wallpath_residual_extra,83.26006775412107,-5.739932245878933,5.739932245878933,random,11,random
PL_Library_C2.csv::T-9,Library,C2,PL_Library_C2.csv,T-9,12.55142821,80.0,wallpath_residual_extra,78.02132760255779,-1.9786723974422102,1.9786723974422102,random,11,random
PL_Comms_C1.csv::C-57,Comms,C1,PL_Comms_C1.csv,C-57,28.0713377,110.0,wallpath_residual_extra,113.63811754677587,3.6381175467758737,3.6381175467758737,random,11,random
PL_Library_C2.csv::V-6,Library,C2,PL_Library_C2.csv,V-6,17.39495114,95.0,wallpath_residual_extra,91.27695023793214,-3.723049762067859,3.723049762067859,random,11,random
PL_Comms_C2.csv::H-19,Comms,C2,PL_Comms_C2.csv,H-19,10.5107671,89.0,wallpath_residual_extra,86.1671151806872,-2.8328848193127953,2.8328848193127953,random,11,random
PL_Comms_C1.csv::M-30,Comms,C1,PL_Comms_C1.csv,M-30,8.062257748,96.0,wallpath_residual_extra,84.86715027903078,-11.132849720969219,11.132849720969219,random,11,random
PL_Library_C2.csv::J-14,Library,C2,PL_Library_C2.csv,J-14,6.180349909,78.0,wallpath_residual_extra,73.37076389186876,-4.629236108131238,4.629236108131238,random,11,random
PL_Comms_C2.csv::A-7,Comms,C2,PL_Comms_C2.csv,A-7,22.39366484,115.0,wallpath_residual_extra,111.94467276944722,-3.055327230552777,3.055327230552777,random,11,random
PL_Library_C2.csv::F-8,Library,C2,PL_Library_C2.csv,F-8,15.37814765,75.0,wallpath_residual_extra,82.38959972957245,7.389599729572453,7.389599729572453,random,11,random
PL_Comms_C2.csv::C-25,Comms,C2,PL_Comms_C2.csv,C-25,4.634244814,86.0,wallpath_residual_extra,75.58623929811282,-10.413760701887185,10.413760701887185,random,11,random
PL_Library_C2.csv::U-9,Library,C2,PL_Library_C2.csv,U-9,13.46872952,81.0,wallpath_residual_extra,79.66322099776161,-1.3367790022383872,1.3367790022383872,random,11,random
PL_Comms_C1.csv::D-53,Comms,C1,PL_Comms_C1.csv,D-53,24.0208243,110.0,wallpath_residual_extra,112.80351135532969,2.8035113553296895,2.8035113553296895,random,11,random
PL_SSE_C2.csv::H-4,SSE,C2,PL_SSE_C2.csv,H-4,8.571827401,82.0,wallpath_residual_extra,80.4287382606967,-1.5712617393032957,1.5712617393032957,random,11,random
PL_Comms_C2.csv::H-12,Comms,C2,PL_Comms_C2.csv,H-12,17.30538139,90.0,wallpath_residual_extra,92.10736486961738,2.107364869617385,2.107364869617385,random,11,random
PL_Comms_C2.csv::L-25,Comms,C2,PL_Comms_C2.csv,L-25,8.153295346,93.0,wallpath_residual_extra,89.42455753859585,-3.575442461404151,3.575442461404151,random,11,random
PL_Library_C1.csv::P-11,Library,C1,PL_Library_C1.csv,P-11,7.2969,80.0,wallpath_residual_extra,70.05116559772135,-9.94883440227865,9.94883440227865,random,11,random
PL_SSE_C2.csv::L-10,SSE,C2,PL_SSE_C2.csv,L-10,2.340133543,73.0,wallpath_residual_extra,69.654856051824,-3.345143948176002,3.345143948176002,random,11,random
PL_Library_C2.csv::F-3,Library,C2,PL_Library_C2.csv,F-3,20.71883322,92.0,wallpath_residual_extra,91.90759392389059,-0.09240607610941254,0.09240607610941254,random,11,random
PL_Comms_C2.csv::A-15,Comms,C2,PL_Comms_C2.csv,A-15,14.61082561,98.0,wallpath_residual_extra,99.36028842477171,1.36028842477171,1.36028842477171,random,11,random
PL_Comms_C2.csv::D-16,Comms,C2,PL_Comms_C2.csv,D-16,13.09489309,92.0,wallpath_residual_extra,96.50927173266608,4.509271732666079,4.509271732666079,random,11,random
PL_Library_C1.csv::H-4,Library,C1,PL_Library_C1.csv,H-4,18.1792,77.0,wallpath_residual_extra,81.6251820830493,4.625182083049296,4.625182083049296,random,11,random
PL_Library_C1.csv::U-5,Library,C1,PL_Library_C1.csv,U-5,17.667,83.0,wallpath_residual_extra,81.04227335573856,-1.9577266442614416,1.9577266442614416,random,11,random
PL_Comms_C1.csv::K-4,Comms,C1,PL_Comms_C1.csv,K-4,25.70992026,103.0,wallpath_residual_extra,103.64486563149394,0.6448656314939427,0.6448656314939427,random,11,random
PL_Library_C1.csv::C-1,Library,C1,PL_Library_C1.csv,C-1,25.2045,88.0,wallpath_residual_extra,80.74094548374222,-7.259054516257777,7.259054516257777,random,11,random
PL_Comms_C1.csv::L-35,Comms,C1,PL_Comms_C1.csv,L-35,9.219544457,84.0,wallpath_residual_extra,86.32636703142236,2.3263670314223646,2.3263670314223646,random,11,random
PL_Comms_C1.csv::L-27,Comms,C1,PL_Comms_C1.csv,L-27,7.280109889,76.0,wallpath_residual_extra,87.49849690628642,11.49849690628642,11.49849690628642,random,11,random
PL_Comms_C1.csv::P-53,Comms,C1,PL_Comms_C1.csv,P-53,26.40075756,123.0,wallpath_residual_extra,113.88131793430387,-9.118682065696134,9.118682065696134,random,11,random
PL_Library_C1.csv::C-5,Library,C1,PL_Library_C1.csv,C-5,21.0789,74.0,wallpath_residual_extra,82.4417416542294,8.441741654229403,8.441741654229403,random,11,random
PL_Library_C1.csv::C-7,Library,C1,PL_Library_C1.csv,C-7,19.2582,78.0,wallpath_residual_extra,80.28786626309876,2.2878662630987634,2.2878662630987634,random,11,random
PL_SSE_C1.csv::D-2,SSE,C1,PL_SSE_C1.csv,D-2,12.80624847,91.0,wallpath_residual_extra,93.38131980647204,2.3813198064720353,2.3813198064720353,random,11,random
PL_SSE_C1.csv::N-9,SSE,C1,PL_SSE_C1.csv,N-9,1.0,52.0,wallpath_residual_extra,51.849228036229604,-0.1507719637703957,0.1507719637703957,random,11,random
PL_Comms_C1.csv::D-41,Comms,C1,PL_Comms_C1.csv,D-41,12.04159458,98.0,wallpath_residual_extra,94.95674652649814,-3.0432534735018635,3.0432534735018635,random,11,random
PL_Comms_C2.csv::H-31,Comms,C2,PL_Comms_C2.csv,H-31,3.804763462,74.0,wallpath_residual_extra,75.81165494253203,1.81165494253203,1.81165494253203,random,11,random
PL_Comms_C1.csv::E-25,Comms,C1,PL_Comms_C1.csv,E-25,4.0,75.0,wallpath_residual_extra,75.4128807930757,0.4128807930757006,0.4128807930757006,random,11,random
PL_Comms_C2.csv::F-5,Comms,C2,PL_Comms_C2.csv,F-5,24.0515327,94.0,wallpath_residual_extra,106.0480316962926,12.048031696292597,12.048031696292597,random,11,random
PL_Library_C2.csv::Q-13,Library,C2,PL_Library_C2.csv,Q-13,5.875770162,70.0,wallpath_residual_extra,69.13144937769903,-0.8685506223009725,0.8685506223009725,random,11,random
PL_Comms_C1.csv::A-2,Comms,C1,PL_Comms_C1.csv,A-2,27.29468813,122.0,wallpath_residual_extra,115.08327529492897,-6.916724705071033,6.916724705071033,random,11,random
PL_Comms_C1.csv::I-38,Comms,C1,PL_Comms_C1.csv,I-38,9.848857802,98.0,wallpath_residual_extra,92.93821839769589,-5.061781602304109,5.061781602304109,random,11,random
PL_Comms_C2.csv::E-28,Comms,C2,PL_Comms_C2.csv,E-28,1.573602555,76.0,wallpath_residual_extra,65.42466931528953,-10.575330684710465,10.575330684710465,random,11,random
PL_Library_C1.csv::M-22,Library,C1,PL_Library_C1.csv,M-22,8.2421,76.0,wallpath_residual_extra,78.58591841008328,2.5859184100832806,2.5859184100832806,random,11,random
PL_SSE_C2.csv::I-4,SSE,C2,PL_SSE_C2.csv,I-4,7.904190344,82.0,wallpath_residual_extra,84.10341366413729,2.1034136641372925,2.1034136641372925,random,11,random
PL_SSE_C2.csv::N-6,SSE,C2,PL_SSE_C2.csv,N-6,4.180457511,72.0,wallpath_residual_extra,76.32629409929505,4.326294099295055,4.326294099295055,random,11,random
PL_Comms_C2.csv::E-57,Comms,C2,PL_Comms_C2.csv,E-57,28.02634876,108.0,wallpath_residual_extra,113.20603406998076,5.20603406998076,5.20603406998076,random,11,random
PL_Comms_C2.csv::K-35,Comms,C2,PL_Comms_C2.csv,K-35,8.571827401,84.0,wallpath_residual_extra,86.88199333532981,2.8819933353298097,2.8819933353298097,random,11,random
PL_Comms_C2.csv::E-30,Comms,C2,PL_Comms_C2.csv,E-30,1.573602555,66.0,wallpath_residual_extra,76.63470228695314,10.634702286953143,10.634702286953143,random,11,random
PL_Library_C1.csv::Q-9,Library,C1,PL_Library_C1.csv,Q-9,10.3194,70.0,wallpath_residual_extra,70.96454866622574,0.9645486662257383,0.9645486662257383,random,11,random
PL_Comms_C1.csv::H-26,Comms,C1,PL_Comms_C1.csv,H-26,4.242640687,68.0,wallpath_residual_extra,75.82766688914549,7.82766688914549,7.82766688914549,random,11,random
PL_Comms_C1.csv::B-10,Comms,C1,PL_Comms_C1.csv,B-10,19.23538406,104.0,wallpath_residual_extra,100.44941504379933,-3.550584956200666,3.550584956200666,random,11,random
PL_Comms_C2.csv::E-19,Comms,C2,PL_Comms_C2.csv,E-19,10.07354084,90.0,wallpath_residual_extra,89.54936643196808,-0.45063356803191823,0.45063356803191823,random,11,random
PL_Comms_C1.csv::F-53,Comms,C1,PL_Comms_C1.csv,F-53,24.0208243,92.0,wallpath_residual_extra,100.41307298174748,8.413072981747476,8.413072981747476,random,11,random
PL_Library_C2.csv::N-26,Library,C2,PL_Library_C2.csv,N-26,13.60436419,80.0,wallpath_residual_extra,82.69858251414894,2.6985825141489386,2.6985825141489386,random,11,random
PL_Library_C1.csv::T-9,Library,C1,PL_Library_C1.csv,T-9,12.4925,81.0,wallpath_residual_extra,77.92337438810566,-3.076625611894343,3.076625611894343,random,11,random
PL_SSE_C1.csv::D-8,SSE,C1,PL_SSE_C1.csv,D-8,10.19803903,77.0,wallpath_residual_extra,93.39529003968958,16.395290039689584,16.395290039689584,random,11,random
PL_Comms_C1.csv::C-13,Comms,C1,PL_Comms_C1.csv,C-13,16.1245155,94.0,wallpath_residual_extra,93.83968195235238,-0.16031804764762114,0.16031804764762114,random,11,random
PL_Comms_C1.csv::K-44,Comms,C1,PL_Comms_C1.csv,K-44,16.15549442,97.0,wallpath_residual_extra,109.11999604275368,12.119996042753684,12.119996042753684,random,11,random
PL_Comms_C1.csv::H-36,Comms,C1,PL_Comms_C1.csv,H-36,7.615773106,79.0,wallpath_residual_extra,85.76392597269158,6.763925972691581,6.763925972691581,random,11,random
PL_SSE_C1.csv::A-1,SSE,C1,PL_SSE_C1.csv,A-1,15.8113883,96.0,wallpath_residual_extra,101.14466268781217,5.144662687812172,5.144662687812172,random,11,random
PL_Comms_C1.csv::F-19,Comms,C1,PL_Comms_C1.csv,F-19,10.04987562,80.0,wallpath_residual_extra,89.04019125102414,9.04019125102414,9.04019125102414,random,11,random
PL_Comms_C1.csv::B-7,Comms,C1,PL_Comms_C1.csv,B-7,22.20360331,112.0,wallpath_residual_extra,111.53205622582229,-0.46794377417771216,0.46794377417771216,random,11,random
PL_Comms_C1.csv::F-31,Comms,C1,PL_Comms_C1.csv,F-31,2.236067977,70.0,wallpath_residual_extra,71.73707459429937,1.7370745942993722,1.7370745942993722,random,11,random
PL_Library_C2.csv::G-12,Library,C2,PL_Library_C2.csv,G-12,10.99171734,80.0,wallpath_residual_extra,80.44204989904668,0.4420498990466797,0.4420498990466797,random,11,random
PL_Library_C1.csv::K-10,Library,C1,PL_Library_C1.csv,K-10,9.0896,71.0,wallpath_residual_extra,74.07334577519234,3.0733457751923368,3.0733457751923368,random,11,random
PL_Library_C2.csv::U-12,Library,C2,PL_Library_C2.csv,U-12,10.99171734,83.0,wallpath_residual_extra,81.37715632968913,-1.6228436703108713,1.6228436703108713,random,11,random
PL_Comms_C1.csv::M-18,Comms,C1,PL_Comms_C1.csv,M-18,13.60147051,85.0,wallpath_residual_extra,89.77965077786173,4.7796507778617325,4.7796507778617325,random,11,random
PL_Library_C2.csv::Y-19,Library,C2,PL_Library_C2.csv,Y-19,15.49707956,82.0,wallpath_residual_extra,86.26234200979485,4.26234200979485,4.26234200979485,random,11,random
PL_Library_C1.csv::W-11,Library,C1,PL_Library_C1.csv,W-11,13.9506,73.0,wallpath_residual_extra,75.52377350076867,2.5237735007686695,2.5237735007686695,random,11,random
PL_Comms_C2.csv::G-36,Comms,C2,PL_Comms_C2.csv,G-36,7.380801108,97.0,wallpath_residual_extra,87.07737769503248,-9.922622304967518,9.922622304967518,random,11,random
PL_Comms_C1.csv::I-6,Comms,C1,PL_Comms_C1.csv,I-6,23.34523506,109.0,wallpath_residual_extra,94.91171184839881,-14.08828815160119,14.08828815160119,random,11,random
PL_Comms_C2.csv::J-52,Comms,C2,PL_Comms_C2.csv,J-52,23.56854312,119.0,wallpath_residual_extra,93.99896151986252,-25.00103848013748,25.00103848013748,random,11,random
PL_Comms_C2.csv::C-35,Comms,C2,PL_Comms_C2.csv,C-35,6.440203801,77.0,wallpath_residual_extra,89.17523919503277,12.175239195032773,12.175239195032773,random,11,random
PL_Comms_C2.csv::J-4,Comms,C2,PL_Comms_C2.csv,J-4,25.5240323,99.0,wallpath_residual_extra,104.48079958548664,5.480799585486636,5.480799585486636,random,11,random
PL_Library_C1.csv::S-23,Library,C1,PL_Library_C1.csv,S-23,11.6562,75.0,wallpath_residual_extra,72.82659744240526,-2.1734025575947413,2.1734025575947413,random,11,random
PL_Comms_C2.csv::C-52,Comms,C2,PL_Comms_C2.csv,C-52,23.11874186,122.0,wallpath_residual_extra,111.16817761942112,-10.831822380578885,10.831822380578885,random,11,random
PL_Comms_C1.csv::I-22,Comms,C1,PL_Comms_C1.csv,I-22,8.062257748,88.0,wallpath_residual_extra,85.99113449887136,-2.008865501128639,2.008865501128639,random,11,random
PL_Comms_C1.csv::H-48,Comms,C1,PL_Comms_C1.csv,H-48,19.23538406,86.0,wallpath_residual_extra,89.08280834423016,3.082808344230159,3.082808344230159,random,11,random
PL_Library_C1.csv::I-11,Library,C1,PL_Library_C1.csv,I-11,9.5813,75.0,wallpath_residual_extra,75.84433275748422,0.8443327574842243,0.8443327574842243,random,11,random
PL_Comms_C1.csv::N-56,Comms,C1,PL_Comms_C1.csv,N-56,28.46049894,115.0,wallpath_residual_extra,107.46694247007453,-7.533057529925472,7.533057529925472,random,11,random
PL_Comms_C2.csv::N-38,Comms,C2,PL_Comms_C2.csv,N-38,12.78578214,103.0,wallpath_residual_extra,105.80029564650613,2.800295646506129,2.800295646506129,random,11,random
PL_Library_C2.csv::O-9,Library,C2,PL_Library_C2.csv,O-9,9.658026455,72.0,wallpath_residual_extra,70.41566477095692,-1.5843352290430772,1.5843352290430772,random,11,random
PL_Library_C1.csv::B-2,Library,C1,PL_Library_C1.csv,B-2,24.985,82.0,wallpath_residual_extra,80.65897920484295,-1.3410207951570499,1.3410207951570499,random,11,random
PL_Library_C2.csv::Q-23,Library,C2,PL_Library_C2.csv,Q-23,10.39065325,75.0,wallpath_residual_extra,73.87730891672072,-1.1226910832792782,1.1226910832792782,random,11,random
PL_Library_C1.csv::F-16,Library,C1,PL_Library_C1.csv,F-16,10.84,87.0,wallpath_residual_extra,83.77743073288916,-3.222569267110842,3.222569267110842,random,11,random
PL_SSE_C1.csv::K-3,SSE,C1,PL_SSE_C1.csv,K-3,7.615773106,75.0,wallpath_residual_extra,74.0813480261829,-0.9186519738171057,0.9186519738171057,random,11,random
PL_Comms_C2.csv::O-23,Comms,C2,PL_Comms_C2.csv,O-23,11.72502559,85.0,wallpath_residual_extra,96.12330252582002,11.123302525820023,11.123302525820023,random,11,random
PL_Library_C2.csv::W-8,Library,C2,PL_Library_C2.csv,W-8,16.36153569,84.0,wallpath_residual_extra,89.79627398731841,5.796273987318415,5.796273987318415,random,11,random
PL_Comms_C1.csv::F-51,Comms,C1,PL_Comms_C1.csv,F-51,22.02271555,94.0,wallpath_residual_extra,102.71388854654278,8.713888546542776,8.713888546542776,random,11,random
PL_Comms_C2.csv::P-17,Comms,C2,PL_Comms_C2.csv,P-17,16.32409952,94.0,wallpath_residual_extra,88.11464400290808,-5.885355997091921,5.885355997091921,random,11,random
PL_Comms_C1.csv::L-39,Comms,C1,PL_Comms_C1.csv,L-39,12.20655562,103.0,wallpath_residual_extra,97.48134993870583,-5.518650061294167,5.518650061294167,random,11,random
PL_Library_C2.csv::H-3,Library,C2,PL_Library_C2.csv,H-3,19.43865607,91.0,wallpath_residual_extra,87.16461705047726,-3.8353829495227387,3.8353829495227387,random,11,random
PL_Library_C2.csv::J-3,Library,C2,PL_Library_C2.csv,J-3,18.46999865,88.0,wallpath_residual_extra,87.27687331432341,-0.7231266856765899,0.7231266856765899,random,11,random
PL_Comms_C1.csv::M-13,Comms,C1,PL_Comms_C1.csv,M-13,17.88854382,115.0,wallpath_residual_extra,105.55595631066042,-9.44404368933958,9.44404368933958,random,11,random
PL_Comms_C1.csv::A-53,Comms,C1,PL_Comms_C1.csv,A-53,24.33105012,108.0,wallpath_residual_extra,110.86646594585378,2.8664659458537756,2.8664659458537756,random,11,random
PL_Comms_C1.csv::E-54,Comms,C1,PL_Comms_C1.csv,E-54,25.0,106.0,wallpath_residual_extra,111.39146548162623,5.391465481626227,5.391465481626227,random,11,random
PL_Library_C2.csv::R-15,Library,C2,PL_Library_C2.csv,R-15,5.717398884,63.0,wallpath_residual_extra,73.16898830824202,10.168988308242021,10.168988308242021,random,11,random
PL_Comms_C2.csv::J-38,Comms,C2,PL_Comms_C2.csv,J-38,10.36707408,99.0,wallpath_residual_extra,91.20598600421977,-7.794013995780233,7.794013995780233,random,11,random
PL_Comms_C2.csv::L-21,Comms,C2,PL_Comms_C2.csv,L-21,10.69935629,91.0,wallpath_residual_extra,86.84144756157994,-4.15855243842006,4.15855243842006,random,11,random
PL_Library_C2.csv::A-6,Library,C2,PL_Library_C2.csv,A-6,22.25684052,94.0,wallpath_residual_extra,91.728580124875,-2.271419875125005,2.271419875125005,random,11,random
PL_Comms_C1.csv::O-37,Comms,C1,PL_Comms_C1.csv,O-37,12.80624847,90.0,wallpath_residual_extra,90.97892477282049,0.9789247728204913,0.9789247728204913,random,11,random
PL_SSE_C1.csv::C-5,SSE,C1,PL_SSE_C1.csv,C-5,12.08304597,87.0,wallpath_residual_extra,95.46742468499322,8.467424684993219,8.467424684993219,random,11,random
PL_Comms_C2.csv::F-10,Comms,C2,PL_Comms_C2.csv,F-10,19.06505245,86.0,wallpath_residual_extra,111.1766944915313,25.176694491531293,25.176694491531293,random,11,random
PL_Comms_C1.csv::I-14,Comms,C1,PL_Comms_C1.csv,I-14,15.5241747,97.0,wallpath_residual_extra,94.05447651478549,-2.9455234852145082,2.9455234852145082,random,11,random
PL_Comms_C1.csv::B-50,Comms,C1,PL_Comms_C1.csv,B-50,21.21320344,115.0,wallpath_residual_extra,105.66752430354892,-9.332475696451084,9.332475696451084,random,11,random
PL_Library_C1.csv::V-8,Library,C1,PL_Library_C1.csv,V-8,15.3301,92.0,wallpath_residual_extra,83.70941561226437,-8.290584387735635,8.290584387735635,random,11,random
PL_Comms_C2.csv::K-28,Comms,C2,PL_Comms_C2.csv,K-28,6.202920683,69.0,wallpath_residual_extra,85.68683735948555,16.68683735948555,16.68683735948555,random,11,random
PL_Comms_C2.csv::D-27,Comms,C2,PL_Comms_C2.csv,D-27,2.544842824,72.0,wallpath_residual_extra,74.9093707223566,2.9093707223565985,2.9093707223565985,random,11,random
PL_Comms_C1.csv::F-12,Comms,C1,PL_Comms_C1.csv,F-12,17.02938637,98.0,wallpath_residual_extra,104.14129412828171,6.141294128281714,6.141294128281714,random,11,random
PL_Comms_C2.csv::B-46,Comms,C2,PL_Comms_C2.csv,B-46,17.30538139,109.0,wallpath_residual_extra,110.64339946215803,1.6433994621580297,1.6433994621580297,random,11,random
PL_Comms_C2.csv::A-3,Comms,C2,PL_Comms_C2.csv,A-3,26.33393675,122.0,wallpath_residual_extra,114.38338786000284,-7.616612139997159,7.616612139997159,random,11,random
PL_Comms_C1.csv::F-22,Comms,C1,PL_Comms_C1.csv,F-22,7.071067812,77.0,wallpath_residual_extra,82.43980087742617,5.4398008774261655,5.4398008774261655,random,11,random
PL_Comms_C2.csv::G-19,Comms,C2,PL_Comms_C2.csv,G-19,10.27016188,88.0,wallpath_residual_extra,89.18408107279737,1.184081072797369,1.184081072797369,random,11,random
PL_Comms_C1.csv::J-18,Comms,C1,PL_Comms_C1.csv,J-18,12.08304597,91.0,wallpath_residual_extra,92.029418718477,1.0294187184770038,1.0294187184770038,random,11,random
PL_Comms_C2.csv::F-13,Comms,C2,PL_Comms_C2.csv,F-13,16.07719581,83.0,wallpath_residual_extra,97.88590128645211,14.88590128645211,14.88590128645211,random,11,random
PL_Comms_C2.csv::G-47,Comms,C2,PL_Comms_C2.csv,G-47,18.15147997,86.0,wallpath_residual_extra,109.14450968458901,23.14450968458901,23.14450968458901,random,11,random
PL_Comms_C2.csv::N-10,Comms,C2,PL_Comms_C2.csv,N-10,21.05887521,114.0,wallpath_residual_extra,93.11397385344674,-20.886026146553263,20.886026146553263,random,11,random
PL_SSE_C1.csv::K-7,SSE,C1,PL_SSE_C1.csv,K-7,4.242640687,81.0,wallpath_residual_extra,70.92269250996355,-10.077307490036446,10.077307490036446,random,11,random
PL_Comms_C2.csv::A-6,Comms,C2,PL_Comms_C2.csv,A-6,23.37683094,113.0,wallpath_residual_extra,112.81915859585624,-0.18084140414376293,0.18084140414376293,random,11,random
PL_Comms_C2.csv::C-31,Comms,C2,PL_Comms_C2.csv,C-31,3.078347771,73.0,wallpath_residual_extra,74.58883471637212,1.5888347163721193,1.5888347163721193,random,11,random
PL_Library_C1.csv::S-13,Library,C1,PL_Library_C1.csv,S-13,7.9009,82.0,wallpath_residual_extra,85.07112798505379,3.071127985053792,3.071127985053792,random,11,random
PL_Library_C1.csv::U-19,Library,C1,PL_Library_C1.csv,U-19,10.3194,74.0,wallpath_residual_extra,74.45939165791596,0.45939165791595826,0.45939165791595826,random,11,random
PL_Comms_C2.csv::J-41,Comms,C2,PL_Comms_C2.csv,J-41,13.05665443,101.0,wallpath_residual_extra,100.22406436314192,-0.7759356368580796,0.7759356368580796,random,11,random
PL_Library_C1.csv::L-8,Library,C1,PL_Library_C1.csv,L-8,11.1736,85.0,wallpath_residual_extra,76.84751103047682,-8.152488969523176,8.152488969523176,random,11,random
PL_Comms_C2.csv::B-22,Comms,C2,PL_Comms_C2.csv,B-22,7.712083052,83.0,wallpath_residual_extra,85.981934330918,2.981934330917994,2.981934330917994,random,11,random
PL_Comms_C1.csv::M-32,Comms,C1,PL_Comms_C1.csv,M-32,8.544003745,86.0,wallpath_residual_extra,85.42555638381872,-0.5744436161812843,0.5744436161812843,random,11,random
PL_Comms_C1.csv::E-36,Comms,C1,PL_Comms_C1.csv,E-36,7.0,90.0,wallpath_residual_extra,82.85405505568714,-7.145944944312859,7.145944944312859,random,11,random
PL_Comms_C2.csv::E-40,Comms,C2,PL_Comms_C2.csv,E-40,11.06689771,98.0,wallpath_residual_extra,92.36416203748483,-5.635837962515168,5.635837962515168,random,11,random
PL_Comms_C2.csv::F-12,Comms,C2,PL_Comms_C2.csv,F-12,17.07267481,96.0,wallpath_residual_extra,105.89840688717364,9.898406887173635,9.898406887173635,random,11,random
PL_Comms_C1.csv::L-25,Comms,C1,PL_Comms_C1.csv,L-25,8.062257748,83.0,wallpath_residual_extra,92.66344255586957,9.663442555869565,9.663442555869565,random,11,random
PL_Comms_C2.csv::F-45,Comms,C2,PL_Comms_C2.csv,F-45,16.07719581,93.0,wallpath_residual_extra,102.1447399364277,9.144739936427698,9.144739936427698,random,11,random
PL_Comms_C2.csv::B-32,Comms,C2,PL_Comms_C2.csv,B-32,4.413187623,77.0,wallpath_residual_extra,79.53165190781138,2.53165190781138,2.53165190781138,random,11,random
PL_Library_C1.csv::S-7,Library,C1,PL_Library_C1.csv,S-7,13.9506,84.0,wallpath_residual_extra,80.404213817482,-3.5957861825179975,3.5957861825179975,random,11,random
PL_Library_C2.csv::I-4,Library,C2,PL_Library_C2.csv,I-4,17.65685278,82.0,wallpath_residual_extra,84.85344382356888,2.853443823568881,2.853443823568881,random,11,random
PL_Comms_C1.csv::K-53,Comms,C1,PL_Comms_C1.csv,K-53,24.73863375,113.0,wallpath_residual_extra,109.31001672647695,-3.6899832735230547,3.6899832735230547,random,11,random
PL_Library_C1.csv::B-9,Library,C1,PL_Library_C1.csv,B-9,18.8243,80.0,wallpath_residual_extra,84.44336681905784,4.443366819057843,4.443366819057843,random,11,random
PL_Library_C1.csv::V-11,Library,C1,PL_Library_C1.csv,V-11,12.783,74.0,wallpath_residual_extra,82.41472353964762,8.414723539647625,8.414723539647625,random,11,random
PL_Library_C2.csv::V-17,Library,C2,PL_Library_C2.csv,V-17,10.99171734,74.0,wallpath_residual_extra,75.7986997606085,1.7986997606084998,1.7986997606084998,random,11,random
PL_SSE_C2.csv::N-2,SSE,C2,PL_SSE_C2.csv,N-2,8.09173807,87.0,wallpath_residual_extra,77.25997106061928,-9.740028939380721,9.740028939380721,random,11,random
PL_Library_C2.csv::F-5,Library,C2,PL_Library_C2.csv,F-5,18.46999865,81.0,wallpath_residual_extra,87.27687331432341,6.27687331432341,6.27687331432341,random,11,random
PL_Comms_C1.csv::A-42,Comms,C1,PL_Comms_C1.csv,A-42,13.60147051,92.0,wallpath_residual_extra,97.3641200612872,5.3641200612871955,5.3641200612871955,random,11,random
PL_Library_C1.csv::R-5,Library,C1,PL_Library_C1.csv,R-5,15.8599,95.0,wallpath_residual_extra,81.70322687587296,-13.296773124127043,13.296773124127043,random,11,random
PL_Library_C1.csv::D-8,Library,C1,PL_Library_C1.csv,D-8,17.3525,79.0,wallpath_residual_extra,85.29399447196015,6.293994471960147,6.293994471960147,random,11,random
PL_Comms_C1.csv::L-47,Comms,C1,PL_Comms_C1.csv,L-47,19.31320792,104.0,wallpath_residual_extra,107.03538115297944,3.03538115297944,3.03538115297944,random,11,random
PL_Library_C2.csv::B-11,Library,C2,PL_Library_C2.csv,B-11,17.65685278,88.0,wallpath_residual_extra,85.91870865544855,-2.0812913445514454,2.0812913445514454,random,11,random
PL_Comms_C2.csv::A-12,Comms,C2,PL_Comms_C2.csv,A-12,17.50646238,116.0,wallpath_residual_extra,107.90657619576575,-8.093423804234249,8.093423804234249,random,11,random
PL_Comms_C2.csv::K-37,Comms,C2,PL_Comms_C2.csv,K-37,10.07354084,95.0,wallpath_residual_extra,89.54936643196808,-5.450633568031918,5.450633568031918,random,11,random
PL_Comms_C2.csv::P-56,Comms,C2,PL_Comms_C2.csv,P-56,29.18006554,123.0,wallpath_residual_extra,121.84193536894719,-1.1580646310528095,1.1580646310528095,random,11,random
PL_Comms_C1.csv::H-41,Comms,C1,PL_Comms_C1.csv,H-41,12.36931688,92.0,wallpath_residual_extra,92.36663310371023,0.36663310371022817,0.36663310371022817,random,11,random
PL_Comms_C1.csv::L-42,Comms,C1,PL_Comms_C1.csv,L-42,14.76482306,91.0,wallpath_residual_extra,97.49787145883786,6.497871458837864,6.497871458837864,random,11,random
PL_Comms_C1.csv::E-23,Comms,C1,PL_Comms_C1.csv,E-23,6.0,77.0,wallpath_residual_extra,76.92469917164837,-0.07530082835162943,0.07530082835162943,random,11,random
PL_Library_C1.csv::F-9,Library,C1,PL_Library_C1.csv,F-9,14.4038,76.0,wallpath_residual_extra,88.16984547807891,12.169845478078912,12.169845478078912,random,11,random
PL_Comms_C1.csv::O-57,Comms,C1,PL_Comms_C1.csv,O-57,29.73213749,115.0,wallpath_residual_extra,113.26583560175006,-1.7341643982499448,1.7341643982499448,random,11,random
PL_Comms_C1.csv::A-31,Comms,C1,PL_Comms_C1.csv,A-31,4.472135955,68.0,wallpath_residual_extra,75.39955505002104,7.399555050021036,7.399555050021036,random,11,random
PL_Comms_C1.csv::B-13,Comms,C1,PL_Comms_C1.csv,B-13,16.2788206,94.0,wallpath_residual_extra,94.27432148056192,0.2743214805619232,0.2743214805619232,random,11,random
PL_Comms_C2.csv::B-53,Comms,C2,PL_Comms_C2.csv,B-53,24.21727121,116.0,wallpath_residual_extra,115.06628877553158,-0.9337112244684249,0.9337112244684249,random,11,random
PL_Library_C1.csv::T-17,Library,C1,PL_Library_C1.csv,T-17,8.2421,73.0,wallpath_residual_extra,73.65718236090106,0.6571823609010607,0.6571823609010607,random,11,random
PL_Comms_C2.csv::O-22,Comms,C2,PL_Comms_C2.csv,O-22,12.26687511,95.0,wallpath_residual_extra,90.7420430664065,-4.257956933593505,4.257956933593505,random,11,random
PL_Comms_C1.csv::A-48,Comms,C1,PL_Comms_C1.csv,A-48,19.41648784,114.0,wallpath_residual_extra,107.57210274850934,-6.427897251490663,6.427897251490663,random,11,random
PL_Library_C2.csv::N-9,Library,C2,PL_Library_C2.csv,N-9,9.562502288,78.0,wallpath_residual_extra,70.3865188977127,-7.613481102287295,7.613481102287295,random,11,random
PL_SSE_C2.csv::E-4,SSE,C2,PL_SSE_C2.csv,E-4,10.88467845,95.0,wallpath_residual_extra,91.78217564203214,-3.2178243579678565,3.2178243579678565,random,11,random
PL_Library_C2.csv::M-3,Library,C2,PL_Library_C2.csv,M-3,17.70876831,88.0,wallpath_residual_extra,86.0042017740121,-1.9957982259878975,1.9957982259878975,random,11,random
PL_Comms_C1.csv::E-48,Comms,C1,PL_Comms_C1.csv,E-48,19.0,102.0,wallpath_residual_extra,105.35657491334035,3.356574913340353,3.356574913340353,random,11,random
PL_Comms_C1.csv::M-41,Comms,C1,PL_Comms_C1.csv,M-41,14.4222051,95.0,wallpath_residual_extra,98.37503950345898,3.3750395034589786,3.3750395034589786,random,11,random
PL_Comms_C2.csv::H-43,Comms,C2,PL_Comms_C2.csv,H-43,14.3692806,87.0,wallpath_residual_extra,89.75634051909806,2.7563405190980603,2.7563405190980603,random,11,random
PL_Library_C1.csv::P-5,Library,C1,PL_Library_C1.csv,P-5,15.1494,80.0,wallpath_residual_extra,81.74600548464134,1.7460054846413442,1.7460054846413442,random,11,random
PL_SSE_C1.csv::M-8,SSE,C1,PL_SSE_C1.csv,M-8,2.236067977,53.0,wallpath_residual_extra,59.80369359354335,6.8036935935433505,6.8036935935433505,random,11,random
PL_Library_C1.csv::M-25,Library,C1,PL_Library_C1.csv,M-25,12.27,80.0,wallpath_residual_extra,81.90411920959525,1.904119209595251,1.904119209595251,random,11,random
PL_Library_C2.csv::E-2,Library,C2,PL_Library_C2.csv,E-2,22.58440059,93.0,wallpath_residual_extra,91.5740685638917,-1.4259314361083,1.4259314361083,random,11,random
PL_Comms_C1.csv::O-38,Comms,C1,PL_Comms_C1.csv,O-38,13.45362405,98.0,wallpath_residual_extra,100.24051453908082,2.24051453908082,2.24051453908082,random,11,random
PL_Comms_C1.csv::N-36,Comms,C1,PL_Comms_C1.csv,N-36,11.40175425,94.0,wallpath_residual_extra,88.80366585693477,-5.196334143065229,5.196334143065229,random,11,random
PL_Library_C1.csv::U-14,Library,C1,PL_Library_C1.csv,U-14,9.8645,79.0,wallpath_residual_extra,71.55061655672,-7.449383443279999,7.449383443279999,random,11,random
PL_Comms_C2.csv::G-41,Comms,C2,PL_Comms_C2.csv,G-41,12.22604699,84.0,wallpath_residual_extra,90.49589185611659,6.495891856116586,6.495891856116586,random,11,random
PL_Library_C2.csv::Q-11,Library,C2,PL_Library_C2.csv,Q-11,7.993814796,75.0,wallpath_residual_extra,76.35118873175554,1.351188731755542,1.351188731755542,random,11,random
PL_Library_C2.csv::N-14,Library,C2,PL_Library_C2.csv,N-14,2.969903197,64.0,wallpath_residual_extra,73.9979979279308,9.997997927930797,9.997997927930797,random,11,random
PL_Comms_C1.csv::O-26,Comms,C1,PL_Comms_C1.csv,O-26,10.44030651,95.0,wallpath_residual_extra,87.52191273213836,-7.478087267861639,7.478087267861639,random,11,random
PL_Comms_C1.csv::D-33,Comms,C1,PL_Comms_C1.csv,D-33,4.123105626,79.0,wallpath_residual_extra,76.09602874726293,-2.9039712527370654,2.9039712527370654,random,11,random
PL_Comms_C2.csv::F-7,Comms,C2,PL_Comms_C2.csv,F-7,22.05620604,83.0,wallpath_residual_extra,100.43564337980061,17.43564337980061,17.43564337980061,random,11,random
PL_Comms_C1.csv::O-51,Comms,C1,PL_Comms_C1.csv,O-51,24.16609195,110.0,wallpath_residual_extra,109.44668131101915,-0.5533186889808519,0.5533186889808519,random,11,random
PL_SSE_C2.csv::C-5,SSE,C2,PL_SSE_C2.csv,C-5,12.14397896,101.0,wallpath_residual_extra,99.90991730388068,-1.0900826961193246,1.0900826961193246,random,11,random
PL_Comms_C1.csv::J-45,Comms,C1,PL_Comms_C1.csv,J-45,16.76305461,100.0,wallpath_residual_extra,104.30122885169565,4.3012288516956545,4.3012288516956545,random,11,random
PL_Comms_C2.csv::A-52,Comms,C2,PL_Comms_C2.csv,A-52,23.37683094,122.0,wallpath_residual_extra,112.86710167998575,-9.132898320014249,9.132898320014249,random,11,random
PL_SSE_C1.csv::M-3,SSE,C1,PL_SSE_C1.csv,M-3,7.071067812,69.0,wallpath_residual_extra,71.59871521089391,2.598715210893914,2.598715210893914,random,11,random
PL_Comms_C1.csv::D-57,Comms,C1,PL_Comms_C1.csv,D-57,28.01785145,114.0,wallpath_residual_extra,113.16256642092569,-0.8374335790743146,0.8374335790743146,random,11,random
PL_Comms_C1.csv::G-30,Comms,C1,PL_Comms_C1.csv,G-30,2.236067977,62.0,wallpath_residual_extra,63.92428383016826,1.9242838301682568,1.9242838301682568,random,11,random
PL_Library_C1.csv::W-8,Library,C1,PL_Library_C1.csv,W-8,16.3164,87.0,wallpath_residual_extra,85.92305197757048,-1.0769480224295194,1.0769480224295194,random,11,random
PL_Comms_C1.csv::C-43,Comms,C1,PL_Comms_C1.csv,C-43,14.14213562,95.0,wallpath_residual_extra,96.10496410238534,1.1049641023853383,1.1049641023853383,random,11,random
PL_Library_C2.csv::Q-12,Library,C2,PL_Library_C2.csv,Q-12,6.883084338,75.0,wallpath_residual_extra,75.52343051170331,0.5234305117033102,0.5234305117033102,random,11,random
PL_Comms_C2.csv::F-23,Comms,C2,PL_Comms_C2.csv,F-23,6.202920683,94.0,wallpath_residual_extra,87.9197728727422,-6.0802271272578,6.0802271272578,random,11,random
PL_Comms_C1.csv::J-32,Comms,C1,PL_Comms_C1.csv,J-32,5.830951895,83.0,wallpath_residual_extra,79.94315410106276,-3.0568458989372402,3.0568458989372402,random,11,random
PL_Comms_C2.csv::H-1,Comms,C2,PL_Comms_C2.csv,H-1,28.18645464,105.0,wallpath_residual_extra,101.49187399603785,-3.508126003962147,3.508126003962147,random,11,random
PL_SSE_C2.csv::F-8,SSE,C2,PL_SSE_C2.csv,F-8,8.335239949,88.0,wallpath_residual_extra,89.28898039337547,1.2889803933754678,1.2889803933754678,random,11,random
PL_Comms_C2.csv::A-25,Comms,C2,PL_Comms_C2.csv,A-25,5.78586424,82.0,wallpath_residual_extra,81.03501441760851,-0.9649855823914919,0.9649855823914919,random,11,random
PL_Library_C1.csv::I-5,Library,C1,PL_Library_C1.csv,I-5,16.3725,87.0,wallpath_residual_extra,85.51643653918093,-1.4835634608190702,1.4835634608190702,random,11,random
PL_Comms_C1.csv::I-23,Comms,C1,PL_Comms_C1.csv,I-23,7.211102551,82.0,wallpath_residual_extra,87.64378044660138,5.643780446601383,5.643780446601383,random,11,random
PL_Comms_C2.csv::I-55,Comms,C2,PL_Comms_C2.csv,I-55,26.33393675,110.0,wallpath_residual_extra,103.2337679288321,-6.766232071167906,6.766232071167906,random,11,random
PL_Comms_C1.csv::N-27,Comms,C1,PL_Comms_C1.csv,N-27,9.219544457,82.0,wallpath_residual_extra,78.165664836332,-3.834335163668001,3.834335163668001,random,11,random
PL_SSE_C1.csv::F-3,SSE,C1,PL_SSE_C1.csv,F-3,10.63014581,86.0,wallpath_residual_extra,81.75334174348062,-4.246658256519382,4.246658256519382,random,11,random
PL_SSE_C1.csv::C-7,SSE,C1,PL_SSE_C1.csv,C-7,11.40175425,98.0,wallpath_residual_extra,98.29631908870984,0.29631908870983636,0.29631908870983636,random,11,random
PL_Comms_C1.csv::E-56,Comms,C1,PL_Comms_C1.csv,E-56,27.0,107.0,wallpath_residual_extra,113.70181020957992,6.701810209579918,6.701810209579918,random,11,random
PL_Comms_C2.csv::E-11,Comms,C2,PL_Comms_C2.csv,E-11,18.04095965,107.0,wallpath_residual_extra,104.79595546475045,-2.204044535249551,2.204044535249551,random,11,random
PL_Library_C1.csv::C-16,Library,C1,PL_Library_C1.csv,C-16,14.905,75.0,wallpath_residual_extra,85.85582571759643,10.855825717596431,10.855825717596431,random,11,random
PL_SSE_C1.csv::A-3,SSE,C1,PL_SSE_C1.csv,A-3,14.76482306,96.0,wallpath_residual_extra,102.81703395309226,6.817033953092263,6.817033953092263,random,11,random
PL_Comms_C2.csv::D-56,Comms,C2,PL_Comms_C2.csv,D-56,27.04581714,112.0,wallpath_residual_extra,117.89354913413935,5.893549134139349,5.893549134139349,random,11,random
PL_Comms_C1.csv::E-18,Comms,C1,PL_Comms_C1.csv,E-18,11.0,96.0,wallpath_residual_extra,91.09365960172168,-4.906340398278317,4.906340398278317,random,11,random
PL_Comms_C2.csv::D-53,Comms,C2,PL_Comms_C2.csv,D-53,24.0515327,117.0,wallpath_residual_extra,113.13780827920733,-3.8621917207926657,3.8621917207926657,random,11,random
PL_Library_C2.csv::S-5,Library,C2,PL_Library_C2.csv,S-5,16.41754778,87.0,wallpath_residual_extra,86.67033486532841,-0.3296651346715862,0.3296651346715862,random,11,random
PL_Library_C2.csv::L-14,Library,C2,PL_Library_C2.csv,L-14,4.020500591,77.0,wallpath_residual_extra,69.78022390725808,-7.219776092741924,7.219776092741924,random,11,random
PL_Comms_C2.csv::E-50,Comms,C2,PL_Comms_C2.csv,E-50,21.03511885,114.0,wallpath_residual_extra,109.35263455981757,-4.647365440182426,4.647365440182426,random,11,random
PL_Comms_C1.csv::A-55,Comms,C1,PL_Comms_C1.csv,A-55,26.30589288,117.0,wallpath_residual_extra,113.91114384646487,-3.088856153535133,3.088856153535133,random,11,random
PL_Library_C2.csv::D-7,Library,C2,PL_Library_C2.csv,D-7,18.27010536,88.0,wallpath_residual_extra,87.3387647864114,-0.661235213588597,0.661235213588597,random,11,random
PL_Library_C2.csv::R-5,Library,C2,PL_Library_C2.csv,R-5,15.90633993,92.0,wallpath_residual_extra,86.79011690420256,-5.209883095797437,5.209883095797437,random,11,random
PL_SSE_C2.csv::A-2,SSE,C2,PL_SSE_C2.csv,A-2,15.31261653,104.0,wallpath_residual_extra,100.24954442106576,-3.750455578934236,3.750455578934236,random,11,random
PL_Library_C2.csv::T-20,Library,C2,PL_Library_C2.csv,T-20,9.846294988,75.0,wallpath_residual_extra,76.25787634776313,1.2578763477631298,1.2578763477631298,random,11,random
PL_SSE_C2.csv::A-7,SSE,C2,PL_SSE_C2.csv,A-7,13.3968737,106.0,wallpath_residual_extra,100.12405960144109,-5.87594039855891,5.87594039855891,random,11,random
PL_Library_C1.csv::I-16,Library,C1,PL_Library_C1.csv,I-16,6.775,80.0,wallpath_residual_extra,79.25971787118067,-0.7402821288193309,0.7402821288193309,random,11,random
PL_Comms_C2.csv::C-13,Comms,C2,PL_Comms_C2.csv,C-13,16.1702265,103.0,wallpath_residual_extra,98.78551903250039,-4.214480967499611,4.214480967499611,random,11,random
PL_Comms_C1.csv::O-55,Comms,C1,PL_Comms_C1.csv,O-55,27.85677655,103.0,wallpath_residual_extra,111.51751958411275,8.517519584112748,8.517519584112748,random,11,random
PL_Comms_C2.csv::K-24,Comms,C2,PL_Comms_C2.csv,K-24,7.904190344,92.0,wallpath_residual_extra,86.19268564778403,-5.807314352215968,5.807314352215968,random,11,random
PL_Library_C2.csv::S-23,Library,C2,PL_Library_C2.csv,S-23,11.71930352,82.0,wallpath_residual_extra,75.44872952448554,-6.551270475514457,6.551270475514457,random,11,random
PL_Library_C2.csv::T-15,Library,C2,PL_Library_C2.csv,T-15,8.331215398,77.0,wallpath_residual_extra,75.20830088119723,-1.791699118802768,1.791699118802768,random,11,random
PL_Comms_C2.csv::G-48,Comms,C2,PL_Comms_C2.csv,G-48,19.14356876,90.0,wallpath_residual_extra,102.99204533867479,12.992045338674785,12.992045338674785,random,11,random
PL_SSE_C2.csv::D-4,SSE,C2,PL_SSE_C2.csv,D-4,11.72502559,97.0,wallpath_residual_extra,95.8574714135862,-1.1425285864138033,1.1425285864138033,random,11,random
PL_Comms_C2.csv::A-48,Comms,C2,PL_Comms_C2.csv,A-48,19.45446543,112.0,wallpath_residual_extra,112.95530747103922,0.9553074710392195,0.9553074710392195,random,11,random
PL_Comms_C2.csv::D-37,Comms,C2,PL_Comms_C2.csv,D-37,8.153295346,86.0,wallpath_residual_extra,89.42455753859585,3.424557538595849,3.424557538595849,random,11,random
PL_Comms_C1.csv::G-33,Comms,C1,PL_Comms_C1.csv,G-33,4.472135955,75.0,wallpath_residual_extra,76.5288143516056,1.5288143516056039,1.5288143516056039,random,11,random
PL_Library_C1.csv::Q-18,Library,C1,PL_Library_C1.csv,Q-18,4.8855,66.0,wallpath_residual_extra,67.61242659226457,1.612426592264569,1.612426592264569,random,11,random
PL_Comms_C1.csv::F-8,Comms,C1,PL_Comms_C1.csv,F-8,21.02379604,85.0,wallpath_residual_extra,100.80607804777762,15.806078047777618,15.806078047777618,random,11,random
PL_Comms_C1.csv::B-32,Comms,C1,PL_Comms_C1.csv,B-32,4.242640687,67.0,wallpath_residual_extra,75.82766688914549,8.82766688914549,8.82766688914549,random,11,random
PL_Library_C1.csv::L-13,Library,C1,PL_Library_C1.csv,L-13,4.8855,71.0,wallpath_residual_extra,67.61242659226457,-3.387573407735431,3.387573407735431,random,11,random
PL_Comms_C2.csv::G-57,Comms,C2,PL_Comms_C2.csv,G-57,28.09761956,96.0,wallpath_residual_extra,108.28511842813771,12.285118428137707,12.285118428137707,random,11,random
PL_Comms_C2.csv::M-21,Comms,C2,PL_Comms_C2.csv,M-21,11.37876202,92.0,wallpath_residual_extra,89.12192347389956,-2.8780765261004433,2.8780765261004433,random,11,random
PL_Library_C2.csv::L-11,Library,C2,PL_Library_C2.csv,L-11,7.397361016,68.0,wallpath_residual_extra,72.68531306320548,4.685313063205484,4.685313063205484,random,11,random
PL_Comms_C2.csv::O-36,Comms,C2,PL_Comms_C2.csv,O-36,12.26687511,93.0,wallpath_residual_extra,93.50607887546248,0.5060788754624781,0.5060788754624781,random,11,random
PL_Comms_C2.csv::K-33,Comms,C2,PL_Comms_C2.csv,K-33,7.312744013,82.0,wallpath_residual_extra,86.90088439906499,4.900884399064992,4.900884399064992,random,11,random
PL_Comms_C1.csv::E-49,Comms,C1,PL_Comms_C1.csv,E-49,20.0,105.0,wallpath_residual_extra,107.82477028150623,2.8247702815062325,2.8247702815062325,random,11,random
PL_Library_C2.csv::U-18,Library,C2,PL_Library_C2.csv,U-18,9.939092011,75.0,wallpath_residual_extra,77.20126928235491,2.2012692823549145,2.2012692823549145,random,11,random
PL_Comms_C2.csv::M-28,Comms,C2,PL_Comms_C2.csv,M-28,8.153295346,77.0,wallpath_residual_extra,86.60296660492426,9.602966604924262,9.602966604924262,random,11,random
PL_Library_C1.csv::W-6,Library,C1,PL_Library_C1.csv,W-6,18.2297,81.0,wallpath_residual_extra,86.55805162212376,5.558051622123756,5.558051622123756,random,11,random
PL_Comms_C2.csv::F-4,Comms,C2,PL_Comms_C2.csv,F-4,25.04947554,87.0,wallpath_residual_extra,100.33604979750743,13.336049797507428,13.336049797507428,random,11,random
PL_Comms_C2.csv::N-40,Comms,C2,PL_Comms_C2.csv,N-40,14.26450928,100.0,wallpath_residual_extra,104.1418769094432,4.141876909443198,4.141876909443198,random,11,random
PL_Comms_C1.csv::N-54,Comms,C1,PL_Comms_C1.csv,N-54,26.57066051,111.0,wallpath_residual_extra,113.86153675973361,2.8615367597336103,2.8615367597336103,random,11,random
PL_Library_C1.csv::E-8,Library,C1,PL_Library_C1.csv,E-8,16.3164,88.0,wallpath_residual_extra,85.53760583446933,-2.462394165530668,2.462394165530668,random,11,random
PL_Comms_C2.csv::L-10,Comms,C2,PL_Comms_C2.csv,L-10,20.28487676,117.0,wallpath_residual_extra,106.41191965467266,-10.588080345327342,10.588080345327342,random,11,random
PL_Comms_C2.csv::P-25,Comms,C2,PL_Comms_C2.csv,P-25,11.76759215,90.0,wallpath_residual_extra,89.69734242056539,-0.3026575794346087,0.3026575794346087,random,11,random
PL_SSE_C1.csv::D-10,SSE,C1,PL_SSE_C1.csv,D-10,10.0,95.0,wallpath_residual_extra,94.88476290160635,-0.11523709839364926,0.11523709839364926,random,11,random
PL_SSE_C2.csv::C-1,SSE,C2,PL_SSE_C2.csv,C-1,14.26450928,99.0,wallpath_residual_extra,97.90624238394544,-1.0937576160545603,1.0937576160545603,random,11,random
PL_Library_C1.csv::G-7,Library,C1,PL_Library_C1.csv,G-7,15.4494,87.0,wallpath_residual_extra,80.20512492997229,-6.7948750700277145,6.7948750700277145,random,11,random
PL_Comms_C1.csv::O-53,Comms,C1,PL_Comms_C1.csv,O-53,26.0,112.0,wallpath_residual_extra,111.97264210820897,-0.0273578917910271,0.0273578917910271,random,11,random
PL_SSE_C2.csv::M-6,SSE,C2,PL_SSE_C2.csv,M-6,4.298397957,69.0,wallpath_residual_extra,75.71486019463238,6.714860194632379,6.714860194632379,random,11,random
PL_Comms_C1.csv::D-54,Comms,C1,PL_Comms_C1.csv,D-54,25.01999201,104.0,wallpath_residual_extra,111.36348266595391,7.36348266595391,7.36348266595391,random,11,random
PL_Comms_C1.csv::B-15,Comms,C1,PL_Comms_C1.csv,B-15,14.31782106,99.0,wallpath_residual_extra,93.96858901110423,-5.031410988895772,5.031410988895772,random,11,random
PL_Library_C2.csv::V-16,Library,C2,PL_Library_C2.csv,V-16,10.90787903,73.0,wallpath_residual_extra,74.4990512688202,1.499051268820196,1.499051268820196,random,11,random
PL_Library_C1.csv::O-15,Library,C1,PL_Library_C1.csv,O-15,1.9163,54.0,wallpath_residual_extra,58.197355675743566,4.197355675743566,4.197355675743566,random,11,random
PL_SSE_C2.csv::K-7,SSE,C2,PL_SSE_C2.csv,K-7,4.413187623,80.0,wallpath_residual_extra,75.16225590800538,-4.837744091994622,4.837744091994622,random,11,random
PL_Comms_C1.csv::P-11,Comms,C1,PL_Comms_C1.csv,P-11,21.09502311,116.0,wallpath_residual_extra,108.4383761160561,-7.561623883943895,7.561623883943895,random,11,random
PL_Comms_C1.csv::I-24,Comms,C1,PL_Comms_C1.csv,I-24,6.403124237,80.0,wallpath_residual_extra,81.21285974758192,1.2128597475819163,1.2128597475819163,random,11,random
PL_Comms_C2.csv::J-44,Comms,C2,PL_Comms_C2.csv,J-44,15.85800192,105.0,wallpath_residual_extra,103.96698122756514,-1.0330187724348576,1.0330187724348576,random,11,random
PL_Comms_C2.csv::M-53,Comms,C2,PL_Comms_C2.csv,M-53,25.32738093,117.0,wallpath_residual_extra,113.37941815584668,-3.620581844153321,3.620581844153321,random,11,random
PL_SSE_C2.csv::F-2,SSE,C2,PL_SSE_C2.csv,F-2,11.37876202,91.0,wallpath_residual_extra,89.83412016152326,-1.1658798384767408,1.1658798384767408,random,11,random
PL_SSE_C2.csv::K-8,SSE,C2,PL_SSE_C2.csv,K-8,3.804763462,83.0,wallpath_residual_extra,75.88470171398644,-7.115298286013555,7.115298286013555,random,11,random
PL_Library_C1.csv::K-3,Library,C1,PL_Library_C1.csv,K-3,18.078,84.0,wallpath_residual_extra,81.37149071037581,-2.6285092896241906,2.6285092896241906,random,11,random
PL_SSE_C2.csv::A-4,SSE,C2,PL_SSE_C2.csv,A-4,14.3692806,102.0,wallpath_residual_extra,106.50308615550969,4.503086155509692,4.503086155509692,random,11,random
PL_Comms_C2.csv::A-16,Comms,C2,PL_Comms_C2.csv,A-16,13.65562979,103.0,wallpath_residual_extra,98.66725382682671,-4.332746173173291,4.332746173173291,random,11,random
PL_Comms_C2.csv::N-54,Comms,C2,PL_Comms_C2.csv,N-54,26.59842524,118.0,wallpath_residual_extra,117.10431488087407,-0.895685119125929,0.895685119125929,random,11,random
PL_Comms_C2.csv::I-22,Comms,C2,PL_Comms_C2.csv,I-22,8.153295346,90.0,wallpath_residual_extra,86.3299400860332,-3.6700599139667958,3.6700599139667958,random,11,random
PL_Library_C1.csv::F-7,Library,C1,PL_Library_C1.csv,F-7,16.3164,73.0,wallpath_residual_extra,80.09201787488121,7.092017874881208,7.092017874881208,random,11,random
PL_Comms_C2.csv::J-33,Comms,C2,PL_Comms_C2.csv,J-33,6.517378691,83.0,wallpath_residual_extra,83.30686235712741,0.3068623571274145,0.3068623571274145,random,11,random
PL_Library_C2.csv::I-15,Library,C2,PL_Library_C2.csv,I-15,7.015188878,84.0,wallpath_residual_extra,72.61528543553659,-11.384714564463408,11.384714564463408,random,11,random
PL_Library_C2.csv::S-21,Library,C2,PL_Library_C2.csv,S-21,9.658026455,75.0,wallpath_residual_extra,72.09677504293063,-2.9032249570693693,2.9032249570693693,random,11,random
PL_Comms_C2.csv::F-49,Comms,C2,PL_Comms_C2.csv,F-49,20.06181011,93.0,wallpath_residual_extra,96.92967487426476,3.9296748742647623,3.9296748742647623,random,11,random
PL_Comms_C1.csv::G-55,Comms,C1,PL_Comms_C1.csv,G-55,26.07680962,88.0,wallpath_residual_extra,104.94156249655742,16.941562496557424,16.941562496557424,random,11,random
PL_Comms_C1.csv::K-43,Comms,C1,PL_Comms_C1.csv,K-43,15.23154621,110.0,wallpath_residual_extra,97.89153433362877,-12.108465666371231,12.108465666371231,random,11,random
PL_Library_C2.csv::C-15,Library,C2,PL_Library_C2.csv,C-15,15.01570095,82.0,wallpath_residual_extra,78.77343793087832,-3.226562069121684,3.226562069121684,random,11,random
PL_Library_C1.csv::M-19,Library,C1,PL_Library_C1.csv,M-19,4.2849,76.0,wallpath_residual_extra,63.36686967287467,-12.633130327125329,12.633130327125329,random,11,random
PL_Comms_C1.csv::H-5,Comms,C1,PL_Comms_C1.csv,H-5,24.18677324,86.0,wallpath_residual_extra,96.26481185290386,10.264811852903861,10.264811852903861,random,11,random
PL_Comms_C2.csv::D-5,Comms,C2,PL_Comms_C2.csv,D-5,24.0515327,116.0,wallpath_residual_extra,110.50448183353149,-5.495518166468514,5.495518166468514,random,11,random
PL_Library_C1.csv::V-9,Library,C1,PL_Library_C1.csv,V-9,14.4038,81.0,wallpath_residual_extra,77.31115448059609,-3.6888455194039125,3.6888455194039125,random,11,random
PL_Library_C2.csv::L-8,Library,C2,PL_Library_C2.csv,L-8,11.23948064,75.0,wallpath_residual_extra,77.29272825457987,2.2927282545798704,2.2927282545798704,random,11,random
PL_Comms_C1.csv::C-27,Comms,C1,PL_Comms_C1.csv,C-27,2.828427125,68.0,wallpath_residual_extra,63.85518850958725,-4.144811490412749,4.144811490412749,random,11,random
PL_Comms_C1.csv::N-12,Comms,C1,PL_Comms_C1.csv,N-12,19.23538406,102.0,wallpath_residual_extra,108.37132379179353,6.371323791793529,6.371323791793529,random,11,random
PL_Library_C2.csv::C-11,Library,C2,PL_Library_C2.csv,C-11,16.41754778,90.0,wallpath_residual_extra,86.01233264727779,-3.9876673527222124,3.9876673527222124,random,11,random
PL_Comms_C2.csv::A-37,Comms,C2,PL_Comms_C2.csv,A-37,9.026418171,89.0,wallpath_residual_extra,87.06143482467473,-1.938565175325266,1.938565175325266,random,11,random
PL_SSE_C1.csv::M-1,SSE,C1,PL_SSE_C1.csv,M-1,9.055385138,74.0,wallpath_residual_extra,74.7228905066917,0.722890506691698,0.722890506691698,random,11,random
PL_Comms_C2.csv::N-41,Comms,C2,PL_Comms_C2.csv,N-41,15.04912705,103.0,wallpath_residual_extra,104.61998214983855,1.619982149838549,1.619982149838549,random,11,random
PL_SSE_C1.csv::H-6,SSE,C1,PL_SSE_C1.csv,H-6,7.211102551,87.0,wallpath_residual_extra,80.65623085825861,-6.34376914174139,6.34376914174139,random,11,random
PL_Comms_C2.csv::P-22,Comms,C2,PL_Comms_C2.csv,P-22,13.09489309,96.0,wallpath_residual_extra,93.47110840491197,-2.5288915950880266,2.5288915950880266,random,11,random
PL_Comms_C1.csv::K-31,Comms,C1,PL_Comms_C1.csv,K-31,6.32455532,75.0,wallpath_residual_extra,80.62287881979837,5.622878819798373,5.622878819798373,random,11,random
PL_Comms_C2.csv::J-57,Comms,C2,PL_Comms_C2.csv,J-57,28.46886413,117.0,wallpath_residual_extra,110.19475171553823,-6.8052482844617685,6.8052482844617685,random,11,random
PL_SSE_C1.csv::B-7,SSE,C1,PL_SSE_C1.csv,B-7,12.36931688,105.0,wallpath_residual_extra,100.74947380189066,-4.250526198109341,4.250526198109341,random,11,random
PL_Comms_C2.csv::D-47,Comms,C2,PL_Comms_C2.csv,D-47,18.0686531,110.0,wallpath_residual_extra,108.9946480188037,-1.0053519811962985,1.0053519811962985,random,11,random
PL_Library_C1.csv::B-13,Library,C1,PL_Library_C1.csv,B-13,16.7604,84.0,wallpath_residual_extra,80.41003530291624,-3.589964697083758,3.589964697083758,random,11,random
PL_Comms_C2.csv::K-38,Comms,C2,PL_Comms_C2.csv,K-38,10.88467845,99.0,wallpath_residual_extra,93.77910793034486,-5.220892069655136,5.220892069655136,random,11,random
PL_Comms_C1.csv::L-37,Comms,C1,PL_Comms_C1.csv,L-37,10.63014581,91.0,wallpath_residual_extra,87.71442991456337,-3.285570085436632,3.285570085436632,random,11,random
PL_Comms_C2.csv::J-54,Comms,C2,PL_Comms_C2.csv,J-54,25.5240323,109.0,wallpath_residual_extra,104.48079958548664,-4.519200414513364,4.519200414513364,random,11,random
PL_Comms_C2.csv::B-36,Comms,C2,PL_Comms_C2.csv,B-36,7.712083052,83.0,wallpath_residual_extra,85.981934330918,2.981934330917994,2.981934330917994,random,11,random
PL_SSE_C1.csv::L-9,SSE,C1,PL_SSE_C1.csv,L-9,2.236067977,60.0,wallpath_residual_extra,59.80369359354335,-0.19630640645664954,0.19630640645664954,random,11,random
PL_Comms_C1.csv::A-54,Comms,C1,PL_Comms_C1.csv,A-54,25.3179778,114.0,wallpath_residual_extra,111.9428988053833,-2.057101194616706,2.057101194616706,random,11,random
PL_Comms_C1.csv::B-53,Comms,C1,PL_Comms_C1.csv,B-53,24.18677324,119.0,wallpath_residual_extra,111.12321487534186,-7.8767851246581415,7.8767851246581415,random,11,random
PL_SSE_C1.csv::H-3,SSE,C1,PL_SSE_C1.csv,H-3,9.219544457,95.0,wallpath_residual_extra,91.19427079192972,-3.805729208070275,3.805729208070275,random,11,random
PL_Comms_C2.csv::N-36,Comms,C2,PL_Comms_C2.csv,N-36,11.46630826,86.0,wallpath_residual_extra,95.44854558277414,9.448545582774145,9.448545582774145,random,11,random
PL_SSE_C2.csv::M-8,SSE,C2,PL_SSE_C2.csv,M-8,2.544842824,76.0,wallpath_residual_extra,72.52489075728315,-3.4751092427168544,3.4751092427168544,random,11,random
PL_Library_C2.csv::R-14,Library,C2,PL_Library_C2.csv,R-14,6.180349909,76.0,wallpath_residual_extra,72.16918419364852,-3.830815806351481,3.830815806351481,random,11,random
PL_Comms_C1.csv::C-19,Comms,C1,PL_Comms_C1.csv,C-19,10.19803903,85.0,wallpath_residual_extra,89.60895605865353,4.608956058653533,4.608956058653533,random,11,random
PL_Comms_C2.csv::D-52,Comms,C2,PL_Comms_C2.csv,D-52,23.05376813,108.0,wallpath_residual_extra,110.25592010739724,2.2559201073972446,2.2559201073972446,random,11,random
PL_Comms_C1.csv::L-21,Comms,C1,PL_Comms_C1.csv,L-21,10.63014581,95.0,wallpath_residual_extra,84.38655615116863,-10.613443848831366,10.613443848831366,random,11,random
PL_Comms_C1.csv::H-53,Comms,C1,PL_Comms_C1.csv,H-53,24.18677324,96.0,wallpath_residual_extra,99.59464024043369,3.594640240433691,3.594640240433691,random,11,random
PL_Comms_C2.csv::J-20,Comms,C2,PL_Comms_C2.csv,J-20,10.36707408,98.0,wallpath_residual_extra,89.1939842585813,-8.806015741418705,8.806015741418705,random,11,random
PL_Comms_C2.csv::D-39,Comms,C2,PL_Comms_C2.csv,D-39,10.12305413,88.0,wallpath_residual_extra,89.1176247153107,1.117624715310697,1.117624715310697,random,11,random
PL_Library_C1.csv::Q-16,Library,C1,PL_Library_C1.csv,Q-16,4.065,65.0,wallpath_residual_extra,66.81118513520146,1.8111851352014554,1.8111851352014554,random,11,random
PL_Library_C1.csv::R-9,Library,C1,PL_Library_C1.csv,R-9,10.9244,77.0,wallpath_residual_extra,71.57328950967508,-5.426710490324922,5.426710490324922,random,11,random
PL_Comms_C2.csv::J-55,Comms,C2,PL_Comms_C2.csv,J-55,26.50426805,115.0,wallpath_residual_extra,104.62346119421217,-10.376538805787831,10.376538805787831,random,11,random
PL_Comms_C1.csv::G-39,Comms,C1,PL_Comms_C1.csv,G-39,10.19803903,80.0,wallpath_residual_extra,89.60895605865353,9.608956058653533,9.608956058653533,random,11,random
PL_Comms_C2.csv::E-48,Comms,C2,PL_Comms_C2.csv,E-48,19.03880839,101.0,wallpath_residual_extra,110.75749086098065,9.757490860980653,9.757490860980653,random,11,random
PL_Comms_C1.csv::C-25,Comms,C1,PL_Comms_C1.csv,C-25,4.472135955,70.0,wallpath_residual_extra,75.39955505002104,5.399555050021036,5.399555050021036,random,11,random
PL_Library_C1.csv::Q-20,Library,C1,PL_Library_C1.csv,Q-20,6.775,66.0,wallpath_residual_extra,68.66850311328179,2.668503113281787,2.668503113281787,random,11,random
PL_Library_C2.csv::M-8,Library,C2,PL_Library_C2.csv,M-8,10.99171734,69.0,wallpath_residual_extra,75.52350814991934,6.523508149919337,6.523508149919337,random,11,random
PL_Library_C2.csv::G-7,Library,C2,PL_Library_C2.csv,G-7,15.49707956,73.0,wallpath_residual_extra,83.99494629932737,10.994946299327367,10.994946299327367,random,11,random
PL_Comms_C2.csv::E-27,Comms,C2,PL_Comms_C2.csv,E-27,2.340133543,71.0,wallpath_residual_extra,72.40251664997466,1.4025166499746575,1.4025166499746575,random,11,random
PL_Comms_C1.csv::H-3,Comms,C1,PL_Comms_C1.csv,H-3,26.17250466,99.0,wallpath_residual_extra,98.44336919198776,-0.556630808012244,0.556630808012244,random,11,random
PL_Comms_C2.csv::L-28,Comms,C2,PL_Comms_C2.csv,L-28,7.174693373,69.0,wallpath_residual_extra,88.05034486574874,19.05034486574874,19.05034486574874,random,11,random
PL_Comms_C1.csv::E-2,Comms,C1,PL_Comms_C1.csv,E-2,27.0,122.0,wallpath_residual_extra,114.70206400898174,-7.297935991018264,7.297935991018264,random,11,random
PL_Library_C2.csv::T-14,Library,C2,PL_Library_C2.csv,T-14,8.655473702,71.0,wallpath_residual_extra,72.33060808049812,1.3306080804981235,1.3306080804981235,random,11,random
PL_Comms_C2.csv::C-55,Comms,C2,PL_Comms_C2.csv,C-55,26.1050996,121.0,wallpath_residual_extra,115.17357477186755,-5.82642522813245,5.82642522813245,random,11,random
PL_Comms_C2.csv::J-50,Comms,C2,PL_Comms_C2.csv,J-50,21.62119851,120.0,wallpath_residual_extra,110.3238897457632,-9.676110254236804,9.676110254236804,random,11,random
PL_Library_C1.csv::L-14,Library,C1,PL_Library_C1.csv,L-14,3.8325,65.0,wallpath_residual_extra,69.19332299428339,4.193322994283392,4.193322994283392,random,11,random
PL_Comms_C1.csv::L-44,Comms,C1,PL_Comms_C1.csv,L-44,16.55294536,104.0,wallpath_residual_extra,104.86032298911739,0.8603229891173925,0.8603229891173925,random,11,random
PL_Comms_C2.csv::N-53,Comms,C2,PL_Comms_C2.csv,N-53,25.66079159,113.0,wallpath_residual_extra,116.39132601492545,3.391326014925454,3.391326014925454,random,11,random
PL_Library_C1.csv::P-12,Library,C1,PL_Library_C1.csv,P-12,6.0597,68.0,wallpath_residual_extra,69.61125318221997,1.6112531822199685,1.6112531822199685,random,11,random
PL_Comms_C1.csv::B-21,Comms,C1,PL_Comms_C1.csv,B-21,8.544003745,84.0,wallpath_residual_extra,87.07627142325696,3.076271423256955,3.076271423256955,random,11,random
PL_Comms_C2.csv::J-45,Comms,C2,PL_Comms_C2.csv,J-45,16.80702904,98.0,wallpath_residual_extra,105.18991436708531,7.189914367085308,7.189914367085308,random,11,random
PL_Library_C1.csv::C-2,Library,C1,PL_Library_C1.csv,C-2,24.1251,87.0,wallpath_residual_extra,80.33078393716518,-6.6692160628348205,6.6692160628348205,random,11,random
PL_Comms_C1.csv::C-55,Comms,C1,PL_Comms_C1.csv,C-55,26.07680962,112.0,wallpath_residual_extra,113.10113916220438,1.101139162204376,1.101139162204376,random,11,random
PL_Comms_C2.csv::G-32,Comms,C2,PL_Comms_C2.csv,G-32,3.804763462,82.0,wallpath_residual_extra,77.10633576332887,-4.893664236671128,4.893664236671128,random,11,random
PL_Comms_C1.csv::G-19,Comms,C1,PL_Comms_C1.csv,G-19,10.19803903,89.0,wallpath_residual_extra,89.60895605865353,0.6089560586535328,0.6089560586535328,random,11,random
PL_Comms_C1.csv::B-20,Comms,C1,PL_Comms_C1.csv,B-20,9.486832981,93.0,wallpath_residual_extra,86.73600761330917,-6.2639923866908305,6.2639923866908305,random,11,random
PL_Library_C2.csv::G-4,Library,C2,PL_Library_C2.csv,G-4,18.86343155,83.0,wallpath_residual_extra,87.51221356902319,4.512213569023189,4.512213569023189,random,11,random
PL_SSE_C1.csv::F-6,SSE,C1,PL_SSE_C1.csv,F-6,8.94427191,83.0,wallpath_residual_extra,79.54134323776977,-3.458656762230234,3.458656762230234,random,11,random
PL_Comms_C2.csv::H-49,Comms,C2,PL_Comms_C2.csv,H-49,20.26021286,94.0,wallpath_residual_extra,105.5528130368713,11.5528130368713,11.5528130368713,random,11,random
PL_SSE_C2.csv::D-8,SSE,C2,PL_SSE_C2.csv,D-8,10.27016188,80.0,wallpath_residual_extra,93.66689537832534,13.666895378325336,13.666895378325336,random,11,random
PL_SSE_C1.csv::E-3,SSE,C1,PL_SSE_C1.csv,E-3,11.40175425,89.0,wallpath_residual_extra,90.68484766944201,1.6848476694420071,1.6848476694420071,random,11,random
PL_Comms_C2.csv::F-46,Comms,C2,PL_Comms_C2.csv,F-46,17.07267481,98.0,wallpath_residual_extra,99.07724614886435,1.0772461488643472,1.0772461488643472,random,11,random
PL_Comms_C1.csv::G-38,Comms,C1,PL_Comms_C1.csv,G-38,9.219544457,94.0,wallpath_residual_extra,86.6717423649119,-7.328257635088093,7.328257635088093,random,11,random
PL_SSE_C2.csv::E-3,SSE,C2,PL_SSE_C2.csv,E-3,11.46630826,96.0,wallpath_residual_extra,89.63872859593316,-6.361271404066841,6.361271404066841,random,11,random
PL_SSE_C1.csv::B-3,SSE,C1,PL_SSE_C1.csv,B-3,13.89244399,92.0,wallpath_residual_extra,100.46233175620578,8.462331756205785,8.462331756205785,random,11,random
PL_Comms_C1.csv::J-39,Comms,C1,PL_Comms_C1.csv,J-39,11.18033989,96.0,wallpath_residual_extra,94.31318032479682,-1.686819675203182,1.686819675203182,random,11,random
PL_SSE_C1.csv::C-6,SSE,C1,PL_SSE_C1.csv,C-6,11.70469991,90.0,wallpath_residual_extra,94.06537486157374,4.065374861573744,4.065374861573744,random,11,random
PL_Comms_C1.csv::C-35,Comms,C1,PL_Comms_C1.csv,C-35,6.32455532,85.0,wallpath_residual_extra,81.1565584666293,-3.8434415333706937,3.8434415333706937,random,11,random
PL_Comms_C2.csv::A-14,Comms,C2,PL_Comms_C2.csv,A-14,15.57164811,96.0,wallpath_residual_extra,97.93976778797678,1.939767787976777,1.939767787976777,random,11,random
PL_Comms_C2.csv::C-23,Comms,C2,PL_Comms_C2.csv,C-23,6.440203801,84.0,wallpath_residual_extra,84.62891599018397,0.6289159901839696,0.6289159901839696,random,11,random
PL_Library_C1.csv::D-16,Library,C1,PL_Library_C1.csv,D-16,13.55,79.0,wallpath_residual_extra,84.53549974889397,5.535499748893969,5.535499748893969,random,11,random
PL_Library_C2.csv::T-13,Library,C2,PL_Library_C2.csv,T-13,9.17046073,78.0,wallpath_residual_extra,75.03355723762117,-2.9664427623788328,2.9664427623788328,random,11,random
PL_Comms_C1.csv::E-28,Comms,C1,PL_Comms_C1.csv,E-28,1.0,53.0,wallpath_residual_extra,52.412541642865236,-0.5874583571347642,0.5874583571347642,random,11,random
PL_Comms_C2.csv::H-55,Comms,C2,PL_Comms_C2.csv,H-55,26.20069131,92.0,wallpath_residual_extra,97.8080625977243,5.808062597724302,5.808062597724302,random,11,random
PL_Library_C1.csv::G-3,Library,C1,PL_Library_C1.csv,G-3,20.0063,82.0,wallpath_residual_extra,79.37701870231162,-2.6229812976883835,2.6229812976883835,random,11,random
PL_Library_C1.csv::Q-7,Library,C1,PL_Library_C1.csv,Q-7,12.8547,92.0,wallpath_residual_extra,78.90275603599149,-13.097243964008513,13.097243964008513,random,11,random
PL_Library_C1.csv::D-4,Library,C1,PL_Library_C1.csv,D-4,21.1658,85.0,wallpath_residual_extra,82.57501013096841,-2.4249898690315916,2.4249898690315916,random,11,random
PL_Comms_C2.csv::J-15,Comms,C2,PL_Comms_C2.csv,J-15,14.91563693,102.0,wallpath_residual_extra,99.32031897262505,-2.6796810273749543,2.6796810273749543,random,11,random
PL_Comms_C2.csv::A-11,Comms,C2,PL_Comms_C2.csv,A-11,18.47907533,112.0,wallpath_residual_extra,109.74816791065061,-2.251832089349392,2.251832089349392,random,11,random
PL_Comms_C2.csv::E-25,Comms,C2,PL_Comms_C2.csv,E-25,4.180457511,78.0,wallpath_residual_extra,80.69239675322228,2.6923967532222832,2.6923967532222832,random,11,random
PL_Comms_C1.csv::P-38,Comms,C1,PL_Comms_C1.csv,P-38,14.2126704,97.0,wallpath_residual_extra,100.73532396394184,3.7353239639418376,3.7353239639418376,random,11,random
PL_Comms_C1.csv::J-41,Comms,C1,PL_Comms_C1.csv,J-41,13.0,108.0,wallpath_residual_extra,96.93811706987528,-11.061882930124725,11.061882930124725,random,11,random
PL_Comms_C2.csv::H-42,Comms,C2,PL_Comms_C2.csv,H-42,13.3968737,86.0,wallpath_residual_extra,90.55096549700052,4.550965497000519,4.550965497000519,random,11,random
PL_Comms_C1.csv::A-51,Comms,C1,PL_Comms_C1.csv,A-51,22.36067977,112.0,wallpath_residual_extra,110.21049373845565,-1.7895062615443464,1.7895062615443464,random,11,random
PL_SSE_C2.csv::N-3,SSE,C2,PL_SSE_C2.csv,N-3,7.104662202,69.0,wallpath_residual_extra,75.47842976840201,6.478429768402009,6.478429768402009,random,11,random
PL_Comms_C2.csv::C-50,Comms,C2,PL_Comms_C2.csv,C-50,21.12998403,110.0,wallpath_residual_extra,108.15457222875195,-1.8454277712480547,1.8454277712480547,random,11,random
PL_Library_C1.csv::P-15,Library,C1,PL_Library_C1.csv,P-15,3.0299,61.0,wallpath_residual_extra,67.18107801742147,6.18107801742147,6.18107801742147,random,11,random
PL_Comms_C1.csv::L-57,Comms,C1,PL_Comms_C1.csv,L-57,28.86173938,106.0,wallpath_residual_rf,101.04879741501355,-4.951202584986447,4.951202584986447,random,11,random
PL_SSE_C1.csv::D-1,SSE,C1,PL_SSE_C1.csv,D-1,13.45362405,89.0,wallpath_residual_rf,97.93573631360175,8.935736313601751,8.935736313601751,random,11,random
PL_Comms_C1.csv::O-41,Comms,C1,PL_Comms_C1.csv,O-41,15.62049935,97.0,wallpath_residual_rf,100.6107781870912,3.6107781870911992,3.6107781870911992,random,11,random
PL_Comms_C1.csv::J-57,Comms,C1,PL_Comms_C1.csv,J-57,28.44292531,113.0,wallpath_residual_rf,105.67135370548587,-7.3286462945141295,7.3286462945141295,random,11,random
PL_Library_C1.csv::S-9,Library,C1,PL_Library_C1.csv,S-9,11.6562,81.0,wallpath_residual_rf,77.46404178556297,-3.5359582144370307,3.5359582144370307,random,11,random
PL_Comms_C2.csv::C-5,Comms,C2,PL_Comms_C2.csv,C-5,24.11381813,107.0,wallpath_residual_rf,111.51975048771169,4.51975048771169,4.51975048771169,random,11,random
PL_Comms_C1.csv::H-7,Comms,C1,PL_Comms_C1.csv,H-7,22.20360331,87.0,wallpath_residual_rf,91.55155367831013,4.551553678310128,4.551553678310128,random,11,random
PL_SSE_C2.csv::K-2,SSE,C2,PL_SSE_C2.csv,K-2,8.629960892,88.0,wallpath_residual_rf,78.60318596442407,-9.396814035575929,9.396814035575929,random,11,random
PL_Comms_C2.csv::H-51,Comms,C2,PL_Comms_C2.csv,H-51,22.23682138,93.0,wallpath_residual_rf,95.67468977757565,2.674689777575651,2.674689777575651,random,11,random
PL_Comms_C1.csv::A-17,Comms,C1,PL_Comms_C1.csv,A-17,12.64911064,92.0,wallpath_residual_rf,93.37315898994807,1.3731589899480667,1.3731589899480667,random,11,random
PL_Comms_C2.csv::G-34,Comms,C2,PL_Comms_C2.csv,G-34,5.520527602,86.0,wallpath_residual_rf,83.10621208163292,-2.8937879183670816,2.8937879183670816,random,11,random
PL_Comms_C1.csv::P-12,Comms,C1,PL_Comms_C1.csv,P-12,20.24845673,104.0,wallpath_residual_rf,105.91455730002149,1.9145573000214853,1.9145573000214853,random,11,random
PL_SSE_C2.csv::E-10,SSE,C2,PL_SSE_C2.csv,E-10,9.081642197,91.0,wallpath_residual_rf,93.91637732739686,2.9163773273968587,2.9163773273968587,random,11,random
PL_Comms_C1.csv::K-24,Comms,C1,PL_Comms_C1.csv,K-24,7.810249676,88.0,wallpath_residual_rf,88.13625824818695,0.1362582481869481,0.1362582481869481,random,11,random
PL_Comms_C1.csv::L-32,Comms,C1,PL_Comms_C1.csv,L-32,7.615773106,100.0,wallpath_residual_rf,89.007794411385,-10.992205588614993,10.992205588614993,random,11,random
PL_Comms_C1.csv::E-24,Comms,C1,PL_Comms_C1.csv,E-24,5.0,67.0,wallpath_residual_rf,75.30600139873629,8.306001398736285,8.306001398736285,random,11,random
PL_Library_C2.csv::M-15,Library,C2,PL_Library_C2.csv,M-15,2.268981049,68.0,wallpath_residual_rf,67.9933668512264,-0.0066331487736022154,0.0066331487736022154,random,11,random
PL_Comms_C1.csv::J-22,Comms,C1,PL_Comms_C1.csv,J-22,8.602325267,78.0,wallpath_residual_rf,83.25427861834994,5.254278618349943,5.254278618349943,random,11,random
PL_Comms_C2.csv::G-44,Comms,C2,PL_Comms_C2.csv,G-44,15.18144344,86.0,wallpath_residual_rf,97.66930909277765,11.669309092777652,11.669309092777652,random,11,random
PL_Comms_C2.csv::I-44,Comms,C2,PL_Comms_C2.csv,I-44,15.57164811,94.0,wallpath_residual_rf,105.32815895842448,11.328158958424481,11.328158958424481,random,11,random
PL_Comms_C2.csv::B-18,Comms,C2,PL_Comms_C2.csv,B-18,11.46630826,91.0,wallpath_residual_rf,92.75940880822763,1.759408808227633,1.759408808227633,random,11,random
PL_Comms_C1.csv::N-11,Comms,C1,PL_Comms_C1.csv,N-11,20.1246118,109.0,wallpath_residual_rf,94.25990817609197,-14.740091823908031,14.740091823908031,random,11,random
PL_Library_C1.csv::J-2,Library,C1,PL_Library_C1.csv,J-2,19.7291,82.0,wallpath_residual_rf,78.48580922125494,-3.5141907787450606,3.5141907787450606,random,11,random
PL_Comms_C1.csv::A-21,Comms,C1,PL_Comms_C1.csv,A-21,8.94427191,83.0,wallpath_residual_rf,89.14085903199891,6.1408590319989145,6.1408590319989145,random,11,random
PL_Comms_C2.csv::H-14,Comms,C2,PL_Comms_C2.csv,H-14,15.3452346,92.0,wallpath_residual_rf,90.47478312340299,-1.525216876597014,1.525216876597014,random,11,random
PL_Comms_C2.csv::J-27,Comms,C2,PL_Comms_C2.csv,J-27,5.520527602,84.0,wallpath_residual_rf,82.17558745200267,-1.8244125479973263,1.8244125479973263,random,11,random
PL_Comms_C2.csv::A-34,Comms,C2,PL_Comms_C2.csv,A-34,6.517378691,84.0,wallpath_residual_rf,90.49597451351231,6.495974513512309,6.495974513512309,random,11,random
PL_Comms_C1.csv::A-23,Comms,C1,PL_Comms_C1.csv,A-23,7.211102551,73.0,wallpath_residual_rf,79.06518021827299,6.065180218272985,6.065180218272985,random,11,random
PL_Library_C1.csv::M-14,Library,C1,PL_Library_C1.csv,M-14,3.0299,72.0,wallpath_residual_rf,68.45442275281047,-3.5455772471895273,3.5455772471895273,random,11,random
PL_Comms_C2.csv::J-16,Comms,C2,PL_Comms_C2.csv,J-16,13.98128124,100.0,wallpath_residual_rf,98.96961356725036,-1.030386432749637,1.030386432749637,random,11,random
PL_Comms_C1.csv::C-5,Comms,C1,PL_Comms_C1.csv,C-5,24.08318916,111.0,wallpath_residual_rf,112.42041321574217,1.4204132157421725,1.4204132157421725,random,11,random
PL_SSE_C1.csv::F-1,SSE,C1,PL_SSE_C1.csv,F-1,12.04159458,86.0,wallpath_residual_rf,95.74990593533991,9.74990593533991,9.74990593533991,random,11,random
PL_Library_C2.csv::N-19,Library,C2,PL_Library_C2.csv,N-19,4.24269372,59.0,wallpath_residual_rf,70.874944960191,11.874944960191002,11.874944960191002,random,11,random
PL_Library_C1.csv::R-12,Library,C1,PL_Library_C1.csv,R-12,7.665,75.0,wallpath_residual_rf,70.81428623441376,-4.185713765586243,4.185713765586243,random,11,random
PL_Comms_C2.csv::H-21,Comms,C2,PL_Comms_C2.csv,H-21,8.629960892,92.0,wallpath_residual_rf,82.85747428653481,-9.14252571346519,9.14252571346519,random,11,random
PL_Library_C2.csv::D-2,Library,C2,PL_Library_C2.csv,D-2,23.34394193,97.0,wallpath_residual_rf,92.78640229179057,-4.213597708209434,4.213597708209434,random,11,random
PL_Library_C2.csv::U-15,Library,C2,PL_Library_C2.csv,U-15,9.658026455,73.0,wallpath_residual_rf,76.13802757570525,3.1380275757052516,3.1380275757052516,random,11,random
PL_Comms_C1.csv::P-13,Comms,C1,PL_Comms_C1.csv,P-13,19.41648784,113.0,wallpath_residual_rf,105.6166416677896,-7.383358332210406,7.383358332210406,random,11,random
PL_Library_C2.csv::A-5,Library,C2,PL_Library_C2.csv,A-5,23.10678418,95.0,wallpath_residual_rf,92.24242615542279,-2.757573844577209,2.757573844577209,random,11,random
PL_Comms_C2.csv::C-51,Comms,C2,PL_Comms_C2.csv,C-51,22.12410959,109.0,wallpath_residual_rf,109.96542073002324,0.96542073002324,0.96542073002324,random,11,random
PL_Comms_C2.csv::A-57,Comms,C2,PL_Comms_C2.csv,A-57,28.31035544,122.0,wallpath_residual_rf,120.07361261463295,-1.9263873853670503,1.9263873853670503,random,11,random
PL_Library_C1.csv::O-16,Library,C1,PL_Library_C1.csv,O-16,1.355,53.0,wallpath_residual_rf,56.27020669664524,3.270206696645239,3.270206696645239,random,11,random
PL_Comms_C1.csv::C-42,Comms,C1,PL_Comms_C1.csv,C-42,13.15294644,105.0,wallpath_residual_rf,96.901808248516,-8.098191751483995,8.098191751483995,random,11,random
PL_Library_C2.csv::N-10,Library,C2,PL_Library_C2.csv,N-10,8.220287404,71.0,wallpath_residual_rf,72.12747736487653,1.1274773648765262,1.1274773648765262,random,11,random
PL_Comms_C1.csv::D-49,Comms,C1,PL_Comms_C1.csv,D-49,20.02498439,97.0,wallpath_residual_rf,105.0535121812972,8.053512181297194,8.053512181297194,random,11,random
PL_Library_C2.csv::P-12,Library,C2,PL_Library_C2.csv,P-12,6.180349909,80.0,wallpath_residual_rf,71.17867688292898,-8.821323117071017,8.821323117071017,random,11,random
PL_Comms_C1.csv::F-50,Comms,C1,PL_Comms_C1.csv,F-50,21.02379604,94.0,wallpath_residual_rf,102.30428638891269,8.304286388912686,8.304286388912686,random,11,random
PL_SSE_C1.csv::E-6,SSE,C1,PL_SSE_C1.csv,E-6,9.848857802,92.0,wallpath_residual_rf,92.45295421933459,0.45295421933458613,0.45295421933458613,random,11,random
PL_Library_C1.csv::E-4,Library,C1,PL_Library_C1.csv,E-4,20.325,74.0,wallpath_residual_rf,79.51179074338924,5.511790743389241,5.511790743389241,random,11,random
PL_Comms_C1.csv::B-52,Comms,C1,PL_Comms_C1.csv,B-52,23.19482701,108.0,wallpath_residual_rf,116.60672287490101,8.60672287490101,8.60672287490101,random,11,random
PL_Comms_C2.csv::L-27,Comms,C2,PL_Comms_C2.csv,L-27,7.380801108,80.0,wallpath_residual_rf,82.29452593985036,2.2945259398503595,2.2945259398503595,random,11,random
PL_Comms_C1.csv::D-47,Comms,C1,PL_Comms_C1.csv,D-47,18.02775638,118.0,wallpath_residual_rf,105.79177556362588,-12.208224436374124,12.208224436374124,random,11,random
PL_Comms_C1.csv::B-30,Comms,C1,PL_Comms_C1.csv,B-30,3.16227766,71.0,wallpath_residual_rf,71.71742172273734,0.7174217227373418,0.7174217227373418,random,11,random
PL_Comms_C1.csv::K-25,Comms,C1,PL_Comms_C1.csv,K-25,7.211102551,97.0,wallpath_residual_rf,87.86523199103475,-9.134768008965253,9.134768008965253,random,11,random
PL_Comms_C1.csv::H-9,Comms,C1,PL_Comms_C1.csv,H-9,20.22374842,93.0,wallpath_residual_rf,90.55898266183583,-2.4410173381641727,2.4410173381641727,random,11,random
PL_Comms_C1.csv::J-3,Comms,C1,PL_Comms_C1.csv,J-3,26.47640459,99.0,wallpath_residual_rf,104.88066766099439,5.880667660994391,5.880667660994391,random,11,random
PL_SSE_C1.csv::G-6,SSE,C1,PL_SSE_C1.csv,G-6,8.062257748,84.0,wallpath_residual_rf,77.88002033286475,-6.119979667135254,6.119979667135254,random,11,random
PL_Comms_C1.csv::O-43,Comms,C1,PL_Comms_C1.csv,O-43,17.20465053,109.0,wallpath_residual_rf,105.62871245560483,-3.371287544395173,3.371287544395173,random,11,random
PL_Comms_C1.csv::N-19,Comms,C1,PL_Comms_C1.csv,N-19,13.45362405,92.0,wallpath_residual_rf,85.86079360274574,-6.139206397254256,6.139206397254256,random,11,random
PL_Library_C2.csv::Q-7,Library,C2,PL_Library_C2.csv,Q-7,12.91195086,93.0,wallpath_residual_rf,82.70441402640738,-10.295585973592623,10.295585973592623,random,11,random
PL_SSE_C1.csv::L-6,SSE,C1,PL_SSE_C1.csv,L-6,4.472135955,74.0,wallpath_residual_rf,71.96375395111804,-2.0362460488819636,2.0362460488819636,random,11,random
PL_Comms_C1.csv::I-27,Comms,C1,PL_Comms_C1.csv,I-27,4.472135955,75.0,wallpath_residual_rf,76.05422752081827,1.054227520818273,1.054227520818273,random,11,random
PL_Comms_C2.csv::J-17,Comms,C2,PL_Comms_C2.csv,J-17,13.05665443,91.0,wallpath_residual_rf,89.97802215625825,-1.0219778437417517,1.0219778437417517,random,11,random
PL_Comms_C2.csv::I-38,Comms,C2,PL_Comms_C2.csv,I-38,9.923518781,97.0,wallpath_residual_rf,94.71209639928468,-2.2879036007153246,2.2879036007153246,random,11,random
PL_Library_C1.csv::P-16,Library,C1,PL_Library_C1.csv,P-16,2.71,58.0,wallpath_residual_rf,67.20584404508749,9.205844045087488,9.205844045087488,random,11,random
PL_Library_C2.csv::V-8,Library,C2,PL_Library_C2.csv,V-8,15.37814765,89.0,wallpath_residual_rf,85.08199081211637,-3.9180091878836265,3.9180091878836265,random,11,random
PL_Comms_C2.csv::E-36,Comms,C2,PL_Comms_C2.csv,E-36,7.104662202,84.0,wallpath_residual_rf,83.78304451871153,-0.21695548128846553,0.21695548128846553,random,11,random
PL_Library_C1.csv::W-7,Library,C1,PL_Library_C1.csv,W-7,17.2463,85.0,wallpath_residual_rf,82.22227956519303,-2.777720434806966,2.777720434806966,random,11,random
PL_Library_C1.csv::B-1,Library,C1,PL_Library_C1.csv,B-1,26.0287,77.0,wallpath_residual_rf,81.66008965256098,4.660089652560984,4.660089652560984,random,11,random
PL_Comms_C1.csv::K-10,Comms,C1,PL_Comms_C1.csv,K-10,19.92485885,104.0,wallpath_residual_rf,95.99988196904411,-8.000118030955889,8.000118030955889,random,11,random
PL_Comms_C1.csv::M-33,Comms,C1,PL_Comms_C1.csv,M-33,8.94427191,85.0,wallpath_residual_rf,88.12727747509894,3.1272774750989356,3.1272774750989356,random,11,random
PL_Comms_C1.csv::A-52,Comms,C1,PL_Comms_C1.csv,A-52,23.34523506,105.0,wallpath_residual_rf,116.26882520938724,11.268825209387245,11.268825209387245,random,11,random
PL_Comms_C1.csv::H-15,Comms,C1,PL_Comms_C1.csv,H-15,14.31782106,86.0,wallpath_residual_rf,92.04101777042169,6.041017770421689,6.041017770421689,random,11,random
PL_Comms_C1.csv::K-57,Comms,C1,PL_Comms_C1.csv,K-57,28.63564213,109.0,wallpath_residual_rf,105.68019258914335,-3.3198074108566544,3.3198074108566544,random,11,random
PL_Library_C2.csv::J-2,Library,C2,PL_Library_C2.csv,J-2,19.76647477,88.0,wallpath_residual_rf,89.76146608978675,1.761466089786751,1.761466089786751,random,11,random
PL_Library_C1.csv::R-14,Library,C1,PL_Library_C1.csv,R-14,6.0597,73.0,wallpath_residual_rf,73.25011199915528,0.2501119991552798,0.2501119991552798,random,11,random
PL_Library_C1.csv::P-13,Library,C1,PL_Library_C1.csv,P-13,4.8855,70.0,wallpath_residual_rf,69.76713904339034,-0.232860956609656,0.232860956609656,random,11,random
PL_Comms_C2.csv::N-33,Comms,C2,PL_Comms_C2.csv,N-33,9.923518781,88.0,wallpath_residual_rf,89.5060414945953,1.5060414945952942,1.5060414945952942,random,11,random
PL_Library_C2.csv::H-5,Library,C2,PL_Library_C2.csv,H-5,17.0215202,86.0,wallpath_residual_rf,84.79772358848075,-1.2022764115192501,1.2022764115192501,random,11,random
PL_Library_C1.csv::J-5,Library,C1,PL_Library_C1.csv,J-5,15.8599,80.0,wallpath_residual_rf,80.83726409262917,0.8372640926291695,0.8372640926291695,random,11,random
PL_Library_C2.csv::M-4,Library,C2,PL_Library_C2.csv,M-4,16.36153569,74.0,wallpath_residual_rf,86.86852310292834,12.868523102928336,12.868523102928336,random,11,random
PL_Library_C2.csv::Q-4,Library,C2,PL_Library_C2.csv,Q-4,16.80440567,83.0,wallpath_residual_rf,87.47290659592147,4.472906595921472,4.472906595921472,random,11,random
PL_Comms_C1.csv::A-10,Comms,C1,PL_Comms_C1.csv,A-10,19.41648784,110.0,wallpath_residual_rf,105.17387008919076,-4.826129910809243,4.826129910809243,random,11,random
PL_Comms_C1.csv::A-30,Comms,C1,PL_Comms_C1.csv,A-30,4.123105626,75.0,wallpath_residual_rf,75.10238123193568,0.10238123193568072,0.10238123193568072,random,11,random
PL_Library_C1.csv::J-15,Library,C1,PL_Library_C1.csv,J-15,5.5868,84.0,wallpath_residual_rf,68.08798464441224,-15.912015355587755,15.912015355587755,random,11,random
PL_Comms_C2.csv::L-11,Comms,C2,PL_Comms_C2.csv,L-11,19.35138819,113.0,wallpath_residual_rf,105.92484237311731,-7.075157626882685,7.075157626882685,random,11,random
PL_Library_C2.csv::I-3,Library,C2,PL_Library_C2.csv,I-3,18.91203519,89.0,wallpath_residual_rf,86.12527864530651,-2.8747213546934915,2.8747213546934915,random,11,random
PL_Comms_C2.csv::B-10,Comms,C2,PL_Comms_C2.csv,B-10,19.2737185,106.0,wallpath_residual_rf,111.97792632934947,5.977926329349472,5.977926329349472,random,11,random
PL_SSE_C2.csv::B-6,SSE,C2,PL_SSE_C2.csv,B-6,12.70732958,96.0,wallpath_residual_rf,97.22812287377711,1.2281228737771102,1.2281228737771102,random,11,random
PL_Comms_C2.csv::P-21,Comms,C2,PL_Comms_C2.csv,P-21,13.65562979,96.0,wallpath_residual_rf,91.28838981183424,-4.711610188165764,4.711610188165764,random,11,random
PL_Comms_C1.csv::E-6,Comms,C1,PL_Comms_C1.csv,E-6,23.0,110.0,wallpath_residual_rf,109.5748076177677,-0.4251923822322965,0.4251923822322965,random,11,random
PL_Comms_C2.csv::N-37,Comms,C2,PL_Comms_C2.csv,N-37,12.10273626,95.0,wallpath_residual_rf,96.70023570258837,1.7002357025883725,1.7002357025883725,random,11,random
PL_Library_C1.csv::D-2,Library,C1,PL_Library_C1.csv,D-2,23.3123,94.0,wallpath_residual_rf,80.44132228366348,-13.558677716336518,13.558677716336518,random,11,random
PL_Comms_C1.csv::B-36,Comms,C1,PL_Comms_C1.csv,B-36,7.615773106,87.0,wallpath_residual_rf,86.82083317195523,-0.1791668280447709,0.1791668280447709,random,11,random
PL_Comms_C2.csv::I-35,Comms,C2,PL_Comms_C2.csv,I-35,7.312744013,89.0,wallpath_residual_rf,85.90579842401115,-3.0942015759888477,3.0942015759888477,random,11,random
PL_Library_C2.csv::T-9,Library,C2,PL_Library_C2.csv,T-9,12.55142821,80.0,wallpath_residual_rf,79.27428845859407,-0.7257115414059285,0.7257115414059285,random,11,random
PL_Comms_C1.csv::C-57,Comms,C1,PL_Comms_C1.csv,C-57,28.0713377,110.0,wallpath_residual_rf,109.92748922427121,-0.07251077572878728,0.07251077572878728,random,11,random
PL_Library_C2.csv::V-6,Library,C2,PL_Library_C2.csv,V-6,17.39495114,95.0,wallpath_residual_rf,89.71015247908446,-5.2898475209155436,5.2898475209155436,random,11,random
PL_Comms_C2.csv::H-19,Comms,C2,PL_Comms_C2.csv,H-19,10.5107671,89.0,wallpath_residual_rf,85.87048139366931,-3.1295186063306915,3.1295186063306915,random,11,random
PL_Comms_C1.csv::M-30,Comms,C1,PL_Comms_C1.csv,M-30,8.062257748,96.0,wallpath_residual_rf,85.00043306631237,-10.999566933687632,10.999566933687632,random,11,random
PL_Library_C2.csv::J-14,Library,C2,PL_Library_C2.csv,J-14,6.180349909,78.0,wallpath_residual_rf,71.8725790508138,-6.127420949186202,6.127420949186202,random,11,random
PL_Comms_C2.csv::A-7,Comms,C2,PL_Comms_C2.csv,A-7,22.39366484,115.0,wallpath_residual_rf,111.08121375106252,-3.9187862489374794,3.9187862489374794,random,11,random
PL_Library_C2.csv::F-8,Library,C2,PL_Library_C2.csv,F-8,15.37814765,75.0,wallpath_residual_rf,83.32339434097624,8.323394340976236,8.323394340976236,random,11,random
PL_Comms_C2.csv::C-25,Comms,C2,PL_Comms_C2.csv,C-25,4.634244814,86.0,wallpath_residual_rf,75.11219787793792,-10.887802122062084,10.887802122062084,random,11,random
PL_Library_C2.csv::U-9,Library,C2,PL_Library_C2.csv,U-9,13.46872952,81.0,wallpath_residual_rf,80.16410579057022,-0.8358942094297817,0.8358942094297817,random,11,random
PL_Comms_C1.csv::D-53,Comms,C1,PL_Comms_C1.csv,D-53,24.0208243,110.0,wallpath_residual_rf,111.64612840345991,1.6461284034599117,1.6461284034599117,random,11,random
PL_SSE_C2.csv::H-4,SSE,C2,PL_SSE_C2.csv,H-4,8.571827401,82.0,wallpath_residual_rf,80.45248659557531,-1.5475134044246914,1.5475134044246914,random,11,random
PL_Comms_C2.csv::H-12,Comms,C2,PL_Comms_C2.csv,H-12,17.30538139,90.0,wallpath_residual_rf,96.28340367785881,6.283403677858814,6.283403677858814,random,11,random
PL_Comms_C2.csv::L-25,Comms,C2,PL_Comms_C2.csv,L-25,8.153295346,93.0,wallpath_residual_rf,89.27432112293135,-3.7256788770686455,3.7256788770686455,random,11,random
PL_Library_C1.csv::P-11,Library,C1,PL_Library_C1.csv,P-11,7.2969,80.0,wallpath_residual_rf,70.2558626510984,-9.744137348901603,9.744137348901603,random,11,random
PL_SSE_C2.csv::L-10,SSE,C2,PL_SSE_C2.csv,L-10,2.340133543,73.0,wallpath_residual_rf,69.99131771903124,-3.008682280968756,3.008682280968756,random,11,random
PL_Library_C2.csv::F-3,Library,C2,PL_Library_C2.csv,F-3,20.71883322,92.0,wallpath_residual_rf,89.58377061694272,-2.416229383057285,2.416229383057285,random,11,random
PL_Comms_C2.csv::A-15,Comms,C2,PL_Comms_C2.csv,A-15,14.61082561,98.0,wallpath_residual_rf,102.06674181412893,4.066741814128932,4.066741814128932,random,11,random
PL_Comms_C2.csv::D-16,Comms,C2,PL_Comms_C2.csv,D-16,13.09489309,92.0,wallpath_residual_rf,96.15041377914488,4.150413779144884,4.150413779144884,random,11,random
PL_Library_C1.csv::H-4,Library,C1,PL_Library_C1.csv,H-4,18.1792,77.0,wallpath_residual_rf,82.07953950508099,5.079539505080987,5.079539505080987,random,11,random
PL_Library_C1.csv::U-5,Library,C1,PL_Library_C1.csv,U-5,17.667,83.0,wallpath_residual_rf,81.35614571943539,-1.6438542805646108,1.6438542805646108,random,11,random
PL_Comms_C1.csv::K-4,Comms,C1,PL_Comms_C1.csv,K-4,25.70992026,103.0,wallpath_residual_rf,101.69064689384138,-1.3093531061586248,1.3093531061586248,random,11,random
PL_Library_C1.csv::C-1,Library,C1,PL_Library_C1.csv,C-1,25.2045,88.0,wallpath_residual_rf,81.44502709096682,-6.554972909033182,6.554972909033182,random,11,random
PL_Comms_C1.csv::L-35,Comms,C1,PL_Comms_C1.csv,L-35,9.219544457,84.0,wallpath_residual_rf,86.63241504467972,2.6324150446797177,2.6324150446797177,random,11,random
PL_Comms_C1.csv::L-27,Comms,C1,PL_Comms_C1.csv,L-27,7.280109889,76.0,wallpath_residual_rf,85.84225138310315,9.842251383103147,9.842251383103147,random,11,random
PL_Comms_C1.csv::P-53,Comms,C1,PL_Comms_C1.csv,P-53,26.40075756,123.0,wallpath_residual_rf,115.56234312329157,-7.437656876708431,7.437656876708431,random,11,random
PL_Library_C1.csv::C-5,Library,C1,PL_Library_C1.csv,C-5,21.0789,74.0,wallpath_residual_rf,83.34823155550585,9.348231555505848,9.348231555505848,random,11,random
PL_Library_C1.csv::C-7,Library,C1,PL_Library_C1.csv,C-7,19.2582,78.0,wallpath_residual_rf,80.17818859593811,2.17818859593811,2.17818859593811,random,11,random
PL_SSE_C1.csv::D-2,SSE,C1,PL_SSE_C1.csv,D-2,12.80624847,91.0,wallpath_residual_rf,95.90597835450595,4.905978354505947,4.905978354505947,random,11,random
PL_SSE_C1.csv::N-9,SSE,C1,PL_SSE_C1.csv,N-9,1.0,52.0,wallpath_residual_rf,52.4262079987226,0.42620799872260307,0.42620799872260307,random,11,random
PL_Comms_C1.csv::D-41,Comms,C1,PL_Comms_C1.csv,D-41,12.04159458,98.0,wallpath_residual_rf,94.33300091724115,-3.6669990827588492,3.6669990827588492,random,11,random
PL_Comms_C2.csv::H-31,Comms,C2,PL_Comms_C2.csv,H-31,3.804763462,74.0,wallpath_residual_rf,75.97607581324175,1.9760758132417493,1.9760758132417493,random,11,random
PL_Comms_C1.csv::E-25,Comms,C1,PL_Comms_C1.csv,E-25,4.0,75.0,wallpath_residual_rf,74.46901127497874,-0.5309887250212597,0.5309887250212597,random,11,random
PL_Comms_C2.csv::F-5,Comms,C2,PL_Comms_C2.csv,F-5,24.0515327,94.0,wallpath_residual_rf,102.23525625432545,8.23525625432545,8.23525625432545,random,11,random
PL_Library_C2.csv::Q-13,Library,C2,PL_Library_C2.csv,Q-13,5.875770162,70.0,wallpath_residual_rf,69.89902418016845,-0.10097581983154669,0.10097581983154669,random,11,random
PL_Comms_C1.csv::A-2,Comms,C1,PL_Comms_C1.csv,A-2,27.29468813,122.0,wallpath_residual_rf,116.56564620043258,-5.434353799567418,5.434353799567418,random,11,random
PL_Comms_C1.csv::I-38,Comms,C1,PL_Comms_C1.csv,I-38,9.848857802,98.0,wallpath_residual_rf,91.91422562818003,-6.085774371819966,6.085774371819966,random,11,random
PL_Comms_C2.csv::E-28,Comms,C2,PL_Comms_C2.csv,E-28,1.573602555,76.0,wallpath_residual_rf,66.485201815842,-9.514798184157996,9.514798184157996,random,11,random
PL_Library_C1.csv::M-22,Library,C1,PL_Library_C1.csv,M-22,8.2421,76.0,wallpath_residual_rf,78.60975726377589,2.60975726377589,2.60975726377589,random,11,random
PL_SSE_C2.csv::I-4,SSE,C2,PL_SSE_C2.csv,I-4,7.904190344,82.0,wallpath_residual_rf,82.46892508319809,0.4689250831980871,0.4689250831980871,random,11,random
PL_SSE_C2.csv::N-6,SSE,C2,PL_SSE_C2.csv,N-6,4.180457511,72.0,wallpath_residual_rf,77.642868612669,5.642868612669005,5.642868612669005,random,11,random
PL_Comms_C2.csv::E-57,Comms,C2,PL_Comms_C2.csv,E-57,28.02634876,108.0,wallpath_residual_rf,113.74398516006885,5.743985160068846,5.743985160068846,random,11,random
PL_Comms_C2.csv::K-35,Comms,C2,PL_Comms_C2.csv,K-35,8.571827401,84.0,wallpath_residual_rf,87.4007994807997,3.400799480799705,3.400799480799705,random,11,random
PL_Comms_C2.csv::E-30,Comms,C2,PL_Comms_C2.csv,E-30,1.573602555,66.0,wallpath_residual_rf,74.98575358470468,8.985753584704682,8.985753584704682,random,11,random
PL_Library_C1.csv::Q-9,Library,C1,PL_Library_C1.csv,Q-9,10.3194,70.0,wallpath_residual_rf,70.66405037411243,0.6640503741124348,0.6640503741124348,random,11,random
PL_Comms_C1.csv::H-26,Comms,C1,PL_Comms_C1.csv,H-26,4.242640687,68.0,wallpath_residual_rf,74.49246464299162,6.492464642991621,6.492464642991621,random,11,random
PL_Comms_C1.csv::B-10,Comms,C1,PL_Comms_C1.csv,B-10,19.23538406,104.0,wallpath_residual_rf,102.02961520530076,-1.9703847946992425,1.9703847946992425,random,11,random
PL_Comms_C2.csv::E-19,Comms,C2,PL_Comms_C2.csv,E-19,10.07354084,90.0,wallpath_residual_rf,89.99048562634287,-0.00951437365712593,0.00951437365712593,random,11,random
PL_Comms_C1.csv::F-53,Comms,C1,PL_Comms_C1.csv,F-53,24.0208243,92.0,wallpath_residual_rf,100.67159706503072,8.671597065030724,8.671597065030724,random,11,random
PL_Library_C2.csv::N-26,Library,C2,PL_Library_C2.csv,N-26,13.60436419,80.0,wallpath_residual_rf,81.62160189137745,1.621601891377452,1.621601891377452,random,11,random
PL_Library_C1.csv::T-9,Library,C1,PL_Library_C1.csv,T-9,12.4925,81.0,wallpath_residual_rf,77.89076752916516,-3.10923247083484,3.10923247083484,random,11,random
PL_SSE_C1.csv::D-8,SSE,C1,PL_SSE_C1.csv,D-8,10.19803903,77.0,wallpath_residual_rf,94.74420297216821,17.74420297216821,17.74420297216821,random,11,random
PL_Comms_C1.csv::C-13,Comms,C1,PL_Comms_C1.csv,C-13,16.1245155,94.0,wallpath_residual_rf,93.1496796035245,-0.850320396475496,0.850320396475496,random,11,random
PL_Comms_C1.csv::K-44,Comms,C1,PL_Comms_C1.csv,K-44,16.15549442,97.0,wallpath_residual_rf,106.99828166750744,9.998281667507442,9.998281667507442,random,11,random
PL_Comms_C1.csv::H-36,Comms,C1,PL_Comms_C1.csv,H-36,7.615773106,79.0,wallpath_residual_rf,86.82083317195523,7.820833171955229,7.820833171955229,random,11,random
PL_SSE_C1.csv::A-1,SSE,C1,PL_SSE_C1.csv,A-1,15.8113883,96.0,wallpath_residual_rf,99.17150984259452,3.171509842594517,3.171509842594517,random,11,random
PL_Comms_C1.csv::F-19,Comms,C1,PL_Comms_C1.csv,F-19,10.04987562,80.0,wallpath_residual_rf,89.8936202296659,9.893620229665899,9.893620229665899,random,11,random
PL_Comms_C1.csv::B-7,Comms,C1,PL_Comms_C1.csv,B-7,22.20360331,112.0,wallpath_residual_rf,110.50001270651056,-1.4999872934894398,1.4999872934894398,random,11,random
PL_Comms_C1.csv::F-31,Comms,C1,PL_Comms_C1.csv,F-31,2.236067977,70.0,wallpath_residual_rf,72.10667375687954,2.1066737568795446,2.1066737568795446,random,11,random
PL_Library_C2.csv::G-12,Library,C2,PL_Library_C2.csv,G-12,10.99171734,80.0,wallpath_residual_rf,79.92931293285915,-0.07068706714085238,0.07068706714085238,random,11,random
PL_Library_C1.csv::K-10,Library,C1,PL_Library_C1.csv,K-10,9.0896,71.0,wallpath_residual_rf,74.03386553778421,3.0338655377842088,3.0338655377842088,random,11,random
PL_Library_C2.csv::U-12,Library,C2,PL_Library_C2.csv,U-12,10.99171734,83.0,wallpath_residual_rf,79.60529263734108,-3.39470736265892,3.39470736265892,random,11,random
PL_Comms_C1.csv::M-18,Comms,C1,PL_Comms_C1.csv,M-18,13.60147051,85.0,wallpath_residual_rf,88.59470622422974,3.594706224229739,3.594706224229739,random,11,random
PL_Library_C2.csv::Y-19,Library,C2,PL_Library_C2.csv,Y-19,15.49707956,82.0,wallpath_residual_rf,86.44358426575505,4.4435842657550495,4.4435842657550495,random,11,random
PL_Library_C1.csv::W-11,Library,C1,PL_Library_C1.csv,W-11,13.9506,73.0,wallpath_residual_rf,75.24781921233453,2.2478192123345337,2.2478192123345337,random,11,random
PL_Comms_C2.csv::G-36,Comms,C2,PL_Comms_C2.csv,G-36,7.380801108,97.0,wallpath_residual_rf,87.43109658162768,-9.568903418372315,9.568903418372315,random,11,random
PL_Comms_C1.csv::I-6,Comms,C1,PL_Comms_C1.csv,I-6,23.34523506,109.0,wallpath_residual_rf,100.24151752736951,-8.75848247263049,8.75848247263049,random,11,random
PL_Comms_C2.csv::J-52,Comms,C2,PL_Comms_C2.csv,J-52,23.56854312,119.0,wallpath_residual_rf,94.00816552357531,-24.991834476424685,24.991834476424685,random,11,random
PL_Comms_C2.csv::C-35,Comms,C2,PL_Comms_C2.csv,C-35,6.440203801,77.0,wallpath_residual_rf,89.83907056206596,12.839070562065956,12.839070562065956,random,11,random
PL_Comms_C2.csv::J-4,Comms,C2,PL_Comms_C2.csv,J-4,25.5240323,99.0,wallpath_residual_rf,105.80897557095192,6.808975570951915,6.808975570951915,random,11,random
PL_Library_C1.csv::S-23,Library,C1,PL_Library_C1.csv,S-23,11.6562,75.0,wallpath_residual_rf,71.8788963802837,-3.121103619716294,3.121103619716294,random,11,random
PL_Comms_C2.csv::C-52,Comms,C2,PL_Comms_C2.csv,C-52,23.11874186,122.0,wallpath_residual_rf,110.20277327996345,-11.797226720036548,11.797226720036548,random,11,random
PL_Comms_C1.csv::I-22,Comms,C1,PL_Comms_C1.csv,I-22,8.062257748,88.0,wallpath_residual_rf,85.7636560593449,-2.236343940655104,2.236343940655104,random,11,random
PL_Comms_C1.csv::H-48,Comms,C1,PL_Comms_C1.csv,H-48,19.23538406,86.0,wallpath_residual_rf,88.9027196714536,2.902719671453596,2.902719671453596,random,11,random
PL_Library_C1.csv::I-11,Library,C1,PL_Library_C1.csv,I-11,9.5813,75.0,wallpath_residual_rf,76.63353934622978,1.6335393462297816,1.6335393462297816,random,11,random
PL_Comms_C1.csv::N-56,Comms,C1,PL_Comms_C1.csv,N-56,28.46049894,115.0,wallpath_residual_rf,110.89470310525067,-4.10529689474933,4.10529689474933,random,11,random
PL_Comms_C2.csv::N-38,Comms,C2,PL_Comms_C2.csv,N-38,12.78578214,103.0,wallpath_residual_rf,103.99596002569683,0.9959600256968315,0.9959600256968315,random,11,random
PL_Library_C2.csv::O-9,Library,C2,PL_Library_C2.csv,O-9,9.658026455,72.0,wallpath_residual_rf,71.23218777578103,-0.7678122242189716,0.7678122242189716,random,11,random
PL_Library_C1.csv::B-2,Library,C1,PL_Library_C1.csv,B-2,24.985,82.0,wallpath_residual_rf,80.82093491677728,-1.1790650832227243,1.1790650832227243,random,11,random
PL_Library_C2.csv::Q-23,Library,C2,PL_Library_C2.csv,Q-23,10.39065325,75.0,wallpath_residual_rf,73.69729721381904,-1.3027027861809586,1.3027027861809586,random,11,random
PL_Library_C1.csv::F-16,Library,C1,PL_Library_C1.csv,F-16,10.84,87.0,wallpath_residual_rf,82.29768124058566,-4.702318759414339,4.702318759414339,random,11,random
PL_SSE_C1.csv::K-3,SSE,C1,PL_SSE_C1.csv,K-3,7.615773106,75.0,wallpath_residual_rf,75.1619626518262,0.16196265182620095,0.16196265182620095,random,11,random
PL_Comms_C2.csv::O-23,Comms,C2,PL_Comms_C2.csv,O-23,11.72502559,85.0,wallpath_residual_rf,96.54313354309637,11.543133543096374,11.543133543096374,random,11,random
PL_Library_C2.csv::W-8,Library,C2,PL_Library_C2.csv,W-8,16.36153569,84.0,wallpath_residual_rf,87.37027136642132,3.3702713664213206,3.3702713664213206,random,11,random
PL_Comms_C1.csv::F-51,Comms,C1,PL_Comms_C1.csv,F-51,22.02271555,94.0,wallpath_residual_rf,104.38798400028378,10.38798400028378,10.38798400028378,random,11,random
PL_Comms_C2.csv::P-17,Comms,C2,PL_Comms_C2.csv,P-17,16.32409952,94.0,wallpath_residual_rf,89.1553435362923,-4.844656463707693,4.844656463707693,random,11,random
PL_Comms_C1.csv::L-39,Comms,C1,PL_Comms_C1.csv,L-39,12.20655562,103.0,wallpath_residual_rf,96.92315168948144,-6.076848310518557,6.076848310518557,random,11,random
PL_Library_C2.csv::H-3,Library,C2,PL_Library_C2.csv,H-3,19.43865607,91.0,wallpath_residual_rf,86.24713624231768,-4.75286375768232,4.75286375768232,random,11,random
PL_Library_C2.csv::J-3,Library,C2,PL_Library_C2.csv,J-3,18.46999865,88.0,wallpath_residual_rf,86.83022846754145,-1.1697715324585545,1.1697715324585545,random,11,random
PL_Comms_C1.csv::M-13,Comms,C1,PL_Comms_C1.csv,M-13,17.88854382,115.0,wallpath_residual_rf,103.44666634017427,-11.553333659825725,11.553333659825725,random,11,random
PL_Comms_C1.csv::A-53,Comms,C1,PL_Comms_C1.csv,A-53,24.33105012,108.0,wallpath_residual_rf,109.99218319488949,1.992183194889492,1.992183194889492,random,11,random
PL_Comms_C1.csv::E-54,Comms,C1,PL_Comms_C1.csv,E-54,25.0,106.0,wallpath_residual_rf,110.14748432297142,4.147484322971422,4.147484322971422,random,11,random
PL_Library_C2.csv::R-15,Library,C2,PL_Library_C2.csv,R-15,5.717398884,63.0,wallpath_residual_rf,72.40323091494216,9.403230914942156,9.403230914942156,random,11,random
PL_Comms_C2.csv::J-38,Comms,C2,PL_Comms_C2.csv,J-38,10.36707408,99.0,wallpath_residual_rf,90.84458592909162,-8.155414070908378,8.155414070908378,random,11,random
PL_Comms_C2.csv::L-21,Comms,C2,PL_Comms_C2.csv,L-21,10.69935629,91.0,wallpath_residual_rf,86.44819680023238,-4.551803199767619,4.551803199767619,random,11,random
PL_Library_C2.csv::A-6,Library,C2,PL_Library_C2.csv,A-6,22.25684052,94.0,wallpath_residual_rf,91.61075398261116,-2.3892460173888423,2.3892460173888423,random,11,random
PL_Comms_C1.csv::O-37,Comms,C1,PL_Comms_C1.csv,O-37,12.80624847,90.0,wallpath_residual_rf,93.73677625699555,3.7367762569955545,3.7367762569955545,random,11,random
PL_SSE_C1.csv::C-5,SSE,C1,PL_SSE_C1.csv,C-5,12.08304597,87.0,wallpath_residual_rf,96.31927821523396,9.319278215233965,9.319278215233965,random,11,random
PL_Comms_C2.csv::F-10,Comms,C2,PL_Comms_C2.csv,F-10,19.06505245,86.0,wallpath_residual_rf,110.82676875870548,24.826768758705484,24.826768758705484,random,11,random
PL_Comms_C1.csv::I-14,Comms,C1,PL_Comms_C1.csv,I-14,15.5241747,97.0,wallpath_residual_rf,94.52622966733541,-2.4737703326645857,2.4737703326645857,random,11,random
PL_Comms_C1.csv::B-50,Comms,C1,PL_Comms_C1.csv,B-50,21.21320344,115.0,wallpath_residual_rf,105.6179508043568,-9.382049195643205,9.382049195643205,random,11,random
PL_Library_C1.csv::V-8,Library,C1,PL_Library_C1.csv,V-8,15.3301,92.0,wallpath_residual_rf,82.42392746868238,-9.576072531317621,9.576072531317621,random,11,random
PL_Comms_C2.csv::K-28,Comms,C2,PL_Comms_C2.csv,K-28,6.202920683,69.0,wallpath_residual_rf,86.2307405370785,17.230740537078503,17.230740537078503,random,11,random
PL_Comms_C2.csv::D-27,Comms,C2,PL_Comms_C2.csv,D-27,2.544842824,72.0,wallpath_residual_rf,73.12155026432616,1.1215502643261601,1.1215502643261601,random,11,random
PL_Comms_C1.csv::F-12,Comms,C1,PL_Comms_C1.csv,F-12,17.02938637,98.0,wallpath_residual_rf,105.44948854540826,7.449488545408258,7.449488545408258,random,11,random
PL_Comms_C2.csv::B-46,Comms,C2,PL_Comms_C2.csv,B-46,17.30538139,109.0,wallpath_residual_rf,112.00496408988315,3.0049640898831456,3.0049640898831456,random,11,random
PL_Comms_C2.csv::A-3,Comms,C2,PL_Comms_C2.csv,A-3,26.33393675,122.0,wallpath_residual_rf,115.06135513216455,-6.93864486783545,6.93864486783545,random,11,random
PL_Comms_C1.csv::F-22,Comms,C1,PL_Comms_C1.csv,F-22,7.071067812,77.0,wallpath_residual_rf,82.31186693532544,5.31186693532544,5.31186693532544,random,11,random
PL_Comms_C2.csv::G-19,Comms,C2,PL_Comms_C2.csv,G-19,10.27016188,88.0,wallpath_residual_rf,88.97504644015022,0.9750464401502228,0.9750464401502228,random,11,random
PL_Comms_C1.csv::J-18,Comms,C1,PL_Comms_C1.csv,J-18,12.08304597,91.0,wallpath_residual_rf,92.01989108088742,1.0198910808874189,1.0198910808874189,random,11,random
PL_Comms_C2.csv::F-13,Comms,C2,PL_Comms_C2.csv,F-13,16.07719581,83.0,wallpath_residual_rf,97.37381280712094,14.373812807120942,14.373812807120942,random,11,random
PL_Comms_C2.csv::G-47,Comms,C2,PL_Comms_C2.csv,G-47,18.15147997,86.0,wallpath_residual_rf,107.35564737298253,21.35564737298253,21.35564737298253,random,11,random
PL_Comms_C2.csv::N-10,Comms,C2,PL_Comms_C2.csv,N-10,21.05887521,114.0,wallpath_residual_rf,92.16030646519381,-21.839693534806187,21.839693534806187,random,11,random
PL_SSE_C1.csv::K-7,SSE,C1,PL_SSE_C1.csv,K-7,4.242640687,81.0,wallpath_residual_rf,72.0119743888428,-8.988025611157198,8.988025611157198,random,11,random
PL_Comms_C2.csv::A-6,Comms,C2,PL_Comms_C2.csv,A-6,23.37683094,113.0,wallpath_residual_rf,113.324805140574,0.324805140574,0.324805140574,random,11,random
PL_Comms_C2.csv::C-31,Comms,C2,PL_Comms_C2.csv,C-31,3.078347771,73.0,wallpath_residual_rf,74.5321798014884,1.5321798014883967,1.5321798014883967,random,11,random
PL_Library_C1.csv::S-13,Library,C1,PL_Library_C1.csv,S-13,7.9009,82.0,wallpath_residual_rf,84.10158171562328,2.1015817156232828,2.1015817156232828,random,11,random
PL_Library_C1.csv::U-19,Library,C1,PL_Library_C1.csv,U-19,10.3194,74.0,wallpath_residual_rf,74.98526912832345,0.985269128323452,0.985269128323452,random,11,random
PL_Comms_C2.csv::J-41,Comms,C2,PL_Comms_C2.csv,J-41,13.05665443,101.0,wallpath_residual_rf,99.91672062161265,-1.0832793783873456,1.0832793783873456,random,11,random
PL_Library_C1.csv::L-8,Library,C1,PL_Library_C1.csv,L-8,11.1736,85.0,wallpath_residual_rf,78.93455463614471,-6.065445363855289,6.065445363855289,random,11,random
PL_Comms_C2.csv::B-22,Comms,C2,PL_Comms_C2.csv,B-22,7.712083052,83.0,wallpath_residual_rf,85.77666527397726,2.776665273977258,2.776665273977258,random,11,random
PL_Comms_C1.csv::M-32,Comms,C1,PL_Comms_C1.csv,M-32,8.544003745,86.0,wallpath_residual_rf,86.33691323188341,0.3369132318834147,0.3369132318834147,random,11,random
PL_Comms_C1.csv::E-36,Comms,C1,PL_Comms_C1.csv,E-36,7.0,90.0,wallpath_residual_rf,83.49044554800705,-6.509554451992955,6.509554451992955,random,11,random
PL_Comms_C2.csv::E-40,Comms,C2,PL_Comms_C2.csv,E-40,11.06689771,98.0,wallpath_residual_rf,92.3659059444983,-5.634094055501706,5.634094055501706,random,11,random
PL_Comms_C2.csv::F-12,Comms,C2,PL_Comms_C2.csv,F-12,17.07267481,96.0,wallpath_residual_rf,105.34508652078378,9.34508652078378,9.34508652078378,random,11,random
PL_Comms_C1.csv::L-25,Comms,C1,PL_Comms_C1.csv,L-25,8.062257748,83.0,wallpath_residual_rf,92.45577340774562,9.455773407745625,9.455773407745625,random,11,random
PL_Comms_C2.csv::F-45,Comms,C2,PL_Comms_C2.csv,F-45,16.07719581,93.0,wallpath_residual_rf,101.35112200705284,8.351122007052837,8.351122007052837,random,11,random
PL_Comms_C2.csv::B-32,Comms,C2,PL_Comms_C2.csv,B-32,4.413187623,77.0,wallpath_residual_rf,78.66355899744097,1.6635589974409726,1.6635589974409726,random,11,random
PL_Library_C1.csv::S-7,Library,C1,PL_Library_C1.csv,S-7,13.9506,84.0,wallpath_residual_rf,81.22556651917905,-2.774433480820946,2.774433480820946,random,11,random
PL_Library_C2.csv::I-4,Library,C2,PL_Library_C2.csv,I-4,17.65685278,82.0,wallpath_residual_rf,82.84654427679624,0.8465442767962372,0.8465442767962372,random,11,random
PL_Comms_C1.csv::K-53,Comms,C1,PL_Comms_C1.csv,K-53,24.73863375,113.0,wallpath_residual_rf,108.78888690554413,-4.211113094455868,4.211113094455868,random,11,random
PL_Library_C1.csv::B-9,Library,C1,PL_Library_C1.csv,B-9,18.8243,80.0,wallpath_residual_rf,86.4278927570747,6.4278927570747015,6.4278927570747015,random,11,random
PL_Library_C1.csv::V-11,Library,C1,PL_Library_C1.csv,V-11,12.783,74.0,wallpath_residual_rf,83.82730429682714,9.827304296827137,9.827304296827137,random,11,random
PL_Library_C2.csv::V-17,Library,C2,PL_Library_C2.csv,V-17,10.99171734,74.0,wallpath_residual_rf,75.23601760838788,1.2360176083878827,1.2360176083878827,random,11,random
PL_SSE_C2.csv::N-2,SSE,C2,PL_SSE_C2.csv,N-2,8.09173807,87.0,wallpath_residual_rf,75.79488195491591,-11.205118045084092,11.205118045084092,random,11,random
PL_Library_C2.csv::F-5,Library,C2,PL_Library_C2.csv,F-5,18.46999865,81.0,wallpath_residual_rf,86.83022846754145,5.8302284675414455,5.8302284675414455,random,11,random
PL_Comms_C1.csv::A-42,Comms,C1,PL_Comms_C1.csv,A-42,13.60147051,92.0,wallpath_residual_rf,97.11069814153085,5.110698141530847,5.110698141530847,random,11,random
PL_Library_C1.csv::R-5,Library,C1,PL_Library_C1.csv,R-5,15.8599,95.0,wallpath_residual_rf,82.4522452742508,-12.5477547257492,12.5477547257492,random,11,random
PL_Library_C1.csv::D-8,Library,C1,PL_Library_C1.csv,D-8,17.3525,79.0,wallpath_residual_rf,85.63612773920302,6.636127739203019,6.636127739203019,random,11,random
PL_Comms_C1.csv::L-47,Comms,C1,PL_Comms_C1.csv,L-47,19.31320792,104.0,wallpath_residual_rf,108.09939249365199,4.09939249365199,4.09939249365199,random,11,random
PL_Library_C2.csv::B-11,Library,C2,PL_Library_C2.csv,B-11,17.65685278,88.0,wallpath_residual_rf,84.20591582897416,-3.794084171025844,3.794084171025844,random,11,random
PL_Comms_C2.csv::A-12,Comms,C2,PL_Comms_C2.csv,A-12,17.50646238,116.0,wallpath_residual_rf,111.80536413449116,-4.194635865508843,4.194635865508843,random,11,random
PL_Comms_C2.csv::K-37,Comms,C2,PL_Comms_C2.csv,K-37,10.07354084,95.0,wallpath_residual_rf,89.99048562634287,-5.009514373657126,5.009514373657126,random,11,random
PL_Comms_C2.csv::P-56,Comms,C2,PL_Comms_C2.csv,P-56,29.18006554,123.0,wallpath_residual_rf,122.11078745804768,-0.8892125419523182,0.8892125419523182,random,11,random
PL_Comms_C1.csv::H-41,Comms,C1,PL_Comms_C1.csv,H-41,12.36931688,92.0,wallpath_residual_rf,91.99043737842423,-0.009562621575767594,0.009562621575767594,random,11,random
PL_Comms_C1.csv::L-42,Comms,C1,PL_Comms_C1.csv,L-42,14.76482306,91.0,wallpath_residual_rf,101.69393507318958,10.693935073189579,10.693935073189579,random,11,random
PL_Comms_C1.csv::E-23,Comms,C1,PL_Comms_C1.csv,E-23,6.0,77.0,wallpath_residual_rf,76.76124405698768,-0.23875594301232184,0.23875594301232184,random,11,random
PL_Library_C1.csv::F-9,Library,C1,PL_Library_C1.csv,F-9,14.4038,76.0,wallpath_residual_rf,88.79088750345713,12.790887503457128,12.790887503457128,random,11,random
PL_Comms_C1.csv::O-57,Comms,C1,PL_Comms_C1.csv,O-57,29.73213749,115.0,wallpath_residual_rf,113.6965846721613,-1.3034153278387066,1.3034153278387066,random,11,random
PL_Comms_C1.csv::A-31,Comms,C1,PL_Comms_C1.csv,A-31,4.472135955,68.0,wallpath_residual_rf,74.70449926062783,6.704499260627827,6.704499260627827,random,11,random
PL_Comms_C1.csv::B-13,Comms,C1,PL_Comms_C1.csv,B-13,16.2788206,94.0,wallpath_residual_rf,93.13301761086177,-0.8669823891382293,0.8669823891382293,random,11,random
PL_Comms_C2.csv::B-53,Comms,C2,PL_Comms_C2.csv,B-53,24.21727121,116.0,wallpath_residual_rf,116.24438273018903,0.2443827301890309,0.2443827301890309,random,11,random
PL_Library_C1.csv::T-17,Library,C1,PL_Library_C1.csv,T-17,8.2421,73.0,wallpath_residual_rf,72.25331971244397,-0.7466802875560319,0.7466802875560319,random,11,random
PL_Comms_C2.csv::O-22,Comms,C2,PL_Comms_C2.csv,O-22,12.26687511,95.0,wallpath_residual_rf,91.28891223663679,-3.71108776336321,3.71108776336321,random,11,random
PL_Comms_C1.csv::A-48,Comms,C1,PL_Comms_C1.csv,A-48,19.41648784,114.0,wallpath_residual_rf,110.0679924850994,-3.9320075149006044,3.9320075149006044,random,11,random
PL_Library_C2.csv::N-9,Library,C2,PL_Library_C2.csv,N-9,9.562502288,78.0,wallpath_residual_rf,71.20253975557063,-6.797460244429374,6.797460244429374,random,11,random
PL_SSE_C2.csv::E-4,SSE,C2,PL_SSE_C2.csv,E-4,10.88467845,95.0,wallpath_residual_rf,91.44158759190064,-3.5584124080993575,3.5584124080993575,random,11,random
PL_Library_C2.csv::M-3,Library,C2,PL_Library_C2.csv,M-3,17.70876831,88.0,wallpath_residual_rf,85.95396990231878,-2.046030097681225,2.046030097681225,random,11,random
PL_Comms_C1.csv::E-48,Comms,C1,PL_Comms_C1.csv,E-48,19.0,102.0,wallpath_residual_rf,104.28348912767449,2.2834891276744855,2.2834891276744855,random,11,random
PL_Comms_C1.csv::M-41,Comms,C1,PL_Comms_C1.csv,M-41,14.4222051,95.0,wallpath_residual_rf,97.68644298601957,2.6864429860195713,2.6864429860195713,random,11,random
PL_Comms_C2.csv::H-43,Comms,C2,PL_Comms_C2.csv,H-43,14.3692806,87.0,wallpath_residual_rf,89.34533448932639,2.3453344893263903,2.3453344893263903,random,11,random
PL_Library_C1.csv::P-5,Library,C1,PL_Library_C1.csv,P-5,15.1494,80.0,wallpath_residual_rf,81.76360960349243,1.7636096034924265,1.7636096034924265,random,11,random
PL_SSE_C1.csv::M-8,SSE,C1,PL_SSE_C1.csv,M-8,2.236067977,53.0,wallpath_residual_rf,60.207101153314724,7.207101153314724,7.207101153314724,random,11,random
PL_Library_C1.csv::M-25,Library,C1,PL_Library_C1.csv,M-25,12.27,80.0,wallpath_residual_rf,85.34894626067546,5.348946260675461,5.348946260675461,random,11,random
PL_Library_C2.csv::E-2,Library,C2,PL_Library_C2.csv,E-2,22.58440059,93.0,wallpath_residual_rf,91.78771157273583,-1.2122884272641699,1.2122884272641699,random,11,random
PL_Comms_C1.csv::O-38,Comms,C1,PL_Comms_C1.csv,O-38,13.45362405,98.0,wallpath_residual_rf,99.89112821855062,1.8911282185506195,1.8911282185506195,random,11,random
PL_Comms_C1.csv::N-36,Comms,C1,PL_Comms_C1.csv,N-36,11.40175425,94.0,wallpath_residual_rf,91.01377570211694,-2.986224297883055,2.986224297883055,random,11,random
PL_Library_C1.csv::U-14,Library,C1,PL_Library_C1.csv,U-14,9.8645,79.0,wallpath_residual_rf,72.58356575770792,-6.416434242292084,6.416434242292084,random,11,random
PL_Comms_C2.csv::G-41,Comms,C2,PL_Comms_C2.csv,G-41,12.22604699,84.0,wallpath_residual_rf,91.60456131563599,7.604561315635991,7.604561315635991,random,11,random
PL_Library_C2.csv::Q-11,Library,C2,PL_Library_C2.csv,Q-11,7.993814796,75.0,wallpath_residual_rf,77.99268708188053,2.9926870818805327,2.9926870818805327,random,11,random
PL_Library_C2.csv::N-14,Library,C2,PL_Library_C2.csv,N-14,2.969903197,64.0,wallpath_residual_rf,71.45543792054266,7.455437920542664,7.455437920542664,random,11,random
PL_Comms_C1.csv::O-26,Comms,C1,PL_Comms_C1.csv,O-26,10.44030651,95.0,wallpath_residual_rf,88.78227794244106,-6.2177220575589445,6.2177220575589445,random,11,random
PL_Comms_C1.csv::D-33,Comms,C1,PL_Comms_C1.csv,D-33,4.123105626,79.0,wallpath_residual_rf,75.10238123193568,-3.8976187680643193,3.8976187680643193,random,11,random
PL_Comms_C2.csv::F-7,Comms,C2,PL_Comms_C2.csv,F-7,22.05620604,83.0,wallpath_residual_rf,100.55722014291509,17.557220142915085,17.557220142915085,random,11,random
PL_Comms_C1.csv::O-51,Comms,C1,PL_Comms_C1.csv,O-51,24.16609195,110.0,wallpath_residual_rf,111.33173076382637,1.3317307638263713,1.3317307638263713,random,11,random
PL_SSE_C2.csv::C-5,SSE,C2,PL_SSE_C2.csv,C-5,12.14397896,101.0,wallpath_residual_rf,99.55732608434865,-1.4426739156513548,1.4426739156513548,random,11,random
PL_Comms_C1.csv::J-45,Comms,C1,PL_Comms_C1.csv,J-45,16.76305461,100.0,wallpath_residual_rf,104.89960192755781,4.899601927557811,4.899601927557811,random,11,random
PL_Comms_C2.csv::A-52,Comms,C2,PL_Comms_C2.csv,A-52,23.37683094,122.0,wallpath_residual_rf,112.84251122116065,-9.157488778839351,9.157488778839351,random,11,random
PL_SSE_C1.csv::M-3,SSE,C1,PL_SSE_C1.csv,M-3,7.071067812,69.0,wallpath_residual_rf,73.16846404043747,4.16846404043747,4.16846404043747,random,11,random
PL_Comms_C1.csv::D-57,Comms,C1,PL_Comms_C1.csv,D-57,28.01785145,114.0,wallpath_residual_rf,109.89841737418517,-4.101582625814828,4.101582625814828,random,11,random
PL_Comms_C1.csv::G-30,Comms,C1,PL_Comms_C1.csv,G-30,2.236067977,62.0,wallpath_residual_rf,65.41171744772123,3.41171744772123,3.41171744772123,random,11,random
PL_Library_C1.csv::W-8,Library,C1,PL_Library_C1.csv,W-8,16.3164,87.0,wallpath_residual_rf,84.09481152256464,-2.9051884774353596,2.9051884774353596,random,11,random
PL_Comms_C1.csv::C-43,Comms,C1,PL_Comms_C1.csv,C-43,14.14213562,95.0,wallpath_residual_rf,94.46738393020289,-0.5326160697971147,0.5326160697971147,random,11,random
PL_Library_C2.csv::Q-12,Library,C2,PL_Library_C2.csv,Q-12,6.883084338,75.0,wallpath_residual_rf,74.1968328681124,-0.803167131887605,0.803167131887605,random,11,random
PL_Comms_C2.csv::F-23,Comms,C2,PL_Comms_C2.csv,F-23,6.202920683,94.0,wallpath_residual_rf,89.53355941743357,-4.466440582566435,4.466440582566435,random,11,random
PL_Comms_C1.csv::J-32,Comms,C1,PL_Comms_C1.csv,J-32,5.830951895,83.0,wallpath_residual_rf,79.74791523450644,-3.2520847654935636,3.2520847654935636,random,11,random
PL_Comms_C2.csv::H-1,Comms,C2,PL_Comms_C2.csv,H-1,28.18645464,105.0,wallpath_residual_rf,102.44501590248836,-2.5549840975116354,2.5549840975116354,random,11,random
PL_SSE_C2.csv::F-8,SSE,C2,PL_SSE_C2.csv,F-8,8.335239949,88.0,wallpath_residual_rf,89.39198981782306,1.3919898178230596,1.3919898178230596,random,11,random
PL_Comms_C2.csv::A-25,Comms,C2,PL_Comms_C2.csv,A-25,5.78586424,82.0,wallpath_residual_rf,79.80561040185093,-2.1943895981490726,2.1943895981490726,random,11,random
PL_Library_C1.csv::I-5,Library,C1,PL_Library_C1.csv,I-5,16.3725,87.0,wallpath_residual_rf,85.03184291073613,-1.968157089263869,1.968157089263869,random,11,random
PL_Comms_C1.csv::I-23,Comms,C1,PL_Comms_C1.csv,I-23,7.211102551,82.0,wallpath_residual_rf,87.49140222051987,5.491402220519873,5.491402220519873,random,11,random
PL_Comms_C2.csv::I-55,Comms,C2,PL_Comms_C2.csv,I-55,26.33393675,110.0,wallpath_residual_rf,103.03472985234646,-6.965270147653541,6.965270147653541,random,11,random
PL_Comms_C1.csv::N-27,Comms,C1,PL_Comms_C1.csv,N-27,9.219544457,82.0,wallpath_residual_rf,79.5056881826447,-2.494311817355296,2.494311817355296,random,11,random
PL_SSE_C1.csv::F-3,SSE,C1,PL_SSE_C1.csv,F-3,10.63014581,86.0,wallpath_residual_rf,84.4611064488696,-1.5388935511303998,1.5388935511303998,random,11,random
PL_SSE_C1.csv::C-7,SSE,C1,PL_SSE_C1.csv,C-7,11.40175425,98.0,wallpath_residual_rf,97.56767494961883,-0.4323250503811664,0.4323250503811664,random,11,random
PL_Comms_C1.csv::E-56,Comms,C1,PL_Comms_C1.csv,E-56,27.0,107.0,wallpath_residual_rf,113.16094350165528,6.160943501655282,6.160943501655282,random,11,random
PL_Comms_C2.csv::E-11,Comms,C2,PL_Comms_C2.csv,E-11,18.04095965,107.0,wallpath_residual_rf,107.67672742078904,0.6767274207890352,0.6767274207890352,random,11,random
PL_Library_C1.csv::C-16,Library,C1,PL_Library_C1.csv,C-16,14.905,75.0,wallpath_residual_rf,88.32322351590298,13.323223515902981,13.323223515902981,random,11,random
PL_SSE_C1.csv::A-3,SSE,C1,PL_SSE_C1.csv,A-3,14.76482306,96.0,wallpath_residual_rf,99.27693419404108,3.2769341940410754,3.2769341940410754,random,11,random
PL_Comms_C2.csv::D-56,Comms,C2,PL_Comms_C2.csv,D-56,27.04581714,112.0,wallpath_residual_rf,115.68205316166656,3.682053161666559,3.682053161666559,random,11,random
PL_Comms_C1.csv::E-18,Comms,C1,PL_Comms_C1.csv,E-18,11.0,96.0,wallpath_residual_rf,91.32291992546729,-4.677080074532711,4.677080074532711,random,11,random
PL_Comms_C2.csv::D-53,Comms,C2,PL_Comms_C2.csv,D-53,24.0515327,117.0,wallpath_residual_rf,112.27222197340814,-4.727778026591864,4.727778026591864,random,11,random
PL_Library_C2.csv::S-5,Library,C2,PL_Library_C2.csv,S-5,16.41754778,87.0,wallpath_residual_rf,87.41167736083847,0.4116773608384676,0.4116773608384676,random,11,random
PL_Library_C2.csv::L-14,Library,C2,PL_Library_C2.csv,L-14,4.020500591,77.0,wallpath_residual_rf,70.12263486808924,-6.877365131910764,6.877365131910764,random,11,random
PL_Comms_C2.csv::E-50,Comms,C2,PL_Comms_C2.csv,E-50,21.03511885,114.0,wallpath_residual_rf,105.78575784442184,-8.214242155578162,8.214242155578162,random,11,random
PL_Comms_C1.csv::A-55,Comms,C1,PL_Comms_C1.csv,A-55,26.30589288,117.0,wallpath_residual_rf,115.68729124161055,-1.312708758389448,1.312708758389448,random,11,random
PL_Library_C2.csv::D-7,Library,C2,PL_Library_C2.csv,D-7,18.27010536,88.0,wallpath_residual_rf,87.92927661983748,-0.07072338016251933,0.07072338016251933,random,11,random
PL_Library_C2.csv::R-5,Library,C2,PL_Library_C2.csv,R-5,15.90633993,92.0,wallpath_residual_rf,87.4689856969952,-4.531014303004795,4.531014303004795,random,11,random
PL_SSE_C2.csv::A-2,SSE,C2,PL_SSE_C2.csv,A-2,15.31261653,104.0,wallpath_residual_rf,100.90828445867112,-3.091715541328881,3.091715541328881,random,11,random
PL_Library_C2.csv::T-20,Library,C2,PL_Library_C2.csv,T-20,9.846294988,75.0,wallpath_residual_rf,76.62881955994789,1.6288195599478854,1.6288195599478854,random,11,random
PL_SSE_C2.csv::A-7,SSE,C2,PL_SSE_C2.csv,A-7,13.3968737,106.0,wallpath_residual_rf,101.00443034839684,-4.995569651603162,4.995569651603162,random,11,random
PL_Library_C1.csv::I-16,Library,C1,PL_Library_C1.csv,I-16,6.775,80.0,wallpath_residual_rf,77.63781059816057,-2.36218940183943,2.36218940183943,random,11,random
PL_Comms_C2.csv::C-13,Comms,C2,PL_Comms_C2.csv,C-13,16.1702265,103.0,wallpath_residual_rf,97.61836768041991,-5.381632319580092,5.381632319580092,random,11,random
PL_Comms_C1.csv::O-55,Comms,C1,PL_Comms_C1.csv,O-55,27.85677655,103.0,wallpath_residual_rf,111.5741547231008,8.574154723100804,8.574154723100804,random,11,random
PL_Comms_C2.csv::K-24,Comms,C2,PL_Comms_C2.csv,K-24,7.904190344,92.0,wallpath_residual_rf,85.7826960104503,-6.2173039895497055,6.2173039895497055,random,11,random
PL_Library_C2.csv::S-23,Library,C2,PL_Library_C2.csv,S-23,11.71930352,82.0,wallpath_residual_rf,75.48031028211982,-6.519689717880183,6.519689717880183,random,11,random
PL_Library_C2.csv::T-15,Library,C2,PL_Library_C2.csv,T-15,8.331215398,77.0,wallpath_residual_rf,73.84773689522218,-3.1522631047778162,3.1522631047778162,random,11,random
PL_Comms_C2.csv::G-48,Comms,C2,PL_Comms_C2.csv,G-48,19.14356876,90.0,wallpath_residual_rf,103.53403137098016,13.53403137098016,13.53403137098016,random,11,random
PL_SSE_C2.csv::D-4,SSE,C2,PL_SSE_C2.csv,D-4,11.72502559,97.0,wallpath_residual_rf,94.27180664727467,-2.7281933527253273,2.7281933527253273,random,11,random
PL_Comms_C2.csv::A-48,Comms,C2,PL_Comms_C2.csv,A-48,19.45446543,112.0,wallpath_residual_rf,113.74950371952909,1.7495037195290877,1.7495037195290877,random,11,random
PL_Comms_C2.csv::D-37,Comms,C2,PL_Comms_C2.csv,D-37,8.153295346,86.0,wallpath_residual_rf,89.27432112293135,3.2743211229313545,3.2743211229313545,random,11,random
PL_Comms_C1.csv::G-33,Comms,C1,PL_Comms_C1.csv,G-33,4.472135955,75.0,wallpath_residual_rf,76.05422752081827,1.054227520818273,1.054227520818273,random,11,random
PL_Library_C1.csv::Q-18,Library,C1,PL_Library_C1.csv,Q-18,4.8855,66.0,wallpath_residual_rf,67.66655720165133,1.6665572016513295,1.6665572016513295,random,11,random
PL_Comms_C1.csv::F-8,Comms,C1,PL_Comms_C1.csv,F-8,21.02379604,85.0,wallpath_residual_rf,106.15250849899886,21.152508498998856,21.152508498998856,random,11,random
PL_Comms_C1.csv::B-32,Comms,C1,PL_Comms_C1.csv,B-32,4.242640687,67.0,wallpath_residual_rf,74.49246464299162,7.492464642991621,7.492464642991621,random,11,random
PL_Library_C1.csv::L-13,Library,C1,PL_Library_C1.csv,L-13,4.8855,71.0,wallpath_residual_rf,67.66655720165133,-3.3334427983486705,3.3334427983486705,random,11,random
PL_Comms_C2.csv::G-57,Comms,C2,PL_Comms_C2.csv,G-57,28.09761956,96.0,wallpath_residual_rf,105.91025887519146,9.91025887519146,9.91025887519146,random,11,random
PL_Comms_C2.csv::M-21,Comms,C2,PL_Comms_C2.csv,M-21,11.37876202,92.0,wallpath_residual_rf,87.75425086453625,-4.245749135463754,4.245749135463754,random,11,random
PL_Library_C2.csv::L-11,Library,C2,PL_Library_C2.csv,L-11,7.397361016,68.0,wallpath_residual_rf,72.44025791330843,4.440257913308429,4.440257913308429,random,11,random
PL_Comms_C2.csv::O-36,Comms,C2,PL_Comms_C2.csv,O-36,12.26687511,93.0,wallpath_residual_rf,95.55898727008595,2.55898727008595,2.55898727008595,random,11,random
PL_Comms_C2.csv::K-33,Comms,C2,PL_Comms_C2.csv,K-33,7.312744013,82.0,wallpath_residual_rf,87.66232216712432,5.662322167124316,5.662322167124316,random,11,random
PL_Comms_C1.csv::E-49,Comms,C1,PL_Comms_C1.csv,E-49,20.0,105.0,wallpath_residual_rf,105.16126066755123,0.16126066755123247,0.16126066755123247,random,11,random
PL_Library_C2.csv::U-18,Library,C2,PL_Library_C2.csv,U-18,9.939092011,75.0,wallpath_residual_rf,76.40725818855715,1.407258188557151,1.407258188557151,random,11,random
PL_Comms_C2.csv::M-28,Comms,C2,PL_Comms_C2.csv,M-28,8.153295346,77.0,wallpath_residual_rf,84.07596523899741,7.075965238997412,7.075965238997412,random,11,random
PL_Library_C1.csv::W-6,Library,C1,PL_Library_C1.csv,W-6,18.2297,81.0,wallpath_residual_rf,84.31123217073494,3.3112321707349395,3.3112321707349395,random,11,random
PL_Comms_C2.csv::F-4,Comms,C2,PL_Comms_C2.csv,F-4,25.04947554,87.0,wallpath_residual_rf,101.52881692496898,14.528816924968979,14.528816924968979,random,11,random
PL_Comms_C2.csv::N-40,Comms,C2,PL_Comms_C2.csv,N-40,14.26450928,100.0,wallpath_residual_rf,102.9907851765837,2.9907851765836995,2.9907851765836995,random,11,random
PL_Comms_C1.csv::N-54,Comms,C1,PL_Comms_C1.csv,N-54,26.57066051,111.0,wallpath_residual_rf,115.61666768797075,4.616667687970747,4.616667687970747,random,11,random
PL_Library_C1.csv::E-8,Library,C1,PL_Library_C1.csv,E-8,16.3164,88.0,wallpath_residual_rf,84.74400749654122,-3.255992503458785,3.255992503458785,random,11,random
PL_Comms_C2.csv::L-10,Comms,C2,PL_Comms_C2.csv,L-10,20.28487676,117.0,wallpath_residual_rf,109.28686856639123,-7.7131314336087655,7.7131314336087655,random,11,random
PL_Comms_C2.csv::P-25,Comms,C2,PL_Comms_C2.csv,P-25,11.76759215,90.0,wallpath_residual_rf,91.06265294993491,1.0626529499349147,1.0626529499349147,random,11,random
PL_SSE_C1.csv::D-10,SSE,C1,PL_SSE_C1.csv,D-10,10.0,95.0,wallpath_residual_rf,93.50249649037295,-1.4975035096270517,1.4975035096270517,random,11,random
PL_SSE_C2.csv::C-1,SSE,C2,PL_SSE_C2.csv,C-1,14.26450928,99.0,wallpath_residual_rf,96.42177273877098,-2.578227261229017,2.578227261229017,random,11,random
PL_Library_C1.csv::G-7,Library,C1,PL_Library_C1.csv,G-7,15.4494,87.0,wallpath_residual_rf,81.86428495550851,-5.135715044491491,5.135715044491491,random,11,random
PL_Comms_C1.csv::O-53,Comms,C1,PL_Comms_C1.csv,O-53,26.0,112.0,wallpath_residual_rf,111.78309219763126,-0.21690780236873763,0.21690780236873763,random,11,random
PL_SSE_C2.csv::M-6,SSE,C2,PL_SSE_C2.csv,M-6,4.298397957,69.0,wallpath_residual_rf,73.91320101341512,4.913201013415119,4.913201013415119,random,11,random
PL_Comms_C1.csv::D-54,Comms,C1,PL_Comms_C1.csv,D-54,25.01999201,104.0,wallpath_residual_rf,109.76141124653064,5.761411246530642,5.761411246530642,random,11,random
PL_Comms_C1.csv::B-15,Comms,C1,PL_Comms_C1.csv,B-15,14.31782106,99.0,wallpath_residual_rf,93.6382657599556,-5.361734240044399,5.361734240044399,random,11,random
PL_Library_C2.csv::V-16,Library,C2,PL_Library_C2.csv,V-16,10.90787903,73.0,wallpath_residual_rf,74.91039562526419,1.9103956252641865,1.9103956252641865,random,11,random
PL_Library_C1.csv::O-15,Library,C1,PL_Library_C1.csv,O-15,1.9163,54.0,wallpath_residual_rf,57.533349196968615,3.533349196968615,3.533349196968615,random,11,random
PL_SSE_C2.csv::K-7,SSE,C2,PL_SSE_C2.csv,K-7,4.413187623,80.0,wallpath_residual_rf,74.05473765397127,-5.945262346028727,5.945262346028727,random,11,random
PL_Comms_C1.csv::P-11,Comms,C1,PL_Comms_C1.csv,P-11,21.09502311,116.0,wallpath_residual_rf,104.96956421396524,-11.030435786034758,11.030435786034758,random,11,random
PL_Comms_C1.csv::I-24,Comms,C1,PL_Comms_C1.csv,I-24,6.403124237,80.0,wallpath_residual_rf,79.84682114808679,-0.15317885191321068,0.15317885191321068,random,11,random
PL_Comms_C2.csv::J-44,Comms,C2,PL_Comms_C2.csv,J-44,15.85800192,105.0,wallpath_residual_rf,103.07922618452746,-1.9207738154725433,1.9207738154725433,random,11,random
PL_Comms_C2.csv::M-53,Comms,C2,PL_Comms_C2.csv,M-53,25.32738093,117.0,wallpath_residual_rf,114.02132459238881,-2.978675407611192,2.978675407611192,random,11,random
PL_SSE_C2.csv::F-2,SSE,C2,PL_SSE_C2.csv,F-2,11.37876202,91.0,wallpath_residual_rf,88.41445954770563,-2.5855404522943672,2.5855404522943672,random,11,random
PL_SSE_C2.csv::K-8,SSE,C2,PL_SSE_C2.csv,K-8,3.804763462,83.0,wallpath_residual_rf,75.85134270227321,-7.1486572977267855,7.1486572977267855,random,11,random
PL_Library_C1.csv::K-3,Library,C1,PL_Library_C1.csv,K-3,18.078,84.0,wallpath_residual_rf,81.66244433602708,-2.337555663972921,2.337555663972921,random,11,random
PL_SSE_C2.csv::A-4,SSE,C2,PL_SSE_C2.csv,A-4,14.3692806,102.0,wallpath_residual_rf,105.82740911771104,3.827409117711042,3.827409117711042,random,11,random
PL_Comms_C2.csv::A-16,Comms,C2,PL_Comms_C2.csv,A-16,13.65562979,103.0,wallpath_residual_rf,100.05836406422657,-2.9416359357734336,2.9416359357734336,random,11,random
PL_Comms_C2.csv::N-54,Comms,C2,PL_Comms_C2.csv,N-54,26.59842524,118.0,wallpath_residual_rf,117.70653455716459,-0.2934654428354122,0.2934654428354122,random,11,random
PL_Comms_C2.csv::I-22,Comms,C2,PL_Comms_C2.csv,I-22,8.153295346,90.0,wallpath_residual_rf,86.25537183501879,-3.744628164981208,3.744628164981208,random,11,random
PL_Library_C1.csv::F-7,Library,C1,PL_Library_C1.csv,F-7,16.3164,73.0,wallpath_residual_rf,80.64205463893592,7.642054638935917,7.642054638935917,random,11,random
PL_Comms_C2.csv::J-33,Comms,C2,PL_Comms_C2.csv,J-33,6.517378691,83.0,wallpath_residual_rf,84.85210818656236,1.8521081865623614,1.8521081865623614,random,11,random
PL_Library_C2.csv::I-15,Library,C2,PL_Library_C2.csv,I-15,7.015188878,84.0,wallpath_residual_rf,73.12295504877997,-10.877044951220029,10.877044951220029,random,11,random
PL_Library_C2.csv::S-21,Library,C2,PL_Library_C2.csv,S-21,9.658026455,75.0,wallpath_residual_rf,72.38341825776246,-2.6165817422375426,2.6165817422375426,random,11,random
PL_Comms_C2.csv::F-49,Comms,C2,PL_Comms_C2.csv,F-49,20.06181011,93.0,wallpath_residual_rf,95.82197676203084,2.821976762030843,2.821976762030843,random,11,random
PL_Comms_C1.csv::G-55,Comms,C1,PL_Comms_C1.csv,G-55,26.07680962,88.0,wallpath_residual_rf,103.46700395269835,15.467003952698349,15.467003952698349,random,11,random
PL_Comms_C1.csv::K-43,Comms,C1,PL_Comms_C1.csv,K-43,15.23154621,110.0,wallpath_residual_rf,99.25174057993969,-10.748259420060307,10.748259420060307,random,11,random
PL_Library_C2.csv::C-15,Library,C2,PL_Library_C2.csv,C-15,15.01570095,82.0,wallpath_residual_rf,79.19671056845094,-2.803289431549061,2.803289431549061,random,11,random
PL_Library_C1.csv::M-19,Library,C1,PL_Library_C1.csv,M-19,4.2849,76.0,wallpath_residual_rf,62.38243638410922,-13.61756361589078,13.61756361589078,random,11,random
PL_Comms_C1.csv::H-5,Comms,C1,PL_Comms_C1.csv,H-5,24.18677324,86.0,wallpath_residual_rf,94.93618576188754,8.936185761887543,8.936185761887543,random,11,random
PL_Comms_C2.csv::D-5,Comms,C2,PL_Comms_C2.csv,D-5,24.0515327,116.0,wallpath_residual_rf,110.51141545055772,-5.48858454944228,5.48858454944228,random,11,random
PL_Library_C1.csv::V-9,Library,C1,PL_Library_C1.csv,V-9,14.4038,81.0,wallpath_residual_rf,80.50292556073218,-0.4970744392678199,0.4970744392678199,random,11,random
PL_Library_C2.csv::L-8,Library,C2,PL_Library_C2.csv,L-8,11.23948064,75.0,wallpath_residual_rf,77.46847338078513,2.4684733807851273,2.4684733807851273,random,11,random
PL_Comms_C1.csv::C-27,Comms,C1,PL_Comms_C1.csv,C-27,2.828427125,68.0,wallpath_residual_rf,64.37905310146216,-3.620946898537838,3.620946898537838,random,11,random
PL_Comms_C1.csv::N-12,Comms,C1,PL_Comms_C1.csv,N-12,19.23538406,102.0,wallpath_residual_rf,102.40896416374453,0.40896416374452826,0.40896416374452826,random,11,random
PL_Library_C2.csv::C-11,Library,C2,PL_Library_C2.csv,C-11,16.41754778,90.0,wallpath_residual_rf,86.43108710142698,-3.568912898573018,3.568912898573018,random,11,random
PL_Comms_C2.csv::A-37,Comms,C2,PL_Comms_C2.csv,A-37,9.026418171,89.0,wallpath_residual_rf,87.10650018886648,-1.8934998111335233,1.8934998111335233,random,11,random
PL_SSE_C1.csv::M-1,SSE,C1,PL_SSE_C1.csv,M-1,9.055385138,74.0,wallpath_residual_rf,75.52574928821676,1.5257492882167583,1.5257492882167583,random,11,random
PL_Comms_C2.csv::N-41,Comms,C2,PL_Comms_C2.csv,N-41,15.04912705,103.0,wallpath_residual_rf,104.21102279385656,1.2110227938565572,1.2110227938565572,random,11,random
PL_SSE_C1.csv::H-6,SSE,C1,PL_SSE_C1.csv,H-6,7.211102551,87.0,wallpath_residual_rf,78.87967843208948,-8.120321567910523,8.120321567910523,random,11,random
PL_Comms_C2.csv::P-22,Comms,C2,PL_Comms_C2.csv,P-22,13.09489309,96.0,wallpath_residual_rf,93.09671694412916,-2.903283055870844,2.903283055870844,random,11,random
PL_Comms_C1.csv::K-31,Comms,C1,PL_Comms_C1.csv,K-31,6.32455532,75.0,wallpath_residual_rf,78.38169701899025,3.381697018990252,3.381697018990252,random,11,random
PL_Comms_C2.csv::J-57,Comms,C2,PL_Comms_C2.csv,J-57,28.46886413,117.0,wallpath_residual_rf,109.76624399428108,-7.2337560057189165,7.2337560057189165,random,11,random
PL_SSE_C1.csv::B-7,SSE,C1,PL_SSE_C1.csv,B-7,12.36931688,105.0,wallpath_residual_rf,99.44241574199405,-5.557584258005946,5.557584258005946,random,11,random
PL_Comms_C2.csv::D-47,Comms,C2,PL_Comms_C2.csv,D-47,18.0686531,110.0,wallpath_residual_rf,107.0868332318984,-2.913166768101604,2.913166768101604,random,11,random
PL_Library_C1.csv::B-13,Library,C1,PL_Library_C1.csv,B-13,16.7604,84.0,wallpath_residual_rf,81.5310576005279,-2.4689423994720983,2.4689423994720983,random,11,random
PL_Comms_C2.csv::K-38,Comms,C2,PL_Comms_C2.csv,K-38,10.88467845,99.0,wallpath_residual_rf,96.46148207162773,-2.538517928372272,2.538517928372272,random,11,random
PL_Comms_C1.csv::L-37,Comms,C1,PL_Comms_C1.csv,L-37,10.63014581,91.0,wallpath_residual_rf,88.08680028005298,-2.9131997199470163,2.9131997199470163,random,11,random
PL_Comms_C2.csv::J-54,Comms,C2,PL_Comms_C2.csv,J-54,25.5240323,109.0,wallpath_residual_rf,105.80897557095192,-3.1910244290480847,3.1910244290480847,random,11,random
PL_Comms_C2.csv::B-36,Comms,C2,PL_Comms_C2.csv,B-36,7.712083052,83.0,wallpath_residual_rf,85.77666527397726,2.776665273977258,2.776665273977258,random,11,random
PL_SSE_C1.csv::L-9,SSE,C1,PL_SSE_C1.csv,L-9,2.236067977,60.0,wallpath_residual_rf,60.207101153314724,0.20710115331472423,0.20710115331472423,random,11,random
PL_Comms_C1.csv::A-54,Comms,C1,PL_Comms_C1.csv,A-54,25.3179778,114.0,wallpath_residual_rf,111.27504816088418,-2.7249518391158176,2.7249518391158176,random,11,random
PL_Comms_C1.csv::B-53,Comms,C1,PL_Comms_C1.csv,B-53,24.18677324,119.0,wallpath_residual_rf,109.71762632789549,-9.282373672104512,9.282373672104512,random,11,random
PL_SSE_C1.csv::H-3,SSE,C1,PL_SSE_C1.csv,H-3,9.219544457,95.0,wallpath_residual_rf,88.81254568817756,-6.187454311822435,6.187454311822435,random,11,random
PL_Comms_C2.csv::N-36,Comms,C2,PL_Comms_C2.csv,N-36,11.46630826,86.0,wallpath_residual_rf,95.27798068133639,9.277980681336388,9.277980681336388,random,11,random
PL_SSE_C2.csv::M-8,SSE,C2,PL_SSE_C2.csv,M-8,2.544842824,76.0,wallpath_residual_rf,71.69781329792816,-4.302186702071836,4.302186702071836,random,11,random
PL_Library_C2.csv::R-14,Library,C2,PL_Library_C2.csv,R-14,6.180349909,76.0,wallpath_residual_rf,72.15543524913531,-3.8445647508646914,3.8445647508646914,random,11,random
PL_Comms_C1.csv::C-19,Comms,C1,PL_Comms_C1.csv,C-19,10.19803903,85.0,wallpath_residual_rf,90.92854744691104,5.92854744691104,5.92854744691104,random,11,random
PL_Comms_C2.csv::D-52,Comms,C2,PL_Comms_C2.csv,D-52,23.05376813,108.0,wallpath_residual_rf,109.01264547466755,1.0126454746675506,1.0126454746675506,random,11,random
PL_Comms_C1.csv::L-21,Comms,C1,PL_Comms_C1.csv,L-21,10.63014581,95.0,wallpath_residual_rf,85.37155823812952,-9.628441761870477,9.628441761870477,random,11,random
PL_Comms_C1.csv::H-53,Comms,C1,PL_Comms_C1.csv,H-53,24.18677324,96.0,wallpath_residual_rf,97.95906295269619,1.9590629526961862,1.9590629526961862,random,11,random
PL_Comms_C2.csv::J-20,Comms,C2,PL_Comms_C2.csv,J-20,10.36707408,98.0,wallpath_residual_rf,88.67131993391035,-9.328680066089646,9.328680066089646,random,11,random
PL_Comms_C2.csv::D-39,Comms,C2,PL_Comms_C2.csv,D-39,10.12305413,88.0,wallpath_residual_rf,89.9681795246834,1.968179524683407,1.968179524683407,random,11,random
PL_Library_C1.csv::Q-16,Library,C1,PL_Library_C1.csv,Q-16,4.065,65.0,wallpath_residual_rf,62.4770762540073,-2.522923745992699,2.522923745992699,random,11,random
PL_Library_C1.csv::R-9,Library,C1,PL_Library_C1.csv,R-9,10.9244,77.0,wallpath_residual_rf,72.05405829610007,-4.945941703899933,4.945941703899933,random,11,random
PL_Comms_C2.csv::J-55,Comms,C2,PL_Comms_C2.csv,J-55,26.50426805,115.0,wallpath_residual_rf,105.84072621752397,-9.159273782476035,9.159273782476035,random,11,random
PL_Comms_C1.csv::G-39,Comms,C1,PL_Comms_C1.csv,G-39,10.19803903,80.0,wallpath_residual_rf,90.92854744691104,10.92854744691104,10.92854744691104,random,11,random
PL_Comms_C2.csv::E-48,Comms,C2,PL_Comms_C2.csv,E-48,19.03880839,101.0,wallpath_residual_rf,109.79679772305364,8.796797723053643,8.796797723053643,random,11,random
PL_Comms_C1.csv::C-25,Comms,C1,PL_Comms_C1.csv,C-25,4.472135955,70.0,wallpath_residual_rf,74.70449926062783,4.704499260627827,4.704499260627827,random,11,random
PL_Library_C1.csv::Q-20,Library,C1,PL_Library_C1.csv,Q-20,6.775,66.0,wallpath_residual_rf,69.62274737638874,3.6227473763887446,3.6227473763887446,random,11,random
PL_Library_C2.csv::M-8,Library,C2,PL_Library_C2.csv,M-8,10.99171734,69.0,wallpath_residual_rf,75.2484385662679,6.248438566267893,6.248438566267893,random,11,random
PL_Library_C2.csv::G-7,Library,C2,PL_Library_C2.csv,G-7,15.49707956,73.0,wallpath_residual_rf,83.6220773843195,10.622077384319496,10.622077384319496,random,11,random
PL_Comms_C2.csv::E-27,Comms,C2,PL_Comms_C2.csv,E-27,2.340133543,71.0,wallpath_residual_rf,72.39577381813456,1.3957738181345576,1.3957738181345576,random,11,random
PL_Comms_C1.csv::H-3,Comms,C1,PL_Comms_C1.csv,H-3,26.17250466,99.0,wallpath_residual_rf,99.54138109814792,0.541381098147923,0.541381098147923,random,11,random
PL_Comms_C2.csv::L-28,Comms,C2,PL_Comms_C2.csv,L-28,7.174693373,69.0,wallpath_residual_rf,85.82367876094062,16.823678760940624,16.823678760940624,random,11,random
PL_Comms_C1.csv::E-2,Comms,C1,PL_Comms_C1.csv,E-2,27.0,122.0,wallpath_residual_rf,115.1639143201703,-6.836085679829694,6.836085679829694,random,11,random
PL_Library_C2.csv::T-14,Library,C2,PL_Library_C2.csv,T-14,8.655473702,71.0,wallpath_residual_rf,71.16057152346457,0.1605715234645686,0.1605715234645686,random,11,random
PL_Comms_C2.csv::C-55,Comms,C2,PL_Comms_C2.csv,C-55,26.1050996,121.0,wallpath_residual_rf,114.61742781454076,-6.382572185459239,6.382572185459239,random,11,random
PL_Comms_C2.csv::J-50,Comms,C2,PL_Comms_C2.csv,J-50,21.62119851,120.0,wallpath_residual_rf,110.41769126896651,-9.582308731033493,9.582308731033493,random,11,random
PL_Library_C1.csv::L-14,Library,C1,PL_Library_C1.csv,L-14,3.8325,65.0,wallpath_residual_rf,68.49305710448914,3.4930571044891394,3.4930571044891394,random,11,random
PL_Comms_C1.csv::L-44,Comms,C1,PL_Comms_C1.csv,L-44,16.55294536,104.0,wallpath_residual_rf,105.71781145572827,1.7178114557282669,1.7178114557282669,random,11,random
PL_Comms_C2.csv::N-53,Comms,C2,PL_Comms_C2.csv,N-53,25.66079159,113.0,wallpath_residual_rf,115.7511021651779,2.7511021651778975,2.7511021651778975,random,11,random
PL_Library_C1.csv::P-12,Library,C1,PL_Library_C1.csv,P-12,6.0597,68.0,wallpath_residual_rf,70.31925546060911,2.3192554606091136,2.3192554606091136,random,11,random
PL_Comms_C1.csv::B-21,Comms,C1,PL_Comms_C1.csv,B-21,8.544003745,84.0,wallpath_residual_rf,85.30234813801343,1.3023481380134285,1.3023481380134285,random,11,random
PL_Comms_C2.csv::J-45,Comms,C2,PL_Comms_C2.csv,J-45,16.80702904,98.0,wallpath_residual_rf,105.62454663658075,7.624546636580746,7.624546636580746,random,11,random
PL_Library_C1.csv::C-2,Library,C1,PL_Library_C1.csv,C-2,24.1251,87.0,wallpath_residual_rf,80.55198012077818,-6.4480198792218175,6.4480198792218175,random,11,random
PL_Comms_C1.csv::C-55,Comms,C1,PL_Comms_C1.csv,C-55,26.07680962,112.0,wallpath_residual_rf,113.54504316899266,1.5450431689926631,1.5450431689926631,random,11,random
PL_Comms_C2.csv::G-32,Comms,C2,PL_Comms_C2.csv,G-32,3.804763462,82.0,wallpath_residual_rf,77.78710544916557,-4.212894550834434,4.212894550834434,random,11,random
PL_Comms_C1.csv::G-19,Comms,C1,PL_Comms_C1.csv,G-19,10.19803903,89.0,wallpath_residual_rf,90.92854744691104,1.9285474469110397,1.9285474469110397,random,11,random
PL_Comms_C1.csv::B-20,Comms,C1,PL_Comms_C1.csv,B-20,9.486832981,93.0,wallpath_residual_rf,85.62342850374311,-7.3765714962568865,7.3765714962568865,random,11,random
PL_Library_C2.csv::G-4,Library,C2,PL_Library_C2.csv,G-4,18.86343155,83.0,wallpath_residual_rf,87.21280911459976,4.212809114599764,4.212809114599764,random,11,random
PL_SSE_C1.csv::F-6,SSE,C1,PL_SSE_C1.csv,F-6,8.94427191,83.0,wallpath_residual_rf,80.41601813483078,-2.5839818651692212,2.5839818651692212,random,11,random
PL_Comms_C2.csv::H-49,Comms,C2,PL_Comms_C2.csv,H-49,20.26021286,94.0,wallpath_residual_rf,107.92761635732852,13.927616357328517,13.927616357328517,random,11,random
PL_SSE_C2.csv::D-8,SSE,C2,PL_SSE_C2.csv,D-8,10.27016188,80.0,wallpath_residual_rf,93.79053022551993,13.79053022551993,13.79053022551993,random,11,random
PL_SSE_C1.csv::E-3,SSE,C1,PL_SSE_C1.csv,E-3,11.40175425,89.0,wallpath_residual_rf,89.28897104685967,0.2889710468596718,0.2889710468596718,random,11,random
PL_Comms_C2.csv::F-46,Comms,C2,PL_Comms_C2.csv,F-46,17.07267481,98.0,wallpath_residual_rf,100.72421162740264,2.7242116274026387,2.7242116274026387,random,11,random
PL_Comms_C1.csv::G-38,Comms,C1,PL_Comms_C1.csv,G-38,9.219544457,94.0,wallpath_residual_rf,86.67844956924719,-7.321550430752808,7.321550430752808,random,11,random
PL_SSE_C2.csv::E-3,SSE,C2,PL_SSE_C2.csv,E-3,11.46630826,96.0,wallpath_residual_rf,88.48628161823291,-7.513718381767092,7.513718381767092,random,11,random
PL_SSE_C1.csv::B-3,SSE,C1,PL_SSE_C1.csv,B-3,13.89244399,92.0,wallpath_residual_rf,98.6894274159178,6.689427415917805,6.689427415917805,random,11,random
PL_Comms_C1.csv::J-39,Comms,C1,PL_Comms_C1.csv,J-39,11.18033989,96.0,wallpath_residual_rf,94.33847955676067,-1.6615204432393256,1.6615204432393256,random,11,random
PL_SSE_C1.csv::C-6,SSE,C1,PL_SSE_C1.csv,C-6,11.70469991,90.0,wallpath_residual_rf,97.22633377280378,7.226333772803784,7.226333772803784,random,11,random
PL_Comms_C1.csv::C-35,Comms,C1,PL_Comms_C1.csv,C-35,6.32455532,85.0,wallpath_residual_rf,80.43424803768552,-4.565751962314479,4.565751962314479,random,11,random
PL_Comms_C2.csv::A-14,Comms,C2,PL_Comms_C2.csv,A-14,15.57164811,96.0,wallpath_residual_rf,98.26527243452836,2.265272434528356,2.265272434528356,random,11,random
PL_Comms_C2.csv::C-23,Comms,C2,PL_Comms_C2.csv,C-23,6.440203801,84.0,wallpath_residual_rf,85.71791413000904,1.717914130009035,1.717914130009035,random,11,random
PL_Library_C1.csv::D-16,Library,C1,PL_Library_C1.csv,D-16,13.55,79.0,wallpath_residual_rf,84.9067350512592,5.906735051259204,5.906735051259204,random,11,random
PL_Library_C2.csv::T-13,Library,C2,PL_Library_C2.csv,T-13,9.17046073,78.0,wallpath_residual_rf,74.34982628175521,-3.650173718244787,3.650173718244787,random,11,random
PL_Comms_C1.csv::E-28,Comms,C1,PL_Comms_C1.csv,E-28,1.0,53.0,wallpath_residual_rf,52.67066685064786,-0.32933314935213787,0.32933314935213787,random,11,random
PL_Comms_C2.csv::H-55,Comms,C2,PL_Comms_C2.csv,H-55,26.20069131,92.0,wallpath_residual_rf,95.50194013228462,3.5019401322846164,3.5019401322846164,random,11,random
PL_Library_C1.csv::G-3,Library,C1,PL_Library_C1.csv,G-3,20.0063,82.0,wallpath_residual_rf,77.78401186813144,-4.215988131868556,4.215988131868556,random,11,random
PL_Library_C1.csv::Q-7,Library,C1,PL_Library_C1.csv,Q-7,12.8547,92.0,wallpath_residual_rf,80.21438787746251,-11.785612122537486,11.785612122537486,random,11,random
PL_Library_C1.csv::D-4,Library,C1,PL_Library_C1.csv,D-4,21.1658,85.0,wallpath_residual_rf,83.4139851629382,-1.5860148370617964,1.5860148370617964,random,11,random
PL_Comms_C2.csv::J-15,Comms,C2,PL_Comms_C2.csv,J-15,14.91563693,102.0,wallpath_residual_rf,99.86188898441532,-2.138111015584684,2.138111015584684,random,11,random
PL_Comms_C2.csv::A-11,Comms,C2,PL_Comms_C2.csv,A-11,18.47907533,112.0,wallpath_residual_rf,110.03904540823875,-1.9609545917612508,1.9609545917612508,random,11,random
PL_Comms_C2.csv::E-25,Comms,C2,PL_Comms_C2.csv,E-25,4.180457511,78.0,wallpath_residual_rf,80.11041063165385,2.110410631653849,2.110410631653849,random,11,random
PL_Comms_C1.csv::P-38,Comms,C1,PL_Comms_C1.csv,P-38,14.2126704,97.0,wallpath_residual_rf,99.69437975460362,2.6943797546036166,2.6943797546036166,random,11,random
PL_Comms_C1.csv::J-41,Comms,C1,PL_Comms_C1.csv,J-41,13.0,108.0,wallpath_residual_rf,97.7669539972577,-10.233046002742299,10.233046002742299,random,11,random
PL_Comms_C2.csv::H-42,Comms,C2,PL_Comms_C2.csv,H-42,13.3968737,86.0,wallpath_residual_rf,89.73812565071738,3.738125650717379,3.738125650717379,random,11,random
PL_Comms_C1.csv::A-51,Comms,C1,PL_Comms_C1.csv,A-51,22.36067977,112.0,wallpath_residual_rf,110.66704244558449,-1.3329575544155148,1.3329575544155148,random,11,random
PL_SSE_C2.csv::N-3,SSE,C2,PL_SSE_C2.csv,N-3,7.104662202,69.0,wallpath_residual_rf,74.76373403902255,5.763734039022552,5.763734039022552,random,11,random
PL_Comms_C2.csv::C-50,Comms,C2,PL_Comms_C2.csv,C-50,21.12998403,110.0,wallpath_residual_rf,105.83247656411834,-4.167523435881662,4.167523435881662,random,11,random
PL_Library_C1.csv::P-15,Library,C1,PL_Library_C1.csv,P-15,3.0299,61.0,wallpath_residual_rf,68.45442275281047,7.454422752810473,7.454422752810473,random,11,random
